<?xml version = '1.0' encoding = 'UTF-8'?>
<SegmentOraclev10g class="oracle.dbtools.crest.model.design.storage.oracle.v10g.SegmentOraclev10g" name="Storage52" directorySegmentName="seg_0" id="184B0686-3898-7D8A-DFBD-8E30FF147066">
<createdBy>calittle</createdBy>
<createdTime>2019-04-17 17:25:53 UTC</createdTime>
<ownerDesignName>ODEE_1262_Design</ownerDesignName>
<maxTrans>255</maxTrans>
<scBufferPool>KEEP</scBufferPool>
<scInitialExtent>65536</scInitialExtent>
<scMaxExtents>2147483645</scMaxExtents>
<scNextExtent>1048576</scNextExtent>
</SegmentOraclev10g>