<?xml version = '1.0' encoding = 'UTF-8'?>
<relationalModel class="oracle.dbtools.crest.model.design.relational.RelationalDesign" name="Relational_1" id="10961326-A10C-ACA3-1060-253455C82C5A" mainViewID="04198ED3-0399-5FB7-D87D-7BBC47FA05E1">
<createdBy>calittle</createdBy>
<createdTime>2019-04-17 17:21:15 UTC</createdTime>
<ownerDesignName>ODEE_1262_Design</ownerDesignName>
<shouldBeOpen>false</shouldBeOpen>
<selectedRDBMSSite>3FD120B5-9F4E-6278-D5E2-746D192C8319</selectedRDBMSSite>
<importConnectionStamps>
<importConnectionStamp class="oracle.dbtools.crest.imports.DBConnectionStamp">
<connName>deepthought</connName>
<connUrl>jdbc:oracle:thin:@deepthought:1521/orclpdb</connUrl>
<connUser>dmkr_admin</connUser>
<connType>1</connType>
</importConnectionStamp>
</importConnectionStamps>
</relationalModel>