<?xml version = '1.0' encoding = 'UTF-8'?>
<TableProxyOraclev11g class="oracle.dbtools.crest.model.design.storage.oracle.v11g.TableProxyOraclev11g" name="BCHS_RCPS" directorySegmentName="seg_1" id="E8BB72A9-1938-23A2-5384-4EF9F4CC19C6">
<createdBy>calittle</createdBy>
<createdTime>2019-04-17 17:25:30 UTC</createdTime>
<ownerDesignName>ODEE_1262_Design</ownerDesignName>
<schemaObject>8FC895A7-E0A2-11C9-AE90-BEF4CA704C97</schemaObject>
<logging>YES</logging>
<partitionedRowMovement>DISABLE</partitionedRowMovement>
<segment>4AC90395-2168-6C73-9206-B942356832F0</segment>
<tableSpace>B4FE7603-2423-0888-71C6-BC38EA367033</tableSpace>
<temporaryChanged>false</temporaryChanged>
<accessDriverType>oracle_loader</accessDriverType>
<rejectLimit></rejectLimit>
<indexProxies>
<IndexProxy class="oracle.dbtools.crest.model.design.storage.oracle.v10g.IndexProxyOraclev10g" name="BCHS_RCPS_IDX2" id="1D4DAE2F-A6D6-9791-3404-CC2163076BA0">
<createdBy>calittle</createdBy>
<createdTime>2019-04-17 17:26:48 UTC</createdTime>
<ownerDesignName>ODEE_1262_Design</ownerDesignName>
<schemaObject>8FC895A7-E0A2-11C9-AE90-BEF4CA704C97</schemaObject>
<segment>D84742F2-9E68-6614-C6EF-D3B7EF628E78</segment>
<tableSpace>B4FE7603-2423-0888-71C6-BC38EA367033</tableSpace>
</IndexProxy>
<IndexProxy class="oracle.dbtools.crest.model.design.storage.oracle.v10g.IndexProxyOraclev10g" name="BCHS_RCPS_BCH_ID" id="47C99AB7-69B7-64E5-C310-3EBAF65D3BF1">
<createdBy>calittle</createdBy>
<createdTime>2019-04-17 17:26:48 UTC</createdTime>
<ownerDesignName>ODEE_1262_Design</ownerDesignName>
<schemaObject>8FC895A7-E0A2-11C9-AE90-BEF4CA704C97</schemaObject>
<segment>D84742F2-9E68-6614-C6EF-D3B7EF628E78</segment>
<tableSpace>B4FE7603-2423-0888-71C6-BC38EA367033</tableSpace>
</IndexProxy>
<IndexProxy class="oracle.dbtools.crest.model.design.storage.oracle.v10g.IndexProxyOraclev10g" name="BCHS_RCPS_TRN_ID" id="71C8E04D-26E7-2637-F10D-8481547ECB53">
<createdBy>calittle</createdBy>
<createdTime>2019-04-17 17:26:48 UTC</createdTime>
<ownerDesignName>ODEE_1262_Design</ownerDesignName>
<schemaObject>8FC895A7-E0A2-11C9-AE90-BEF4CA704C97</schemaObject>
<segment>D84742F2-9E68-6614-C6EF-D3B7EF628E78</segment>
<tableSpace>B4FE7603-2423-0888-71C6-BC38EA367033</tableSpace>
</IndexProxy>
<IndexProxy class="oracle.dbtools.crest.model.design.storage.oracle.v10g.IndexProxyOraclev10g" name="BCHS_RCPS__IDX" id="BA9A52CA-DB2C-0B45-F27F-A72095D22410">
<createdBy>calittle</createdBy>
<createdTime>2019-04-17 17:26:48 UTC</createdTime>
<ownerDesignName>ODEE_1262_Design</ownerDesignName>
<schemaObject>8FC895A7-E0A2-11C9-AE90-BEF4CA704C97</schemaObject>
<segment>D84742F2-9E68-6614-C6EF-D3B7EF628E78</segment>
<tableSpace>B4FE7603-2423-0888-71C6-BC38EA367033</tableSpace>
</IndexProxy>
<IndexProxy class="oracle.dbtools.crest.model.design.storage.oracle.v10g.IndexProxyOraclev10g" name="BCHS_RCPS_RCPSEQ" id="CC944F3A-76E6-5D44-9E98-7B97AFC92584">
<createdBy>calittle</createdBy>
<createdTime>2019-04-17 17:26:48 UTC</createdTime>
<ownerDesignName>ODEE_1262_Design</ownerDesignName>
<schemaObject>8FC895A7-E0A2-11C9-AE90-BEF4CA704C97</schemaObject>
<segment>D84742F2-9E68-6614-C6EF-D3B7EF628E78</segment>
<tableSpace>B4FE7603-2423-0888-71C6-BC38EA367033</tableSpace>
</IndexProxy>
</indexProxies>
<columnProxies itemClass="oracle.dbtools.crest.model.design.storage.oracle.v12c.ColumnProxyOraclev12c">
<ColumnProxy name="TRN_ID" id="05864E87-5484-0AC3-9D00-A980D649B27E">
<createdBy>calittle</createdBy>
<createdTime>2019-04-17 17:26:32 UTC</createdTime>
<ownerDesignName>ODEE_1262_Design</ownerDesignName>
</ColumnProxy>
<ColumnProxy name="BCHRCPCREATETIME" id="1A1C81DE-3B46-9A71-B623-2C980FA41BC8">
<createdBy>calittle</createdBy>
<createdTime>2019-04-17 17:26:32 UTC</createdTime>
<ownerDesignName>ODEE_1262_Design</ownerDesignName>
</ColumnProxy>
<ColumnProxy name="BCHRCPPROCTIME" id="1C2E44BA-AA22-494A-27BA-D9813DE7DDB8">
<createdBy>calittle</createdBy>
<createdTime>2019-04-17 17:26:32 UTC</createdTime>
<ownerDesignName>ODEE_1262_Design</ownerDesignName>
</ColumnProxy>
<ColumnProxy name="BCHRCPHISTORY" id="424BB88D-FE83-8C3F-45DA-1B469D9D29F1">
<createdBy>calittle</createdBy>
<createdTime>2019-04-17 17:26:32 UTC</createdTime>
<ownerDesignName>ODEE_1262_Design</ownerDesignName>
<defaultValue>1</defaultValue>
</ColumnProxy>
<ColumnProxy name="BCHRCPRETENTION" id="4440E36A-9E50-860B-A7FA-CFAF703E9496">
<createdBy>calittle</createdBy>
<createdTime>2019-04-17 17:26:32 UTC</createdTime>
<ownerDesignName>ODEE_1262_Design</ownerDesignName>
</ColumnProxy>
<ColumnProxy name="BCHRCPSTATUS" id="4ABD53D2-BB57-AF95-F99D-08DE06B84B8D">
<createdBy>calittle</createdBy>
<createdTime>2019-04-17 17:26:32 UTC</createdTime>
<ownerDesignName>ODEE_1262_Design</ownerDesignName>
<defaultValue>415</defaultValue>
</ColumnProxy>
<ColumnProxy name="BCHRCPCUSDATE001" id="5A3EB034-1654-92CA-D8C3-18AEBB2D3C6D">
<createdBy>calittle</createdBy>
<createdTime>2019-04-17 17:26:32 UTC</createdTime>
<ownerDesignName>ODEE_1262_Design</ownerDesignName>
</ColumnProxy>
<ColumnProxy name="BCHRCPGRPTOT" id="5C01AEF8-8301-D337-AFDC-FAD9D53B45C5">
<createdBy>calittle</createdBy>
<createdTime>2019-04-17 17:26:32 UTC</createdTime>
<ownerDesignName>ODEE_1262_Design</ownerDesignName>
<defaultValue>0</defaultValue>
</ColumnProxy>
<ColumnProxy name="BCHRCPBNDLLOC" id="5D1DAB0E-7A5A-D1F1-1E1A-9EF1A3FD6CBE">
<createdBy>calittle</createdBy>
<createdTime>2019-04-17 17:26:32 UTC</createdTime>
<ownerDesignName>ODEE_1262_Design</ownerDesignName>
</ColumnProxy>
<ColumnProxy name="BCHRCPRETHOLD" id="6A9B8A90-F647-8501-5671-CBF008650DFB">
<createdBy>calittle</createdBy>
<createdTime>2019-04-17 17:26:32 UTC</createdTime>
<ownerDesignName>ODEE_1262_Design</ownerDesignName>
<defaultValue>0</defaultValue>
</ColumnProxy>
<ColumnProxy name="BCHRCPCUSSTR001" id="6AFDA12C-A8C8-D5F8-B9E3-023705DECB99">
<createdBy>calittle</createdBy>
<createdTime>2019-04-17 17:26:32 UTC</createdTime>
<ownerDesignName>ODEE_1262_Design</ownerDesignName>
</ColumnProxy>
<ColumnProxy name="RCPSEQ" id="6EF28905-2DFD-E07F-584A-DD9F532103F6">
<createdBy>calittle</createdBy>
<createdTime>2019-04-17 17:26:32 UTC</createdTime>
<ownerDesignName>ODEE_1262_Design</ownerDesignName>
</ColumnProxy>
<ColumnProxy name="BCHRCPCNTL" id="892A299E-A800-4BA4-34BC-63F4E4CE2A5E">
<createdBy>calittle</createdBy>
<createdTime>2019-04-17 17:26:32 UTC</createdTime>
<ownerDesignName>ODEE_1262_Design</ownerDesignName>
</ColumnProxy>
<ColumnProxy name="BCHRCPACTIVE" id="923C46D1-15CB-FF81-45CF-CECB1DF8BDE3">
<createdBy>calittle</createdBy>
<createdTime>2019-04-17 17:26:32 UTC</createdTime>
<ownerDesignName>ODEE_1262_Design</ownerDesignName>
<defaultValue>1</defaultValue>
</ColumnProxy>
<ColumnProxy name="BCH_ID" id="A30D5FC7-AD56-2CC7-42D3-462744A745DF">
<createdBy>calittle</createdBy>
<createdTime>2019-04-17 17:26:32 UTC</createdTime>
<ownerDesignName>ODEE_1262_Design</ownerDesignName>
</ColumnProxy>
<ColumnProxy name="BCHRCPTYPE" id="ACEC927D-3B54-33FC-1354-518F0E68204C">
<createdBy>calittle</createdBy>
<createdTime>2019-04-17 17:26:32 UTC</createdTime>
<ownerDesignName>ODEE_1262_Design</ownerDesignName>
</ColumnProxy>
<ColumnProxy name="BCHRCPCUSDEC001" id="B9139434-9262-7CEE-361A-1C4F1D4CF427">
<createdBy>calittle</createdBy>
<createdTime>2019-04-17 17:26:32 UTC</createdTime>
<ownerDesignName>ODEE_1262_Design</ownerDesignName>
</ColumnProxy>
<ColumnProxy name="JOB_ID" id="B9BFCABA-6715-E8EC-A3EE-223B03361209">
<createdBy>calittle</createdBy>
<createdTime>2019-04-17 17:26:32 UTC</createdTime>
<ownerDesignName>ODEE_1262_Design</ownerDesignName>
</ColumnProxy>
<ColumnProxy name="BCHRCPCUSINT001" id="C94480BA-76D8-C426-6852-72BCDDC3597D">
<createdBy>calittle</createdBy>
<createdTime>2019-04-17 17:26:32 UTC</createdTime>
<ownerDesignName>ODEE_1262_Design</ownerDesignName>
</ColumnProxy>
<ColumnProxy name="RCP_ID" id="CDCCC9C5-58DB-07B7-5F3C-59F22500974F">
<createdBy>calittle</createdBy>
<createdTime>2019-04-17 17:26:32 UTC</createdTime>
<ownerDesignName>ODEE_1262_Design</ownerDesignName>
</ColumnProxy>
<ColumnProxy name="BCHRCPGRPSEQ" id="EDDE360E-4312-FD8B-B055-0A0299C5C563">
<createdBy>calittle</createdBy>
<createdTime>2019-04-17 17:26:32 UTC</createdTime>
<ownerDesignName>ODEE_1262_Design</ownerDesignName>
<defaultValue>0</defaultValue>
</ColumnProxy>
<ColumnProxy name="BCHRCPHISTORICAL" id="F3CF21BB-D1F0-5DB5-19C3-3CC5433C4975">
<createdBy>calittle</createdBy>
<createdTime>2019-04-17 17:26:32 UTC</createdTime>
<ownerDesignName>ODEE_1262_Design</ownerDesignName>
<defaultValue>0</defaultValue>
</ColumnProxy>
<ColumnProxy name="BCHRCPERRTIME" id="F6947442-CD6D-1FE4-F4F5-59A9AF45A55F">
<createdBy>calittle</createdBy>
<createdTime>2019-04-17 17:26:32 UTC</createdTime>
<ownerDesignName>ODEE_1262_Design</ownerDesignName>
</ColumnProxy>
<ColumnProxy name="BCHRCPCUSSTR002" id="F7D079CE-DFD2-EDF7-1D10-2078CF002000">
<createdBy>calittle</createdBy>
<createdTime>2019-04-17 17:26:32 UTC</createdTime>
<ownerDesignName>ODEE_1262_Design</ownerDesignName>
</ColumnProxy>
<ColumnProxy name="PUB_ID" id="F7D4C909-B9DE-5D82-B943-719E2AFBADB9">
<createdBy>calittle</createdBy>
<createdTime>2019-04-17 17:26:32 UTC</createdTime>
<ownerDesignName>ODEE_1262_Design</ownerDesignName>
</ColumnProxy>
</columnProxies>
<primaryKeys>
<PrimaryKey class="oracle.dbtools.crest.model.design.storage.oracle.v10g.PKProxyOraclev10g" name="BCHS_RCPS__IDX" id="CEC562D3-0304-784A-AD72-B1C510B73E31">
<createdBy>calittle</createdBy>
<createdTime>2019-04-17 17:26:50 UTC</createdTime>
<ownerDesignName>ODEE_1262_Design</ownerDesignName>
<segment>D84742F2-9E68-6614-C6EF-D3B7EF628E78</segment>
<tableSpace>B4FE7603-2423-0888-71C6-BC38EA367033</tableSpace>
<existingIndex>BA9A52CA-DB2C-0B45-F27F-A72095D22410</existingIndex>
<indexSegment>D84742F2-9E68-6614-C6EF-D3B7EF628E78</indexSegment>
<indexSort>SORTED</indexSort>
<usingIndex>BY INDEX NAME</usingIndex>
</PrimaryKey>
</primaryKeys>
</TableProxyOraclev11g>