<?xml version = '1.0' encoding = 'UTF-8'?>
<TableProxyOraclev11g class="oracle.dbtools.crest.model.design.storage.oracle.v11g.TableProxyOraclev11g" name="APPCONFIGCONTEXT" directorySegmentName="seg_1" id="EC3BAC9C-F460-F86E-318C-7A1E8F679AA5">
<createdBy>calittle</createdBy>
<createdTime>2019-04-17 17:24:55 UTC</createdTime>
<ownerDesignName>ODEE_1262_Design</ownerDesignName>
<schemaObject>0323F05B-A91A-E5F5-C386-B3516E1DFCEB</schemaObject>
<logging>YES</logging>
<partitionedRowMovement>DISABLE</partitionedRowMovement>
<segment>4AC90395-2168-6C73-9206-B942356832F0</segment>
<tableSpace>DF7AC7A0-6C81-FCE6-836E-6026E18400F7</tableSpace>
<temporaryChanged>false</temporaryChanged>
<accessDriverType>oracle_loader</accessDriverType>
<rejectLimit></rejectLimit>
<indexProxies>
<IndexProxy class="oracle.dbtools.crest.model.design.storage.oracle.v10g.IndexProxyOraclev10g" name="APPCFGCTX_PK" id="359C013E-08C4-C916-BCC3-DC5DD53C60E0">
<createdBy>calittle</createdBy>
<createdTime>2019-04-17 17:26:48 UTC</createdTime>
<ownerDesignName>ODEE_1262_Design</ownerDesignName>
<schemaObject>0323F05B-A91A-E5F5-C386-B3516E1DFCEB</schemaObject>
<segment>D84742F2-9E68-6614-C6EF-D3B7EF628E78</segment>
<tableSpace>DF7AC7A0-6C81-FCE6-836E-6026E18400F7</tableSpace>
</IndexProxy>
<IndexProxy class="oracle.dbtools.crest.model.design.storage.oracle.v10g.IndexProxyOraclev10g" name="APPCFG_IDX3" id="68737486-7FD8-76AB-DF96-0ECE422EBEA8">
<createdBy>calittle</createdBy>
<createdTime>2019-04-17 17:26:48 UTC</createdTime>
<ownerDesignName>ODEE_1262_Design</ownerDesignName>
<schemaObject>0323F05B-A91A-E5F5-C386-B3516E1DFCEB</schemaObject>
<segment>D84742F2-9E68-6614-C6EF-D3B7EF628E78</segment>
<tableSpace>DF7AC7A0-6C81-FCE6-836E-6026E18400F7</tableSpace>
</IndexProxy>
<IndexProxy class="oracle.dbtools.crest.model.design.storage.oracle.v10g.IndexProxyOraclev10g" name="APPCFG_IDX5" id="6E1DF18D-B470-ECE6-C937-624E70BE8176">
<createdBy>calittle</createdBy>
<createdTime>2019-04-17 17:26:48 UTC</createdTime>
<ownerDesignName>ODEE_1262_Design</ownerDesignName>
<schemaObject>0323F05B-A91A-E5F5-C386-B3516E1DFCEB</schemaObject>
<segment>D84742F2-9E68-6614-C6EF-D3B7EF628E78</segment>
<tableSpace>DF7AC7A0-6C81-FCE6-836E-6026E18400F7</tableSpace>
</IndexProxy>
<IndexProxy class="oracle.dbtools.crest.model.design.storage.oracle.v10g.IndexProxyOraclev10g" name="APPCFG_IDX2" id="853813FD-4223-2D74-F848-CAA11BBB9C7B">
<createdBy>calittle</createdBy>
<createdTime>2019-04-17 17:26:48 UTC</createdTime>
<ownerDesignName>ODEE_1262_Design</ownerDesignName>
<schemaObject>0323F05B-A91A-E5F5-C386-B3516E1DFCEB</schemaObject>
<segment>D84742F2-9E68-6614-C6EF-D3B7EF628E78</segment>
<tableSpace>DF7AC7A0-6C81-FCE6-836E-6026E18400F7</tableSpace>
</IndexProxy>
<IndexProxy class="oracle.dbtools.crest.model.design.storage.oracle.v10g.IndexProxyOraclev10g" name="APPCFG_IDX1" id="D3165F76-123D-7DFF-FC13-B3F2EAE57632">
<createdBy>calittle</createdBy>
<createdTime>2019-04-17 17:26:48 UTC</createdTime>
<ownerDesignName>ODEE_1262_Design</ownerDesignName>
<schemaObject>0323F05B-A91A-E5F5-C386-B3516E1DFCEB</schemaObject>
<segment>D84742F2-9E68-6614-C6EF-D3B7EF628E78</segment>
<tableSpace>DF7AC7A0-6C81-FCE6-836E-6026E18400F7</tableSpace>
</IndexProxy>
<IndexProxy class="oracle.dbtools.crest.model.design.storage.oracle.v10g.IndexProxyOraclev10g" name="APPCFG_IDX4" id="FC8D739D-8E2C-8E1E-9465-BF0B17BFD852">
<createdBy>calittle</createdBy>
<createdTime>2019-04-17 17:26:48 UTC</createdTime>
<ownerDesignName>ODEE_1262_Design</ownerDesignName>
<schemaObject>0323F05B-A91A-E5F5-C386-B3516E1DFCEB</schemaObject>
<segment>D84742F2-9E68-6614-C6EF-D3B7EF628E78</segment>
<tableSpace>DF7AC7A0-6C81-FCE6-836E-6026E18400F7</tableSpace>
</IndexProxy>
</indexProxies>
<columnProxies itemClass="oracle.dbtools.crest.model.design.storage.oracle.v12c.ColumnProxyOraclev12c">
<ColumnProxy name="USER_NAME" id="0872628F-7C3F-F6D3-979C-F5498CCC1184">
<createdBy>calittle</createdBy>
<createdTime>2019-04-17 17:26:21 UTC</createdTime>
<ownerDesignName>ODEE_1262_Design</ownerDesignName>
</ColumnProxy>
<ColumnProxy name="CONTEXT_NAME" id="0BC0645C-9AFE-B8F2-1F47-FA1E6217AA80">
<createdBy>calittle</createdBy>
<createdTime>2019-04-17 17:26:21 UTC</createdTime>
<ownerDesignName>ODEE_1262_Design</ownerDesignName>
</ColumnProxy>
<ColumnProxy name="IS_ENCRYPT" id="1979E2DC-D437-78F1-1CFE-B08AFE308585">
<createdBy>calittle</createdBy>
<createdTime>2019-04-17 17:26:21 UTC</createdTime>
<ownerDesignName>ODEE_1262_Design</ownerDesignName>
<defaultValue>0</defaultValue>
</ColumnProxy>
<ColumnProxy name="GROUP_NAME" id="1E2CD0F7-6B15-2D25-2410-8D9CF2669073">
<createdBy>calittle</createdBy>
<createdTime>2019-04-17 17:26:21 UTC</createdTime>
<ownerDesignName>ODEE_1262_Design</ownerDesignName>
</ColumnProxy>
<ColumnProxy name="MODIFYTIME" id="21346EE0-C0E5-289D-5E87-44CC5AB5C5C4">
<createdBy>calittle</createdBy>
<createdTime>2019-04-17 17:26:21 UTC</createdTime>
<ownerDesignName>ODEE_1262_Design</ownerDesignName>
</ColumnProxy>
<ColumnProxy name="ACTIVE" id="2E8422DC-C79D-6473-B921-8A4669E5B544">
<createdBy>calittle</createdBy>
<createdTime>2019-04-17 17:26:21 UTC</createdTime>
<ownerDesignName>ODEE_1262_Design</ownerDesignName>
<defaultValue>1</defaultValue>
</ColumnProxy>
<ColumnProxy name="PROPERTY" id="45DEEC55-B052-375E-6950-2F9247EAE70A">
<createdBy>calittle</createdBy>
<createdTime>2019-04-17 17:26:21 UTC</createdTime>
<ownerDesignName>ODEE_1262_Design</ownerDesignName>
</ColumnProxy>
<ColumnProxy name="SYS_ID" id="490AAA90-0BFF-944B-41A0-23433AB65913">
<createdBy>calittle</createdBy>
<createdTime>2019-04-17 17:26:21 UTC</createdTime>
<ownerDesignName>ODEE_1262_Design</ownerDesignName>
</ColumnProxy>
<ColumnProxy name="VALUE" id="5DED24B4-E186-E2BF-BCA0-B5F3849C3EBD">
<createdBy>calittle</createdBy>
<createdTime>2019-04-17 17:26:21 UTC</createdTime>
<ownerDesignName>ODEE_1262_Design</ownerDesignName>
</ColumnProxy>
<ColumnProxy name="NOTES" id="5EEBE2AC-7CF1-BDE5-DC70-EF137A0CFDBB">
<createdBy>calittle</createdBy>
<createdTime>2019-04-17 17:26:21 UTC</createdTime>
<ownerDesignName>ODEE_1262_Design</ownerDesignName>
</ColumnProxy>
<ColumnProxy name="CATEGORY" id="68466E12-15CD-1CD1-5ADF-250BB96C722E">
<createdBy>calittle</createdBy>
<createdTime>2019-04-17 17:26:21 UTC</createdTime>
<ownerDesignName>ODEE_1262_Design</ownerDesignName>
</ColumnProxy>
<ColumnProxy name="USER_ID" id="6DB0929C-671F-5F05-3A39-1F43AD78E0A9">
<createdBy>calittle</createdBy>
<createdTime>2019-04-17 17:26:21 UTC</createdTime>
<ownerDesignName>ODEE_1262_Design</ownerDesignName>
</ColumnProxy>
<ColumnProxy name="IS_SECRET" id="7EB69868-0016-B872-A136-7CC6D6EC652E">
<createdBy>calittle</createdBy>
<createdTime>2019-04-17 17:26:21 UTC</createdTime>
<ownerDesignName>ODEE_1262_Design</ownerDesignName>
<defaultValue>0</defaultValue>
</ColumnProxy>
<ColumnProxy name="CTX_ID" id="8688D75F-BE93-802A-5CEF-372428D86C20">
<createdBy>calittle</createdBy>
<createdTime>2019-04-17 17:26:21 UTC</createdTime>
<ownerDesignName>ODEE_1262_Design</ownerDesignName>
</ColumnProxy>
<ColumnProxy name="VALUE_TYPE" id="95D4FC9F-F367-4890-87CD-D42D0CB99C79">
<createdBy>calittle</createdBy>
<createdTime>2019-04-17 17:26:21 UTC</createdTime>
<ownerDesignName>ODEE_1262_Design</ownerDesignName>
<defaultValue>0</defaultValue>
</ColumnProxy>
<ColumnProxy name="GROUPSEQ" id="9FDAE114-FC49-CF6F-C4F8-75D8F39C7CAC">
<createdBy>calittle</createdBy>
<createdTime>2019-04-17 17:26:21 UTC</createdTime>
<ownerDesignName>ODEE_1262_Design</ownerDesignName>
<defaultValue>1</defaultValue>
</ColumnProxy>
<ColumnProxy name="AL_ID" id="AFC6B388-2D4E-8119-1A55-B3B20E40B515">
<createdBy>calittle</createdBy>
<createdTime>2019-04-17 17:26:21 UTC</createdTime>
<ownerDesignName>ODEE_1262_Design</ownerDesignName>
</ColumnProxy>
<ColumnProxy name="USERTAG1" id="B7C8D939-52E4-98AD-8752-D78292213225">
<createdBy>calittle</createdBy>
<createdTime>2019-04-17 17:26:21 UTC</createdTime>
<ownerDesignName>ODEE_1262_Design</ownerDesignName>
</ColumnProxy>
<ColumnProxy name="CREATETIME" id="E175B01D-E69D-D499-4155-AD79C25632D1">
<createdBy>calittle</createdBy>
<createdTime>2019-04-17 17:26:21 UTC</createdTime>
<ownerDesignName>ODEE_1262_Design</ownerDesignName>
</ColumnProxy>
<ColumnProxy name="APP_ID" id="EB37BBCE-88FE-6675-D266-CAB9F4D52159">
<createdBy>calittle</createdBy>
<createdTime>2019-04-17 17:26:21 UTC</createdTime>
<ownerDesignName>ODEE_1262_Design</ownerDesignName>
</ColumnProxy>
<ColumnProxy name="VALUE_REF" id="FF2B16A3-D841-F374-A9ED-65304A98E8CA">
<createdBy>calittle</createdBy>
<createdTime>2019-04-17 17:26:21 UTC</createdTime>
<ownerDesignName>ODEE_1262_Design</ownerDesignName>
</ColumnProxy>
</columnProxies>
<foreignKeys>
<ForeignKey class="oracle.dbtools.crest.model.design.storage.oracle.v10g.FKProxyOraclev10g" name="APPS_APPCFGCTX" id="E601145F-4108-B34B-02C5-577D5144A7EB">
<createdBy>calittle</createdBy>
<createdTime>2019-04-17 17:26:52 UTC</createdTime>
<ownerDesignName>ODEE_1262_Design</ownerDesignName>
</ForeignKey>
</foreignKeys>
<primaryKeys>
<PrimaryKey class="oracle.dbtools.crest.model.design.storage.oracle.v10g.PKProxyOraclev10g" name="APPCFGCTX_PK" id="AD0C16C4-B569-7BDD-A3B6-056288D646FD">
<createdBy>calittle</createdBy>
<createdTime>2019-04-17 17:26:49 UTC</createdTime>
<ownerDesignName>ODEE_1262_Design</ownerDesignName>
<segment>D84742F2-9E68-6614-C6EF-D3B7EF628E78</segment>
<tableSpace>DF7AC7A0-6C81-FCE6-836E-6026E18400F7</tableSpace>
<existingIndex>359C013E-08C4-C916-BCC3-DC5DD53C60E0</existingIndex>
<indexSegment>D84742F2-9E68-6614-C6EF-D3B7EF628E78</indexSegment>
<indexSort>SORTED</indexSort>
<usingIndex>BY INDEX NAME</usingIndex>
</PrimaryKey>
</primaryKeys>
</TableProxyOraclev11g>