<?xml version = '1.0' encoding = 'UTF-8'?>
<Table class="oracle.dbtools.crest.model.design.relational.Table" directorySegmentName="seg_0" id="038AF415-30AF-0483-EB96-725FEC505B00" name="FAV_FORM">
<sourceConnName>deepthought</sourceConnName>
<sourceObjSchema>DMKR_ASLINE</sourceObjSchema>
<sourceObjName>FAV_FORM</sourceObjName>
<createdBy>calittle</createdBy>
<createdTime>2019-04-17 17:25:43 UTC</createdTime>
<ownerDesignName>ODEE_1262_Design</ownerDesignName>
<schemaObject>8FC895A7-E0A2-11C9-AE90-BEF4CA704C97</schemaObject>
<allowColumnReorder>false</allowColumnReorder>
<existDependencyGenerateInDDl>true</existDependencyGenerateInDDl>
<columns itemClass="oracle.dbtools.crest.model.design.relational.Column">
<Column name="USERID" id="8ADAB459-BDB3-BE30-B76C-9459B6D63A6D">
<sourceConnName>deepthought</sourceConnName>
<sourceObjSchema>FAV_FORM</sourceObjSchema>
<sourceObjName>USERID</sourceObjName>
<createdBy>calittle</createdBy>
<createdTime>2019-04-17 17:26:35 UTC</createdTime>
<ownerDesignName>ODEE_1262_Design</ownerDesignName>
<useDomainConstraints>false</useDomainConstraints>
<use>1</use>
<logicalDatatype>LOGDT037</logicalDatatype>
<dataTypeSize>512</dataTypeSize>
<autoIncrementCycle>false</autoIncrementCycle>
</Column>
<Column name="NAME" id="3A3933F2-C3A4-6F12-EC55-332D4625FB45">
<sourceConnName>deepthought</sourceConnName>
<sourceObjSchema>FAV_FORM</sourceObjSchema>
<sourceObjName>NAME</sourceObjName>
<createdBy>calittle</createdBy>
<createdTime>2019-04-17 17:26:35 UTC</createdTime>
<ownerDesignName>ODEE_1262_Design</ownerDesignName>
<useDomainConstraints>false</useDomainConstraints>
<use>1</use>
<logicalDatatype>LOGDT037</logicalDatatype>
<dataTypeSize>512</dataTypeSize>
<autoIncrementCycle>false</autoIncrementCycle>
</Column>
<Column name="NAME2" id="759AC8E3-B11B-4915-B100-248018FC5AAB">
<sourceConnName>deepthought</sourceConnName>
<sourceObjSchema>FAV_FORM</sourceObjSchema>
<sourceObjName>NAME2</sourceObjName>
<createdBy>calittle</createdBy>
<createdTime>2019-04-17 17:26:35 UTC</createdTime>
<ownerDesignName>ODEE_1262_Design</ownerDesignName>
<useDomainConstraints>false</useDomainConstraints>
<use>1</use>
<logicalDatatype>LOGDT037</logicalDatatype>
<dataTypeSize>256</dataTypeSize>
<autoIncrementCycle>false</autoIncrementCycle>
</Column>
<Column name="NAME1" id="210D3C0D-3A69-1885-8BBD-FA074D598291">
<sourceConnName>deepthought</sourceConnName>
<sourceObjSchema>FAV_FORM</sourceObjSchema>
<sourceObjName>NAME1</sourceObjName>
<createdBy>calittle</createdBy>
<createdTime>2019-04-17 17:26:35 UTC</createdTime>
<ownerDesignName>ODEE_1262_Design</ownerDesignName>
<useDomainConstraints>false</useDomainConstraints>
<use>1</use>
<logicalDatatype>LOGDT037</logicalDatatype>
<dataTypeSize>256</dataTypeSize>
<autoIncrementCycle>false</autoIncrementCycle>
</Column>
<Column name="GROUP3" id="45D3CF77-BB46-37F4-4F69-629D007D490C">
<sourceConnName>deepthought</sourceConnName>
<sourceObjSchema>FAV_FORM</sourceObjSchema>
<sourceObjName>GROUP3</sourceObjName>
<createdBy>calittle</createdBy>
<createdTime>2019-04-17 17:26:35 UTC</createdTime>
<ownerDesignName>ODEE_1262_Design</ownerDesignName>
<nullsAllowed>true</nullsAllowed>
<useDomainConstraints>false</useDomainConstraints>
<use>1</use>
<logicalDatatype>LOGDT037</logicalDatatype>
<dataTypeSize>256</dataTypeSize>
<autoIncrementCycle>false</autoIncrementCycle>
</Column>
<Column name="CONFIG" id="8A4BF6B3-F0E7-4CF8-5FE8-85E0AB2195C4">
<sourceConnName>deepthought</sourceConnName>
<sourceObjSchema>FAV_FORM</sourceObjSchema>
<sourceObjName>CONFIG</sourceObjName>
<createdBy>calittle</createdBy>
<createdTime>2019-04-17 17:26:35 UTC</createdTime>
<ownerDesignName>ODEE_1262_Design</ownerDesignName>
<nullsAllowed>true</nullsAllowed>
<useDomainConstraints>false</useDomainConstraints>
<use>1</use>
<logicalDatatype>LOGDT037</logicalDatatype>
<dataTypeSize>512</dataTypeSize>
<autoIncrementCycle>false</autoIncrementCycle>
</Column>
<Column name="LISTNAME" id="A9F76A95-319A-5CEC-0BDE-38366590081D">
<sourceConnName>deepthought</sourceConnName>
<sourceObjSchema>FAV_FORM</sourceObjSchema>
<sourceObjName>LISTNAME</sourceObjName>
<createdBy>calittle</createdBy>
<createdTime>2019-04-17 17:26:35 UTC</createdTime>
<ownerDesignName>ODEE_1262_Design</ownerDesignName>
<nullsAllowed>true</nullsAllowed>
<useDomainConstraints>false</useDomainConstraints>
<use>1</use>
<logicalDatatype>LOGDT037</logicalDatatype>
<dataTypeSize>256</dataTypeSize>
<autoIncrementCycle>false</autoIncrementCycle>
</Column>
</columns>
<indexes itemClass="oracle.dbtools.crest.model.design.relational.Index">
<ind_PK_UK id="6C9DCDC4-5EDB-BF79-0DF4-93991FBF2E9C" name="PK_FAV_FORM">
<sourceConnName>deepthought</sourceConnName>
<sourceObjSchema>DMKR_ASLINE</sourceObjSchema>
<sourceObjName>PK_FAV_FORM</sourceObjName>
<createdBy>calittle</createdBy>
<createdTime>2019-04-17 17:26:50 UTC</createdTime>
<ownerDesignName>ODEE_1262_Design</ownerDesignName>
<pk>true</pk>
<indexState>Primary Constraint</indexState>
<isSurrogateKey>false</isSurrogateKey>
<indexColumnUsage>
<colUsage columnID="8ADAB459-BDB3-BE30-B76C-9459B6D63A6D"/>
<colUsage columnID="3A3933F2-C3A4-6F12-EC55-332D4625FB45"/>
<colUsage columnID="210D3C0D-3A69-1885-8BBD-FA074D598291"/>
<colUsage columnID="759AC8E3-B11B-4915-B100-248018FC5AAB"/>
</indexColumnUsage>
</ind_PK_UK>
<ind_PK_UK id="A6AE4630-7A1C-E6C1-B30F-9EBEBD0F215A" name="PK_FAV_FORM">
<sourceConnName>deepthought</sourceConnName>
<sourceObjSchema>DMKR_ASLINE</sourceObjSchema>
<sourceObjName>PK_FAV_FORM</sourceObjName>
<createdBy>calittle</createdBy>
<createdTime>2019-04-17 17:26:48 UTC</createdTime>
<ownerDesignName>ODEE_1262_Design</ownerDesignName>
<indexState>Unique Plain Index</indexState>
<schemaObject>8FC895A7-E0A2-11C9-AE90-BEF4CA704C97</schemaObject>
<isSurrogateKey>false</isSurrogateKey>
<indexColumnUsage>
<colUsage columnID="8ADAB459-BDB3-BE30-B76C-9459B6D63A6D"/>
<colUsage columnID="3A3933F2-C3A4-6F12-EC55-332D4625FB45"/>
<colUsage columnID="210D3C0D-3A69-1885-8BBD-FA074D598291"/>
<colUsage columnID="759AC8E3-B11B-4915-B100-248018FC5AAB"/>
</indexColumnUsage>
</ind_PK_UK>
</indexes>
</Table>