<?xml version = '1.0' encoding = 'UTF-8'?>
<Table class="oracle.dbtools.crest.model.design.relational.Table" directorySegmentName="seg_0" id="084181BB-7B1A-8413-32C4-5E0DDE0577BD" name="GROUP2">
<sourceConnName>deepthought</sourceConnName>
<sourceObjSchema>DMKR_ASLINE</sourceObjSchema>
<sourceObjName>GROUP2</sourceObjName>
<createdBy>calittle</createdBy>
<createdTime>2019-04-17 17:25:48 UTC</createdTime>
<ownerDesignName>ODEE_1262_Design</ownerDesignName>
<schemaObject>8FC895A7-E0A2-11C9-AE90-BEF4CA704C97</schemaObject>
<allowColumnReorder>false</allowColumnReorder>
<existDependencyGenerateInDDl>true</existDependencyGenerateInDDl>
<columns itemClass="oracle.dbtools.crest.model.design.relational.Column">
<Column name="NAME2" id="53A14585-B97C-AB80-F852-D7B33B96A846">
<sourceConnName>deepthought</sourceConnName>
<sourceObjSchema>GROUP2</sourceObjSchema>
<sourceObjName>NAME2</sourceObjName>
<createdBy>calittle</createdBy>
<createdTime>2019-04-17 17:26:37 UTC</createdTime>
<ownerDesignName>ODEE_1262_Design</ownerDesignName>
<useDomainConstraints>false</useDomainConstraints>
<use>1</use>
<logicalDatatype>LOGDT037</logicalDatatype>
<dataTypeSize>256</dataTypeSize>
<autoIncrementCycle>false</autoIncrementCycle>
</Column>
<Column name="NAME1" id="F8942E12-D283-B40E-FA15-5310B9AEF2C1">
<sourceConnName>deepthought</sourceConnName>
<sourceObjSchema>GROUP2</sourceObjSchema>
<sourceObjName>NAME1</sourceObjName>
<createdBy>calittle</createdBy>
<createdTime>2019-04-17 17:26:37 UTC</createdTime>
<ownerDesignName>ODEE_1262_Design</ownerDesignName>
<useDomainConstraints>false</useDomainConstraints>
<use>1</use>
<logicalDatatype>LOGDT037</logicalDatatype>
<dataTypeSize>256</dataTypeSize>
<delegate>55D97E74-8F2A-A0D8-6C08-9C826BA66369</delegate>
<autoIncrementCycle>false</autoIncrementCycle>
<associations>
<colAssociation fkAssociation="90AFAC5A-42F6-2360-5A20-6986926178AA" referredColumn="55D97E74-8F2A-A0D8-6C08-9C826BA66369"/>
</associations>
</Column>
<Column name="GROUP3" id="5E37E892-3164-7573-92D0-3301302238DF">
<sourceConnName>deepthought</sourceConnName>
<sourceObjSchema>GROUP2</sourceObjSchema>
<sourceObjName>GROUP3</sourceObjName>
<createdBy>calittle</createdBy>
<createdTime>2019-04-17 17:26:37 UTC</createdTime>
<ownerDesignName>ODEE_1262_Design</ownerDesignName>
<useDomainConstraints>false</useDomainConstraints>
<use>1</use>
<logicalDatatype>LOGDT037</logicalDatatype>
<dataTypeSize>256</dataTypeSize>
<autoIncrementCycle>false</autoIncrementCycle>
</Column>
<Column name="CONFIG" id="FDC5D091-93C6-734A-A7C4-DC011062E73D">
<sourceConnName>deepthought</sourceConnName>
<sourceObjSchema>GROUP2</sourceObjSchema>
<sourceObjName>CONFIG</sourceObjName>
<createdBy>calittle</createdBy>
<createdTime>2019-04-17 17:26:37 UTC</createdTime>
<ownerDesignName>ODEE_1262_Design</ownerDesignName>
<nullsAllowed>true</nullsAllowed>
<useDomainConstraints>false</useDomainConstraints>
<use>1</use>
<logicalDatatype>LOGDT037</logicalDatatype>
<dataTypeSize>512</dataTypeSize>
<autoIncrementCycle>false</autoIncrementCycle>
</Column>
<Column name="LVL" id="A072353B-41EC-127F-689B-B2A3883C7EB9">
<sourceConnName>deepthought</sourceConnName>
<sourceObjSchema>GROUP2</sourceObjSchema>
<sourceObjName>LVL</sourceObjName>
<createdBy>calittle</createdBy>
<createdTime>2019-04-17 17:26:37 UTC</createdTime>
<ownerDesignName>ODEE_1262_Design</ownerDesignName>
<useDomainConstraints>false</useDomainConstraints>
<use>1</use>
<logicalDatatype>LOGDT019</logicalDatatype>
<defaultValue>3</defaultValue>
<autoIncrementCycle>false</autoIncrementCycle>
</Column>
</columns>
<indexes itemClass="oracle.dbtools.crest.model.design.relational.Index">
<ind_PK_UK id="B2A09B08-53A9-E81E-4A41-CCF44154E7ED" name="PK_GROUP2">
<sourceConnName>deepthought</sourceConnName>
<sourceObjSchema>DMKR_ASLINE</sourceObjSchema>
<sourceObjName>PK_GROUP2</sourceObjName>
<createdBy>calittle</createdBy>
<createdTime>2019-04-17 17:26:50 UTC</createdTime>
<ownerDesignName>ODEE_1262_Design</ownerDesignName>
<pk>true</pk>
<indexState>Primary Constraint</indexState>
<isSurrogateKey>false</isSurrogateKey>
<indexColumnUsage>
<colUsage columnID="53A14585-B97C-AB80-F852-D7B33B96A846"/>
<colUsage columnID="F8942E12-D283-B40E-FA15-5310B9AEF2C1"/>
<colUsage columnID="5E37E892-3164-7573-92D0-3301302238DF"/>
</indexColumnUsage>
</ind_PK_UK>
<ind_PK_UK id="930FCED7-25D4-732D-060E-F2C71BB57275" name="PK_GROUP2">
<sourceConnName>deepthought</sourceConnName>
<sourceObjSchema>DMKR_ASLINE</sourceObjSchema>
<sourceObjName>PK_GROUP2</sourceObjName>
<createdBy>calittle</createdBy>
<createdTime>2019-04-17 17:26:48 UTC</createdTime>
<ownerDesignName>ODEE_1262_Design</ownerDesignName>
<indexState>Unique Plain Index</indexState>
<schemaObject>8FC895A7-E0A2-11C9-AE90-BEF4CA704C97</schemaObject>
<isSurrogateKey>false</isSurrogateKey>
<indexColumnUsage>
<colUsage columnID="53A14585-B97C-AB80-F852-D7B33B96A846"/>
<colUsage columnID="F8942E12-D283-B40E-FA15-5310B9AEF2C1"/>
<colUsage columnID="5E37E892-3164-7573-92D0-3301302238DF"/>
</indexColumnUsage>
</ind_PK_UK>
<ind_PK_UK id="FDE6D672-62AE-10E0-A183-589263D23FBB" name="GROUP1_GROUP2">
<createdBy>calittle</createdBy>
<createdTime>2019-04-17 17:26:52 UTC</createdTime>
<ownerDesignName>ODEE_1262_Design</ownerDesignName>
<indexState>Foreign Key</indexState>
<isSurrogateKey>false</isSurrogateKey>
<indexColumnUsage>
<colUsage columnID="F8942E12-D283-B40E-FA15-5310B9AEF2C1"/>
</indexColumnUsage>
</ind_PK_UK>
</indexes>
</Table>