<?xml version = '1.0' encoding = 'UTF-8'?>
<Table class="oracle.dbtools.crest.model.design.relational.Table" directorySegmentName="seg_0" id="0F5B879F-C3EB-16BD-CB6C-4397E0C17EEE" name="SELECTED_FORM">
<sourceConnName>deepthought</sourceConnName>
<sourceObjSchema>DMKR_ASLINE</sourceObjSchema>
<sourceObjName>SELECTED_FORM</sourceObjName>
<createdBy>calittle</createdBy>
<createdTime>2019-04-17 17:26:09 UTC</createdTime>
<ownerDesignName>ODEE_1262_Design</ownerDesignName>
<schemaObject>8FC895A7-E0A2-11C9-AE90-BEF4CA704C97</schemaObject>
<allowColumnReorder>false</allowColumnReorder>
<existDependencyGenerateInDDl>true</existDependencyGenerateInDDl>
<columns itemClass="oracle.dbtools.crest.model.design.relational.Column">
<Column name="ID" id="3E98ADA2-9FA5-4F05-F4F2-2F3CF1714C38">
<sourceConnName>deepthought</sourceConnName>
<sourceObjSchema>SELECTED_FORM</sourceObjSchema>
<sourceObjName>ID</sourceObjName>
<createdBy>calittle</createdBy>
<createdTime>2019-04-17 17:26:44 UTC</createdTime>
<ownerDesignName>ODEE_1262_Design</ownerDesignName>
<useDomainConstraints>false</useDomainConstraints>
<use>1</use>
<logicalDatatype>LOGDT019</logicalDatatype>
<dataTypePrecision>38</dataTypePrecision>
<autoIncrementCycle>false</autoIncrementCycle>
</Column>
<Column name="TID" id="2247FE91-B8C1-1229-234A-B86D8D5DB126">
<sourceConnName>deepthought</sourceConnName>
<sourceObjSchema>SELECTED_FORM</sourceObjSchema>
<sourceObjName>TID</sourceObjName>
<createdBy>calittle</createdBy>
<createdTime>2019-04-17 17:26:44 UTC</createdTime>
<ownerDesignName>ODEE_1262_Design</ownerDesignName>
<useDomainConstraints>false</useDomainConstraints>
<use>1</use>
<logicalDatatype>LOGDT037</logicalDatatype>
<dataTypeSize>80</dataTypeSize>
<delegate>BB25076B-4F08-D0AB-8D49-C2F56D888896</delegate>
<autoIncrementCycle>false</autoIncrementCycle>
<associations>
<colAssociation fkAssociation="7E5C073C-E9A4-447B-D803-F2E132C364B7" referredColumn="BB25076B-4F08-D0AB-8D49-C2F56D888896"/>
</associations>
</Column>
<Column name="FORMID" id="98C7B34A-587A-4F56-DBB5-7C714E12BABE">
<sourceConnName>deepthought</sourceConnName>
<sourceObjSchema>SELECTED_FORM</sourceObjSchema>
<sourceObjName>FORMID</sourceObjName>
<createdBy>calittle</createdBy>
<createdTime>2019-04-17 17:26:44 UTC</createdTime>
<ownerDesignName>ODEE_1262_Design</ownerDesignName>
<useDomainConstraints>false</useDomainConstraints>
<use>1</use>
<logicalDatatype>LOGDT019</logicalDatatype>
<dataTypePrecision>19</dataTypePrecision>
<dataTypeScale>4</dataTypeScale>
<autoIncrementCycle>false</autoIncrementCycle>
</Column>
<Column name="NAME" id="9E43C196-F984-A70A-3950-A306978626D9">
<sourceConnName>deepthought</sourceConnName>
<sourceObjSchema>SELECTED_FORM</sourceObjSchema>
<sourceObjName>NAME</sourceObjName>
<createdBy>calittle</createdBy>
<createdTime>2019-04-17 17:26:44 UTC</createdTime>
<ownerDesignName>ODEE_1262_Design</ownerDesignName>
<useDomainConstraints>false</useDomainConstraints>
<use>1</use>
<logicalDatatype>LOGDT037</logicalDatatype>
<dataTypeSize>512</dataTypeSize>
<autoIncrementCycle>false</autoIncrementCycle>
</Column>
<Column name="DESCRIPTION" id="62CF95EA-A0ED-675E-0877-2265D06D03A3">
<sourceConnName>deepthought</sourceConnName>
<sourceObjSchema>SELECTED_FORM</sourceObjSchema>
<sourceObjName>DESCRIPTION</sourceObjName>
<createdBy>calittle</createdBy>
<createdTime>2019-04-17 17:26:44 UTC</createdTime>
<ownerDesignName>ODEE_1262_Design</ownerDesignName>
<nullsAllowed>true</nullsAllowed>
<useDomainConstraints>false</useDomainConstraints>
<use>1</use>
<logicalDatatype>LOGDT037</logicalDatatype>
<dataTypeSize>512</dataTypeSize>
<autoIncrementCycle>false</autoIncrementCycle>
</Column>
<Column name="NAME2" id="CD93C759-671D-A667-524E-960144F4B975">
<sourceConnName>deepthought</sourceConnName>
<sourceObjSchema>SELECTED_FORM</sourceObjSchema>
<sourceObjName>NAME2</sourceObjName>
<createdBy>calittle</createdBy>
<createdTime>2019-04-17 17:26:44 UTC</createdTime>
<ownerDesignName>ODEE_1262_Design</ownerDesignName>
<nullsAllowed>true</nullsAllowed>
<useDomainConstraints>false</useDomainConstraints>
<use>1</use>
<logicalDatatype>LOGDT037</logicalDatatype>
<dataTypeSize>256</dataTypeSize>
<autoIncrementCycle>false</autoIncrementCycle>
</Column>
<Column name="NAME1" id="2273A490-0186-E166-9499-7BB15B9549A1">
<sourceConnName>deepthought</sourceConnName>
<sourceObjSchema>SELECTED_FORM</sourceObjSchema>
<sourceObjName>NAME1</sourceObjName>
<createdBy>calittle</createdBy>
<createdTime>2019-04-17 17:26:44 UTC</createdTime>
<ownerDesignName>ODEE_1262_Design</ownerDesignName>
<nullsAllowed>true</nullsAllowed>
<useDomainConstraints>false</useDomainConstraints>
<use>1</use>
<logicalDatatype>LOGDT037</logicalDatatype>
<dataTypeSize>256</dataTypeSize>
<autoIncrementCycle>false</autoIncrementCycle>
</Column>
<Column name="LVL" id="63E281BA-44FB-D696-9D65-E3BB8A451BD9">
<sourceConnName>deepthought</sourceConnName>
<sourceObjSchema>SELECTED_FORM</sourceObjSchema>
<sourceObjName>LVL</sourceObjName>
<createdBy>calittle</createdBy>
<createdTime>2019-04-17 17:26:44 UTC</createdTime>
<ownerDesignName>ODEE_1262_Design</ownerDesignName>
<useDomainConstraints>false</useDomainConstraints>
<use>1</use>
<logicalDatatype>LOGDT019</logicalDatatype>
<dataTypePrecision>10</dataTypePrecision>
<defaultValue>4</defaultValue>
<autoIncrementCycle>false</autoIncrementCycle>
</Column>
<Column name="CATEGORY1" id="332605B0-0CCC-7B7A-A669-07F571F0DD29">
<sourceConnName>deepthought</sourceConnName>
<sourceObjSchema>SELECTED_FORM</sourceObjSchema>
<sourceObjName>CATEGORY1</sourceObjName>
<createdBy>calittle</createdBy>
<createdTime>2019-04-17 17:26:44 UTC</createdTime>
<ownerDesignName>ODEE_1262_Design</ownerDesignName>
<nullsAllowed>true</nullsAllowed>
<useDomainConstraints>false</useDomainConstraints>
<use>1</use>
<logicalDatatype>LOGDT037</logicalDatatype>
<dataTypeSize>512</dataTypeSize>
<autoIncrementCycle>false</autoIncrementCycle>
</Column>
<Column name="GROUP3" id="179304B4-9D5B-F2F5-AD34-1D434880BF00">
<sourceConnName>deepthought</sourceConnName>
<sourceObjSchema>SELECTED_FORM</sourceObjSchema>
<sourceObjName>GROUP3</sourceObjName>
<createdBy>calittle</createdBy>
<createdTime>2019-04-17 17:26:44 UTC</createdTime>
<ownerDesignName>ODEE_1262_Design</ownerDesignName>
<nullsAllowed>true</nullsAllowed>
<useDomainConstraints>false</useDomainConstraints>
<use>1</use>
<logicalDatatype>LOGDT037</logicalDatatype>
<dataTypeSize>256</dataTypeSize>
<autoIncrementCycle>false</autoIncrementCycle>
</Column>
<Column name="CREATION_TIMESTAMP" id="B1F69CC7-03FC-F4BF-564E-3B458B828A2D">
<sourceConnName>deepthought</sourceConnName>
<sourceObjSchema>SELECTED_FORM</sourceObjSchema>
<sourceObjName>CREATION_TIMESTAMP</sourceObjName>
<createdBy>calittle</createdBy>
<createdTime>2019-04-17 17:26:44 UTC</createdTime>
<ownerDesignName>ODEE_1262_Design</ownerDesignName>
<nullsAllowed>true</nullsAllowed>
<useDomainConstraints>false</useDomainConstraints>
<use>1</use>
<logicalDatatype>LOGDT015</logicalDatatype>
<dataTypePrecision>6</dataTypePrecision>
<autoIncrementCycle>false</autoIncrementCycle>
</Column>
<Column name="RECIPNAME" id="F2EEAEFD-724C-8F13-B4C5-1A931EB1C076">
<sourceConnName>deepthought</sourceConnName>
<sourceObjSchema>SELECTED_FORM</sourceObjSchema>
<sourceObjName>RECIPNAME</sourceObjName>
<createdBy>calittle</createdBy>
<createdTime>2019-04-17 17:26:44 UTC</createdTime>
<ownerDesignName>ODEE_1262_Design</ownerDesignName>
<nullsAllowed>true</nullsAllowed>
<useDomainConstraints>false</useDomainConstraints>
<use>1</use>
<logicalDatatype>LOGDT037</logicalDatatype>
<dataTypeSize>256</dataTypeSize>
<autoIncrementCycle>false</autoIncrementCycle>
</Column>
</columns>
<indexes itemClass="oracle.dbtools.crest.model.design.relational.Index">
<ind_PK_UK id="82847C01-5836-9543-977C-85C10CBD10F3" name="PK_SELECTEDFORM">
<sourceConnName>deepthought</sourceConnName>
<sourceObjSchema>DMKR_ASLINE</sourceObjSchema>
<sourceObjName>PK_SELECTEDFORM</sourceObjName>
<createdBy>calittle</createdBy>
<createdTime>2019-04-17 17:26:51 UTC</createdTime>
<ownerDesignName>ODEE_1262_Design</ownerDesignName>
<pk>true</pk>
<indexState>Primary Constraint</indexState>
<isSurrogateKey>false</isSurrogateKey>
<indexColumnUsage>
<colUsage columnID="2247FE91-B8C1-1229-234A-B86D8D5DB126"/>
<colUsage columnID="3E98ADA2-9FA5-4F05-F4F2-2F3CF1714C38"/>
</indexColumnUsage>
</ind_PK_UK>
<ind_PK_UK id="0AED906E-79DA-BD03-8815-0B032DC71F00" name="PK_SELECTEDFORM">
<sourceConnName>deepthought</sourceConnName>
<sourceObjSchema>DMKR_ASLINE</sourceObjSchema>
<sourceObjName>PK_SELECTEDFORM</sourceObjName>
<createdBy>calittle</createdBy>
<createdTime>2019-04-17 17:26:49 UTC</createdTime>
<ownerDesignName>ODEE_1262_Design</ownerDesignName>
<schemaObject>8FC895A7-E0A2-11C9-AE90-BEF4CA704C97</schemaObject>
<isSurrogateKey>false</isSurrogateKey>
<indexColumnUsage>
<colUsage columnID="2247FE91-B8C1-1229-234A-B86D8D5DB126"/>
<colUsage columnID="3E98ADA2-9FA5-4F05-F4F2-2F3CF1714C38"/>
</indexColumnUsage>
</ind_PK_UK>
<ind_PK_UK id="25D3281A-2645-32F0-EEFC-183F7B871FD0" name="SELECTED_FORM_FK0">
<createdBy>calittle</createdBy>
<createdTime>2019-04-17 17:26:52 UTC</createdTime>
<ownerDesignName>ODEE_1262_Design</ownerDesignName>
<indexState>Foreign Key</indexState>
<isSurrogateKey>false</isSurrogateKey>
<indexColumnUsage>
<colUsage columnID="2247FE91-B8C1-1229-234A-B86D8D5DB126"/>
</indexColumnUsage>
</ind_PK_UK>
</indexes>
</Table>