<?xml version = '1.0' encoding = 'UTF-8'?>
<Table class="oracle.dbtools.crest.model.design.relational.Table" directorySegmentName="seg_0" id="1730D7F4-1B10-2A57-5109-0D89A3907D51" name="LOGS">
<sourceConnName>deepthought</sourceConnName>
<sourceObjSchema>DMKR_ASLINE</sourceObjSchema>
<sourceObjName>LOGS</sourceObjName>
<createdBy>calittle</createdBy>
<createdTime>2019-04-17 17:25:54 UTC</createdTime>
<commentInRDBMS>Table to log tracing, debugging, auditing</commentInRDBMS>
<ownerDesignName>ODEE_1262_Design</ownerDesignName>
<schemaObject>8FC895A7-E0A2-11C9-AE90-BEF4CA704C97</schemaObject>
<allowColumnReorder>false</allowColumnReorder>
<existDependencyGenerateInDDl>true</existDependencyGenerateInDDl>
<columns itemClass="oracle.dbtools.crest.model.design.relational.Column">
<Column name="LOG_ID" id="CAC96082-DBC3-158A-480F-5F9FA6716578">
<sourceConnName>deepthought</sourceConnName>
<sourceObjSchema>LOGS</sourceObjSchema>
<sourceObjName>LOG_ID</sourceObjName>
<createdBy>calittle</createdBy>
<createdTime>2019-04-17 17:26:39 UTC</createdTime>
<commentInRDBMS>Unique auto generated log row identifier</commentInRDBMS>
<ownerDesignName>ODEE_1262_Design</ownerDesignName>
<useDomainConstraints>false</useDomainConstraints>
<use>1</use>
<logicalDatatype>LOGDT019</logicalDatatype>
<dataTypePrecision>38</dataTypePrecision>
<autoIncrementCycle>false</autoIncrementCycle>
</Column>
<Column name="JOB_ID" id="EDF962E1-E1C2-DEE3-DE33-E8F51F33C376">
<sourceConnName>deepthought</sourceConnName>
<sourceObjSchema>LOGS</sourceObjSchema>
<sourceObjName>JOB_ID</sourceObjName>
<createdBy>calittle</createdBy>
<createdTime>2019-04-17 17:26:39 UTC</createdTime>
<commentInRDBMS>JOB_ID foreign key when logging is related to the JOBS row</commentInRDBMS>
<ownerDesignName>ODEE_1262_Design</ownerDesignName>
<nullsAllowed>true</nullsAllowed>
<useDomainConstraints>false</useDomainConstraints>
<use>1</use>
<logicalDatatype>LOGDT019</logicalDatatype>
<dataTypePrecision>38</dataTypePrecision>
<autoIncrementCycle>false</autoIncrementCycle>
</Column>
<Column name="TRN_ID" id="17022C51-20FD-9A5E-811C-CEA854712700">
<sourceConnName>deepthought</sourceConnName>
<sourceObjSchema>LOGS</sourceObjSchema>
<sourceObjName>TRN_ID</sourceObjName>
<createdBy>calittle</createdBy>
<createdTime>2019-04-17 17:26:39 UTC</createdTime>
<commentInRDBMS>TRN_ID foreign key when logging is related to the TRNS row</commentInRDBMS>
<ownerDesignName>ODEE_1262_Design</ownerDesignName>
<nullsAllowed>true</nullsAllowed>
<useDomainConstraints>false</useDomainConstraints>
<use>1</use>
<logicalDatatype>LOGDT019</logicalDatatype>
<dataTypePrecision>38</dataTypePrecision>
<autoIncrementCycle>false</autoIncrementCycle>
</Column>
<Column name="BCH_ID" id="28B58330-825A-E550-888C-7BC6A6C5E55D">
<sourceConnName>deepthought</sourceConnName>
<sourceObjSchema>LOGS</sourceObjSchema>
<sourceObjName>BCH_ID</sourceObjName>
<createdBy>calittle</createdBy>
<createdTime>2019-04-17 17:26:39 UTC</createdTime>
<commentInRDBMS>BCH_ID foreign key when logging is related to the BCHS row</commentInRDBMS>
<ownerDesignName>ODEE_1262_Design</ownerDesignName>
<nullsAllowed>true</nullsAllowed>
<useDomainConstraints>false</useDomainConstraints>
<use>1</use>
<logicalDatatype>LOGDT019</logicalDatatype>
<dataTypePrecision>38</dataTypePrecision>
<autoIncrementCycle>false</autoIncrementCycle>
</Column>
<Column name="RCP_ID" id="97D94D73-8BFA-49BF-6F99-36DC0B3ADD74">
<sourceConnName>deepthought</sourceConnName>
<sourceObjSchema>LOGS</sourceObjSchema>
<sourceObjName>RCP_ID</sourceObjName>
<createdBy>calittle</createdBy>
<createdTime>2019-04-17 17:26:39 UTC</createdTime>
<commentInRDBMS>RCP_ID foreign key when logging is related to the RCPS row</commentInRDBMS>
<ownerDesignName>ODEE_1262_Design</ownerDesignName>
<nullsAllowed>true</nullsAllowed>
<useDomainConstraints>false</useDomainConstraints>
<use>1</use>
<logicalDatatype>LOGDT019</logicalDatatype>
<dataTypePrecision>38</dataTypePrecision>
<autoIncrementCycle>false</autoIncrementCycle>
</Column>
<Column name="PUB_ID" id="C30A5080-7E86-C0B6-4A04-3CEEB3C21479">
<sourceConnName>deepthought</sourceConnName>
<sourceObjSchema>LOGS</sourceObjSchema>
<sourceObjName>PUB_ID</sourceObjName>
<createdBy>calittle</createdBy>
<createdTime>2019-04-17 17:26:39 UTC</createdTime>
<ownerDesignName>ODEE_1262_Design</ownerDesignName>
<nullsAllowed>true</nullsAllowed>
<useDomainConstraints>false</useDomainConstraints>
<use>1</use>
<logicalDatatype>LOGDT019</logicalDatatype>
<dataTypePrecision>38</dataTypePrecision>
<autoIncrementCycle>false</autoIncrementCycle>
</Column>
<Column name="LOG_CODE" id="74C6F0B2-8432-D74E-AA98-ACAEEBB2C86E">
<sourceConnName>deepthought</sourceConnName>
<sourceObjSchema>LOGS</sourceObjSchema>
<sourceObjName>LOG_CODE</sourceObjName>
<createdBy>calittle</createdBy>
<createdTime>2019-04-17 17:26:39 UTC</createdTime>
<ownerDesignName>ODEE_1262_Design</ownerDesignName>
<nullsAllowed>true</nullsAllowed>
<useDomainConstraints>false</useDomainConstraints>
<use>1</use>
<logicalDatatype>LOGDT037</logicalDatatype>
<dataTypeSize>15</dataTypeSize>
<autoIncrementCycle>false</autoIncrementCycle>
</Column>
<Column name="LOGCODE1" id="231492ED-159E-93C5-501E-25BD33C84E36">
<sourceConnName>deepthought</sourceConnName>
<sourceObjSchema>LOGS</sourceObjSchema>
<sourceObjName>LOGCODE1</sourceObjName>
<createdBy>calittle</createdBy>
<createdTime>2019-04-17 17:26:39 UTC</createdTime>
<ownerDesignName>ODEE_1262_Design</ownerDesignName>
<nullsAllowed>true</nullsAllowed>
<useDomainConstraints>false</useDomainConstraints>
<use>1</use>
<logicalDatatype>LOGDT037</logicalDatatype>
<dataTypeSize>10</dataTypeSize>
<autoIncrementCycle>false</autoIncrementCycle>
</Column>
<Column name="LOGCODE2" id="A73EAEC7-36FD-C06A-71B8-28071EF2009F">
<sourceConnName>deepthought</sourceConnName>
<sourceObjSchema>LOGS</sourceObjSchema>
<sourceObjName>LOGCODE2</sourceObjName>
<createdBy>calittle</createdBy>
<createdTime>2019-04-17 17:26:39 UTC</createdTime>
<ownerDesignName>ODEE_1262_Design</ownerDesignName>
<nullsAllowed>true</nullsAllowed>
<useDomainConstraints>false</useDomainConstraints>
<use>1</use>
<logicalDatatype>LOGDT037</logicalDatatype>
<dataTypeSize>10</dataTypeSize>
<autoIncrementCycle>false</autoIncrementCycle>
</Column>
<Column name="LOGAREA" id="5849490F-DB8A-838A-E178-2B312D2877AE">
<sourceConnName>deepthought</sourceConnName>
<sourceObjSchema>LOGS</sourceObjSchema>
<sourceObjName>LOGAREA</sourceObjName>
<createdBy>calittle</createdBy>
<createdTime>2019-04-17 17:26:39 UTC</createdTime>
<ownerDesignName>ODEE_1262_Design</ownerDesignName>
<nullsAllowed>true</nullsAllowed>
<useDomainConstraints>false</useDomainConstraints>
<use>1</use>
<logicalDatatype>LOGDT037</logicalDatatype>
<dataTypeSize>256</dataTypeSize>
<autoIncrementCycle>false</autoIncrementCycle>
</Column>
<Column name="LOGDATA" id="F0CEB93F-6FB5-B203-C8AE-15BFBCB67DCA">
<sourceConnName>deepthought</sourceConnName>
<sourceObjSchema>LOGS</sourceObjSchema>
<sourceObjName>LOGDATA</sourceObjName>
<createdBy>calittle</createdBy>
<createdTime>2019-04-17 17:26:39 UTC</createdTime>
<ownerDesignName>ODEE_1262_Design</ownerDesignName>
<nullsAllowed>true</nullsAllowed>
<useDomainConstraints>false</useDomainConstraints>
<use>1</use>
<logicalDatatype>LOGDT037</logicalDatatype>
<dataTypeSize>256</dataTypeSize>
<autoIncrementCycle>false</autoIncrementCycle>
</Column>
<Column name="LOGMESSAGE" id="497463FB-424D-145C-C5F7-C79B4AB66372">
<sourceConnName>deepthought</sourceConnName>
<sourceObjSchema>LOGS</sourceObjSchema>
<sourceObjName>LOGMESSAGE</sourceObjName>
<createdBy>calittle</createdBy>
<createdTime>2019-04-17 17:26:39 UTC</createdTime>
<ownerDesignName>ODEE_1262_Design</ownerDesignName>
<nullsAllowed>true</nullsAllowed>
<useDomainConstraints>false</useDomainConstraints>
<use>1</use>
<logicalDatatype>LOGDT037</logicalDatatype>
<dataTypeSize>2000</dataTypeSize>
<autoIncrementCycle>false</autoIncrementCycle>
</Column>
<Column name="LOGTIME" id="632F6246-69DA-0F9A-FD74-778E7BEEAC7E">
<sourceConnName>deepthought</sourceConnName>
<sourceObjSchema>LOGS</sourceObjSchema>
<sourceObjName>LOGTIME</sourceObjName>
<createdBy>calittle</createdBy>
<createdTime>2019-04-17 17:26:39 UTC</createdTime>
<ownerDesignName>ODEE_1262_Design</ownerDesignName>
<useDomainConstraints>false</useDomainConstraints>
<use>1</use>
<logicalDatatype>LOGDT015</logicalDatatype>
<dataTypePrecision>6</dataTypePrecision>
<autoIncrementCycle>false</autoIncrementCycle>
</Column>
<Column name="LOGHOSTNAME" id="02E67EDA-2B70-17E8-C38E-0A3437C55078">
<sourceConnName>deepthought</sourceConnName>
<sourceObjSchema>LOGS</sourceObjSchema>
<sourceObjName>LOGHOSTNAME</sourceObjName>
<createdBy>calittle</createdBy>
<createdTime>2019-04-17 17:26:39 UTC</createdTime>
<ownerDesignName>ODEE_1262_Design</ownerDesignName>
<nullsAllowed>true</nullsAllowed>
<useDomainConstraints>false</useDomainConstraints>
<use>1</use>
<logicalDatatype>LOGDT037</logicalDatatype>
<dataTypeSize>256</dataTypeSize>
<autoIncrementCycle>false</autoIncrementCycle>
</Column>
<Column name="LOGPROGRAM" id="C744C44F-6278-95E6-834D-4DAF9025E266">
<sourceConnName>deepthought</sourceConnName>
<sourceObjSchema>LOGS</sourceObjSchema>
<sourceObjName>LOGPROGRAM</sourceObjName>
<createdBy>calittle</createdBy>
<createdTime>2019-04-17 17:26:39 UTC</createdTime>
<ownerDesignName>ODEE_1262_Design</ownerDesignName>
<nullsAllowed>true</nullsAllowed>
<useDomainConstraints>false</useDomainConstraints>
<use>1</use>
<logicalDatatype>LOGDT037</logicalDatatype>
<dataTypeSize>256</dataTypeSize>
<autoIncrementCycle>false</autoIncrementCycle>
</Column>
<Column name="LOGVERSION" id="42F9D532-CECA-2D32-40D1-30F1E33B5191">
<sourceConnName>deepthought</sourceConnName>
<sourceObjSchema>LOGS</sourceObjSchema>
<sourceObjName>LOGVERSION</sourceObjName>
<createdBy>calittle</createdBy>
<createdTime>2019-04-17 17:26:39 UTC</createdTime>
<ownerDesignName>ODEE_1262_Design</ownerDesignName>
<nullsAllowed>true</nullsAllowed>
<useDomainConstraints>false</useDomainConstraints>
<use>1</use>
<logicalDatatype>LOGDT037</logicalDatatype>
<dataTypeSize>256</dataTypeSize>
<autoIncrementCycle>false</autoIncrementCycle>
</Column>
<Column name="LOGMODULE" id="D5543785-310C-BB4D-68CD-A15155558756">
<sourceConnName>deepthought</sourceConnName>
<sourceObjSchema>LOGS</sourceObjSchema>
<sourceObjName>LOGMODULE</sourceObjName>
<createdBy>calittle</createdBy>
<createdTime>2019-04-17 17:26:39 UTC</createdTime>
<ownerDesignName>ODEE_1262_Design</ownerDesignName>
<nullsAllowed>true</nullsAllowed>
<useDomainConstraints>false</useDomainConstraints>
<use>1</use>
<logicalDatatype>LOGDT037</logicalDatatype>
<dataTypeSize>256</dataTypeSize>
<autoIncrementCycle>false</autoIncrementCycle>
</Column>
<Column name="LOGPROCESS_ID" id="58D067E8-E18C-7A8B-A6F0-71E265C43B55">
<sourceConnName>deepthought</sourceConnName>
<sourceObjSchema>LOGS</sourceObjSchema>
<sourceObjName>LOGPROCESS_ID</sourceObjName>
<createdBy>calittle</createdBy>
<createdTime>2019-04-17 17:26:39 UTC</createdTime>
<commentInRDBMS>Process Id of the error logger</commentInRDBMS>
<ownerDesignName>ODEE_1262_Design</ownerDesignName>
<nullsAllowed>true</nullsAllowed>
<useDomainConstraints>false</useDomainConstraints>
<use>1</use>
<logicalDatatype>LOGDT037</logicalDatatype>
<dataTypeSize>10</dataTypeSize>
<autoIncrementCycle>false</autoIncrementCycle>
</Column>
<Column name="LOGTHREAD_ID" id="D897C7C0-0B1A-4620-0759-FCA416A8AF42">
<sourceConnName>deepthought</sourceConnName>
<sourceObjSchema>LOGS</sourceObjSchema>
<sourceObjName>LOGTHREAD_ID</sourceObjName>
<createdBy>calittle</createdBy>
<createdTime>2019-04-17 17:26:39 UTC</createdTime>
<ownerDesignName>ODEE_1262_Design</ownerDesignName>
<nullsAllowed>true</nullsAllowed>
<useDomainConstraints>false</useDomainConstraints>
<use>1</use>
<logicalDatatype>LOGDT037</logicalDatatype>
<dataTypeSize>256</dataTypeSize>
<autoIncrementCycle>false</autoIncrementCycle>
</Column>
<Column name="LOGCATEGORY" id="CA1290D2-290C-7DA4-746D-043FEF6ED076">
<sourceConnName>deepthought</sourceConnName>
<sourceObjSchema>LOGS</sourceObjSchema>
<sourceObjName>LOGCATEGORY</sourceObjName>
<createdBy>calittle</createdBy>
<createdTime>2019-04-17 17:26:39 UTC</createdTime>
<ownerDesignName>ODEE_1262_Design</ownerDesignName>
<nullsAllowed>true</nullsAllowed>
<useDomainConstraints>false</useDomainConstraints>
<use>1</use>
<logicalDatatype>LOGDT037</logicalDatatype>
<dataTypeSize>256</dataTypeSize>
<autoIncrementCycle>false</autoIncrementCycle>
</Column>
<Column name="LOGTAG_ID" id="E5A9DC93-5BD1-31D5-4645-30475D6C7423">
<sourceConnName>deepthought</sourceConnName>
<sourceObjSchema>LOGS</sourceObjSchema>
<sourceObjName>LOGTAG_ID</sourceObjName>
<createdBy>calittle</createdBy>
<createdTime>2019-04-17 17:26:39 UTC</createdTime>
<commentInRDBMS>Used to tag and follow log entries for a application or a workflow</commentInRDBMS>
<ownerDesignName>ODEE_1262_Design</ownerDesignName>
<nullsAllowed>true</nullsAllowed>
<useDomainConstraints>false</useDomainConstraints>
<use>1</use>
<logicalDatatype>LOGDT037</logicalDatatype>
<dataTypeSize>256</dataTypeSize>
<autoIncrementCycle>false</autoIncrementCycle>
</Column>
</columns>
<indexes itemClass="oracle.dbtools.crest.model.design.relational.Index">
<ind_PK_UK id="2C338CCB-ABB5-68A9-E349-29AA1E0E36FA" name="LOGS_PK">
<sourceConnName>deepthought</sourceConnName>
<sourceObjSchema>DMKR_ASLINE</sourceObjSchema>
<sourceObjName>LOGS_PK</sourceObjName>
<createdBy>calittle</createdBy>
<createdTime>2019-04-17 17:26:51 UTC</createdTime>
<ownerDesignName>ODEE_1262_Design</ownerDesignName>
<pk>true</pk>
<indexState>Primary Constraint</indexState>
<isSurrogateKey>false</isSurrogateKey>
<indexColumnUsage>
<colUsage columnID="CAC96082-DBC3-158A-480F-5F9FA6716578"/>
</indexColumnUsage>
</ind_PK_UK>
<ind_PK_UK id="45D346A4-2101-67D9-BB62-D80E2C2D4518" name="LOGS_PUB_ID">
<sourceConnName>deepthought</sourceConnName>
<sourceObjSchema>DMKR_ASLINE</sourceObjSchema>
<sourceObjName>LOGS_PUB_ID</sourceObjName>
<createdBy>calittle</createdBy>
<createdTime>2019-04-17 17:26:48 UTC</createdTime>
<ownerDesignName>ODEE_1262_Design</ownerDesignName>
<schemaObject>8FC895A7-E0A2-11C9-AE90-BEF4CA704C97</schemaObject>
<isSurrogateKey>false</isSurrogateKey>
<indexColumnUsage>
<colUsage columnID="C30A5080-7E86-C0B6-4A04-3CEEB3C21479"/>
<colUsage columnID="CAC96082-DBC3-158A-480F-5F9FA6716578"/>
</indexColumnUsage>
</ind_PK_UK>
<ind_PK_UK id="214E5490-C17F-4E65-B3A8-4A2D4B2FEF82" name="LOGS_CAT">
<sourceConnName>deepthought</sourceConnName>
<sourceObjSchema>DMKR_ASLINE</sourceObjSchema>
<sourceObjName>LOGS_CAT</sourceObjName>
<createdBy>calittle</createdBy>
<createdTime>2019-04-17 17:26:48 UTC</createdTime>
<ownerDesignName>ODEE_1262_Design</ownerDesignName>
<schemaObject>8FC895A7-E0A2-11C9-AE90-BEF4CA704C97</schemaObject>
<isSurrogateKey>false</isSurrogateKey>
<indexColumnUsage>
<colUsage columnID="CA1290D2-290C-7DA4-746D-043FEF6ED076"/>
<colUsage columnID="CAC96082-DBC3-158A-480F-5F9FA6716578"/>
</indexColumnUsage>
</ind_PK_UK>
<ind_PK_UK id="ACE9FBF6-0231-EAB7-3819-DAFA35C0030E" name="LOGS_CODE">
<sourceConnName>deepthought</sourceConnName>
<sourceObjSchema>DMKR_ASLINE</sourceObjSchema>
<sourceObjName>LOGS_CODE</sourceObjName>
<createdBy>calittle</createdBy>
<createdTime>2019-04-17 17:26:48 UTC</createdTime>
<ownerDesignName>ODEE_1262_Design</ownerDesignName>
<schemaObject>8FC895A7-E0A2-11C9-AE90-BEF4CA704C97</schemaObject>
<isSurrogateKey>false</isSurrogateKey>
<indexColumnUsage>
<colUsage columnID="74C6F0B2-8432-D74E-AA98-ACAEEBB2C86E"/>
<colUsage columnID="CAC96082-DBC3-158A-480F-5F9FA6716578"/>
</indexColumnUsage>
</ind_PK_UK>
<ind_PK_UK id="2617DB99-EA05-0DC3-C132-5AD2A62F9C38" name="LOGS_TIME">
<sourceConnName>deepthought</sourceConnName>
<sourceObjSchema>DMKR_ASLINE</sourceObjSchema>
<sourceObjName>LOGS_TIME</sourceObjName>
<createdBy>calittle</createdBy>
<createdTime>2019-04-17 17:26:48 UTC</createdTime>
<ownerDesignName>ODEE_1262_Design</ownerDesignName>
<schemaObject>8FC895A7-E0A2-11C9-AE90-BEF4CA704C97</schemaObject>
<isSurrogateKey>false</isSurrogateKey>
<indexColumnUsage>
<colUsage columnID="632F6246-69DA-0F9A-FD74-778E7BEEAC7E"/>
<colUsage columnID="CAC96082-DBC3-158A-480F-5F9FA6716578"/>
</indexColumnUsage>
</ind_PK_UK>
<ind_PK_UK id="E1E55455-4E20-96AF-3B61-A86FD75AE5B2" name="LOGS_HOST">
<sourceConnName>deepthought</sourceConnName>
<sourceObjSchema>DMKR_ASLINE</sourceObjSchema>
<sourceObjName>LOGS_HOST</sourceObjName>
<createdBy>calittle</createdBy>
<createdTime>2019-04-17 17:26:48 UTC</createdTime>
<ownerDesignName>ODEE_1262_Design</ownerDesignName>
<schemaObject>8FC895A7-E0A2-11C9-AE90-BEF4CA704C97</schemaObject>
<isSurrogateKey>false</isSurrogateKey>
<indexColumnUsage>
<colUsage columnID="02E67EDA-2B70-17E8-C38E-0A3437C55078"/>
<colUsage columnID="CAC96082-DBC3-158A-480F-5F9FA6716578"/>
</indexColumnUsage>
</ind_PK_UK>
<ind_PK_UK id="40EAB673-32CD-E33A-4585-68B8AEAE9006" name="LOGS_PROGRAM">
<sourceConnName>deepthought</sourceConnName>
<sourceObjSchema>DMKR_ASLINE</sourceObjSchema>
<sourceObjName>LOGS_PROGRAM</sourceObjName>
<createdBy>calittle</createdBy>
<createdTime>2019-04-17 17:26:48 UTC</createdTime>
<ownerDesignName>ODEE_1262_Design</ownerDesignName>
<schemaObject>8FC895A7-E0A2-11C9-AE90-BEF4CA704C97</schemaObject>
<isSurrogateKey>false</isSurrogateKey>
<indexColumnUsage>
<colUsage columnID="C744C44F-6278-95E6-834D-4DAF9025E266"/>
<colUsage columnID="CAC96082-DBC3-158A-480F-5F9FA6716578"/>
</indexColumnUsage>
</ind_PK_UK>
<ind_PK_UK id="FA80F9E7-4886-6947-F210-B2276C4F3250" name="LOGS_TAG_ID">
<sourceConnName>deepthought</sourceConnName>
<sourceObjSchema>DMKR_ASLINE</sourceObjSchema>
<sourceObjName>LOGS_TAG_ID</sourceObjName>
<createdBy>calittle</createdBy>
<createdTime>2019-04-17 17:26:48 UTC</createdTime>
<ownerDesignName>ODEE_1262_Design</ownerDesignName>
<schemaObject>8FC895A7-E0A2-11C9-AE90-BEF4CA704C97</schemaObject>
<isSurrogateKey>false</isSurrogateKey>
<indexColumnUsage>
<colUsage columnID="E5A9DC93-5BD1-31D5-4645-30475D6C7423"/>
<colUsage columnID="CAC96082-DBC3-158A-480F-5F9FA6716578"/>
</indexColumnUsage>
</ind_PK_UK>
<ind_PK_UK id="E496A065-BE9D-CDD2-F04A-A1E81AE0FAD1" name="LOGS_PK">
<sourceConnName>deepthought</sourceConnName>
<sourceObjSchema>DMKR_ASLINE</sourceObjSchema>
<sourceObjName>LOGS_PK</sourceObjName>
<createdBy>calittle</createdBy>
<createdTime>2019-04-17 17:26:48 UTC</createdTime>
<ownerDesignName>ODEE_1262_Design</ownerDesignName>
<indexState>Unique Plain Index</indexState>
<schemaObject>8FC895A7-E0A2-11C9-AE90-BEF4CA704C97</schemaObject>
<isSurrogateKey>false</isSurrogateKey>
<indexColumnUsage>
<colUsage columnID="CAC96082-DBC3-158A-480F-5F9FA6716578"/>
</indexColumnUsage>
</ind_PK_UK>
<ind_PK_UK id="55159CE1-A7C1-BC73-50D5-35518639AF79" name="LOGS_JOB_ID">
<sourceConnName>deepthought</sourceConnName>
<sourceObjSchema>DMKR_ASLINE</sourceObjSchema>
<sourceObjName>LOGS_JOB_ID</sourceObjName>
<createdBy>calittle</createdBy>
<createdTime>2019-04-17 17:26:48 UTC</createdTime>
<ownerDesignName>ODEE_1262_Design</ownerDesignName>
<schemaObject>8FC895A7-E0A2-11C9-AE90-BEF4CA704C97</schemaObject>
<isSurrogateKey>false</isSurrogateKey>
<indexColumnUsage>
<colUsage columnID="EDF962E1-E1C2-DEE3-DE33-E8F51F33C376"/>
<colUsage columnID="CAC96082-DBC3-158A-480F-5F9FA6716578"/>
</indexColumnUsage>
</ind_PK_UK>
<ind_PK_UK id="77C1D825-9BB8-951D-5C28-549E7210C37C" name="LOGS_TRN_ID">
<sourceConnName>deepthought</sourceConnName>
<sourceObjSchema>DMKR_ASLINE</sourceObjSchema>
<sourceObjName>LOGS_TRN_ID</sourceObjName>
<createdBy>calittle</createdBy>
<createdTime>2019-04-17 17:26:48 UTC</createdTime>
<ownerDesignName>ODEE_1262_Design</ownerDesignName>
<schemaObject>8FC895A7-E0A2-11C9-AE90-BEF4CA704C97</schemaObject>
<isSurrogateKey>false</isSurrogateKey>
<indexColumnUsage>
<colUsage columnID="17022C51-20FD-9A5E-811C-CEA854712700"/>
<colUsage columnID="CAC96082-DBC3-158A-480F-5F9FA6716578"/>
</indexColumnUsage>
</ind_PK_UK>
<ind_PK_UK id="AFEB214F-CDD0-91B2-26F9-D58613BBF2A6" name="LOGS_RCP_ID">
<sourceConnName>deepthought</sourceConnName>
<sourceObjSchema>DMKR_ASLINE</sourceObjSchema>
<sourceObjName>LOGS_RCP_ID</sourceObjName>
<createdBy>calittle</createdBy>
<createdTime>2019-04-17 17:26:48 UTC</createdTime>
<ownerDesignName>ODEE_1262_Design</ownerDesignName>
<schemaObject>8FC895A7-E0A2-11C9-AE90-BEF4CA704C97</schemaObject>
<isSurrogateKey>false</isSurrogateKey>
<indexColumnUsage>
<colUsage columnID="97D94D73-8BFA-49BF-6F99-36DC0B3ADD74"/>
<colUsage columnID="CAC96082-DBC3-158A-480F-5F9FA6716578"/>
</indexColumnUsage>
</ind_PK_UK>
<ind_PK_UK id="8C06BB92-9E5F-17C7-7E62-AEC7F7C1FF35" name="LOGS_BCH_ID">
<sourceConnName>deepthought</sourceConnName>
<sourceObjSchema>DMKR_ASLINE</sourceObjSchema>
<sourceObjName>LOGS_BCH_ID</sourceObjName>
<createdBy>calittle</createdBy>
<createdTime>2019-04-17 17:26:48 UTC</createdTime>
<ownerDesignName>ODEE_1262_Design</ownerDesignName>
<schemaObject>8FC895A7-E0A2-11C9-AE90-BEF4CA704C97</schemaObject>
<isSurrogateKey>false</isSurrogateKey>
<indexColumnUsage>
<colUsage columnID="28B58330-825A-E550-888C-7BC6A6C5E55D"/>
<colUsage columnID="CAC96082-DBC3-158A-480F-5F9FA6716578"/>
</indexColumnUsage>
</ind_PK_UK>
</indexes>
</Table>