<?xml version = '1.0' encoding = 'UTF-8'?>
<Table class="oracle.dbtools.crest.model.design.relational.Table" directorySegmentName="seg_0" id="1AB3B8DA-F521-2A74-28F0-57BCAEE3FE9A" name="LOCKS">
<sourceConnName>deepthought</sourceConnName>
<sourceObjSchema>DMKR_ASLINE</sourceObjSchema>
<sourceObjName>LOCKS</sourceObjName>
<createdBy>calittle</createdBy>
<createdTime>2019-04-17 17:25:53 UTC</createdTime>
<commentInRDBMS>Locks table used to synchronize data locks</commentInRDBMS>
<ownerDesignName>ODEE_1262_Design</ownerDesignName>
<schemaObject>8FC895A7-E0A2-11C9-AE90-BEF4CA704C97</schemaObject>
<allowColumnReorder>false</allowColumnReorder>
<existDependencyGenerateInDDl>true</existDependencyGenerateInDDl>
<columns itemClass="oracle.dbtools.crest.model.design.relational.Column">
<Column name="LOCKNAME" id="57CE6DEC-6146-884E-31E7-A14F4F8CADC7">
<sourceConnName>deepthought</sourceConnName>
<sourceObjSchema>LOCKS</sourceObjSchema>
<sourceObjName>LOCKNAME</sourceObjName>
<createdBy>calittle</createdBy>
<createdTime>2019-04-17 17:26:39 UTC</createdTime>
<ownerDesignName>ODEE_1262_Design</ownerDesignName>
<useDomainConstraints>false</useDomainConstraints>
<use>1</use>
<logicalDatatype>LOGDT037</logicalDatatype>
<dataTypeSize>256</dataTypeSize>
<autoIncrementCycle>false</autoIncrementCycle>
</Column>
<Column name="LOCKED" id="5A56A569-C590-7C79-B77A-92A40F98BBA4">
<sourceConnName>deepthought</sourceConnName>
<sourceObjSchema>LOCKS</sourceObjSchema>
<sourceObjName>LOCKED</sourceObjName>
<createdBy>calittle</createdBy>
<createdTime>2019-04-17 17:26:39 UTC</createdTime>
<commentInRDBMS>Locked Boolean, 0 or Null for FALSE.</commentInRDBMS>
<ownerDesignName>ODEE_1262_Design</ownerDesignName>
<nullsAllowed>true</nullsAllowed>
<useDomainConstraints>false</useDomainConstraints>
<use>1</use>
<logicalDatatype>LOGDT019</logicalDatatype>
<dataTypePrecision>5</dataTypePrecision>
<autoIncrementCycle>false</autoIncrementCycle>
</Column>
<Column name="LASTUPDATETIME" id="042C38DB-F3FF-B8A5-4033-C2743F7E3973">
<sourceConnName>deepthought</sourceConnName>
<sourceObjSchema>LOCKS</sourceObjSchema>
<sourceObjName>LASTUPDATETIME</sourceObjName>
<createdBy>calittle</createdBy>
<createdTime>2019-04-17 17:26:39 UTC</createdTime>
<commentInRDBMS>Last time the Lock was updated</commentInRDBMS>
<ownerDesignName>ODEE_1262_Design</ownerDesignName>
<nullsAllowed>true</nullsAllowed>
<useDomainConstraints>false</useDomainConstraints>
<use>1</use>
<logicalDatatype>LOGDT015</logicalDatatype>
<dataTypePrecision>6</dataTypePrecision>
<autoIncrementCycle>false</autoIncrementCycle>
</Column>
</columns>
<indexes itemClass="oracle.dbtools.crest.model.design.relational.Index">
<ind_PK_UK id="3CFDFBE2-6C63-176D-D4AE-4D62917BD1BB" name="LOCKS_PK">
<sourceConnName>deepthought</sourceConnName>
<sourceObjSchema>DMKR_ASLINE</sourceObjSchema>
<sourceObjName>LOCKS_PK</sourceObjName>
<createdBy>calittle</createdBy>
<createdTime>2019-04-17 17:26:51 UTC</createdTime>
<ownerDesignName>ODEE_1262_Design</ownerDesignName>
<pk>true</pk>
<indexState>Primary Constraint</indexState>
<isSurrogateKey>false</isSurrogateKey>
<indexColumnUsage>
<colUsage columnID="57CE6DEC-6146-884E-31E7-A14F4F8CADC7"/>
</indexColumnUsage>
</ind_PK_UK>
<ind_PK_UK id="CD59CD73-FE70-2EB6-18B9-043E7A172918" name="LOCKS_PK">
<sourceConnName>deepthought</sourceConnName>
<sourceObjSchema>DMKR_ASLINE</sourceObjSchema>
<sourceObjName>LOCKS_PK</sourceObjName>
<createdBy>calittle</createdBy>
<createdTime>2019-04-17 17:26:48 UTC</createdTime>
<ownerDesignName>ODEE_1262_Design</ownerDesignName>
<indexState>Unique Plain Index</indexState>
<schemaObject>8FC895A7-E0A2-11C9-AE90-BEF4CA704C97</schemaObject>
<isSurrogateKey>false</isSurrogateKey>
<indexColumnUsage>
<colUsage columnID="57CE6DEC-6146-884E-31E7-A14F4F8CADC7"/>
</indexColumnUsage>
</ind_PK_UK>
</indexes>
</Table>