<?xml version = '1.0' encoding = 'UTF-8'?>
<Table class="oracle.dbtools.crest.model.design.relational.Table" directorySegmentName="seg_0" id="1F64F851-0D08-95DC-DDB7-2885D6D57441" name="INFO">
<sourceConnName>deepthought</sourceConnName>
<sourceObjSchema>DMKR_ASLINE</sourceObjSchema>
<sourceObjName>INFO</sourceObjName>
<createdBy>calittle</createdBy>
<createdTime>2019-04-17 17:25:49 UTC</createdTime>
<ownerDesignName>ODEE_1262_Design</ownerDesignName>
<schemaObject>8FC895A7-E0A2-11C9-AE90-BEF4CA704C97</schemaObject>
<allowColumnReorder>false</allowColumnReorder>
<existDependencyGenerateInDDl>true</existDependencyGenerateInDDl>
<columns itemClass="oracle.dbtools.crest.model.design.relational.Column">
<Column name="ID" id="0F6F9B9C-CD36-F203-9EE1-4F4F9387A98F">
<sourceConnName>deepthought</sourceConnName>
<sourceObjSchema>INFO</sourceObjSchema>
<sourceObjName>ID</sourceObjName>
<createdBy>calittle</createdBy>
<createdTime>2019-04-17 17:26:38 UTC</createdTime>
<ownerDesignName>ODEE_1262_Design</ownerDesignName>
<useDomainConstraints>false</useDomainConstraints>
<use>1</use>
<logicalDatatype>LOGDT019</logicalDatatype>
<dataTypePrecision>38</dataTypePrecision>
<autoIncrementCycle>false</autoIncrementCycle>
</Column>
<Column name="NAME" id="521505CE-DDFA-96E6-E558-5EA8DACB205B">
<sourceConnName>deepthought</sourceConnName>
<sourceObjSchema>INFO</sourceObjSchema>
<sourceObjName>NAME</sourceObjName>
<createdBy>calittle</createdBy>
<createdTime>2019-04-17 17:26:38 UTC</createdTime>
<ownerDesignName>ODEE_1262_Design</ownerDesignName>
<useDomainConstraints>false</useDomainConstraints>
<use>1</use>
<logicalDatatype>LOGDT037</logicalDatatype>
<dataTypeSize>512</dataTypeSize>
<autoIncrementCycle>false</autoIncrementCycle>
</Column>
<Column name="VALUE" id="5A447457-A94A-F52A-5E87-43D79617ECBD">
<sourceConnName>deepthought</sourceConnName>
<sourceObjSchema>INFO</sourceObjSchema>
<sourceObjName>VALUE</sourceObjName>
<createdBy>calittle</createdBy>
<createdTime>2019-04-17 17:26:38 UTC</createdTime>
<ownerDesignName>ODEE_1262_Design</ownerDesignName>
<useDomainConstraints>false</useDomainConstraints>
<use>1</use>
<logicalDatatype>LOGDT037</logicalDatatype>
<dataTypeSize>512</dataTypeSize>
<autoIncrementCycle>false</autoIncrementCycle>
</Column>
<Column name="FORMID" id="7E43B04A-3256-05DF-8BFF-7228946443FB">
<sourceConnName>deepthought</sourceConnName>
<sourceObjSchema>INFO</sourceObjSchema>
<sourceObjName>FORMID</sourceObjName>
<createdBy>calittle</createdBy>
<createdTime>2019-04-17 17:26:38 UTC</createdTime>
<ownerDesignName>ODEE_1262_Design</ownerDesignName>
<nullsAllowed>true</nullsAllowed>
<useDomainConstraints>false</useDomainConstraints>
<use>1</use>
<logicalDatatype>LOGDT019</logicalDatatype>
<dataTypePrecision>38</dataTypePrecision>
<delegate>5A6CCD1C-8E71-EF02-1412-8BB6988FCFDE</delegate>
<autoIncrementCycle>false</autoIncrementCycle>
<associations>
<colAssociation fkAssociation="A47BF686-0195-3988-B8AB-2B6D4238AE58" referredColumn="5A6CCD1C-8E71-EF02-1412-8BB6988FCFDE"/>
</associations>
</Column>
<Column name="CONFIG" id="9BA2D562-D979-6773-D484-039664C42483">
<sourceConnName>deepthought</sourceConnName>
<sourceObjSchema>INFO</sourceObjSchema>
<sourceObjName>CONFIG</sourceObjName>
<createdBy>calittle</createdBy>
<createdTime>2019-04-17 17:26:38 UTC</createdTime>
<ownerDesignName>ODEE_1262_Design</ownerDesignName>
<nullsAllowed>true</nullsAllowed>
<useDomainConstraints>false</useDomainConstraints>
<use>1</use>
<logicalDatatype>LOGDT037</logicalDatatype>
<dataTypeSize>512</dataTypeSize>
<autoIncrementCycle>false</autoIncrementCycle>
</Column>
<Column name="EFFECTIVESTARTDATE" id="9668FCC5-E7C8-4DE6-8FB5-62A373AA25B6">
<sourceConnName>deepthought</sourceConnName>
<sourceObjSchema>INFO</sourceObjSchema>
<sourceObjName>EFFECTIVESTARTDATE</sourceObjName>
<createdBy>calittle</createdBy>
<createdTime>2019-04-17 17:26:38 UTC</createdTime>
<ownerDesignName>ODEE_1262_Design</ownerDesignName>
<nullsAllowed>true</nullsAllowed>
<useDomainConstraints>false</useDomainConstraints>
<use>1</use>
<logicalDatatype>LOGDT015</logicalDatatype>
<dataTypePrecision>6</dataTypePrecision>
<autoIncrementCycle>false</autoIncrementCycle>
</Column>
<Column name="EFFECTIVEENDDATE" id="9F14DD0B-9CDC-7558-8331-DCFBA3B45F15">
<sourceConnName>deepthought</sourceConnName>
<sourceObjSchema>INFO</sourceObjSchema>
<sourceObjName>EFFECTIVEENDDATE</sourceObjName>
<createdBy>calittle</createdBy>
<createdTime>2019-04-17 17:26:38 UTC</createdTime>
<ownerDesignName>ODEE_1262_Design</ownerDesignName>
<nullsAllowed>true</nullsAllowed>
<useDomainConstraints>false</useDomainConstraints>
<use>1</use>
<logicalDatatype>LOGDT015</logicalDatatype>
<dataTypePrecision>6</dataTypePrecision>
<autoIncrementCycle>false</autoIncrementCycle>
</Column>
<Column name="MRLVERSION" id="5A029B39-820B-C9D6-99BB-24E9DC21E07A">
<sourceConnName>deepthought</sourceConnName>
<sourceObjSchema>INFO</sourceObjSchema>
<sourceObjName>MRLVERSION</sourceObjName>
<createdBy>calittle</createdBy>
<createdTime>2019-04-17 17:26:38 UTC</createdTime>
<ownerDesignName>ODEE_1262_Design</ownerDesignName>
<nullsAllowed>true</nullsAllowed>
<useDomainConstraints>false</useDomainConstraints>
<use>1</use>
<logicalDatatype>LOGDT019</logicalDatatype>
<dataTypePrecision>10</dataTypePrecision>
<autoIncrementCycle>false</autoIncrementCycle>
</Column>
<Column name="MRLREVISION" id="A3313222-0FDD-6F01-E974-0D5847F79EEC">
<sourceConnName>deepthought</sourceConnName>
<sourceObjSchema>INFO</sourceObjSchema>
<sourceObjName>MRLREVISION</sourceObjName>
<createdBy>calittle</createdBy>
<createdTime>2019-04-17 17:26:38 UTC</createdTime>
<ownerDesignName>ODEE_1262_Design</ownerDesignName>
<nullsAllowed>true</nullsAllowed>
<useDomainConstraints>false</useDomainConstraints>
<use>1</use>
<logicalDatatype>LOGDT019</logicalDatatype>
<dataTypePrecision>10</dataTypePrecision>
<autoIncrementCycle>false</autoIncrementCycle>
</Column>
</columns>
<indexes itemClass="oracle.dbtools.crest.model.design.relational.Index">
<ind_PK_UK id="20AFFD69-6E34-949D-9FC8-7DEF605729BD" name="PK_INFO">
<sourceConnName>deepthought</sourceConnName>
<sourceObjSchema>DMKR_ASLINE</sourceObjSchema>
<sourceObjName>PK_INFO</sourceObjName>
<createdBy>calittle</createdBy>
<createdTime>2019-04-17 17:26:50 UTC</createdTime>
<ownerDesignName>ODEE_1262_Design</ownerDesignName>
<pk>true</pk>
<indexState>Primary Constraint</indexState>
<isSurrogateKey>false</isSurrogateKey>
<indexColumnUsage>
<colUsage columnID="0F6F9B9C-CD36-F203-9EE1-4F4F9387A98F"/>
</indexColumnUsage>
</ind_PK_UK>
<ind_PK_UK id="E3A7C819-AF6E-472F-93A2-50B5BB15EC68" name="PK_INFO">
<sourceConnName>deepthought</sourceConnName>
<sourceObjSchema>DMKR_ASLINE</sourceObjSchema>
<sourceObjName>PK_INFO</sourceObjName>
<createdBy>calittle</createdBy>
<createdTime>2019-04-17 17:26:48 UTC</createdTime>
<ownerDesignName>ODEE_1262_Design</ownerDesignName>
<indexState>Unique Plain Index</indexState>
<schemaObject>8FC895A7-E0A2-11C9-AE90-BEF4CA704C97</schemaObject>
<isSurrogateKey>false</isSurrogateKey>
<indexColumnUsage>
<colUsage columnID="0F6F9B9C-CD36-F203-9EE1-4F4F9387A98F"/>
</indexColumnUsage>
</ind_PK_UK>
<ind_PK_UK id="3AD09AB7-3E1B-D025-BD8B-86080F0457B1" name="FORM_INFO_REL1">
<createdBy>calittle</createdBy>
<createdTime>2019-04-17 17:26:52 UTC</createdTime>
<ownerDesignName>ODEE_1262_Design</ownerDesignName>
<indexState>Foreign Key</indexState>
<isSurrogateKey>false</isSurrogateKey>
<indexColumnUsage>
<colUsage columnID="7E43B04A-3256-05DF-8BFF-7228946443FB"/>
</indexColumnUsage>
</ind_PK_UK>
</indexes>
</Table>