<?xml version = '1.0' encoding = 'UTF-8'?>
<Table class="oracle.dbtools.crest.model.design.relational.Table" directorySegmentName="seg_0" id="20529563-48EE-BEE0-4F4F-CA5B6D98CDA5" name="DMRES_FLDB">
<sourceConnName>deepthought</sourceConnName>
<sourceObjSchema>DMKR_ASLINE</sourceObjSchema>
<sourceObjName>DMRES_FLDB</sourceObjName>
<createdBy>calittle</createdBy>
<createdTime>2019-04-17 17:25:36 UTC</createdTime>
<ownerDesignName>ODEE_1262_Design</ownerDesignName>
<schemaObject>8FC895A7-E0A2-11C9-AE90-BEF4CA704C97</schemaObject>
<allowColumnReorder>false</allowColumnReorder>
<existDependencyGenerateInDDl>true</existDependencyGenerateInDDl>
<columns itemClass="oracle.dbtools.crest.model.design.relational.Column">
<Column name="NAME" id="A59060C7-B3A2-6210-9804-6E97936FADBA">
<sourceConnName>deepthought</sourceConnName>
<sourceObjSchema>DMRES_FLDB</sourceObjSchema>
<sourceObjName>NAME</sourceObjName>
<createdBy>calittle</createdBy>
<createdTime>2019-04-17 17:26:34 UTC</createdTime>
<ownerDesignName>ODEE_1262_Design</ownerDesignName>
<useDomainConstraints>false</useDomainConstraints>
<use>1</use>
<logicalDatatype>LOGDT025</logicalDatatype>
<dataTypeSize>64 BYTE</dataTypeSize>
<autoIncrementCycle>false</autoIncrementCycle>
</Column>
<Column name="PROMPT" id="D3DD8360-94B4-C338-126D-244433980BBF">
<sourceConnName>deepthought</sourceConnName>
<sourceObjSchema>DMRES_FLDB</sourceObjSchema>
<sourceObjName>PROMPT</sourceObjName>
<createdBy>calittle</createdBy>
<createdTime>2019-04-17 17:26:34 UTC</createdTime>
<ownerDesignName>ODEE_1262_Design</ownerDesignName>
<nullsAllowed>true</nullsAllowed>
<useDomainConstraints>false</useDomainConstraints>
<use>1</use>
<logicalDatatype>LOGDT025</logicalDatatype>
<dataTypeSize>80 BYTE</dataTypeSize>
<autoIncrementCycle>false</autoIncrementCycle>
</Column>
<Column name="LENGTH" id="7948E8ED-ECFF-8801-C41E-8C23E2FF7F31">
<sourceConnName>deepthought</sourceConnName>
<sourceObjSchema>DMRES_FLDB</sourceObjSchema>
<sourceObjName>LENGTH</sourceObjName>
<createdBy>calittle</createdBy>
<createdTime>2019-04-17 17:26:34 UTC</createdTime>
<ownerDesignName>ODEE_1262_Design</ownerDesignName>
<nullsAllowed>true</nullsAllowed>
<useDomainConstraints>false</useDomainConstraints>
<use>1</use>
<logicalDatatype>LOGDT019</logicalDatatype>
<dataTypePrecision>38</dataTypePrecision>
<autoIncrementCycle>false</autoIncrementCycle>
</Column>
<Column name="ENTRYTYPE" id="1F7BB68C-140B-57D0-5F12-672FD4DB55D0">
<sourceConnName>deepthought</sourceConnName>
<sourceObjSchema>DMRES_FLDB</sourceObjSchema>
<sourceObjName>ENTRYTYPE</sourceObjName>
<createdBy>calittle</createdBy>
<createdTime>2019-04-17 17:26:34 UTC</createdTime>
<ownerDesignName>ODEE_1262_Design</ownerDesignName>
<nullsAllowed>true</nullsAllowed>
<useDomainConstraints>false</useDomainConstraints>
<use>1</use>
<logicalDatatype>LOGDT025</logicalDatatype>
<dataTypeSize>132 BYTE</dataTypeSize>
<autoIncrementCycle>false</autoIncrementCycle>
</Column>
<Column name="SRCHNAME" id="9F8ADE00-5D8C-3265-7E3C-C94FC77A88BA">
<sourceConnName>deepthought</sourceConnName>
<sourceObjSchema>DMRES_FLDB</sourceObjSchema>
<sourceObjName>SRCHNAME</sourceObjName>
<createdBy>calittle</createdBy>
<createdTime>2019-04-17 17:26:34 UTC</createdTime>
<ownerDesignName>ODEE_1262_Design</ownerDesignName>
<useDomainConstraints>false</useDomainConstraints>
<use>1</use>
<logicalDatatype>LOGDT025</logicalDatatype>
<dataTypeSize>64 BYTE</dataTypeSize>
<autoIncrementCycle>false</autoIncrementCycle>
</Column>
<Column name="FIELDDATA" id="CECDFA46-7B6F-E86F-DA97-F2603A624CDA">
<sourceConnName>deepthought</sourceConnName>
<sourceObjSchema>DMRES_FLDB</sourceObjSchema>
<sourceObjName>FIELDDATA</sourceObjName>
<createdBy>calittle</createdBy>
<createdTime>2019-04-17 17:26:34 UTC</createdTime>
<ownerDesignName>ODEE_1262_Design</ownerDesignName>
<nullsAllowed>true</nullsAllowed>
<useDomainConstraints>false</useDomainConstraints>
<use>1</use>
<logicalDatatype>LOGDT029</logicalDatatype>
<dataTypeSize>4000</dataTypeSize>
<autoIncrementCycle>false</autoIncrementCycle>
</Column>
<Column name="UNIQUE_ID" id="9B0341BE-4280-BEAC-E5C7-FED775A3E365">
<sourceConnName>deepthought</sourceConnName>
<sourceObjSchema>DMRES_FLDB</sourceObjSchema>
<sourceObjName>UNIQUE_ID</sourceObjName>
<createdBy>calittle</createdBy>
<createdTime>2019-04-17 17:26:34 UTC</createdTime>
<ownerDesignName>ODEE_1262_Design</ownerDesignName>
<useDomainConstraints>false</useDomainConstraints>
<use>1</use>
<logicalDatatype>LOGDT025</logicalDatatype>
<dataTypeSize>26 BYTE</dataTypeSize>
<autoIncrementCycle>false</autoIncrementCycle>
</Column>
</columns>
<indexes itemClass="oracle.dbtools.crest.model.design.relational.Index">
<ind_PK_UK id="FCFEF5A6-D8AF-9261-1A2F-4866F5B5D713" name="DMRESBYNAME">
<sourceConnName>deepthought</sourceConnName>
<sourceObjSchema>DMKR_ASLINE</sourceObjSchema>
<sourceObjName>DMRESBYNAME</sourceObjName>
<createdBy>calittle</createdBy>
<createdTime>2019-04-17 17:26:48 UTC</createdTime>
<ownerDesignName>ODEE_1262_Design</ownerDesignName>
<schemaObject>8FC895A7-E0A2-11C9-AE90-BEF4CA704C97</schemaObject>
<isSurrogateKey>false</isSurrogateKey>
<indexColumnUsage>
<colUsage columnID="9F8ADE00-5D8C-3265-7E3C-C94FC77A88BA"/>
</indexColumnUsage>
</ind_PK_UK>
<ind_PK_UK id="A1267F73-F018-D699-83BE-02FBD97CC7BD" name="DMRESFDBUNIQUET">
<sourceConnName>deepthought</sourceConnName>
<sourceObjSchema>DMKR_ASLINE</sourceObjSchema>
<sourceObjName>DMRESFDBUNIQUET</sourceObjName>
<createdBy>calittle</createdBy>
<createdTime>2019-04-17 17:26:48 UTC</createdTime>
<ownerDesignName>ODEE_1262_Design</ownerDesignName>
<schemaObject>8FC895A7-E0A2-11C9-AE90-BEF4CA704C97</schemaObject>
<isSurrogateKey>false</isSurrogateKey>
<indexColumnUsage>
<colUsage columnID="9B0341BE-4280-BEAC-E5C7-FED775A3E365"/>
</indexColumnUsage>
</ind_PK_UK>
</indexes>
</Table>