<?xml version = '1.0' encoding = 'UTF-8'?>
<Table class="oracle.dbtools.crest.model.design.relational.Table" directorySegmentName="seg_0" id="252CCD9B-9BE8-DA14-1E79-918064D79D01" name="CONFIGCONTEXTLOG">
<sourceConnName>deepthought</sourceConnName>
<sourceObjSchema>DMKR_ADMIN</sourceObjSchema>
<sourceObjName>CONFIGCONTEXTLOG</sourceObjName>
<createdBy>calittle</createdBy>
<createdTime>2019-04-17 17:24:57 UTC</createdTime>
<commentInRDBMS>Document Factory System Configuration Context</commentInRDBMS>
<ownerDesignName>ODEE_1262_Design</ownerDesignName>
<schemaObject>0323F05B-A91A-E5F5-C386-B3516E1DFCEB</schemaObject>
<allowColumnReorder>false</allowColumnReorder>
<existDependencyGenerateInDDl>true</existDependencyGenerateInDDl>
<columns itemClass="oracle.dbtools.crest.model.design.relational.Column">
<Column name="LOG_ID" id="F2947FEA-3535-B835-30AD-F8764CE3ADD5">
<sourceConnName>deepthought</sourceConnName>
<sourceObjSchema>CONFIGCONTEXTLOG</sourceObjSchema>
<sourceObjName>LOG_ID</sourceObjName>
<createdBy>calittle</createdBy>
<createdTime>2019-04-17 17:26:22 UTC</createdTime>
<commentInRDBMS>Autogenerated sequence for the log entry. </commentInRDBMS>
<ownerDesignName>ODEE_1262_Design</ownerDesignName>
<useDomainConstraints>false</useDomainConstraints>
<use>1</use>
<logicalDatatype>LOGDT019</logicalDatatype>
<dataTypePrecision>38</dataTypePrecision>
<autoIncrementCycle>false</autoIncrementCycle>
</Column>
<Column name="SYS_ID" id="DAF8A1BE-827A-6596-C1EC-86188A9318BD">
<sourceConnName>deepthought</sourceConnName>
<sourceObjSchema>CONFIGCONTEXTLOG</sourceObjSchema>
<sourceObjName>SYS_ID</sourceObjName>
<createdBy>calittle</createdBy>
<createdTime>2019-04-17 17:26:22 UTC</createdTime>
<ownerDesignName>ODEE_1262_Design</ownerDesignName>
<nullsAllowed>true</nullsAllowed>
<useDomainConstraints>false</useDomainConstraints>
<use>1</use>
<logicalDatatype>LOGDT019</logicalDatatype>
<dataTypePrecision>38</dataTypePrecision>
<autoIncrementCycle>false</autoIncrementCycle>
</Column>
<Column name="AL_ID" id="AC173FC2-70EB-EDA7-7BFB-46F1F5E3CE84">
<sourceConnName>deepthought</sourceConnName>
<sourceObjSchema>CONFIGCONTEXTLOG</sourceObjSchema>
<sourceObjName>AL_ID</sourceObjName>
<createdBy>calittle</createdBy>
<createdTime>2019-04-17 17:26:22 UTC</createdTime>
<ownerDesignName>ODEE_1262_Design</ownerDesignName>
<nullsAllowed>true</nullsAllowed>
<useDomainConstraints>false</useDomainConstraints>
<use>1</use>
<logicalDatatype>LOGDT019</logicalDatatype>
<dataTypePrecision>38</dataTypePrecision>
<autoIncrementCycle>false</autoIncrementCycle>
</Column>
<Column name="APP_ID" id="3ED37BDC-136A-EBBD-3FB1-CDC591FBF521">
<sourceConnName>deepthought</sourceConnName>
<sourceObjSchema>CONFIGCONTEXTLOG</sourceObjSchema>
<sourceObjName>APP_ID</sourceObjName>
<createdBy>calittle</createdBy>
<createdTime>2019-04-17 17:26:22 UTC</createdTime>
<ownerDesignName>ODEE_1262_Design</ownerDesignName>
<nullsAllowed>true</nullsAllowed>
<useDomainConstraints>false</useDomainConstraints>
<use>1</use>
<logicalDatatype>LOGDT019</logicalDatatype>
<dataTypePrecision>38</dataTypePrecision>
<autoIncrementCycle>false</autoIncrementCycle>
</Column>
<Column name="CTX_ID" id="8E7ED825-96FE-389F-CDB0-35819C0CF3CC">
<sourceConnName>deepthought</sourceConnName>
<sourceObjSchema>CONFIGCONTEXTLOG</sourceObjSchema>
<sourceObjName>CTX_ID</sourceObjName>
<createdBy>calittle</createdBy>
<createdTime>2019-04-17 17:26:22 UTC</createdTime>
<commentInRDBMS>Context ID</commentInRDBMS>
<ownerDesignName>ODEE_1262_Design</ownerDesignName>
<nullsAllowed>true</nullsAllowed>
<useDomainConstraints>false</useDomainConstraints>
<use>1</use>
<logicalDatatype>LOGDT019</logicalDatatype>
<dataTypePrecision>38</dataTypePrecision>
<autoIncrementCycle>false</autoIncrementCycle>
</Column>
<Column name="CONTEXT_NAME" id="E12ADAFB-2384-1FD3-2DCA-35BCE22B3ED9">
<sourceConnName>deepthought</sourceConnName>
<sourceObjSchema>CONFIGCONTEXTLOG</sourceObjSchema>
<sourceObjName>CONTEXT_NAME</sourceObjName>
<createdBy>calittle</createdBy>
<createdTime>2019-04-17 17:26:22 UTC</createdTime>
<commentInRDBMS>Context grouping of associated GROUP_NAMEs.  </commentInRDBMS>
<ownerDesignName>ODEE_1262_Design</ownerDesignName>
<nullsAllowed>true</nullsAllowed>
<useDomainConstraints>false</useDomainConstraints>
<use>1</use>
<logicalDatatype>LOGDT037</logicalDatatype>
<dataTypeSize>256</dataTypeSize>
<autoIncrementCycle>false</autoIncrementCycle>
</Column>
<Column name="GROUP_NAME" id="8848986F-4F59-7A13-E2DC-CB6E6CBA4E4A">
<sourceConnName>deepthought</sourceConnName>
<sourceObjSchema>CONFIGCONTEXTLOG</sourceObjSchema>
<sourceObjName>GROUP_NAME</sourceObjName>
<createdBy>calittle</createdBy>
<createdTime>2019-04-17 17:26:22 UTC</createdTime>
<ownerDesignName>ODEE_1262_Design</ownerDesignName>
<nullsAllowed>true</nullsAllowed>
<useDomainConstraints>false</useDomainConstraints>
<use>1</use>
<logicalDatatype>LOGDT037</logicalDatatype>
<dataTypeSize>256</dataTypeSize>
<autoIncrementCycle>false</autoIncrementCycle>
</Column>
<Column name="PROPERTY" id="74C68BC7-B06E-9E68-E803-E0BE2707A831">
<sourceConnName>deepthought</sourceConnName>
<sourceObjSchema>CONFIGCONTEXTLOG</sourceObjSchema>
<sourceObjName>PROPERTY</sourceObjName>
<createdBy>calittle</createdBy>
<createdTime>2019-04-17 17:26:22 UTC</createdTime>
<commentInRDBMS>Property Name</commentInRDBMS>
<ownerDesignName>ODEE_1262_Design</ownerDesignName>
<nullsAllowed>true</nullsAllowed>
<useDomainConstraints>false</useDomainConstraints>
<use>1</use>
<logicalDatatype>LOGDT037</logicalDatatype>
<dataTypeSize>256</dataTypeSize>
<autoIncrementCycle>false</autoIncrementCycle>
</Column>
<Column name="VALUE" id="9F1B8429-86E0-20E8-5122-57661F29BB04">
<sourceConnName>deepthought</sourceConnName>
<sourceObjSchema>CONFIGCONTEXTLOG</sourceObjSchema>
<sourceObjName>VALUE</sourceObjName>
<createdBy>calittle</createdBy>
<createdTime>2019-04-17 17:26:22 UTC</createdTime>
<commentInRDBMS>Value of the Property</commentInRDBMS>
<ownerDesignName>ODEE_1262_Design</ownerDesignName>
<nullsAllowed>true</nullsAllowed>
<useDomainConstraints>false</useDomainConstraints>
<use>1</use>
<logicalDatatype>LOGDT037</logicalDatatype>
<dataTypeSize>1000</dataTypeSize>
<autoIncrementCycle>false</autoIncrementCycle>
</Column>
<Column name="VALUE_TYPE" id="29D9602E-42F9-4E58-8929-E16F392A184B">
<sourceConnName>deepthought</sourceConnName>
<sourceObjSchema>CONFIGCONTEXTLOG</sourceObjSchema>
<sourceObjName>VALUE_TYPE</sourceObjName>
<createdBy>calittle</createdBy>
<createdTime>2019-04-17 17:26:22 UTC</createdTime>
<commentInRDBMS>Value type of the Property:&lt;br/&gt;0=Alphanumeric (default)&lt;br/&gt;1=Alphanumeric Multiline&lt;br/&gt;2=Numeric&lt;br/&gt;3=Alpha&lt;br/&gt;4=PickList&lt;br/&gt;5=Boolean&lt;br/&gt;6=Schedule&lt;br/&gt;7=Date Time</commentInRDBMS>
<ownerDesignName>ODEE_1262_Design</ownerDesignName>
<nullsAllowed>true</nullsAllowed>
<useDomainConstraints>false</useDomainConstraints>
<use>1</use>
<logicalDatatype>LOGDT019</logicalDatatype>
<dataTypePrecision>10</dataTypePrecision>
<defaultValue>0</defaultValue>
<autoIncrementCycle>false</autoIncrementCycle>
</Column>
<Column name="VALUE_REF" id="6D9DB874-7CA8-50C0-57CC-D5D14E11B099">
<sourceConnName>deepthought</sourceConnName>
<sourceObjSchema>CONFIGCONTEXTLOG</sourceObjSchema>
<sourceObjName>VALUE_REF</sourceObjName>
<createdBy>calittle</createdBy>
<createdTime>2019-04-17 17:26:22 UTC</createdTime>
<commentInRDBMS>Additional reference for value types. Example, used for PickList lookups from DMKR_TRANSLAT </commentInRDBMS>
<ownerDesignName>ODEE_1262_Design</ownerDesignName>
<nullsAllowed>true</nullsAllowed>
<useDomainConstraints>false</useDomainConstraints>
<use>1</use>
<logicalDatatype>LOGDT037</logicalDatatype>
<dataTypeSize>256</dataTypeSize>
<autoIncrementCycle>false</autoIncrementCycle>
</Column>
<Column name="GROUPSEQ" id="7AEC873B-DA7B-3E93-B517-927D2EACC41F">
<sourceConnName>deepthought</sourceConnName>
<sourceObjSchema>CONFIGCONTEXTLOG</sourceObjSchema>
<sourceObjName>GROUPSEQ</sourceObjName>
<createdBy>calittle</createdBy>
<createdTime>2019-04-17 17:26:22 UTC</createdTime>
<commentInRDBMS>Sequence of order of Properties under a Group_Name.&lt;br/&gt;Important if Properties are repeated and make a listing of values.</commentInRDBMS>
<ownerDesignName>ODEE_1262_Design</ownerDesignName>
<nullsAllowed>true</nullsAllowed>
<useDomainConstraints>false</useDomainConstraints>
<use>1</use>
<logicalDatatype>LOGDT019</logicalDatatype>
<dataTypePrecision>10</dataTypePrecision>
<autoIncrementCycle>false</autoIncrementCycle>
</Column>
<Column name="CATEGORY" id="00904CBB-689D-49A1-4C74-D81DCEEC588E">
<sourceConnName>deepthought</sourceConnName>
<sourceObjSchema>CONFIGCONTEXTLOG</sourceObjSchema>
<sourceObjName>CATEGORY</sourceObjName>
<createdBy>calittle</createdBy>
<createdTime>2019-04-17 17:26:22 UTC</createdTime>
<commentInRDBMS>Category of the Property</commentInRDBMS>
<ownerDesignName>ODEE_1262_Design</ownerDesignName>
<nullsAllowed>true</nullsAllowed>
<useDomainConstraints>false</useDomainConstraints>
<use>1</use>
<logicalDatatype>LOGDT037</logicalDatatype>
<dataTypeSize>50</dataTypeSize>
<autoIncrementCycle>false</autoIncrementCycle>
</Column>
<Column name="ACTIVE" id="4C109EE1-C0FE-E115-8FE2-172AE4C75D57">
<sourceConnName>deepthought</sourceConnName>
<sourceObjSchema>CONFIGCONTEXTLOG</sourceObjSchema>
<sourceObjName>ACTIVE</sourceObjName>
<createdBy>calittle</createdBy>
<createdTime>2019-04-17 17:26:22 UTC</createdTime>
<commentInRDBMS>Denotes if the configuration row is active (TRUE=1) or inactive (FALSE=0).&lt;br/&gt;Inactive will not be evaluated by the processes using the setting. </commentInRDBMS>
<ownerDesignName>ODEE_1262_Design</ownerDesignName>
<nullsAllowed>true</nullsAllowed>
<useDomainConstraints>false</useDomainConstraints>
<use>1</use>
<logicalDatatype>LOGDT019</logicalDatatype>
<dataTypePrecision>5</dataTypePrecision>
<autoIncrementCycle>false</autoIncrementCycle>
</Column>
<Column name="IS_SECRET" id="AC46A976-FC6D-A1AA-E20C-86D16C69E5C9">
<sourceConnName>deepthought</sourceConnName>
<sourceObjSchema>CONFIGCONTEXTLOG</sourceObjSchema>
<sourceObjName>IS_SECRET</sourceObjName>
<createdBy>calittle</createdBy>
<createdTime>2019-04-17 17:26:22 UTC</createdTime>
<commentInRDBMS>Value is secret and should not be displayed.</commentInRDBMS>
<ownerDesignName>ODEE_1262_Design</ownerDesignName>
<nullsAllowed>true</nullsAllowed>
<useDomainConstraints>false</useDomainConstraints>
<use>1</use>
<logicalDatatype>LOGDT019</logicalDatatype>
<dataTypePrecision>5</dataTypePrecision>
<autoIncrementCycle>false</autoIncrementCycle>
</Column>
<Column name="IS_ENCRYPT" id="66D86AE5-7465-17B2-2CE3-5FD8E88E36DF">
<sourceConnName>deepthought</sourceConnName>
<sourceObjSchema>CONFIGCONTEXTLOG</sourceObjSchema>
<sourceObjName>IS_ENCRYPT</sourceObjName>
<createdBy>calittle</createdBy>
<createdTime>2019-04-17 17:26:22 UTC</createdTime>
<commentInRDBMS>Value is to be Encrypted. </commentInRDBMS>
<ownerDesignName>ODEE_1262_Design</ownerDesignName>
<nullsAllowed>true</nullsAllowed>
<useDomainConstraints>false</useDomainConstraints>
<use>1</use>
<logicalDatatype>LOGDT019</logicalDatatype>
<dataTypePrecision>5</dataTypePrecision>
<autoIncrementCycle>false</autoIncrementCycle>
</Column>
<Column name="CREATETIME" id="45F8D9CB-565D-34C3-8104-E0C22F2AFEA8">
<sourceConnName>deepthought</sourceConnName>
<sourceObjSchema>CONFIGCONTEXTLOG</sourceObjSchema>
<sourceObjName>CREATETIME</sourceObjName>
<createdBy>calittle</createdBy>
<createdTime>2019-04-17 17:26:22 UTC</createdTime>
<commentInRDBMS>UTC time for when the entry was inserted.</commentInRDBMS>
<ownerDesignName>ODEE_1262_Design</ownerDesignName>
<nullsAllowed>true</nullsAllowed>
<useDomainConstraints>false</useDomainConstraints>
<use>1</use>
<logicalDatatype>LOGDT015</logicalDatatype>
<dataTypePrecision>6</dataTypePrecision>
<autoIncrementCycle>false</autoIncrementCycle>
</Column>
<Column name="MODIFYTIME" id="CBD03808-72E5-0289-7F66-9F7117A94DC6">
<sourceConnName>deepthought</sourceConnName>
<sourceObjSchema>CONFIGCONTEXTLOG</sourceObjSchema>
<sourceObjName>MODIFYTIME</sourceObjName>
<createdBy>calittle</createdBy>
<createdTime>2019-04-17 17:26:22 UTC</createdTime>
<commentInRDBMS>UTC time for when the entry was last modified.</commentInRDBMS>
<ownerDesignName>ODEE_1262_Design</ownerDesignName>
<nullsAllowed>true</nullsAllowed>
<useDomainConstraints>false</useDomainConstraints>
<use>1</use>
<logicalDatatype>LOGDT015</logicalDatatype>
<dataTypePrecision>6</dataTypePrecision>
<autoIncrementCycle>false</autoIncrementCycle>
</Column>
<Column name="USERTAG1" id="0956BE82-7571-8084-21C0-8503A4B20D9F">
<sourceConnName>deepthought</sourceConnName>
<sourceObjSchema>CONFIGCONTEXTLOG</sourceObjSchema>
<sourceObjName>USERTAG1</sourceObjName>
<createdBy>calittle</createdBy>
<createdTime>2019-04-17 17:26:22 UTC</createdTime>
<commentInRDBMS>Tag column to allow for comma delimited user tags for searching.</commentInRDBMS>
<ownerDesignName>ODEE_1262_Design</ownerDesignName>
<nullsAllowed>true</nullsAllowed>
<useDomainConstraints>false</useDomainConstraints>
<use>1</use>
<logicalDatatype>LOGDT037</logicalDatatype>
<dataTypeSize>256</dataTypeSize>
<autoIncrementCycle>false</autoIncrementCycle>
</Column>
<Column name="NOTES" id="CCB18564-BE46-BD9D-BA48-7E7F22057247">
<sourceConnName>deepthought</sourceConnName>
<sourceObjSchema>CONFIGCONTEXTLOG</sourceObjSchema>
<sourceObjName>NOTES</sourceObjName>
<createdBy>calittle</createdBy>
<createdTime>2019-04-17 17:26:22 UTC</createdTime>
<commentInRDBMS>Notes about configuration option row. </commentInRDBMS>
<ownerDesignName>ODEE_1262_Design</ownerDesignName>
<nullsAllowed>true</nullsAllowed>
<useDomainConstraints>false</useDomainConstraints>
<use>1</use>
<logicalDatatype>LOGDT037</logicalDatatype>
<dataTypeSize>2000</dataTypeSize>
<autoIncrementCycle>false</autoIncrementCycle>
</Column>
<Column name="USER_ID" id="5FEE432F-6E88-8189-8793-771327C3EB0E">
<sourceConnName>deepthought</sourceConnName>
<sourceObjSchema>CONFIGCONTEXTLOG</sourceObjSchema>
<sourceObjName>USER_ID</sourceObjName>
<createdBy>calittle</createdBy>
<createdTime>2019-04-17 17:26:22 UTC</createdTime>
<commentInRDBMS>USER_ID that made the change. </commentInRDBMS>
<ownerDesignName>ODEE_1262_Design</ownerDesignName>
<nullsAllowed>true</nullsAllowed>
<useDomainConstraints>false</useDomainConstraints>
<use>1</use>
<logicalDatatype>LOGDT019</logicalDatatype>
<dataTypePrecision>38</dataTypePrecision>
<autoIncrementCycle>false</autoIncrementCycle>
</Column>
<Column name="USER_NAME" id="55EC99C6-31EF-F1DB-AAE8-B171B770CA6C">
<sourceConnName>deepthought</sourceConnName>
<sourceObjSchema>CONFIGCONTEXTLOG</sourceObjSchema>
<sourceObjName>USER_NAME</sourceObjName>
<createdBy>calittle</createdBy>
<createdTime>2019-04-17 17:26:22 UTC</createdTime>
<commentInRDBMS>User Name associated with the USER_ID at the time of the change.</commentInRDBMS>
<ownerDesignName>ODEE_1262_Design</ownerDesignName>
<nullsAllowed>true</nullsAllowed>
<useDomainConstraints>false</useDomainConstraints>
<use>1</use>
<logicalDatatype>LOGDT037</logicalDatatype>
<dataTypeSize>256</dataTypeSize>
<autoIncrementCycle>false</autoIncrementCycle>
</Column>
<Column name="LOGTIME" id="DFCFB934-497B-82D3-3C54-D5F0A8776DF6">
<sourceConnName>deepthought</sourceConnName>
<sourceObjSchema>CONFIGCONTEXTLOG</sourceObjSchema>
<sourceObjName>LOGTIME</sourceObjName>
<createdBy>calittle</createdBy>
<createdTime>2019-04-17 17:26:22 UTC</createdTime>
<commentInRDBMS>UTC time of the log insert.</commentInRDBMS>
<ownerDesignName>ODEE_1262_Design</ownerDesignName>
<nullsAllowed>true</nullsAllowed>
<useDomainConstraints>false</useDomainConstraints>
<use>1</use>
<logicalDatatype>LOGDT015</logicalDatatype>
<dataTypePrecision>6</dataTypePrecision>
<autoIncrementCycle>false</autoIncrementCycle>
</Column>
<Column name="ACTION" id="64F37525-F07A-AF6B-6CCE-0133ADFB29F2">
<sourceConnName>deepthought</sourceConnName>
<sourceObjSchema>CONFIGCONTEXTLOG</sourceObjSchema>
<sourceObjName>ACTION</sourceObjName>
<createdBy>calittle</createdBy>
<createdTime>2019-04-17 17:26:22 UTC</createdTime>
<commentInRDBMS>Picklist of action performed related to the log entry.&lt;br/&gt;0=New Config&lt;br/&gt;1=Changed Config&lt;br/&gt;2=Deleted Config</commentInRDBMS>
<ownerDesignName>ODEE_1262_Design</ownerDesignName>
<nullsAllowed>true</nullsAllowed>
<useDomainConstraints>false</useDomainConstraints>
<use>1</use>
<logicalDatatype>LOGDT019</logicalDatatype>
<dataTypePrecision>10</dataTypePrecision>
<autoIncrementCycle>false</autoIncrementCycle>
</Column>
</columns>
<indexes itemClass="oracle.dbtools.crest.model.design.relational.Index">
<ind_PK_UK id="35BFB09E-A58F-1D6C-681B-F60713C107B3" name="CFGCTXLOG_PK">
<sourceConnName>deepthought</sourceConnName>
<sourceObjSchema>DMKR_ADMIN</sourceObjSchema>
<sourceObjName>CFGCTXLOG_PK</sourceObjName>
<createdBy>calittle</createdBy>
<createdTime>2019-04-17 17:26:49 UTC</createdTime>
<ownerDesignName>ODEE_1262_Design</ownerDesignName>
<pk>true</pk>
<indexState>Primary Constraint</indexState>
<isSurrogateKey>false</isSurrogateKey>
<indexColumnUsage>
<colUsage columnID="F2947FEA-3535-B835-30AD-F8764CE3ADD5"/>
</indexColumnUsage>
</ind_PK_UK>
<ind_PK_UK id="7AE1A738-6C93-D0FE-A559-2AF511E1B75A" name="CFGCTXLOG_PK">
<sourceConnName>deepthought</sourceConnName>
<sourceObjSchema>DMKR_ADMIN</sourceObjSchema>
<sourceObjName>CFGCTXLOG_PK</sourceObjName>
<createdBy>calittle</createdBy>
<createdTime>2019-04-17 17:26:48 UTC</createdTime>
<ownerDesignName>ODEE_1262_Design</ownerDesignName>
<indexState>Unique Plain Index</indexState>
<schemaObject>0323F05B-A91A-E5F5-C386-B3516E1DFCEB</schemaObject>
<isSurrogateKey>false</isSurrogateKey>
<indexColumnUsage>
<colUsage columnID="F2947FEA-3535-B835-30AD-F8764CE3ADD5"/>
</indexColumnUsage>
</ind_PK_UK>
<ind_PK_UK id="04B702B0-8F72-A0DB-6E6A-BCB7E91BB50A" name="CFGCTXLOG_CHG_INDEX">
<sourceConnName>deepthought</sourceConnName>
<sourceObjSchema>DMKR_ADMIN</sourceObjSchema>
<sourceObjName>CFGCTXLOG_CHG_INDEX</sourceObjName>
<createdBy>calittle</createdBy>
<createdTime>2019-04-17 17:26:48 UTC</createdTime>
<ownerDesignName>ODEE_1262_Design</ownerDesignName>
<schemaObject>0323F05B-A91A-E5F5-C386-B3516E1DFCEB</schemaObject>
<isSurrogateKey>false</isSurrogateKey>
<indexColumnUsage>
<colUsage columnID="DFCFB934-497B-82D3-3C54-D5F0A8776DF6" sortOrder="DESC"/>
<colUsage columnID="DAF8A1BE-827A-6596-C1EC-86188A9318BD"/>
<colUsage columnID="AC173FC2-70EB-EDA7-7BFB-46F1F5E3CE84"/>
<colUsage columnID="3ED37BDC-136A-EBBD-3FB1-CDC591FBF521"/>
<colUsage columnID="E12ADAFB-2384-1FD3-2DCA-35BCE22B3ED9"/>
</indexColumnUsage>
</ind_PK_UK>
<ind_PK_UK id="EBC2286B-71C6-D6CC-96F1-83700A8F570F" name="CFGCTXLOG_CHG_IDX2">
<sourceConnName>deepthought</sourceConnName>
<sourceObjSchema>DMKR_ADMIN</sourceObjSchema>
<sourceObjName>CFGCTXLOG_CHG_IDX2</sourceObjName>
<createdBy>calittle</createdBy>
<createdTime>2019-04-17 17:26:48 UTC</createdTime>
<ownerDesignName>ODEE_1262_Design</ownerDesignName>
<schemaObject>0323F05B-A91A-E5F5-C386-B3516E1DFCEB</schemaObject>
<isSurrogateKey>false</isSurrogateKey>
<indexColumnUsage>
<colUsage columnID="DAF8A1BE-827A-6596-C1EC-86188A9318BD"/>
<colUsage columnID="E12ADAFB-2384-1FD3-2DCA-35BCE22B3ED9"/>
<colUsage columnID="DFCFB934-497B-82D3-3C54-D5F0A8776DF6" sortOrder="DESC"/>
<colUsage columnID="AC173FC2-70EB-EDA7-7BFB-46F1F5E3CE84"/>
<colUsage columnID="3ED37BDC-136A-EBBD-3FB1-CDC591FBF521"/>
<colUsage columnID="8E7ED825-96FE-389F-CDB0-35819C0CF3CC"/>
</indexColumnUsage>
</ind_PK_UK>
</indexes>
</Table>