<?xml version = '1.0' encoding = 'UTF-8'?>
<Table class="oracle.dbtools.crest.model.design.relational.Table" directorySegmentName="seg_0" id="287ABEE3-7321-13E6-FBAF-A029C1490FD0" name="SELECTED_RECIP">
<sourceConnName>deepthought</sourceConnName>
<sourceObjSchema>DMKR_ASLINE</sourceObjSchema>
<sourceObjName>SELECTED_RECIP</sourceObjName>
<createdBy>calittle</createdBy>
<createdTime>2019-04-17 17:26:11 UTC</createdTime>
<ownerDesignName>ODEE_1262_Design</ownerDesignName>
<schemaObject>8FC895A7-E0A2-11C9-AE90-BEF4CA704C97</schemaObject>
<allowColumnReorder>false</allowColumnReorder>
<existDependencyGenerateInDDl>true</existDependencyGenerateInDDl>
<columns itemClass="oracle.dbtools.crest.model.design.relational.Column">
<Column name="NAME" id="C1C5EE12-7B6D-1923-96D3-4CAA4C3CE67A">
<sourceConnName>deepthought</sourceConnName>
<sourceObjSchema>SELECTED_RECIP</sourceObjSchema>
<sourceObjName>NAME</sourceObjName>
<createdBy>calittle</createdBy>
<createdTime>2019-04-17 17:26:45 UTC</createdTime>
<ownerDesignName>ODEE_1262_Design</ownerDesignName>
<useDomainConstraints>false</useDomainConstraints>
<use>1</use>
<logicalDatatype>LOGDT037</logicalDatatype>
<dataTypeSize>512</dataTypeSize>
<autoIncrementCycle>false</autoIncrementCycle>
</Column>
<Column name="DESCRIPTION" id="F06FEF8A-F840-7EC1-E070-5153CD92E9D6">
<sourceConnName>deepthought</sourceConnName>
<sourceObjSchema>SELECTED_RECIP</sourceObjSchema>
<sourceObjName>DESCRIPTION</sourceObjName>
<createdBy>calittle</createdBy>
<createdTime>2019-04-17 17:26:45 UTC</createdTime>
<ownerDesignName>ODEE_1262_Design</ownerDesignName>
<nullsAllowed>true</nullsAllowed>
<useDomainConstraints>false</useDomainConstraints>
<use>1</use>
<logicalDatatype>LOGDT037</logicalDatatype>
<dataTypeSize>512</dataTypeSize>
<autoIncrementCycle>false</autoIncrementCycle>
</Column>
<Column name="CCOUNT" id="93AB412A-1FE1-2C7E-DA74-7E1C5E074852">
<sourceConnName>deepthought</sourceConnName>
<sourceObjSchema>SELECTED_RECIP</sourceObjSchema>
<sourceObjName>CCOUNT</sourceObjName>
<createdBy>calittle</createdBy>
<createdTime>2019-04-17 17:26:45 UTC</createdTime>
<ownerDesignName>ODEE_1262_Design</ownerDesignName>
<nullsAllowed>true</nullsAllowed>
<useDomainConstraints>false</useDomainConstraints>
<use>1</use>
<logicalDatatype>LOGDT019</logicalDatatype>
<dataTypePrecision>5</dataTypePrecision>
<autoIncrementCycle>false</autoIncrementCycle>
</Column>
<Column name="RECIPID" id="04AC0AB2-3BEE-53E2-D61D-0A1A9C46B2B7">
<sourceConnName>deepthought</sourceConnName>
<sourceObjSchema>SELECTED_RECIP</sourceObjSchema>
<sourceObjName>RECIPID</sourceObjName>
<createdBy>calittle</createdBy>
<createdTime>2019-04-17 17:26:45 UTC</createdTime>
<ownerDesignName>ODEE_1262_Design</ownerDesignName>
<useDomainConstraints>false</useDomainConstraints>
<use>1</use>
<logicalDatatype>LOGDT019</logicalDatatype>
<dataTypePrecision>38</dataTypePrecision>
<autoIncrementCycle>false</autoIncrementCycle>
</Column>
<Column name="TID" id="A5305F50-5CB8-EAC1-C7E9-8D4348C76D49">
<sourceConnName>deepthought</sourceConnName>
<sourceObjSchema>SELECTED_RECIP</sourceObjSchema>
<sourceObjName>TID</sourceObjName>
<createdBy>calittle</createdBy>
<createdTime>2019-04-17 17:26:45 UTC</createdTime>
<ownerDesignName>ODEE_1262_Design</ownerDesignName>
<useDomainConstraints>false</useDomainConstraints>
<use>1</use>
<logicalDatatype>LOGDT037</logicalDatatype>
<dataTypeSize>80</dataTypeSize>
<delegate>2247FE91-B8C1-1229-234A-B86D8D5DB126</delegate>
<autoIncrementCycle>false</autoIncrementCycle>
<associations>
<colAssociation fkAssociation="7E9815DD-A3B7-1E6B-1D9D-1FDAE2A32733" referredColumn="2247FE91-B8C1-1229-234A-B86D8D5DB126"/>
</associations>
</Column>
<Column name="ID" id="34514776-0CBF-1BEC-19AB-2E032FF73E66">
<sourceConnName>deepthought</sourceConnName>
<sourceObjSchema>SELECTED_RECIP</sourceObjSchema>
<sourceObjName>ID</sourceObjName>
<createdBy>calittle</createdBy>
<createdTime>2019-04-17 17:26:45 UTC</createdTime>
<ownerDesignName>ODEE_1262_Design</ownerDesignName>
<useDomainConstraints>false</useDomainConstraints>
<use>1</use>
<logicalDatatype>LOGDT019</logicalDatatype>
<dataTypePrecision>38</dataTypePrecision>
<delegate>3E98ADA2-9FA5-4F05-F4F2-2F3CF1714C38</delegate>
<autoIncrementCycle>false</autoIncrementCycle>
<associations>
<colAssociation fkAssociation="7E9815DD-A3B7-1E6B-1D9D-1FDAE2A32733" referredColumn="3E98ADA2-9FA5-4F05-F4F2-2F3CF1714C38"/>
</associations>
</Column>
<Column name="CREATION_TIMESTAMP" id="59C83DE9-A160-9BCE-7BF3-AA10816E638E">
<sourceConnName>deepthought</sourceConnName>
<sourceObjSchema>SELECTED_RECIP</sourceObjSchema>
<sourceObjName>CREATION_TIMESTAMP</sourceObjName>
<createdBy>calittle</createdBy>
<createdTime>2019-04-17 17:26:45 UTC</createdTime>
<ownerDesignName>ODEE_1262_Design</ownerDesignName>
<nullsAllowed>true</nullsAllowed>
<useDomainConstraints>false</useDomainConstraints>
<use>1</use>
<logicalDatatype>LOGDT015</logicalDatatype>
<dataTypePrecision>6</dataTypePrecision>
<autoIncrementCycle>false</autoIncrementCycle>
</Column>
</columns>
<indexes itemClass="oracle.dbtools.crest.model.design.relational.Index">
<ind_PK_UK id="D16D19CC-3775-55F8-2944-DE01416C9A3E" name="PK_SELECTED_RECIP">
<sourceConnName>deepthought</sourceConnName>
<sourceObjSchema>DMKR_ASLINE</sourceObjSchema>
<sourceObjName>PK_SELECTED_RECIP</sourceObjName>
<createdBy>calittle</createdBy>
<createdTime>2019-04-17 17:26:51 UTC</createdTime>
<ownerDesignName>ODEE_1262_Design</ownerDesignName>
<pk>true</pk>
<indexState>Primary Constraint</indexState>
<isSurrogateKey>false</isSurrogateKey>
<indexColumnUsage>
<colUsage columnID="04AC0AB2-3BEE-53E2-D61D-0A1A9C46B2B7"/>
</indexColumnUsage>
</ind_PK_UK>
<ind_PK_UK id="20D5E10B-4525-A326-8F77-6FF2983B42E7" name="PK_SELECTED_RECIP">
<sourceConnName>deepthought</sourceConnName>
<sourceObjSchema>DMKR_ASLINE</sourceObjSchema>
<sourceObjName>PK_SELECTED_RECIP</sourceObjName>
<createdBy>calittle</createdBy>
<createdTime>2019-04-17 17:26:49 UTC</createdTime>
<ownerDesignName>ODEE_1262_Design</ownerDesignName>
<indexState>Unique Plain Index</indexState>
<schemaObject>8FC895A7-E0A2-11C9-AE90-BEF4CA704C97</schemaObject>
<isSurrogateKey>false</isSurrogateKey>
<indexColumnUsage>
<colUsage columnID="04AC0AB2-3BEE-53E2-D61D-0A1A9C46B2B7"/>
</indexColumnUsage>
</ind_PK_UK>
<ind_PK_UK id="32EEF1D5-10E3-D0E4-2F70-609F5D716A05" name="SELECTED_RECIP_FK0">
<createdBy>calittle</createdBy>
<createdTime>2019-04-17 17:26:52 UTC</createdTime>
<ownerDesignName>ODEE_1262_Design</ownerDesignName>
<indexState>Foreign Key</indexState>
<isSurrogateKey>false</isSurrogateKey>
<indexColumnUsage>
<colUsage columnID="A5305F50-5CB8-EAC1-C7E9-8D4348C76D49"/>
<colUsage columnID="34514776-0CBF-1BEC-19AB-2E032FF73E66"/>
</indexColumnUsage>
</ind_PK_UK>
</indexes>
</Table>