<?xml version = '1.0' encoding = 'UTF-8'?>
<Table class="oracle.dbtools.crest.model.design.relational.Table" directorySegmentName="seg_0" id="2CCA7CE5-C53C-4B4C-B04D-19CC04E8DBCC" name="ERRS">
<sourceConnName>deepthought</sourceConnName>
<sourceObjSchema>DMKR_ASLINE</sourceObjSchema>
<sourceObjName>ERRS</sourceObjName>
<createdBy>calittle</createdBy>
<createdTime>2019-04-17 17:25:42 UTC</createdTime>
<commentInRDBMS>Table to log errors</commentInRDBMS>
<ownerDesignName>ODEE_1262_Design</ownerDesignName>
<schemaObject>8FC895A7-E0A2-11C9-AE90-BEF4CA704C97</schemaObject>
<allowColumnReorder>false</allowColumnReorder>
<existDependencyGenerateInDDl>true</existDependencyGenerateInDDl>
<columns itemClass="oracle.dbtools.crest.model.design.relational.Column">
<Column name="ERR_ID" id="E7316B61-0AD9-7858-6211-3F06691B8748">
<sourceConnName>deepthought</sourceConnName>
<sourceObjSchema>ERRS</sourceObjSchema>
<sourceObjName>ERR_ID</sourceObjName>
<createdBy>calittle</createdBy>
<createdTime>2019-04-17 17:26:35 UTC</createdTime>
<commentInRDBMS>Unique auto generated error row identifier</commentInRDBMS>
<ownerDesignName>ODEE_1262_Design</ownerDesignName>
<useDomainConstraints>false</useDomainConstraints>
<use>1</use>
<logicalDatatype>LOGDT019</logicalDatatype>
<dataTypePrecision>38</dataTypePrecision>
<autoIncrementCycle>false</autoIncrementCycle>
</Column>
<Column name="JOB_ID" id="A38C26CA-1DC6-C69A-4293-04F3DC4C3B5C">
<sourceConnName>deepthought</sourceConnName>
<sourceObjSchema>ERRS</sourceObjSchema>
<sourceObjName>JOB_ID</sourceObjName>
<createdBy>calittle</createdBy>
<createdTime>2019-04-17 17:26:35 UTC</createdTime>
<commentInRDBMS>JOB_ID foreign key when error is related to the JOGS row</commentInRDBMS>
<ownerDesignName>ODEE_1262_Design</ownerDesignName>
<nullsAllowed>true</nullsAllowed>
<useDomainConstraints>false</useDomainConstraints>
<use>1</use>
<logicalDatatype>LOGDT019</logicalDatatype>
<dataTypePrecision>38</dataTypePrecision>
<autoIncrementCycle>false</autoIncrementCycle>
</Column>
<Column name="TRN_ID" id="5BE89B33-679E-DB12-4C6E-7CC5A8FEB52F">
<sourceConnName>deepthought</sourceConnName>
<sourceObjSchema>ERRS</sourceObjSchema>
<sourceObjName>TRN_ID</sourceObjName>
<createdBy>calittle</createdBy>
<createdTime>2019-04-17 17:26:35 UTC</createdTime>
<commentInRDBMS>TRN_ID foreign key when error is related to the TRNS row</commentInRDBMS>
<ownerDesignName>ODEE_1262_Design</ownerDesignName>
<nullsAllowed>true</nullsAllowed>
<useDomainConstraints>false</useDomainConstraints>
<use>1</use>
<logicalDatatype>LOGDT019</logicalDatatype>
<dataTypePrecision>38</dataTypePrecision>
<autoIncrementCycle>false</autoIncrementCycle>
</Column>
<Column name="BCH_ID" id="14D4A87E-BEC7-8815-81CF-B69223B8CA86">
<sourceConnName>deepthought</sourceConnName>
<sourceObjSchema>ERRS</sourceObjSchema>
<sourceObjName>BCH_ID</sourceObjName>
<createdBy>calittle</createdBy>
<createdTime>2019-04-17 17:26:35 UTC</createdTime>
<commentInRDBMS>BCH_ID foreign key when error is related to the BCHS row</commentInRDBMS>
<ownerDesignName>ODEE_1262_Design</ownerDesignName>
<nullsAllowed>true</nullsAllowed>
<useDomainConstraints>false</useDomainConstraints>
<use>1</use>
<logicalDatatype>LOGDT019</logicalDatatype>
<dataTypePrecision>38</dataTypePrecision>
<autoIncrementCycle>false</autoIncrementCycle>
</Column>
<Column name="RCP_ID" id="E8A0B64A-14E8-EEC4-8552-E015E2250CF4">
<sourceConnName>deepthought</sourceConnName>
<sourceObjSchema>ERRS</sourceObjSchema>
<sourceObjName>RCP_ID</sourceObjName>
<createdBy>calittle</createdBy>
<createdTime>2019-04-17 17:26:35 UTC</createdTime>
<commentInRDBMS>RCP_ID foreign key when error is related to the RCPS row</commentInRDBMS>
<ownerDesignName>ODEE_1262_Design</ownerDesignName>
<nullsAllowed>true</nullsAllowed>
<useDomainConstraints>false</useDomainConstraints>
<use>1</use>
<logicalDatatype>LOGDT019</logicalDatatype>
<dataTypePrecision>38</dataTypePrecision>
<autoIncrementCycle>false</autoIncrementCycle>
</Column>
<Column name="PUB_ID" id="B7063335-5EB1-4946-FC36-A1FEFE272B08">
<sourceConnName>deepthought</sourceConnName>
<sourceObjSchema>ERRS</sourceObjSchema>
<sourceObjName>PUB_ID</sourceObjName>
<createdBy>calittle</createdBy>
<createdTime>2019-04-17 17:26:35 UTC</createdTime>
<ownerDesignName>ODEE_1262_Design</ownerDesignName>
<nullsAllowed>true</nullsAllowed>
<useDomainConstraints>false</useDomainConstraints>
<use>1</use>
<logicalDatatype>LOGDT019</logicalDatatype>
<dataTypePrecision>38</dataTypePrecision>
<autoIncrementCycle>false</autoIncrementCycle>
</Column>
<Column name="ERROR_CODE" id="9FBE659E-B4A3-1512-2FED-68B322DF8A0E">
<sourceConnName>deepthought</sourceConnName>
<sourceObjSchema>ERRS</sourceObjSchema>
<sourceObjName>ERROR_CODE</sourceObjName>
<createdBy>calittle</createdBy>
<createdTime>2019-04-17 17:26:35 UTC</createdTime>
<ownerDesignName>ODEE_1262_Design</ownerDesignName>
<nullsAllowed>true</nullsAllowed>
<useDomainConstraints>false</useDomainConstraints>
<use>1</use>
<logicalDatatype>LOGDT037</logicalDatatype>
<dataTypeSize>15</dataTypeSize>
<autoIncrementCycle>false</autoIncrementCycle>
</Column>
<Column name="ERRCODE1" id="EBA26263-94A8-7775-A6FC-092A471FF46F">
<sourceConnName>deepthought</sourceConnName>
<sourceObjSchema>ERRS</sourceObjSchema>
<sourceObjName>ERRCODE1</sourceObjName>
<createdBy>calittle</createdBy>
<createdTime>2019-04-17 17:26:35 UTC</createdTime>
<ownerDesignName>ODEE_1262_Design</ownerDesignName>
<nullsAllowed>true</nullsAllowed>
<useDomainConstraints>false</useDomainConstraints>
<use>1</use>
<logicalDatatype>LOGDT037</logicalDatatype>
<dataTypeSize>10</dataTypeSize>
<autoIncrementCycle>false</autoIncrementCycle>
</Column>
<Column name="ERRCODE2" id="BDDC93EB-E2D5-5455-BF8D-6A2E112E92DC">
<sourceConnName>deepthought</sourceConnName>
<sourceObjSchema>ERRS</sourceObjSchema>
<sourceObjName>ERRCODE2</sourceObjName>
<createdBy>calittle</createdBy>
<createdTime>2019-04-17 17:26:35 UTC</createdTime>
<ownerDesignName>ODEE_1262_Design</ownerDesignName>
<nullsAllowed>true</nullsAllowed>
<useDomainConstraints>false</useDomainConstraints>
<use>1</use>
<logicalDatatype>LOGDT037</logicalDatatype>
<dataTypeSize>10</dataTypeSize>
<autoIncrementCycle>false</autoIncrementCycle>
</Column>
<Column name="ERRAREA" id="CCDE352B-4C3F-ECEE-4191-60AE8C5839EF">
<sourceConnName>deepthought</sourceConnName>
<sourceObjSchema>ERRS</sourceObjSchema>
<sourceObjName>ERRAREA</sourceObjName>
<createdBy>calittle</createdBy>
<createdTime>2019-04-17 17:26:35 UTC</createdTime>
<ownerDesignName>ODEE_1262_Design</ownerDesignName>
<nullsAllowed>true</nullsAllowed>
<useDomainConstraints>false</useDomainConstraints>
<use>1</use>
<logicalDatatype>LOGDT037</logicalDatatype>
<dataTypeSize>256</dataTypeSize>
<autoIncrementCycle>false</autoIncrementCycle>
</Column>
<Column name="ERRDATA" id="167D79B8-D357-5965-4AF5-0D05669B1C49">
<sourceConnName>deepthought</sourceConnName>
<sourceObjSchema>ERRS</sourceObjSchema>
<sourceObjName>ERRDATA</sourceObjName>
<createdBy>calittle</createdBy>
<createdTime>2019-04-17 17:26:35 UTC</createdTime>
<commentInRDBMS>Delimited Error Data used for generating translatable error&lt;br/&gt;messages, typically variable that go into a translated message&lt;br/&gt;that does not get translated. </commentInRDBMS>
<ownerDesignName>ODEE_1262_Design</ownerDesignName>
<nullsAllowed>true</nullsAllowed>
<useDomainConstraints>false</useDomainConstraints>
<use>1</use>
<logicalDatatype>LOGDT037</logicalDatatype>
<dataTypeSize>256</dataTypeSize>
<autoIncrementCycle>false</autoIncrementCycle>
</Column>
<Column name="ERRMESSAGE" id="937FFCA5-178F-53FF-98F7-1F364EA7C48D">
<sourceConnName>deepthought</sourceConnName>
<sourceObjSchema>ERRS</sourceObjSchema>
<sourceObjName>ERRMESSAGE</sourceObjName>
<createdBy>calittle</createdBy>
<createdTime>2019-04-17 17:26:35 UTC</createdTime>
<ownerDesignName>ODEE_1262_Design</ownerDesignName>
<nullsAllowed>true</nullsAllowed>
<useDomainConstraints>false</useDomainConstraints>
<use>1</use>
<logicalDatatype>LOGDT037</logicalDatatype>
<dataTypeSize>2000</dataTypeSize>
<autoIncrementCycle>false</autoIncrementCycle>
</Column>
<Column name="ERRTIME" id="C33108C7-83D6-948C-53D3-57849370192A">
<sourceConnName>deepthought</sourceConnName>
<sourceObjSchema>ERRS</sourceObjSchema>
<sourceObjName>ERRTIME</sourceObjName>
<createdBy>calittle</createdBy>
<createdTime>2019-04-17 17:26:35 UTC</createdTime>
<ownerDesignName>ODEE_1262_Design</ownerDesignName>
<useDomainConstraints>false</useDomainConstraints>
<use>1</use>
<logicalDatatype>LOGDT015</logicalDatatype>
<dataTypePrecision>6</dataTypePrecision>
<autoIncrementCycle>false</autoIncrementCycle>
</Column>
<Column name="ERRHOSTNAME" id="796D036A-8292-4EC4-2704-9AA47D2168CA">
<sourceConnName>deepthought</sourceConnName>
<sourceObjSchema>ERRS</sourceObjSchema>
<sourceObjName>ERRHOSTNAME</sourceObjName>
<createdBy>calittle</createdBy>
<createdTime>2019-04-17 17:26:35 UTC</createdTime>
<ownerDesignName>ODEE_1262_Design</ownerDesignName>
<nullsAllowed>true</nullsAllowed>
<useDomainConstraints>false</useDomainConstraints>
<use>1</use>
<logicalDatatype>LOGDT037</logicalDatatype>
<dataTypeSize>256</dataTypeSize>
<autoIncrementCycle>false</autoIncrementCycle>
</Column>
<Column name="ERRPROGRAM" id="0A230927-69A3-E728-E316-9B32E8E68F26">
<sourceConnName>deepthought</sourceConnName>
<sourceObjSchema>ERRS</sourceObjSchema>
<sourceObjName>ERRPROGRAM</sourceObjName>
<createdBy>calittle</createdBy>
<createdTime>2019-04-17 17:26:35 UTC</createdTime>
<ownerDesignName>ODEE_1262_Design</ownerDesignName>
<nullsAllowed>true</nullsAllowed>
<useDomainConstraints>false</useDomainConstraints>
<use>1</use>
<logicalDatatype>LOGDT037</logicalDatatype>
<dataTypeSize>256</dataTypeSize>
<autoIncrementCycle>false</autoIncrementCycle>
</Column>
<Column name="ERRVERSION" id="46208C1B-7D41-5C90-F191-4C3CBE0BB975">
<sourceConnName>deepthought</sourceConnName>
<sourceObjSchema>ERRS</sourceObjSchema>
<sourceObjName>ERRVERSION</sourceObjName>
<createdBy>calittle</createdBy>
<createdTime>2019-04-17 17:26:35 UTC</createdTime>
<ownerDesignName>ODEE_1262_Design</ownerDesignName>
<nullsAllowed>true</nullsAllowed>
<useDomainConstraints>false</useDomainConstraints>
<use>1</use>
<logicalDatatype>LOGDT037</logicalDatatype>
<dataTypeSize>256</dataTypeSize>
<autoIncrementCycle>false</autoIncrementCycle>
</Column>
<Column name="ERRMODULE" id="B08D70CC-9050-0852-586A-AB2522A352CF">
<sourceConnName>deepthought</sourceConnName>
<sourceObjSchema>ERRS</sourceObjSchema>
<sourceObjName>ERRMODULE</sourceObjName>
<createdBy>calittle</createdBy>
<createdTime>2019-04-17 17:26:35 UTC</createdTime>
<ownerDesignName>ODEE_1262_Design</ownerDesignName>
<nullsAllowed>true</nullsAllowed>
<useDomainConstraints>false</useDomainConstraints>
<use>1</use>
<logicalDatatype>LOGDT037</logicalDatatype>
<dataTypeSize>256</dataTypeSize>
<autoIncrementCycle>false</autoIncrementCycle>
</Column>
<Column name="ERRPROCESS_ID" id="98C10B1E-4CF4-FFD7-987C-C5A7F820E0DA">
<sourceConnName>deepthought</sourceConnName>
<sourceObjSchema>ERRS</sourceObjSchema>
<sourceObjName>ERRPROCESS_ID</sourceObjName>
<createdBy>calittle</createdBy>
<createdTime>2019-04-17 17:26:35 UTC</createdTime>
<commentInRDBMS>Process Id of the error logger</commentInRDBMS>
<ownerDesignName>ODEE_1262_Design</ownerDesignName>
<nullsAllowed>true</nullsAllowed>
<useDomainConstraints>false</useDomainConstraints>
<use>1</use>
<logicalDatatype>LOGDT037</logicalDatatype>
<dataTypeSize>10</dataTypeSize>
<autoIncrementCycle>false</autoIncrementCycle>
</Column>
<Column name="ERRTHREAD_ID" id="2E1170CA-123D-D377-9E2C-55036EAC2273">
<sourceConnName>deepthought</sourceConnName>
<sourceObjSchema>ERRS</sourceObjSchema>
<sourceObjName>ERRTHREAD_ID</sourceObjName>
<createdBy>calittle</createdBy>
<createdTime>2019-04-17 17:26:35 UTC</createdTime>
<ownerDesignName>ODEE_1262_Design</ownerDesignName>
<nullsAllowed>true</nullsAllowed>
<useDomainConstraints>false</useDomainConstraints>
<use>1</use>
<logicalDatatype>LOGDT037</logicalDatatype>
<dataTypeSize>256</dataTypeSize>
<autoIncrementCycle>false</autoIncrementCycle>
</Column>
<Column name="ERRCATEGORY" id="401A6B4B-CBF8-1E7E-E569-E23735FE8C19">
<sourceConnName>deepthought</sourceConnName>
<sourceObjSchema>ERRS</sourceObjSchema>
<sourceObjName>ERRCATEGORY</sourceObjName>
<createdBy>calittle</createdBy>
<createdTime>2019-04-17 17:26:35 UTC</createdTime>
<ownerDesignName>ODEE_1262_Design</ownerDesignName>
<nullsAllowed>true</nullsAllowed>
<useDomainConstraints>false</useDomainConstraints>
<use>1</use>
<logicalDatatype>LOGDT037</logicalDatatype>
<dataTypeSize>256</dataTypeSize>
<autoIncrementCycle>false</autoIncrementCycle>
</Column>
<Column name="ERRTAG_ID" id="EF0BF177-C8B6-780C-BFE4-0A1B5FA4C6CA">
<sourceConnName>deepthought</sourceConnName>
<sourceObjSchema>ERRS</sourceObjSchema>
<sourceObjName>ERRTAG_ID</sourceObjName>
<createdBy>calittle</createdBy>
<createdTime>2019-04-17 17:26:35 UTC</createdTime>
<commentInRDBMS>Used to tag and follow error entries for a application or a workflow</commentInRDBMS>
<ownerDesignName>ODEE_1262_Design</ownerDesignName>
<nullsAllowed>true</nullsAllowed>
<useDomainConstraints>false</useDomainConstraints>
<use>1</use>
<logicalDatatype>LOGDT037</logicalDatatype>
<dataTypeSize>256</dataTypeSize>
<autoIncrementCycle>false</autoIncrementCycle>
</Column>
</columns>
<indexes itemClass="oracle.dbtools.crest.model.design.relational.Index">
<ind_PK_UK id="346B4993-F1F3-1520-9A2D-89F7413C9599" name="ERRS_PK">
<sourceConnName>deepthought</sourceConnName>
<sourceObjSchema>DMKR_ASLINE</sourceObjSchema>
<sourceObjName>ERRS_PK</sourceObjName>
<createdBy>calittle</createdBy>
<createdTime>2019-04-17 17:26:50 UTC</createdTime>
<ownerDesignName>ODEE_1262_Design</ownerDesignName>
<pk>true</pk>
<indexState>Primary Constraint</indexState>
<isSurrogateKey>false</isSurrogateKey>
<indexColumnUsage>
<colUsage columnID="E7316B61-0AD9-7858-6211-3F06691B8748"/>
</indexColumnUsage>
</ind_PK_UK>
<ind_PK_UK id="06043244-A4E3-05D5-6A8C-949B6B292AD8" name="ERRS_PK">
<sourceConnName>deepthought</sourceConnName>
<sourceObjSchema>DMKR_ASLINE</sourceObjSchema>
<sourceObjName>ERRS_PK</sourceObjName>
<createdBy>calittle</createdBy>
<createdTime>2019-04-17 17:26:48 UTC</createdTime>
<ownerDesignName>ODEE_1262_Design</ownerDesignName>
<indexState>Unique Plain Index</indexState>
<schemaObject>8FC895A7-E0A2-11C9-AE90-BEF4CA704C97</schemaObject>
<isSurrogateKey>false</isSurrogateKey>
<indexColumnUsage>
<colUsage columnID="E7316B61-0AD9-7858-6211-3F06691B8748"/>
</indexColumnUsage>
</ind_PK_UK>
</indexes>
</Table>