<?xml version = '1.0' encoding = 'UTF-8'?>
<Table class="oracle.dbtools.crest.model.design.relational.Table" directorySegmentName="seg_0" id="2F8E6033-C67B-C215-9A0C-8BAD5E584085" name="FORM">
<sourceConnName>deepthought</sourceConnName>
<sourceObjSchema>DMKR_ASLINE</sourceObjSchema>
<sourceObjName>FORM</sourceObjName>
<createdBy>calittle</createdBy>
<createdTime>2019-04-17 17:25:44 UTC</createdTime>
<ownerDesignName>ODEE_1262_Design</ownerDesignName>
<schemaObject>8FC895A7-E0A2-11C9-AE90-BEF4CA704C97</schemaObject>
<allowColumnReorder>false</allowColumnReorder>
<existDependencyGenerateInDDl>true</existDependencyGenerateInDDl>
<columns itemClass="oracle.dbtools.crest.model.design.relational.Column">
<Column name="FORMID" id="5A6CCD1C-8E71-EF02-1412-8BB6988FCFDE">
<sourceConnName>deepthought</sourceConnName>
<sourceObjSchema>FORM</sourceObjSchema>
<sourceObjName>FORMID</sourceObjName>
<createdBy>calittle</createdBy>
<createdTime>2019-04-17 17:26:36 UTC</createdTime>
<ownerDesignName>ODEE_1262_Design</ownerDesignName>
<useDomainConstraints>false</useDomainConstraints>
<use>1</use>
<logicalDatatype>LOGDT019</logicalDatatype>
<dataTypePrecision>38</dataTypePrecision>
<autoIncrementCycle>false</autoIncrementCycle>
</Column>
<Column name="NAME" id="05117BCA-47EF-B05F-6E80-D3F583F213B2">
<sourceConnName>deepthought</sourceConnName>
<sourceObjSchema>FORM</sourceObjSchema>
<sourceObjName>NAME</sourceObjName>
<createdBy>calittle</createdBy>
<createdTime>2019-04-17 17:26:36 UTC</createdTime>
<ownerDesignName>ODEE_1262_Design</ownerDesignName>
<useDomainConstraints>false</useDomainConstraints>
<use>1</use>
<logicalDatatype>LOGDT037</logicalDatatype>
<dataTypeSize>512</dataTypeSize>
<autoIncrementCycle>false</autoIncrementCycle>
</Column>
<Column name="DESCRIPTION" id="76EA2093-C669-2787-7BF7-70FE549C6013">
<sourceConnName>deepthought</sourceConnName>
<sourceObjSchema>FORM</sourceObjSchema>
<sourceObjName>DESCRIPTION</sourceObjName>
<createdBy>calittle</createdBy>
<createdTime>2019-04-17 17:26:36 UTC</createdTime>
<ownerDesignName>ODEE_1262_Design</ownerDesignName>
<nullsAllowed>true</nullsAllowed>
<useDomainConstraints>false</useDomainConstraints>
<use>1</use>
<logicalDatatype>LOGDT037</logicalDatatype>
<dataTypeSize>512</dataTypeSize>
<autoIncrementCycle>false</autoIncrementCycle>
</Column>
<Column name="NAME2" id="34940A52-F301-FB8D-C866-8835E7BB3B0E">
<sourceConnName>deepthought</sourceConnName>
<sourceObjSchema>FORM</sourceObjSchema>
<sourceObjName>NAME2</sourceObjName>
<createdBy>calittle</createdBy>
<createdTime>2019-04-17 17:26:36 UTC</createdTime>
<ownerDesignName>ODEE_1262_Design</ownerDesignName>
<nullsAllowed>true</nullsAllowed>
<useDomainConstraints>false</useDomainConstraints>
<use>1</use>
<logicalDatatype>LOGDT037</logicalDatatype>
<dataTypeSize>256</dataTypeSize>
<delegate>53A14585-B97C-AB80-F852-D7B33B96A846</delegate>
<autoIncrementCycle>false</autoIncrementCycle>
<associations>
<colAssociation fkAssociation="08C10524-BC46-A90D-A65B-A57B8151A1BC" referredColumn="53A14585-B97C-AB80-F852-D7B33B96A846"/>
</associations>
</Column>
<Column name="NAME1" id="B7EFEA9A-7517-9CA0-FBC3-98620F03343C">
<sourceConnName>deepthought</sourceConnName>
<sourceObjSchema>FORM</sourceObjSchema>
<sourceObjName>NAME1</sourceObjName>
<createdBy>calittle</createdBy>
<createdTime>2019-04-17 17:26:36 UTC</createdTime>
<ownerDesignName>ODEE_1262_Design</ownerDesignName>
<nullsAllowed>true</nullsAllowed>
<useDomainConstraints>false</useDomainConstraints>
<use>1</use>
<logicalDatatype>LOGDT037</logicalDatatype>
<dataTypeSize>256</dataTypeSize>
<delegate>F8942E12-D283-B40E-FA15-5310B9AEF2C1</delegate>
<autoIncrementCycle>false</autoIncrementCycle>
<associations>
<colAssociation fkAssociation="08C10524-BC46-A90D-A65B-A57B8151A1BC" referredColumn="F8942E12-D283-B40E-FA15-5310B9AEF2C1"/>
</associations>
</Column>
<Column name="GROUP3" id="E18E72F4-5833-70DE-738F-32A0567E5272">
<sourceConnName>deepthought</sourceConnName>
<sourceObjSchema>FORM</sourceObjSchema>
<sourceObjName>GROUP3</sourceObjName>
<createdBy>calittle</createdBy>
<createdTime>2019-04-17 17:26:36 UTC</createdTime>
<ownerDesignName>ODEE_1262_Design</ownerDesignName>
<nullsAllowed>true</nullsAllowed>
<useDomainConstraints>false</useDomainConstraints>
<use>1</use>
<logicalDatatype>LOGDT037</logicalDatatype>
<dataTypeSize>256</dataTypeSize>
<delegate>5E37E892-3164-7573-92D0-3301302238DF</delegate>
<autoIncrementCycle>false</autoIncrementCycle>
<associations>
<colAssociation fkAssociation="08C10524-BC46-A90D-A65B-A57B8151A1BC" referredColumn="5E37E892-3164-7573-92D0-3301302238DF"/>
</associations>
</Column>
<Column name="LVL" id="778A8271-40E5-0537-2F52-52C734B7A209">
<sourceConnName>deepthought</sourceConnName>
<sourceObjSchema>FORM</sourceObjSchema>
<sourceObjName>LVL</sourceObjName>
<createdBy>calittle</createdBy>
<createdTime>2019-04-17 17:26:36 UTC</createdTime>
<ownerDesignName>ODEE_1262_Design</ownerDesignName>
<useDomainConstraints>false</useDomainConstraints>
<use>1</use>
<logicalDatatype>LOGDT019</logicalDatatype>
<dataTypePrecision>10</dataTypePrecision>
<defaultValue>4</defaultValue>
<autoIncrementCycle>false</autoIncrementCycle>
</Column>
<Column name="CATEGORY1" id="54808A3B-8C59-B54A-9A04-E6DF64AEDEE0">
<sourceConnName>deepthought</sourceConnName>
<sourceObjSchema>FORM</sourceObjSchema>
<sourceObjName>CATEGORY1</sourceObjName>
<createdBy>calittle</createdBy>
<createdTime>2019-04-17 17:26:36 UTC</createdTime>
<ownerDesignName>ODEE_1262_Design</ownerDesignName>
<nullsAllowed>true</nullsAllowed>
<useDomainConstraints>false</useDomainConstraints>
<use>1</use>
<logicalDatatype>LOGDT037</logicalDatatype>
<dataTypeSize>512</dataTypeSize>
<delegate>8C70116B-4348-27EB-9D44-578EF87E6F0B</delegate>
<autoIncrementCycle>false</autoIncrementCycle>
<associations>
<colAssociation fkAssociation="01C82E99-F8F0-8734-88D4-6DC7ED26C024" referredColumn="8C70116B-4348-27EB-9D44-578EF87E6F0B"/>
</associations>
</Column>
<Column name="CONFIG" id="14DDF885-83AF-A42D-EE4D-F08E310B6691">
<sourceConnName>deepthought</sourceConnName>
<sourceObjSchema>FORM</sourceObjSchema>
<sourceObjName>CONFIG</sourceObjName>
<createdBy>calittle</createdBy>
<createdTime>2019-04-17 17:26:36 UTC</createdTime>
<ownerDesignName>ODEE_1262_Design</ownerDesignName>
<nullsAllowed>true</nullsAllowed>
<useDomainConstraints>false</useDomainConstraints>
<use>1</use>
<logicalDatatype>LOGDT037</logicalDatatype>
<dataTypeSize>512</dataTypeSize>
<autoIncrementCycle>false</autoIncrementCycle>
</Column>
<Column name="EFFECTIVESTARTDATE" id="21C43804-E873-A6ED-3006-F0E53ABA4FD5">
<sourceConnName>deepthought</sourceConnName>
<sourceObjSchema>FORM</sourceObjSchema>
<sourceObjName>EFFECTIVESTARTDATE</sourceObjName>
<createdBy>calittle</createdBy>
<createdTime>2019-04-17 17:26:36 UTC</createdTime>
<ownerDesignName>ODEE_1262_Design</ownerDesignName>
<nullsAllowed>true</nullsAllowed>
<useDomainConstraints>false</useDomainConstraints>
<use>1</use>
<logicalDatatype>LOGDT015</logicalDatatype>
<dataTypePrecision>6</dataTypePrecision>
<autoIncrementCycle>false</autoIncrementCycle>
</Column>
<Column name="EFFECTIVEENDDATE" id="5E8B4D64-FA59-734E-C0B1-EBA826A71DC5">
<sourceConnName>deepthought</sourceConnName>
<sourceObjSchema>FORM</sourceObjSchema>
<sourceObjName>EFFECTIVEENDDATE</sourceObjName>
<createdBy>calittle</createdBy>
<createdTime>2019-04-17 17:26:36 UTC</createdTime>
<ownerDesignName>ODEE_1262_Design</ownerDesignName>
<nullsAllowed>true</nullsAllowed>
<useDomainConstraints>false</useDomainConstraints>
<use>1</use>
<logicalDatatype>LOGDT015</logicalDatatype>
<dataTypePrecision>6</dataTypePrecision>
<autoIncrementCycle>false</autoIncrementCycle>
</Column>
<Column name="MRLVERSION" id="9FC6E3C0-B48E-175B-CA6B-AFBC6DE59CEF">
<sourceConnName>deepthought</sourceConnName>
<sourceObjSchema>FORM</sourceObjSchema>
<sourceObjName>MRLVERSION</sourceObjName>
<createdBy>calittle</createdBy>
<createdTime>2019-04-17 17:26:36 UTC</createdTime>
<ownerDesignName>ODEE_1262_Design</ownerDesignName>
<nullsAllowed>true</nullsAllowed>
<useDomainConstraints>false</useDomainConstraints>
<use>1</use>
<logicalDatatype>LOGDT019</logicalDatatype>
<dataTypePrecision>10</dataTypePrecision>
<autoIncrementCycle>false</autoIncrementCycle>
</Column>
<Column name="MRLREVISION" id="F4558383-A81E-9DFC-01C0-36BEA0BB4FB3">
<sourceConnName>deepthought</sourceConnName>
<sourceObjSchema>FORM</sourceObjSchema>
<sourceObjName>MRLREVISION</sourceObjName>
<createdBy>calittle</createdBy>
<createdTime>2019-04-17 17:26:36 UTC</createdTime>
<ownerDesignName>ODEE_1262_Design</ownerDesignName>
<nullsAllowed>true</nullsAllowed>
<useDomainConstraints>false</useDomainConstraints>
<use>1</use>
<logicalDatatype>LOGDT019</logicalDatatype>
<dataTypePrecision>10</dataTypePrecision>
<autoIncrementCycle>false</autoIncrementCycle>
</Column>
</columns>
<indexes itemClass="oracle.dbtools.crest.model.design.relational.Index">
<ind_PK_UK id="3D8D2D51-B06A-359C-4C39-79EAB2CE9BB2" name="PK_FORM">
<sourceConnName>deepthought</sourceConnName>
<sourceObjSchema>DMKR_ASLINE</sourceObjSchema>
<sourceObjName>PK_FORM</sourceObjName>
<createdBy>calittle</createdBy>
<createdTime>2019-04-17 17:26:50 UTC</createdTime>
<ownerDesignName>ODEE_1262_Design</ownerDesignName>
<pk>true</pk>
<indexState>Primary Constraint</indexState>
<isSurrogateKey>false</isSurrogateKey>
<indexColumnUsage>
<colUsage columnID="5A6CCD1C-8E71-EF02-1412-8BB6988FCFDE"/>
</indexColumnUsage>
</ind_PK_UK>
<ind_PK_UK id="5F315403-3466-858D-D94D-58681BA4BDA5" name="PK_FORM">
<sourceConnName>deepthought</sourceConnName>
<sourceObjSchema>DMKR_ASLINE</sourceObjSchema>
<sourceObjName>PK_FORM</sourceObjName>
<createdBy>calittle</createdBy>
<createdTime>2019-04-17 17:26:48 UTC</createdTime>
<ownerDesignName>ODEE_1262_Design</ownerDesignName>
<indexState>Unique Plain Index</indexState>
<schemaObject>8FC895A7-E0A2-11C9-AE90-BEF4CA704C97</schemaObject>
<isSurrogateKey>false</isSurrogateKey>
<indexColumnUsage>
<colUsage columnID="5A6CCD1C-8E71-EF02-1412-8BB6988FCFDE"/>
</indexColumnUsage>
</ind_PK_UK>
<ind_PK_UK id="FBD4ADF9-A3E9-8E73-CC5C-C02A5FE084A2" name="CATEGORY_FORM_REL1">
<createdBy>calittle</createdBy>
<createdTime>2019-04-17 17:26:52 UTC</createdTime>
<ownerDesignName>ODEE_1262_Design</ownerDesignName>
<indexState>Foreign Key</indexState>
<isSurrogateKey>false</isSurrogateKey>
<indexColumnUsage>
<colUsage columnID="54808A3B-8C59-B54A-9A04-E6DF64AEDEE0"/>
</indexColumnUsage>
</ind_PK_UK>
<ind_PK_UK id="1EB00C99-6CEE-7907-1E48-6C4795BABDAA" name="GROUP2_FROM_REL1">
<createdBy>calittle</createdBy>
<createdTime>2019-04-17 17:26:52 UTC</createdTime>
<ownerDesignName>ODEE_1262_Design</ownerDesignName>
<indexState>Foreign Key</indexState>
<isSurrogateKey>false</isSurrogateKey>
<indexColumnUsage>
<colUsage columnID="34940A52-F301-FB8D-C866-8835E7BB3B0E"/>
<colUsage columnID="B7EFEA9A-7517-9CA0-FBC3-98620F03343C"/>
<colUsage columnID="E18E72F4-5833-70DE-738F-32A0567E5272"/>
</indexColumnUsage>
</ind_PK_UK>
</indexes>
</Table>