<?xml version = '1.0' encoding = 'UTF-8'?>
<Table class="oracle.dbtools.crest.model.design.relational.Table" directorySegmentName="seg_0" id="327B8F3C-0747-8B65-FBF6-32F221DD1DB5" name="RCPSHIST">
<sourceConnName>deepthought</sourceConnName>
<sourceObjSchema>DMKR_ASLINE</sourceObjSchema>
<sourceObjName>RCPSHIST</sourceObjName>
<createdBy>calittle</createdBy>
<createdTime>2019-04-17 17:26:06 UTC</createdTime>
<commentInRDBMS>Recipent History</commentInRDBMS>
<ownerDesignName>ODEE_1262_Design</ownerDesignName>
<schemaObject>8FC895A7-E0A2-11C9-AE90-BEF4CA704C97</schemaObject>
<allowColumnReorder>false</allowColumnReorder>
<existDependencyGenerateInDDl>true</existDependencyGenerateInDDl>
<columns itemClass="oracle.dbtools.crest.model.design.relational.Column">
<Column name="RCP_ID" id="67FFA8D0-AA0A-BCBD-5A0E-9253FEC57D89">
<sourceConnName>deepthought</sourceConnName>
<sourceObjSchema>RCPSHIST</sourceObjSchema>
<sourceObjName>RCP_ID</sourceObjName>
<createdBy>calittle</createdBy>
<createdTime>2019-04-17 17:26:43 UTC</createdTime>
<ownerDesignName>ODEE_1262_Design</ownerDesignName>
<useDomainConstraints>false</useDomainConstraints>
<use>1</use>
<logicalDatatype>LOGDT019</logicalDatatype>
<dataTypePrecision>38</dataTypePrecision>
<autoIncrementCycle>false</autoIncrementCycle>
</Column>
<Column name="TRN_ID" id="001D403F-5088-3697-B24A-F693C43C5472">
<sourceConnName>deepthought</sourceConnName>
<sourceObjSchema>RCPSHIST</sourceObjSchema>
<sourceObjName>TRN_ID</sourceObjName>
<createdBy>calittle</createdBy>
<createdTime>2019-04-17 17:26:43 UTC</createdTime>
<ownerDesignName>ODEE_1262_Design</ownerDesignName>
<useDomainConstraints>false</useDomainConstraints>
<use>1</use>
<logicalDatatype>LOGDT019</logicalDatatype>
<dataTypePrecision>38</dataTypePrecision>
<autoIncrementCycle>false</autoIncrementCycle>
</Column>
<Column name="RCPUNIQUE_ID" id="A0592F25-D2E4-4D04-0C2A-C5503C9208B7">
<sourceConnName>deepthought</sourceConnName>
<sourceObjSchema>RCPSHIST</sourceObjSchema>
<sourceObjName>RCPUNIQUE_ID</sourceObjName>
<createdBy>calittle</createdBy>
<createdTime>2019-04-17 17:26:43 UTC</createdTime>
<ownerDesignName>ODEE_1262_Design</ownerDesignName>
<nullsAllowed>true</nullsAllowed>
<useDomainConstraints>false</useDomainConstraints>
<use>1</use>
<logicalDatatype>LOGDT037</logicalDatatype>
<dataTypeSize>47</dataTypeSize>
<autoIncrementCycle>false</autoIncrementCycle>
</Column>
<Column name="BATCHNAME" id="D37C1B01-60C8-48EA-AA33-574D2180D210">
<sourceConnName>deepthought</sourceConnName>
<sourceObjSchema>RCPSHIST</sourceObjSchema>
<sourceObjName>BATCHNAME</sourceObjName>
<createdBy>calittle</createdBy>
<createdTime>2019-04-17 17:26:43 UTC</createdTime>
<ownerDesignName>ODEE_1262_Design</ownerDesignName>
<nullsAllowed>true</nullsAllowed>
<useDomainConstraints>false</useDomainConstraints>
<use>1</use>
<logicalDatatype>LOGDT037</logicalDatatype>
<dataTypeSize>256</dataTypeSize>
<autoIncrementCycle>false</autoIncrementCycle>
</Column>
<Column name="BATCHTYPE" id="8F5E45DA-4142-2267-8FF1-95FD6B194006">
<sourceConnName>deepthought</sourceConnName>
<sourceObjSchema>RCPSHIST</sourceObjSchema>
<sourceObjName>BATCHTYPE</sourceObjName>
<createdBy>calittle</createdBy>
<createdTime>2019-04-17 17:26:43 UTC</createdTime>
<ownerDesignName>ODEE_1262_Design</ownerDesignName>
<nullsAllowed>true</nullsAllowed>
<useDomainConstraints>false</useDomainConstraints>
<use>1</use>
<logicalDatatype>LOGDT037</logicalDatatype>
<dataTypeSize>256</dataTypeSize>
<autoIncrementCycle>false</autoIncrementCycle>
</Column>
<Column name="RCPSTATUS" id="2012F996-F8F2-2B44-AD41-6D3587C6F391">
<sourceConnName>deepthought</sourceConnName>
<sourceObjSchema>RCPSHIST</sourceObjSchema>
<sourceObjName>RCPSTATUS</sourceObjName>
<createdBy>calittle</createdBy>
<createdTime>2019-04-17 17:26:43 UTC</createdTime>
<ownerDesignName>ODEE_1262_Design</ownerDesignName>
<nullsAllowed>true</nullsAllowed>
<useDomainConstraints>false</useDomainConstraints>
<use>1</use>
<logicalDatatype>LOGDT019</logicalDatatype>
<dataTypePrecision>10</dataTypePrecision>
<autoIncrementCycle>false</autoIncrementCycle>
</Column>
<Column name="RCPBCHTOTAL" id="720792EA-D4DD-D4B4-3D33-AF757AA32CDE">
<sourceConnName>deepthought</sourceConnName>
<sourceObjSchema>RCPSHIST</sourceObjSchema>
<sourceObjName>RCPBCHTOTAL</sourceObjName>
<createdBy>calittle</createdBy>
<createdTime>2019-04-17 17:26:43 UTC</createdTime>
<ownerDesignName>ODEE_1262_Design</ownerDesignName>
<nullsAllowed>true</nullsAllowed>
<useDomainConstraints>false</useDomainConstraints>
<use>1</use>
<logicalDatatype>LOGDT019</logicalDatatype>
<dataTypePrecision>38</dataTypePrecision>
<autoIncrementCycle>false</autoIncrementCycle>
</Column>
<Column name="RCPBCHERR" id="CA5602E6-94C1-D663-C53C-918FAF04DC76">
<sourceConnName>deepthought</sourceConnName>
<sourceObjSchema>RCPSHIST</sourceObjSchema>
<sourceObjName>RCPBCHERR</sourceObjName>
<createdBy>calittle</createdBy>
<createdTime>2019-04-17 17:26:43 UTC</createdTime>
<ownerDesignName>ODEE_1262_Design</ownerDesignName>
<nullsAllowed>true</nullsAllowed>
<useDomainConstraints>false</useDomainConstraints>
<use>1</use>
<logicalDatatype>LOGDT019</logicalDatatype>
<dataTypePrecision>38</dataTypePrecision>
<autoIncrementCycle>false</autoIncrementCycle>
</Column>
<Column name="RCPBCHPROC" id="822082C8-6F9D-8D5B-11CA-64F0C58E0206">
<sourceConnName>deepthought</sourceConnName>
<sourceObjSchema>RCPSHIST</sourceObjSchema>
<sourceObjName>RCPBCHPROC</sourceObjName>
<createdBy>calittle</createdBy>
<createdTime>2019-04-17 17:26:43 UTC</createdTime>
<ownerDesignName>ODEE_1262_Design</ownerDesignName>
<nullsAllowed>true</nullsAllowed>
<useDomainConstraints>false</useDomainConstraints>
<use>1</use>
<logicalDatatype>LOGDT019</logicalDatatype>
<dataTypePrecision>38</dataTypePrecision>
<autoIncrementCycle>false</autoIncrementCycle>
</Column>
<Column name="RCPBCHSCH" id="44026502-300B-FB5B-15A9-809A6702A618">
<sourceConnName>deepthought</sourceConnName>
<sourceObjSchema>RCPSHIST</sourceObjSchema>
<sourceObjName>RCPBCHSCH</sourceObjName>
<createdBy>calittle</createdBy>
<createdTime>2019-04-17 17:26:43 UTC</createdTime>
<ownerDesignName>ODEE_1262_Design</ownerDesignName>
<nullsAllowed>true</nullsAllowed>
<useDomainConstraints>false</useDomainConstraints>
<use>1</use>
<logicalDatatype>LOGDT019</logicalDatatype>
<dataTypePrecision>38</dataTypePrecision>
<autoIncrementCycle>false</autoIncrementCycle>
</Column>
<Column name="RCPDATATYPE" id="703C46C5-8329-D3B3-5334-8BAB94214F0A">
<sourceConnName>deepthought</sourceConnName>
<sourceObjSchema>RCPSHIST</sourceObjSchema>
<sourceObjName>RCPDATATYPE</sourceObjName>
<createdBy>calittle</createdBy>
<createdTime>2019-04-17 17:26:43 UTC</createdTime>
<ownerDesignName>ODEE_1262_Design</ownerDesignName>
<nullsAllowed>true</nullsAllowed>
<useDomainConstraints>false</useDomainConstraints>
<use>1</use>
<logicalDatatype>LOGDT037</logicalDatatype>
<dataTypeSize>30</dataTypeSize>
<autoIncrementCycle>false</autoIncrementCycle>
</Column>
<Column name="RCPOUTTYPE" id="35D54698-B132-9108-CD64-D254CE337D94">
<sourceConnName>deepthought</sourceConnName>
<sourceObjSchema>RCPSHIST</sourceObjSchema>
<sourceObjName>RCPOUTTYPE</sourceObjName>
<createdBy>calittle</createdBy>
<createdTime>2019-04-17 17:26:43 UTC</createdTime>
<ownerDesignName>ODEE_1262_Design</ownerDesignName>
<nullsAllowed>true</nullsAllowed>
<useDomainConstraints>false</useDomainConstraints>
<use>1</use>
<logicalDatatype>LOGDT019</logicalDatatype>
<dataTypePrecision>10</dataTypePrecision>
<autoIncrementCycle>false</autoIncrementCycle>
</Column>
<Column name="RCPOUTBLOB" id="80574CC4-AB77-13DB-3D58-9C7A7A6DFDAC">
<sourceConnName>deepthought</sourceConnName>
<sourceObjSchema>RCPSHIST</sourceObjSchema>
<sourceObjName>RCPOUTBLOB</sourceObjName>
<createdBy>calittle</createdBy>
<createdTime>2019-04-17 17:26:43 UTC</createdTime>
<ownerDesignName>ODEE_1262_Design</ownerDesignName>
<nullsAllowed>true</nullsAllowed>
<useDomainConstraints>false</useDomainConstraints>
<use>1</use>
<logicalDatatype>LOGDT029</logicalDatatype>
<dataTypeSize>4000</dataTypeSize>
<autoIncrementCycle>false</autoIncrementCycle>
</Column>
<Column name="RCPOUTREF" id="C5BB95C5-F12A-7B04-59B3-E34535793077">
<sourceConnName>deepthought</sourceConnName>
<sourceObjSchema>RCPSHIST</sourceObjSchema>
<sourceObjName>RCPOUTREF</sourceObjName>
<createdBy>calittle</createdBy>
<createdTime>2019-04-17 17:26:43 UTC</createdTime>
<ownerDesignName>ODEE_1262_Design</ownerDesignName>
<nullsAllowed>true</nullsAllowed>
<useDomainConstraints>false</useDomainConstraints>
<use>1</use>
<logicalDatatype>LOGDT037</logicalDatatype>
<dataTypeSize>512</dataTypeSize>
<autoIncrementCycle>false</autoIncrementCycle>
</Column>
<Column name="RCPOUTSIZE" id="533E2C63-459A-96BC-4DCC-A93E5DBBF966">
<sourceConnName>deepthought</sourceConnName>
<sourceObjSchema>RCPSHIST</sourceObjSchema>
<sourceObjName>RCPOUTSIZE</sourceObjName>
<createdBy>calittle</createdBy>
<createdTime>2019-04-17 17:26:43 UTC</createdTime>
<ownerDesignName>ODEE_1262_Design</ownerDesignName>
<nullsAllowed>true</nullsAllowed>
<useDomainConstraints>false</useDomainConstraints>
<use>1</use>
<logicalDatatype>LOGDT019</logicalDatatype>
<dataTypePrecision>20</dataTypePrecision>
<autoIncrementCycle>false</autoIncrementCycle>
</Column>
<Column name="RCPSTARTTIME" id="2E679195-12EF-EE3D-A5C0-E6624617D8E0">
<sourceConnName>deepthought</sourceConnName>
<sourceObjSchema>RCPSHIST</sourceObjSchema>
<sourceObjName>RCPSTARTTIME</sourceObjName>
<createdBy>calittle</createdBy>
<createdTime>2019-04-17 17:26:43 UTC</createdTime>
<ownerDesignName>ODEE_1262_Design</ownerDesignName>
<nullsAllowed>true</nullsAllowed>
<useDomainConstraints>false</useDomainConstraints>
<use>1</use>
<logicalDatatype>LOGDT015</logicalDatatype>
<dataTypePrecision>6</dataTypePrecision>
<autoIncrementCycle>false</autoIncrementCycle>
</Column>
<Column name="RCPENDTIME" id="9E6FDA54-EB5A-4E80-0387-50DF5E861699">
<sourceConnName>deepthought</sourceConnName>
<sourceObjSchema>RCPSHIST</sourceObjSchema>
<sourceObjName>RCPENDTIME</sourceObjName>
<createdBy>calittle</createdBy>
<createdTime>2019-04-17 17:26:43 UTC</createdTime>
<ownerDesignName>ODEE_1262_Design</ownerDesignName>
<nullsAllowed>true</nullsAllowed>
<useDomainConstraints>false</useDomainConstraints>
<use>1</use>
<logicalDatatype>LOGDT015</logicalDatatype>
<dataTypePrecision>6</dataTypePrecision>
<autoIncrementCycle>false</autoIncrementCycle>
</Column>
<Column name="RCPPAGECOUNT" id="A9465461-A881-6B2E-B57C-48715971580B">
<sourceConnName>deepthought</sourceConnName>
<sourceObjSchema>RCPSHIST</sourceObjSchema>
<sourceObjName>RCPPAGECOUNT</sourceObjName>
<createdBy>calittle</createdBy>
<createdTime>2019-04-17 17:26:43 UTC</createdTime>
<ownerDesignName>ODEE_1262_Design</ownerDesignName>
<nullsAllowed>true</nullsAllowed>
<useDomainConstraints>false</useDomainConstraints>
<use>1</use>
<logicalDatatype>LOGDT019</logicalDatatype>
<dataTypePrecision>38</dataTypePrecision>
<autoIncrementCycle>false</autoIncrementCycle>
</Column>
<Column name="RCPSHEETCOUNT" id="B4870392-F2A7-4DA3-B0A0-48C43889583D">
<sourceConnName>deepthought</sourceConnName>
<sourceObjSchema>RCPSHIST</sourceObjSchema>
<sourceObjName>RCPSHEETCOUNT</sourceObjName>
<createdBy>calittle</createdBy>
<createdTime>2019-04-17 17:26:43 UTC</createdTime>
<ownerDesignName>ODEE_1262_Design</ownerDesignName>
<nullsAllowed>true</nullsAllowed>
<useDomainConstraints>false</useDomainConstraints>
<use>1</use>
<logicalDatatype>LOGDT019</logicalDatatype>
<dataTypePrecision>38</dataTypePrecision>
<autoIncrementCycle>false</autoIncrementCycle>
</Column>
<Column name="RCPWEIGHT" id="8590DCED-04AC-0B11-FD83-EC76123E9F23">
<sourceConnName>deepthought</sourceConnName>
<sourceObjSchema>RCPSHIST</sourceObjSchema>
<sourceObjName>RCPWEIGHT</sourceObjName>
<createdBy>calittle</createdBy>
<createdTime>2019-04-17 17:26:43 UTC</createdTime>
<ownerDesignName>ODEE_1262_Design</ownerDesignName>
<nullsAllowed>true</nullsAllowed>
<useDomainConstraints>false</useDomainConstraints>
<use>1</use>
<logicalDatatype>LOGDT019</logicalDatatype>
<dataTypePrecision>19</dataTypePrecision>
<dataTypeScale>4</dataTypeScale>
<autoIncrementCycle>false</autoIncrementCycle>
</Column>
<Column name="RCPTRAY1" id="49441411-629C-C6F9-819C-2613A4B4E6B3">
<sourceConnName>deepthought</sourceConnName>
<sourceObjSchema>RCPSHIST</sourceObjSchema>
<sourceObjName>RCPTRAY1</sourceObjName>
<createdBy>calittle</createdBy>
<createdTime>2019-04-17 17:26:43 UTC</createdTime>
<ownerDesignName>ODEE_1262_Design</ownerDesignName>
<nullsAllowed>true</nullsAllowed>
<useDomainConstraints>false</useDomainConstraints>
<use>1</use>
<logicalDatatype>LOGDT019</logicalDatatype>
<dataTypePrecision>38</dataTypePrecision>
<autoIncrementCycle>false</autoIncrementCycle>
</Column>
<Column name="RCPTRAY2" id="DF32C4DA-9CF1-1E81-BB53-7EC8B77958ED">
<sourceConnName>deepthought</sourceConnName>
<sourceObjSchema>RCPSHIST</sourceObjSchema>
<sourceObjName>RCPTRAY2</sourceObjName>
<createdBy>calittle</createdBy>
<createdTime>2019-04-17 17:26:43 UTC</createdTime>
<ownerDesignName>ODEE_1262_Design</ownerDesignName>
<nullsAllowed>true</nullsAllowed>
<useDomainConstraints>false</useDomainConstraints>
<use>1</use>
<logicalDatatype>LOGDT019</logicalDatatype>
<dataTypePrecision>38</dataTypePrecision>
<autoIncrementCycle>false</autoIncrementCycle>
</Column>
<Column name="RCPTRAY3" id="838F0F9D-192C-3D8E-D6A3-AA93AD2630D3">
<sourceConnName>deepthought</sourceConnName>
<sourceObjSchema>RCPSHIST</sourceObjSchema>
<sourceObjName>RCPTRAY3</sourceObjName>
<createdBy>calittle</createdBy>
<createdTime>2019-04-17 17:26:43 UTC</createdTime>
<ownerDesignName>ODEE_1262_Design</ownerDesignName>
<nullsAllowed>true</nullsAllowed>
<useDomainConstraints>false</useDomainConstraints>
<use>1</use>
<logicalDatatype>LOGDT019</logicalDatatype>
<dataTypePrecision>38</dataTypePrecision>
<autoIncrementCycle>false</autoIncrementCycle>
</Column>
<Column name="RCPTRAY4" id="0FDD2D0D-432D-812A-C75A-567CFCF3896A">
<sourceConnName>deepthought</sourceConnName>
<sourceObjSchema>RCPSHIST</sourceObjSchema>
<sourceObjName>RCPTRAY4</sourceObjName>
<createdBy>calittle</createdBy>
<createdTime>2019-04-17 17:26:43 UTC</createdTime>
<ownerDesignName>ODEE_1262_Design</ownerDesignName>
<nullsAllowed>true</nullsAllowed>
<useDomainConstraints>false</useDomainConstraints>
<use>1</use>
<logicalDatatype>LOGDT019</logicalDatatype>
<dataTypePrecision>38</dataTypePrecision>
<autoIncrementCycle>false</autoIncrementCycle>
</Column>
<Column name="RCPTRAY5" id="D3ED4B20-13AF-F53D-8523-F96D16EFD08F">
<sourceConnName>deepthought</sourceConnName>
<sourceObjSchema>RCPSHIST</sourceObjSchema>
<sourceObjName>RCPTRAY5</sourceObjName>
<createdBy>calittle</createdBy>
<createdTime>2019-04-17 17:26:43 UTC</createdTime>
<ownerDesignName>ODEE_1262_Design</ownerDesignName>
<nullsAllowed>true</nullsAllowed>
<useDomainConstraints>false</useDomainConstraints>
<use>1</use>
<logicalDatatype>LOGDT019</logicalDatatype>
<dataTypePrecision>38</dataTypePrecision>
<autoIncrementCycle>false</autoIncrementCycle>
</Column>
<Column name="RCPTRAY6" id="6FAE63F1-0624-06E9-C43E-D77C91C83906">
<sourceConnName>deepthought</sourceConnName>
<sourceObjSchema>RCPSHIST</sourceObjSchema>
<sourceObjName>RCPTRAY6</sourceObjName>
<createdBy>calittle</createdBy>
<createdTime>2019-04-17 17:26:43 UTC</createdTime>
<ownerDesignName>ODEE_1262_Design</ownerDesignName>
<nullsAllowed>true</nullsAllowed>
<useDomainConstraints>false</useDomainConstraints>
<use>1</use>
<logicalDatatype>LOGDT019</logicalDatatype>
<dataTypePrecision>38</dataTypePrecision>
<autoIncrementCycle>false</autoIncrementCycle>
</Column>
<Column name="RCPTRAY7" id="13540606-85C6-CB07-67D0-4F1498619A55">
<sourceConnName>deepthought</sourceConnName>
<sourceObjSchema>RCPSHIST</sourceObjSchema>
<sourceObjName>RCPTRAY7</sourceObjName>
<createdBy>calittle</createdBy>
<createdTime>2019-04-17 17:26:43 UTC</createdTime>
<ownerDesignName>ODEE_1262_Design</ownerDesignName>
<nullsAllowed>true</nullsAllowed>
<useDomainConstraints>false</useDomainConstraints>
<use>1</use>
<logicalDatatype>LOGDT019</logicalDatatype>
<dataTypePrecision>38</dataTypePrecision>
<autoIncrementCycle>false</autoIncrementCycle>
</Column>
<Column name="RCPTRAY8" id="F121D5E2-E864-2698-CFC8-65841A489252">
<sourceConnName>deepthought</sourceConnName>
<sourceObjSchema>RCPSHIST</sourceObjSchema>
<sourceObjName>RCPTRAY8</sourceObjName>
<createdBy>calittle</createdBy>
<createdTime>2019-04-17 17:26:43 UTC</createdTime>
<ownerDesignName>ODEE_1262_Design</ownerDesignName>
<nullsAllowed>true</nullsAllowed>
<useDomainConstraints>false</useDomainConstraints>
<use>1</use>
<logicalDatatype>LOGDT019</logicalDatatype>
<dataTypePrecision>38</dataTypePrecision>
<autoIncrementCycle>false</autoIncrementCycle>
</Column>
<Column name="RCPTRAY9" id="76588BB6-07A3-DCF3-4192-E4E988137E73">
<sourceConnName>deepthought</sourceConnName>
<sourceObjSchema>RCPSHIST</sourceObjSchema>
<sourceObjName>RCPTRAY9</sourceObjName>
<createdBy>calittle</createdBy>
<createdTime>2019-04-17 17:26:43 UTC</createdTime>
<ownerDesignName>ODEE_1262_Design</ownerDesignName>
<nullsAllowed>true</nullsAllowed>
<useDomainConstraints>false</useDomainConstraints>
<use>1</use>
<logicalDatatype>LOGDT019</logicalDatatype>
<dataTypePrecision>38</dataTypePrecision>
<autoIncrementCycle>false</autoIncrementCycle>
</Column>
<Column name="ADR_INDEX" id="8F8F61FC-3EA3-1575-1DBC-C0E561DB853F">
<sourceConnName>deepthought</sourceConnName>
<sourceObjSchema>RCPSHIST</sourceObjSchema>
<sourceObjName>ADR_INDEX</sourceObjName>
<createdBy>calittle</createdBy>
<createdTime>2019-04-17 17:26:43 UTC</createdTime>
<ownerDesignName>ODEE_1262_Design</ownerDesignName>
<nullsAllowed>true</nullsAllowed>
<useDomainConstraints>false</useDomainConstraints>
<use>1</use>
<logicalDatatype>LOGDT037</logicalDatatype>
<dataTypeSize>10</dataTypeSize>
<autoIncrementCycle>false</autoIncrementCycle>
</Column>
<Column name="ADR_CODE" id="C388BE8A-3F2A-EE02-9261-7BDDC957EC3C">
<sourceConnName>deepthought</sourceConnName>
<sourceObjSchema>RCPSHIST</sourceObjSchema>
<sourceObjName>ADR_CODE</sourceObjName>
<createdBy>calittle</createdBy>
<createdTime>2019-04-17 17:26:43 UTC</createdTime>
<ownerDesignName>ODEE_1262_Design</ownerDesignName>
<nullsAllowed>true</nullsAllowed>
<useDomainConstraints>false</useDomainConstraints>
<use>1</use>
<logicalDatatype>LOGDT037</logicalDatatype>
<dataTypeSize>10</dataTypeSize>
<autoIncrementCycle>false</autoIncrementCycle>
</Column>
<Column name="ADR_NAME" id="34D2BF9F-7CFF-1A84-CF77-512791A72B6F">
<sourceConnName>deepthought</sourceConnName>
<sourceObjSchema>RCPSHIST</sourceObjSchema>
<sourceObjName>ADR_NAME</sourceObjName>
<createdBy>calittle</createdBy>
<createdTime>2019-04-17 17:26:43 UTC</createdTime>
<ownerDesignName>ODEE_1262_Design</ownerDesignName>
<nullsAllowed>true</nullsAllowed>
<useDomainConstraints>false</useDomainConstraints>
<use>1</use>
<logicalDatatype>LOGDT037</logicalDatatype>
<dataTypeSize>256</dataTypeSize>
<autoIncrementCycle>false</autoIncrementCycle>
</Column>
<Column name="ADR_NAME2" id="C3581FD3-5DB9-531E-C7A1-7DB420E0D0A9">
<sourceConnName>deepthought</sourceConnName>
<sourceObjSchema>RCPSHIST</sourceObjSchema>
<sourceObjName>ADR_NAME2</sourceObjName>
<createdBy>calittle</createdBy>
<createdTime>2019-04-17 17:26:43 UTC</createdTime>
<ownerDesignName>ODEE_1262_Design</ownerDesignName>
<nullsAllowed>true</nullsAllowed>
<useDomainConstraints>false</useDomainConstraints>
<use>1</use>
<logicalDatatype>LOGDT037</logicalDatatype>
<dataTypeSize>256</dataTypeSize>
<autoIncrementCycle>false</autoIncrementCycle>
</Column>
<Column name="ADR_ADDRESS1" id="F8F0A29D-5653-0577-B407-E131D8E5A9EE">
<sourceConnName>deepthought</sourceConnName>
<sourceObjSchema>RCPSHIST</sourceObjSchema>
<sourceObjName>ADR_ADDRESS1</sourceObjName>
<createdBy>calittle</createdBy>
<createdTime>2019-04-17 17:26:43 UTC</createdTime>
<ownerDesignName>ODEE_1262_Design</ownerDesignName>
<nullsAllowed>true</nullsAllowed>
<useDomainConstraints>false</useDomainConstraints>
<use>1</use>
<logicalDatatype>LOGDT037</logicalDatatype>
<dataTypeSize>256</dataTypeSize>
<autoIncrementCycle>false</autoIncrementCycle>
</Column>
<Column name="ADR_ADDRESS2" id="BD0DE3BA-9A57-9749-934C-D6534828B17E">
<sourceConnName>deepthought</sourceConnName>
<sourceObjSchema>RCPSHIST</sourceObjSchema>
<sourceObjName>ADR_ADDRESS2</sourceObjName>
<createdBy>calittle</createdBy>
<createdTime>2019-04-17 17:26:43 UTC</createdTime>
<ownerDesignName>ODEE_1262_Design</ownerDesignName>
<nullsAllowed>true</nullsAllowed>
<useDomainConstraints>false</useDomainConstraints>
<use>1</use>
<logicalDatatype>LOGDT037</logicalDatatype>
<dataTypeSize>256</dataTypeSize>
<autoIncrementCycle>false</autoIncrementCycle>
</Column>
<Column name="ADR_CITY" id="D89B7491-9D14-8D57-2225-2B07446CE8C7">
<sourceConnName>deepthought</sourceConnName>
<sourceObjSchema>RCPSHIST</sourceObjSchema>
<sourceObjName>ADR_CITY</sourceObjName>
<createdBy>calittle</createdBy>
<createdTime>2019-04-17 17:26:43 UTC</createdTime>
<ownerDesignName>ODEE_1262_Design</ownerDesignName>
<nullsAllowed>true</nullsAllowed>
<useDomainConstraints>false</useDomainConstraints>
<use>1</use>
<logicalDatatype>LOGDT037</logicalDatatype>
<dataTypeSize>256</dataTypeSize>
<autoIncrementCycle>false</autoIncrementCycle>
</Column>
<Column name="ADR_STATE" id="2446ADA7-5AF4-ED38-F94C-8A4F8396A758">
<sourceConnName>deepthought</sourceConnName>
<sourceObjSchema>RCPSHIST</sourceObjSchema>
<sourceObjName>ADR_STATE</sourceObjName>
<createdBy>calittle</createdBy>
<createdTime>2019-04-17 17:26:43 UTC</createdTime>
<ownerDesignName>ODEE_1262_Design</ownerDesignName>
<nullsAllowed>true</nullsAllowed>
<useDomainConstraints>false</useDomainConstraints>
<use>1</use>
<logicalDatatype>LOGDT037</logicalDatatype>
<dataTypeSize>256</dataTypeSize>
<autoIncrementCycle>false</autoIncrementCycle>
</Column>
<Column name="ADR_COUNTRY" id="5741E9EF-7DF6-B282-306A-AF9C9858CD11">
<sourceConnName>deepthought</sourceConnName>
<sourceObjSchema>RCPSHIST</sourceObjSchema>
<sourceObjName>ADR_COUNTRY</sourceObjName>
<createdBy>calittle</createdBy>
<createdTime>2019-04-17 17:26:43 UTC</createdTime>
<ownerDesignName>ODEE_1262_Design</ownerDesignName>
<nullsAllowed>true</nullsAllowed>
<useDomainConstraints>false</useDomainConstraints>
<use>1</use>
<logicalDatatype>LOGDT037</logicalDatatype>
<dataTypeSize>256</dataTypeSize>
<autoIncrementCycle>false</autoIncrementCycle>
</Column>
<Column name="ADR_POSTALCODE" id="BD7E289D-32AB-676B-C8AB-FECB27D148FA">
<sourceConnName>deepthought</sourceConnName>
<sourceObjSchema>RCPSHIST</sourceObjSchema>
<sourceObjName>ADR_POSTALCODE</sourceObjName>
<createdBy>calittle</createdBy>
<createdTime>2019-04-17 17:26:43 UTC</createdTime>
<ownerDesignName>ODEE_1262_Design</ownerDesignName>
<nullsAllowed>true</nullsAllowed>
<useDomainConstraints>false</useDomainConstraints>
<use>1</use>
<logicalDatatype>LOGDT037</logicalDatatype>
<dataTypeSize>20</dataTypeSize>
<autoIncrementCycle>false</autoIncrementCycle>
</Column>
<Column name="ADR_EMAIL" id="D3D51A7B-94D9-6399-B01E-24BEE652DBB8">
<sourceConnName>deepthought</sourceConnName>
<sourceObjSchema>RCPSHIST</sourceObjSchema>
<sourceObjName>ADR_EMAIL</sourceObjName>
<createdBy>calittle</createdBy>
<createdTime>2019-04-17 17:26:43 UTC</createdTime>
<ownerDesignName>ODEE_1262_Design</ownerDesignName>
<nullsAllowed>true</nullsAllowed>
<useDomainConstraints>false</useDomainConstraints>
<use>1</use>
<logicalDatatype>LOGDT037</logicalDatatype>
<dataTypeSize>256</dataTypeSize>
<autoIncrementCycle>false</autoIncrementCycle>
</Column>
<Column name="ADR_ENCLOSURES" id="5640E1AE-D0DC-AD33-B2B3-4D0CC5D63EA9">
<sourceConnName>deepthought</sourceConnName>
<sourceObjSchema>RCPSHIST</sourceObjSchema>
<sourceObjName>ADR_ENCLOSURES</sourceObjName>
<createdBy>calittle</createdBy>
<createdTime>2019-04-17 17:26:43 UTC</createdTime>
<ownerDesignName>ODEE_1262_Design</ownerDesignName>
<nullsAllowed>true</nullsAllowed>
<useDomainConstraints>false</useDomainConstraints>
<use>1</use>
<logicalDatatype>LOGDT037</logicalDatatype>
<dataTypeSize>5</dataTypeSize>
<autoIncrementCycle>false</autoIncrementCycle>
</Column>
<Column name="ADR_FAX" id="602D6DB8-58B3-2F09-49A4-8B5E1D834D3F">
<sourceConnName>deepthought</sourceConnName>
<sourceObjSchema>RCPSHIST</sourceObjSchema>
<sourceObjName>ADR_FAX</sourceObjName>
<createdBy>calittle</createdBy>
<createdTime>2019-04-17 17:26:43 UTC</createdTime>
<ownerDesignName>ODEE_1262_Design</ownerDesignName>
<nullsAllowed>true</nullsAllowed>
<useDomainConstraints>false</useDomainConstraints>
<use>1</use>
<logicalDatatype>LOGDT037</logicalDatatype>
<dataTypeSize>20</dataTypeSize>
<autoIncrementCycle>false</autoIncrementCycle>
</Column>
<Column name="ADR_PHONE" id="AE69D172-241E-8501-02C4-4995933B4D86">
<sourceConnName>deepthought</sourceConnName>
<sourceObjSchema>RCPSHIST</sourceObjSchema>
<sourceObjName>ADR_PHONE</sourceObjName>
<createdBy>calittle</createdBy>
<createdTime>2019-04-17 17:26:43 UTC</createdTime>
<ownerDesignName>ODEE_1262_Design</ownerDesignName>
<nullsAllowed>true</nullsAllowed>
<useDomainConstraints>false</useDomainConstraints>
<use>1</use>
<logicalDatatype>LOGDT037</logicalDatatype>
<dataTypeSize>20</dataTypeSize>
<autoIncrementCycle>false</autoIncrementCycle>
</Column>
<Column name="ADR_HOMEPHONE" id="9588BDEE-3DCB-BEB6-DD3F-588BFB41A0FB">
<sourceConnName>deepthought</sourceConnName>
<sourceObjSchema>RCPSHIST</sourceObjSchema>
<sourceObjName>ADR_HOMEPHONE</sourceObjName>
<createdBy>calittle</createdBy>
<createdTime>2019-04-17 17:26:43 UTC</createdTime>
<ownerDesignName>ODEE_1262_Design</ownerDesignName>
<nullsAllowed>true</nullsAllowed>
<useDomainConstraints>false</useDomainConstraints>
<use>1</use>
<logicalDatatype>LOGDT037</logicalDatatype>
<dataTypeSize>20</dataTypeSize>
<autoIncrementCycle>false</autoIncrementCycle>
</Column>
<Column name="ADR_PREFERRED" id="F1568A3D-F2FF-3ABB-53A8-E2AA55F249F2">
<sourceConnName>deepthought</sourceConnName>
<sourceObjSchema>RCPSHIST</sourceObjSchema>
<sourceObjName>ADR_PREFERRED</sourceObjName>
<createdBy>calittle</createdBy>
<createdTime>2019-04-17 17:26:43 UTC</createdTime>
<ownerDesignName>ODEE_1262_Design</ownerDesignName>
<nullsAllowed>true</nullsAllowed>
<useDomainConstraints>false</useDomainConstraints>
<use>1</use>
<logicalDatatype>LOGDT019</logicalDatatype>
<dataTypePrecision>10</dataTypePrecision>
<autoIncrementCycle>false</autoIncrementCycle>
</Column>
<Column name="ADR_SELECTED" id="081FF133-7F23-487E-B988-75AD9E5D6A99">
<sourceConnName>deepthought</sourceConnName>
<sourceObjSchema>RCPSHIST</sourceObjSchema>
<sourceObjName>ADR_SELECTED</sourceObjName>
<createdBy>calittle</createdBy>
<createdTime>2019-04-17 17:26:43 UTC</createdTime>
<ownerDesignName>ODEE_1262_Design</ownerDesignName>
<nullsAllowed>true</nullsAllowed>
<useDomainConstraints>false</useDomainConstraints>
<use>1</use>
<logicalDatatype>LOGDT019</logicalDatatype>
<dataTypePrecision>10</dataTypePrecision>
<autoIncrementCycle>false</autoIncrementCycle>
</Column>
<Column name="ADR_RFU" id="72060AE5-ACD4-B414-E7D4-46F1953D261B">
<sourceConnName>deepthought</sourceConnName>
<sourceObjSchema>RCPSHIST</sourceObjSchema>
<sourceObjName>ADR_RFU</sourceObjName>
<createdBy>calittle</createdBy>
<createdTime>2019-04-17 17:26:43 UTC</createdTime>
<ownerDesignName>ODEE_1262_Design</ownerDesignName>
<nullsAllowed>true</nullsAllowed>
<useDomainConstraints>false</useDomainConstraints>
<use>1</use>
<logicalDatatype>LOGDT037</logicalDatatype>
<dataTypeSize>256</dataTypeSize>
<autoIncrementCycle>false</autoIncrementCycle>
</Column>
<Column name="ADR_ROLE" id="2AADE3BC-2309-24BA-FFE6-92D538852AD1">
<sourceConnName>deepthought</sourceConnName>
<sourceObjSchema>RCPSHIST</sourceObjSchema>
<sourceObjName>ADR_ROLE</sourceObjName>
<createdBy>calittle</createdBy>
<createdTime>2019-04-17 17:26:43 UTC</createdTime>
<ownerDesignName>ODEE_1262_Design</ownerDesignName>
<nullsAllowed>true</nullsAllowed>
<useDomainConstraints>false</useDomainConstraints>
<use>1</use>
<logicalDatatype>LOGDT037</logicalDatatype>
<dataTypeSize>256</dataTypeSize>
<autoIncrementCycle>false</autoIncrementCycle>
</Column>
<Column name="ADR_SIGNINGROLE" id="5AD7CA3B-5788-0FD2-EC32-EF956AD57911">
<sourceConnName>deepthought</sourceConnName>
<sourceObjSchema>RCPSHIST</sourceObjSchema>
<sourceObjName>ADR_SIGNINGROLE</sourceObjName>
<createdBy>calittle</createdBy>
<createdTime>2019-04-17 17:26:43 UTC</createdTime>
<ownerDesignName>ODEE_1262_Design</ownerDesignName>
<nullsAllowed>true</nullsAllowed>
<useDomainConstraints>false</useDomainConstraints>
<use>1</use>
<logicalDatatype>LOGDT037</logicalDatatype>
<dataTypeSize>256</dataTypeSize>
<autoIncrementCycle>false</autoIncrementCycle>
</Column>
<Column name="ADR_TRACKING" id="BA8EEF77-22BA-2748-FA97-50E795D7FD8D">
<sourceConnName>deepthought</sourceConnName>
<sourceObjSchema>RCPSHIST</sourceObjSchema>
<sourceObjName>ADR_TRACKING</sourceObjName>
<createdBy>calittle</createdBy>
<createdTime>2019-04-17 17:26:43 UTC</createdTime>
<ownerDesignName>ODEE_1262_Design</ownerDesignName>
<nullsAllowed>true</nullsAllowed>
<useDomainConstraints>false</useDomainConstraints>
<use>1</use>
<logicalDatatype>LOGDT037</logicalDatatype>
<dataTypeSize>256</dataTypeSize>
<autoIncrementCycle>false</autoIncrementCycle>
</Column>
<Column name="ADR_TYPE" id="BC00DDF9-5543-CCB0-7504-195867C324E4">
<sourceConnName>deepthought</sourceConnName>
<sourceObjSchema>RCPSHIST</sourceObjSchema>
<sourceObjName>ADR_TYPE</sourceObjName>
<createdBy>calittle</createdBy>
<createdTime>2019-04-17 17:26:43 UTC</createdTime>
<ownerDesignName>ODEE_1262_Design</ownerDesignName>
<nullsAllowed>true</nullsAllowed>
<useDomainConstraints>false</useDomainConstraints>
<use>1</use>
<logicalDatatype>LOGDT037</logicalDatatype>
<dataTypeSize>10</dataTypeSize>
<autoIncrementCycle>false</autoIncrementCycle>
</Column>
<Column name="ADR_LANGUAGE" id="A63DF90A-C0B4-55C2-0D0E-18D1B6FD637A">
<sourceConnName>deepthought</sourceConnName>
<sourceObjSchema>RCPSHIST</sourceObjSchema>
<sourceObjName>ADR_LANGUAGE</sourceObjName>
<createdBy>calittle</createdBy>
<createdTime>2019-04-17 17:26:43 UTC</createdTime>
<ownerDesignName>ODEE_1262_Design</ownerDesignName>
<nullsAllowed>true</nullsAllowed>
<useDomainConstraints>false</useDomainConstraints>
<use>1</use>
<logicalDatatype>LOGDT037</logicalDatatype>
<dataTypeSize>20</dataTypeSize>
<autoIncrementCycle>false</autoIncrementCycle>
</Column>
<Column name="ADR_HOUSEHOLD" id="E8451A6C-5474-2992-F0AF-42F07034F4E7">
<sourceConnName>deepthought</sourceConnName>
<sourceObjSchema>RCPSHIST</sourceObjSchema>
<sourceObjName>ADR_HOUSEHOLD</sourceObjName>
<createdBy>calittle</createdBy>
<createdTime>2019-04-17 17:26:43 UTC</createdTime>
<ownerDesignName>ODEE_1262_Design</ownerDesignName>
<nullsAllowed>true</nullsAllowed>
<useDomainConstraints>false</useDomainConstraints>
<use>1</use>
<logicalDatatype>LOGDT037</logicalDatatype>
<dataTypeSize>5</dataTypeSize>
<autoIncrementCycle>false</autoIncrementCycle>
</Column>
<Column name="RCPERR_ID" id="2F449020-9ABB-DDA9-8427-C91E68C1B016">
<sourceConnName>deepthought</sourceConnName>
<sourceObjSchema>RCPSHIST</sourceObjSchema>
<sourceObjName>RCPERR_ID</sourceObjName>
<createdBy>calittle</createdBy>
<createdTime>2019-04-17 17:26:43 UTC</createdTime>
<ownerDesignName>ODEE_1262_Design</ownerDesignName>
<nullsAllowed>true</nullsAllowed>
<useDomainConstraints>false</useDomainConstraints>
<use>1</use>
<logicalDatatype>LOGDT019</logicalDatatype>
<dataTypePrecision>38</dataTypePrecision>
<autoIncrementCycle>false</autoIncrementCycle>
</Column>
<Column name="RCPAPPDATE001" id="D938673D-FFA6-5D26-895D-FA7EA009F3AE">
<sourceConnName>deepthought</sourceConnName>
<sourceObjSchema>RCPSHIST</sourceObjSchema>
<sourceObjName>RCPAPPDATE001</sourceObjName>
<createdBy>calittle</createdBy>
<createdTime>2019-04-17 17:26:43 UTC</createdTime>
<ownerDesignName>ODEE_1262_Design</ownerDesignName>
<nullsAllowed>true</nullsAllowed>
<useDomainConstraints>false</useDomainConstraints>
<use>1</use>
<logicalDatatype>LOGDT015</logicalDatatype>
<dataTypePrecision>6</dataTypePrecision>
<autoIncrementCycle>false</autoIncrementCycle>
</Column>
<Column name="RCPAPPDATE002" id="CF67ADB5-37FE-E141-EB4E-173D26BCE5D0">
<sourceConnName>deepthought</sourceConnName>
<sourceObjSchema>RCPSHIST</sourceObjSchema>
<sourceObjName>RCPAPPDATE002</sourceObjName>
<createdBy>calittle</createdBy>
<createdTime>2019-04-17 17:26:43 UTC</createdTime>
<ownerDesignName>ODEE_1262_Design</ownerDesignName>
<nullsAllowed>true</nullsAllowed>
<useDomainConstraints>false</useDomainConstraints>
<use>1</use>
<logicalDatatype>LOGDT015</logicalDatatype>
<dataTypePrecision>6</dataTypePrecision>
<autoIncrementCycle>false</autoIncrementCycle>
</Column>
<Column name="RCPAPPDATE003" id="6550B1F8-9ABE-1FA2-2537-C3E6E275465A">
<sourceConnName>deepthought</sourceConnName>
<sourceObjSchema>RCPSHIST</sourceObjSchema>
<sourceObjName>RCPAPPDATE003</sourceObjName>
<createdBy>calittle</createdBy>
<createdTime>2019-04-17 17:26:43 UTC</createdTime>
<ownerDesignName>ODEE_1262_Design</ownerDesignName>
<nullsAllowed>true</nullsAllowed>
<useDomainConstraints>false</useDomainConstraints>
<use>1</use>
<logicalDatatype>LOGDT015</logicalDatatype>
<dataTypePrecision>6</dataTypePrecision>
<autoIncrementCycle>false</autoIncrementCycle>
</Column>
<Column name="RCPAPPDATE004" id="B688C422-20FD-49BA-715F-D8EF6D149D2F">
<sourceConnName>deepthought</sourceConnName>
<sourceObjSchema>RCPSHIST</sourceObjSchema>
<sourceObjName>RCPAPPDATE004</sourceObjName>
<createdBy>calittle</createdBy>
<createdTime>2019-04-17 17:26:43 UTC</createdTime>
<ownerDesignName>ODEE_1262_Design</ownerDesignName>
<nullsAllowed>true</nullsAllowed>
<useDomainConstraints>false</useDomainConstraints>
<use>1</use>
<logicalDatatype>LOGDT015</logicalDatatype>
<dataTypePrecision>6</dataTypePrecision>
<autoIncrementCycle>false</autoIncrementCycle>
</Column>
<Column name="RCPAPPDATE005" id="7E5E7AEC-4BEA-F34F-0511-A8993D72E316">
<sourceConnName>deepthought</sourceConnName>
<sourceObjSchema>RCPSHIST</sourceObjSchema>
<sourceObjName>RCPAPPDATE005</sourceObjName>
<createdBy>calittle</createdBy>
<createdTime>2019-04-17 17:26:43 UTC</createdTime>
<ownerDesignName>ODEE_1262_Design</ownerDesignName>
<nullsAllowed>true</nullsAllowed>
<useDomainConstraints>false</useDomainConstraints>
<use>1</use>
<logicalDatatype>LOGDT015</logicalDatatype>
<dataTypePrecision>6</dataTypePrecision>
<autoIncrementCycle>false</autoIncrementCycle>
</Column>
<Column name="RCPAPPDEC001" id="80D4FBF5-2451-6DCB-4523-6A9200A2209D">
<sourceConnName>deepthought</sourceConnName>
<sourceObjSchema>RCPSHIST</sourceObjSchema>
<sourceObjName>RCPAPPDEC001</sourceObjName>
<createdBy>calittle</createdBy>
<createdTime>2019-04-17 17:26:43 UTC</createdTime>
<ownerDesignName>ODEE_1262_Design</ownerDesignName>
<nullsAllowed>true</nullsAllowed>
<useDomainConstraints>false</useDomainConstraints>
<use>1</use>
<logicalDatatype>LOGDT019</logicalDatatype>
<dataTypePrecision>19</dataTypePrecision>
<dataTypeScale>4</dataTypeScale>
<autoIncrementCycle>false</autoIncrementCycle>
</Column>
<Column name="RCPAPPDEC002" id="F9A8170A-11C8-982B-A2B8-CDAC0DEBF585">
<sourceConnName>deepthought</sourceConnName>
<sourceObjSchema>RCPSHIST</sourceObjSchema>
<sourceObjName>RCPAPPDEC002</sourceObjName>
<createdBy>calittle</createdBy>
<createdTime>2019-04-17 17:26:43 UTC</createdTime>
<ownerDesignName>ODEE_1262_Design</ownerDesignName>
<nullsAllowed>true</nullsAllowed>
<useDomainConstraints>false</useDomainConstraints>
<use>1</use>
<logicalDatatype>LOGDT019</logicalDatatype>
<dataTypePrecision>19</dataTypePrecision>
<dataTypeScale>4</dataTypeScale>
<autoIncrementCycle>false</autoIncrementCycle>
</Column>
<Column name="RCPAPPDEC003" id="D8FD93F4-1C37-114B-1113-BE580995BAEA">
<sourceConnName>deepthought</sourceConnName>
<sourceObjSchema>RCPSHIST</sourceObjSchema>
<sourceObjName>RCPAPPDEC003</sourceObjName>
<createdBy>calittle</createdBy>
<createdTime>2019-04-17 17:26:43 UTC</createdTime>
<ownerDesignName>ODEE_1262_Design</ownerDesignName>
<nullsAllowed>true</nullsAllowed>
<useDomainConstraints>false</useDomainConstraints>
<use>1</use>
<logicalDatatype>LOGDT019</logicalDatatype>
<dataTypePrecision>19</dataTypePrecision>
<dataTypeScale>4</dataTypeScale>
<autoIncrementCycle>false</autoIncrementCycle>
</Column>
<Column name="RCPAPPDEC004" id="F4832CD5-7F75-5AF7-1F5D-9BB34024D08D">
<sourceConnName>deepthought</sourceConnName>
<sourceObjSchema>RCPSHIST</sourceObjSchema>
<sourceObjName>RCPAPPDEC004</sourceObjName>
<createdBy>calittle</createdBy>
<createdTime>2019-04-17 17:26:43 UTC</createdTime>
<ownerDesignName>ODEE_1262_Design</ownerDesignName>
<nullsAllowed>true</nullsAllowed>
<useDomainConstraints>false</useDomainConstraints>
<use>1</use>
<logicalDatatype>LOGDT019</logicalDatatype>
<dataTypePrecision>19</dataTypePrecision>
<dataTypeScale>4</dataTypeScale>
<autoIncrementCycle>false</autoIncrementCycle>
</Column>
<Column name="RCPAPPDEC005" id="F1384783-3007-6C0D-E6AE-DA5AFF76D896">
<sourceConnName>deepthought</sourceConnName>
<sourceObjSchema>RCPSHIST</sourceObjSchema>
<sourceObjName>RCPAPPDEC005</sourceObjName>
<createdBy>calittle</createdBy>
<createdTime>2019-04-17 17:26:43 UTC</createdTime>
<ownerDesignName>ODEE_1262_Design</ownerDesignName>
<nullsAllowed>true</nullsAllowed>
<useDomainConstraints>false</useDomainConstraints>
<use>1</use>
<logicalDatatype>LOGDT019</logicalDatatype>
<dataTypePrecision>19</dataTypePrecision>
<dataTypeScale>4</dataTypeScale>
<autoIncrementCycle>false</autoIncrementCycle>
</Column>
<Column name="RCPAPPINT001" id="B89454E6-3E8D-1F68-AD5F-4DD516C59D51">
<sourceConnName>deepthought</sourceConnName>
<sourceObjSchema>RCPSHIST</sourceObjSchema>
<sourceObjName>RCPAPPINT001</sourceObjName>
<createdBy>calittle</createdBy>
<createdTime>2019-04-17 17:26:43 UTC</createdTime>
<ownerDesignName>ODEE_1262_Design</ownerDesignName>
<nullsAllowed>true</nullsAllowed>
<useDomainConstraints>false</useDomainConstraints>
<use>1</use>
<logicalDatatype>LOGDT019</logicalDatatype>
<dataTypePrecision>20</dataTypePrecision>
<autoIncrementCycle>false</autoIncrementCycle>
</Column>
<Column name="RCPAPPINT002" id="19767079-2CE6-B8E1-C6C0-215B9995BB6B">
<sourceConnName>deepthought</sourceConnName>
<sourceObjSchema>RCPSHIST</sourceObjSchema>
<sourceObjName>RCPAPPINT002</sourceObjName>
<createdBy>calittle</createdBy>
<createdTime>2019-04-17 17:26:43 UTC</createdTime>
<ownerDesignName>ODEE_1262_Design</ownerDesignName>
<nullsAllowed>true</nullsAllowed>
<useDomainConstraints>false</useDomainConstraints>
<use>1</use>
<logicalDatatype>LOGDT019</logicalDatatype>
<dataTypePrecision>20</dataTypePrecision>
<autoIncrementCycle>false</autoIncrementCycle>
</Column>
<Column name="RCPAPPINT003" id="57791BC5-7257-D2BC-6654-06390BE554AC">
<sourceConnName>deepthought</sourceConnName>
<sourceObjSchema>RCPSHIST</sourceObjSchema>
<sourceObjName>RCPAPPINT003</sourceObjName>
<createdBy>calittle</createdBy>
<createdTime>2019-04-17 17:26:43 UTC</createdTime>
<ownerDesignName>ODEE_1262_Design</ownerDesignName>
<nullsAllowed>true</nullsAllowed>
<useDomainConstraints>false</useDomainConstraints>
<use>1</use>
<logicalDatatype>LOGDT019</logicalDatatype>
<dataTypePrecision>20</dataTypePrecision>
<autoIncrementCycle>false</autoIncrementCycle>
</Column>
<Column name="RCPAPPINT004" id="9A6674CC-3791-7ACF-7FF5-DB2CE8214579">
<sourceConnName>deepthought</sourceConnName>
<sourceObjSchema>RCPSHIST</sourceObjSchema>
<sourceObjName>RCPAPPINT004</sourceObjName>
<createdBy>calittle</createdBy>
<createdTime>2019-04-17 17:26:43 UTC</createdTime>
<ownerDesignName>ODEE_1262_Design</ownerDesignName>
<nullsAllowed>true</nullsAllowed>
<useDomainConstraints>false</useDomainConstraints>
<use>1</use>
<logicalDatatype>LOGDT019</logicalDatatype>
<dataTypePrecision>20</dataTypePrecision>
<autoIncrementCycle>false</autoIncrementCycle>
</Column>
<Column name="RCPAPPINT005" id="2BE33D20-FBD0-2BD6-2913-A94B4670C270">
<sourceConnName>deepthought</sourceConnName>
<sourceObjSchema>RCPSHIST</sourceObjSchema>
<sourceObjName>RCPAPPINT005</sourceObjName>
<createdBy>calittle</createdBy>
<createdTime>2019-04-17 17:26:43 UTC</createdTime>
<ownerDesignName>ODEE_1262_Design</ownerDesignName>
<nullsAllowed>true</nullsAllowed>
<useDomainConstraints>false</useDomainConstraints>
<use>1</use>
<logicalDatatype>LOGDT019</logicalDatatype>
<dataTypePrecision>20</dataTypePrecision>
<autoIncrementCycle>false</autoIncrementCycle>
</Column>
<Column name="RCPAPPSTR001" id="1F52EAD4-AD88-C1AC-B552-33A1C560C66F">
<sourceConnName>deepthought</sourceConnName>
<sourceObjSchema>RCPSHIST</sourceObjSchema>
<sourceObjName>RCPAPPSTR001</sourceObjName>
<createdBy>calittle</createdBy>
<createdTime>2019-04-17 17:26:43 UTC</createdTime>
<ownerDesignName>ODEE_1262_Design</ownerDesignName>
<nullsAllowed>true</nullsAllowed>
<useDomainConstraints>false</useDomainConstraints>
<use>1</use>
<logicalDatatype>LOGDT037</logicalDatatype>
<dataTypeSize>256</dataTypeSize>
<autoIncrementCycle>false</autoIncrementCycle>
</Column>
<Column name="RCPAPPSTR002" id="4919C4B0-42C8-27E1-265B-17B242DAFF7C">
<sourceConnName>deepthought</sourceConnName>
<sourceObjSchema>RCPSHIST</sourceObjSchema>
<sourceObjName>RCPAPPSTR002</sourceObjName>
<createdBy>calittle</createdBy>
<createdTime>2019-04-17 17:26:43 UTC</createdTime>
<ownerDesignName>ODEE_1262_Design</ownerDesignName>
<nullsAllowed>true</nullsAllowed>
<useDomainConstraints>false</useDomainConstraints>
<use>1</use>
<logicalDatatype>LOGDT037</logicalDatatype>
<dataTypeSize>256</dataTypeSize>
<autoIncrementCycle>false</autoIncrementCycle>
</Column>
<Column name="RCPAPPSTR003" id="2053C100-D1A1-8FA7-37FB-1A28CF79B405">
<sourceConnName>deepthought</sourceConnName>
<sourceObjSchema>RCPSHIST</sourceObjSchema>
<sourceObjName>RCPAPPSTR003</sourceObjName>
<createdBy>calittle</createdBy>
<createdTime>2019-04-17 17:26:43 UTC</createdTime>
<ownerDesignName>ODEE_1262_Design</ownerDesignName>
<nullsAllowed>true</nullsAllowed>
<useDomainConstraints>false</useDomainConstraints>
<use>1</use>
<logicalDatatype>LOGDT037</logicalDatatype>
<dataTypeSize>256</dataTypeSize>
<autoIncrementCycle>false</autoIncrementCycle>
</Column>
<Column name="RCPAPPSTR004" id="40177BC3-60A2-C07D-F732-1F96EDB977EC">
<sourceConnName>deepthought</sourceConnName>
<sourceObjSchema>RCPSHIST</sourceObjSchema>
<sourceObjName>RCPAPPSTR004</sourceObjName>
<createdBy>calittle</createdBy>
<createdTime>2019-04-17 17:26:43 UTC</createdTime>
<ownerDesignName>ODEE_1262_Design</ownerDesignName>
<nullsAllowed>true</nullsAllowed>
<useDomainConstraints>false</useDomainConstraints>
<use>1</use>
<logicalDatatype>LOGDT037</logicalDatatype>
<dataTypeSize>256</dataTypeSize>
<autoIncrementCycle>false</autoIncrementCycle>
</Column>
<Column name="RCPAPPSTR005" id="3F27E080-3552-AB18-7046-220DBFDCEB89">
<sourceConnName>deepthought</sourceConnName>
<sourceObjSchema>RCPSHIST</sourceObjSchema>
<sourceObjName>RCPAPPSTR005</sourceObjName>
<createdBy>calittle</createdBy>
<createdTime>2019-04-17 17:26:43 UTC</createdTime>
<ownerDesignName>ODEE_1262_Design</ownerDesignName>
<nullsAllowed>true</nullsAllowed>
<useDomainConstraints>false</useDomainConstraints>
<use>1</use>
<logicalDatatype>LOGDT037</logicalDatatype>
<dataTypeSize>256</dataTypeSize>
<autoIncrementCycle>false</autoIncrementCycle>
</Column>
<Column name="RCPAPPSTR006" id="54186157-5547-64CC-7842-50E878706CF6">
<sourceConnName>deepthought</sourceConnName>
<sourceObjSchema>RCPSHIST</sourceObjSchema>
<sourceObjName>RCPAPPSTR006</sourceObjName>
<createdBy>calittle</createdBy>
<createdTime>2019-04-17 17:26:43 UTC</createdTime>
<ownerDesignName>ODEE_1262_Design</ownerDesignName>
<nullsAllowed>true</nullsAllowed>
<useDomainConstraints>false</useDomainConstraints>
<use>1</use>
<logicalDatatype>LOGDT037</logicalDatatype>
<dataTypeSize>256</dataTypeSize>
<autoIncrementCycle>false</autoIncrementCycle>
</Column>
<Column name="RCPAPPSTR007" id="1717619D-70C3-9A4E-2D89-3F987A1FD091">
<sourceConnName>deepthought</sourceConnName>
<sourceObjSchema>RCPSHIST</sourceObjSchema>
<sourceObjName>RCPAPPSTR007</sourceObjName>
<createdBy>calittle</createdBy>
<createdTime>2019-04-17 17:26:43 UTC</createdTime>
<ownerDesignName>ODEE_1262_Design</ownerDesignName>
<nullsAllowed>true</nullsAllowed>
<useDomainConstraints>false</useDomainConstraints>
<use>1</use>
<logicalDatatype>LOGDT037</logicalDatatype>
<dataTypeSize>256</dataTypeSize>
<autoIncrementCycle>false</autoIncrementCycle>
</Column>
<Column name="RCPAPPSTR008" id="778E9F3B-A44E-84E9-951F-E4408FAB5D82">
<sourceConnName>deepthought</sourceConnName>
<sourceObjSchema>RCPSHIST</sourceObjSchema>
<sourceObjName>RCPAPPSTR008</sourceObjName>
<createdBy>calittle</createdBy>
<createdTime>2019-04-17 17:26:43 UTC</createdTime>
<ownerDesignName>ODEE_1262_Design</ownerDesignName>
<nullsAllowed>true</nullsAllowed>
<useDomainConstraints>false</useDomainConstraints>
<use>1</use>
<logicalDatatype>LOGDT037</logicalDatatype>
<dataTypeSize>256</dataTypeSize>
<autoIncrementCycle>false</autoIncrementCycle>
</Column>
<Column name="RCPAPPSTR009" id="9340A00A-62D4-FC65-D396-FEE9544FED49">
<sourceConnName>deepthought</sourceConnName>
<sourceObjSchema>RCPSHIST</sourceObjSchema>
<sourceObjName>RCPAPPSTR009</sourceObjName>
<createdBy>calittle</createdBy>
<createdTime>2019-04-17 17:26:43 UTC</createdTime>
<ownerDesignName>ODEE_1262_Design</ownerDesignName>
<nullsAllowed>true</nullsAllowed>
<useDomainConstraints>false</useDomainConstraints>
<use>1</use>
<logicalDatatype>LOGDT037</logicalDatatype>
<dataTypeSize>256</dataTypeSize>
<autoIncrementCycle>false</autoIncrementCycle>
</Column>
<Column name="RCPAPPSTR010" id="9B365D39-AC32-F3AA-6FAA-04C92B372B63">
<sourceConnName>deepthought</sourceConnName>
<sourceObjSchema>RCPSHIST</sourceObjSchema>
<sourceObjName>RCPAPPSTR010</sourceObjName>
<createdBy>calittle</createdBy>
<createdTime>2019-04-17 17:26:43 UTC</createdTime>
<ownerDesignName>ODEE_1262_Design</ownerDesignName>
<nullsAllowed>true</nullsAllowed>
<useDomainConstraints>false</useDomainConstraints>
<use>1</use>
<logicalDatatype>LOGDT037</logicalDatatype>
<dataTypeSize>256</dataTypeSize>
<autoIncrementCycle>false</autoIncrementCycle>
</Column>
<Column name="RCPAPPSTR011" id="56053D75-1AE4-E667-CAE1-BFECD6B1BDD0">
<sourceConnName>deepthought</sourceConnName>
<sourceObjSchema>RCPSHIST</sourceObjSchema>
<sourceObjName>RCPAPPSTR011</sourceObjName>
<createdBy>calittle</createdBy>
<createdTime>2019-04-17 17:26:43 UTC</createdTime>
<ownerDesignName>ODEE_1262_Design</ownerDesignName>
<nullsAllowed>true</nullsAllowed>
<useDomainConstraints>false</useDomainConstraints>
<use>1</use>
<logicalDatatype>LOGDT037</logicalDatatype>
<dataTypeSize>256</dataTypeSize>
<autoIncrementCycle>false</autoIncrementCycle>
</Column>
<Column name="RCPAPPSTR012" id="B761628D-662F-5F81-6FC4-FC8580C33F47">
<sourceConnName>deepthought</sourceConnName>
<sourceObjSchema>RCPSHIST</sourceObjSchema>
<sourceObjName>RCPAPPSTR012</sourceObjName>
<createdBy>calittle</createdBy>
<createdTime>2019-04-17 17:26:43 UTC</createdTime>
<ownerDesignName>ODEE_1262_Design</ownerDesignName>
<nullsAllowed>true</nullsAllowed>
<useDomainConstraints>false</useDomainConstraints>
<use>1</use>
<logicalDatatype>LOGDT037</logicalDatatype>
<dataTypeSize>256</dataTypeSize>
<autoIncrementCycle>false</autoIncrementCycle>
</Column>
<Column name="RCPAPPSTR013" id="09E01E26-4F7D-0E8B-3F63-59829F056043">
<sourceConnName>deepthought</sourceConnName>
<sourceObjSchema>RCPSHIST</sourceObjSchema>
<sourceObjName>RCPAPPSTR013</sourceObjName>
<createdBy>calittle</createdBy>
<createdTime>2019-04-17 17:26:43 UTC</createdTime>
<ownerDesignName>ODEE_1262_Design</ownerDesignName>
<nullsAllowed>true</nullsAllowed>
<useDomainConstraints>false</useDomainConstraints>
<use>1</use>
<logicalDatatype>LOGDT037</logicalDatatype>
<dataTypeSize>256</dataTypeSize>
<autoIncrementCycle>false</autoIncrementCycle>
</Column>
<Column name="RCPAPPSTR014" id="9025E9C5-A020-6DE5-777B-2D96AE07156C">
<sourceConnName>deepthought</sourceConnName>
<sourceObjSchema>RCPSHIST</sourceObjSchema>
<sourceObjName>RCPAPPSTR014</sourceObjName>
<createdBy>calittle</createdBy>
<createdTime>2019-04-17 17:26:43 UTC</createdTime>
<ownerDesignName>ODEE_1262_Design</ownerDesignName>
<nullsAllowed>true</nullsAllowed>
<useDomainConstraints>false</useDomainConstraints>
<use>1</use>
<logicalDatatype>LOGDT037</logicalDatatype>
<dataTypeSize>256</dataTypeSize>
<autoIncrementCycle>false</autoIncrementCycle>
</Column>
<Column name="RCPAPPSTR015" id="B982932D-4D0B-9E37-06AC-B990B7EF3FF5">
<sourceConnName>deepthought</sourceConnName>
<sourceObjSchema>RCPSHIST</sourceObjSchema>
<sourceObjName>RCPAPPSTR015</sourceObjName>
<createdBy>calittle</createdBy>
<createdTime>2019-04-17 17:26:43 UTC</createdTime>
<ownerDesignName>ODEE_1262_Design</ownerDesignName>
<nullsAllowed>true</nullsAllowed>
<useDomainConstraints>false</useDomainConstraints>
<use>1</use>
<logicalDatatype>LOGDT037</logicalDatatype>
<dataTypeSize>256</dataTypeSize>
<autoIncrementCycle>false</autoIncrementCycle>
</Column>
<Column name="RCPCUSDATE001" id="8219DDE4-C8E9-561C-5F6F-816A3C83E5E7">
<sourceConnName>deepthought</sourceConnName>
<sourceObjSchema>RCPSHIST</sourceObjSchema>
<sourceObjName>RCPCUSDATE001</sourceObjName>
<createdBy>calittle</createdBy>
<createdTime>2019-04-17 17:26:43 UTC</createdTime>
<ownerDesignName>ODEE_1262_Design</ownerDesignName>
<nullsAllowed>true</nullsAllowed>
<useDomainConstraints>false</useDomainConstraints>
<use>1</use>
<logicalDatatype>LOGDT015</logicalDatatype>
<dataTypePrecision>6</dataTypePrecision>
<autoIncrementCycle>false</autoIncrementCycle>
</Column>
<Column name="RCPCUSDATE002" id="EA3BB20D-E16E-F5E9-FA23-86DA7BA5980B">
<sourceConnName>deepthought</sourceConnName>
<sourceObjSchema>RCPSHIST</sourceObjSchema>
<sourceObjName>RCPCUSDATE002</sourceObjName>
<createdBy>calittle</createdBy>
<createdTime>2019-04-17 17:26:43 UTC</createdTime>
<ownerDesignName>ODEE_1262_Design</ownerDesignName>
<nullsAllowed>true</nullsAllowed>
<useDomainConstraints>false</useDomainConstraints>
<use>1</use>
<logicalDatatype>LOGDT015</logicalDatatype>
<dataTypePrecision>6</dataTypePrecision>
<autoIncrementCycle>false</autoIncrementCycle>
</Column>
<Column name="RCPCUSDATE003" id="CEE2B3C8-23C5-D811-35DA-1779E6AE517F">
<sourceConnName>deepthought</sourceConnName>
<sourceObjSchema>RCPSHIST</sourceObjSchema>
<sourceObjName>RCPCUSDATE003</sourceObjName>
<createdBy>calittle</createdBy>
<createdTime>2019-04-17 17:26:43 UTC</createdTime>
<ownerDesignName>ODEE_1262_Design</ownerDesignName>
<nullsAllowed>true</nullsAllowed>
<useDomainConstraints>false</useDomainConstraints>
<use>1</use>
<logicalDatatype>LOGDT015</logicalDatatype>
<dataTypePrecision>6</dataTypePrecision>
<autoIncrementCycle>false</autoIncrementCycle>
</Column>
<Column name="RCPCUSDATE004" id="2306D008-9216-C7D6-EB72-1C1053A9D2A5">
<sourceConnName>deepthought</sourceConnName>
<sourceObjSchema>RCPSHIST</sourceObjSchema>
<sourceObjName>RCPCUSDATE004</sourceObjName>
<createdBy>calittle</createdBy>
<createdTime>2019-04-17 17:26:43 UTC</createdTime>
<ownerDesignName>ODEE_1262_Design</ownerDesignName>
<nullsAllowed>true</nullsAllowed>
<useDomainConstraints>false</useDomainConstraints>
<use>1</use>
<logicalDatatype>LOGDT015</logicalDatatype>
<dataTypePrecision>6</dataTypePrecision>
<autoIncrementCycle>false</autoIncrementCycle>
</Column>
<Column name="RCPCUSDATE005" id="27EF1B55-B4C0-7D9A-E7DD-7CF264005B44">
<sourceConnName>deepthought</sourceConnName>
<sourceObjSchema>RCPSHIST</sourceObjSchema>
<sourceObjName>RCPCUSDATE005</sourceObjName>
<createdBy>calittle</createdBy>
<createdTime>2019-04-17 17:26:43 UTC</createdTime>
<ownerDesignName>ODEE_1262_Design</ownerDesignName>
<nullsAllowed>true</nullsAllowed>
<useDomainConstraints>false</useDomainConstraints>
<use>1</use>
<logicalDatatype>LOGDT015</logicalDatatype>
<dataTypePrecision>6</dataTypePrecision>
<autoIncrementCycle>false</autoIncrementCycle>
</Column>
<Column name="RCPCUSDEC001" id="70FBC36B-53AD-0DDE-9D2A-97B2153C43E0">
<sourceConnName>deepthought</sourceConnName>
<sourceObjSchema>RCPSHIST</sourceObjSchema>
<sourceObjName>RCPCUSDEC001</sourceObjName>
<createdBy>calittle</createdBy>
<createdTime>2019-04-17 17:26:43 UTC</createdTime>
<ownerDesignName>ODEE_1262_Design</ownerDesignName>
<nullsAllowed>true</nullsAllowed>
<useDomainConstraints>false</useDomainConstraints>
<use>1</use>
<logicalDatatype>LOGDT019</logicalDatatype>
<dataTypePrecision>19</dataTypePrecision>
<dataTypeScale>4</dataTypeScale>
<autoIncrementCycle>false</autoIncrementCycle>
</Column>
<Column name="RCPCUSDEC002" id="9D64F7DE-179E-8CEF-036A-3958F8D881DD">
<sourceConnName>deepthought</sourceConnName>
<sourceObjSchema>RCPSHIST</sourceObjSchema>
<sourceObjName>RCPCUSDEC002</sourceObjName>
<createdBy>calittle</createdBy>
<createdTime>2019-04-17 17:26:43 UTC</createdTime>
<ownerDesignName>ODEE_1262_Design</ownerDesignName>
<nullsAllowed>true</nullsAllowed>
<useDomainConstraints>false</useDomainConstraints>
<use>1</use>
<logicalDatatype>LOGDT019</logicalDatatype>
<dataTypePrecision>19</dataTypePrecision>
<dataTypeScale>4</dataTypeScale>
<autoIncrementCycle>false</autoIncrementCycle>
</Column>
<Column name="RCPCUSDEC003" id="99E5EF6F-04F8-4834-556B-78DD974430C1">
<sourceConnName>deepthought</sourceConnName>
<sourceObjSchema>RCPSHIST</sourceObjSchema>
<sourceObjName>RCPCUSDEC003</sourceObjName>
<createdBy>calittle</createdBy>
<createdTime>2019-04-17 17:26:43 UTC</createdTime>
<ownerDesignName>ODEE_1262_Design</ownerDesignName>
<nullsAllowed>true</nullsAllowed>
<useDomainConstraints>false</useDomainConstraints>
<use>1</use>
<logicalDatatype>LOGDT019</logicalDatatype>
<dataTypePrecision>19</dataTypePrecision>
<dataTypeScale>4</dataTypeScale>
<autoIncrementCycle>false</autoIncrementCycle>
</Column>
<Column name="RCPCUSDEC004" id="6ECC8488-F9E3-179F-5D9C-AD88D940128C">
<sourceConnName>deepthought</sourceConnName>
<sourceObjSchema>RCPSHIST</sourceObjSchema>
<sourceObjName>RCPCUSDEC004</sourceObjName>
<createdBy>calittle</createdBy>
<createdTime>2019-04-17 17:26:43 UTC</createdTime>
<ownerDesignName>ODEE_1262_Design</ownerDesignName>
<nullsAllowed>true</nullsAllowed>
<useDomainConstraints>false</useDomainConstraints>
<use>1</use>
<logicalDatatype>LOGDT019</logicalDatatype>
<dataTypePrecision>19</dataTypePrecision>
<dataTypeScale>4</dataTypeScale>
<autoIncrementCycle>false</autoIncrementCycle>
</Column>
<Column name="RCPCUSDEC005" id="AAA54B77-0469-2266-4237-E9E914C9CA42">
<sourceConnName>deepthought</sourceConnName>
<sourceObjSchema>RCPSHIST</sourceObjSchema>
<sourceObjName>RCPCUSDEC005</sourceObjName>
<createdBy>calittle</createdBy>
<createdTime>2019-04-17 17:26:43 UTC</createdTime>
<ownerDesignName>ODEE_1262_Design</ownerDesignName>
<nullsAllowed>true</nullsAllowed>
<useDomainConstraints>false</useDomainConstraints>
<use>1</use>
<logicalDatatype>LOGDT019</logicalDatatype>
<dataTypePrecision>19</dataTypePrecision>
<dataTypeScale>4</dataTypeScale>
<autoIncrementCycle>false</autoIncrementCycle>
</Column>
<Column name="RCPCUSINT001" id="2A5921CB-1D95-CE12-F80D-F58374ED2CEA">
<sourceConnName>deepthought</sourceConnName>
<sourceObjSchema>RCPSHIST</sourceObjSchema>
<sourceObjName>RCPCUSINT001</sourceObjName>
<createdBy>calittle</createdBy>
<createdTime>2019-04-17 17:26:43 UTC</createdTime>
<ownerDesignName>ODEE_1262_Design</ownerDesignName>
<nullsAllowed>true</nullsAllowed>
<useDomainConstraints>false</useDomainConstraints>
<use>1</use>
<logicalDatatype>LOGDT019</logicalDatatype>
<dataTypePrecision>20</dataTypePrecision>
<autoIncrementCycle>false</autoIncrementCycle>
</Column>
<Column name="RCPCUSINT002" id="43DA1782-297E-92D8-61E6-A915D9F01396">
<sourceConnName>deepthought</sourceConnName>
<sourceObjSchema>RCPSHIST</sourceObjSchema>
<sourceObjName>RCPCUSINT002</sourceObjName>
<createdBy>calittle</createdBy>
<createdTime>2019-04-17 17:26:43 UTC</createdTime>
<ownerDesignName>ODEE_1262_Design</ownerDesignName>
<nullsAllowed>true</nullsAllowed>
<useDomainConstraints>false</useDomainConstraints>
<use>1</use>
<logicalDatatype>LOGDT019</logicalDatatype>
<dataTypePrecision>20</dataTypePrecision>
<autoIncrementCycle>false</autoIncrementCycle>
</Column>
<Column name="RCPCUSINT003" id="5C27D5FB-36A9-35FF-1F68-3D09D740D6CD">
<sourceConnName>deepthought</sourceConnName>
<sourceObjSchema>RCPSHIST</sourceObjSchema>
<sourceObjName>RCPCUSINT003</sourceObjName>
<createdBy>calittle</createdBy>
<createdTime>2019-04-17 17:26:43 UTC</createdTime>
<ownerDesignName>ODEE_1262_Design</ownerDesignName>
<nullsAllowed>true</nullsAllowed>
<useDomainConstraints>false</useDomainConstraints>
<use>1</use>
<logicalDatatype>LOGDT019</logicalDatatype>
<dataTypePrecision>20</dataTypePrecision>
<autoIncrementCycle>false</autoIncrementCycle>
</Column>
<Column name="RCPCUSINT004" id="58A9EADF-654E-0267-EE5F-95F82D5586C3">
<sourceConnName>deepthought</sourceConnName>
<sourceObjSchema>RCPSHIST</sourceObjSchema>
<sourceObjName>RCPCUSINT004</sourceObjName>
<createdBy>calittle</createdBy>
<createdTime>2019-04-17 17:26:43 UTC</createdTime>
<ownerDesignName>ODEE_1262_Design</ownerDesignName>
<nullsAllowed>true</nullsAllowed>
<useDomainConstraints>false</useDomainConstraints>
<use>1</use>
<logicalDatatype>LOGDT019</logicalDatatype>
<dataTypePrecision>20</dataTypePrecision>
<autoIncrementCycle>false</autoIncrementCycle>
</Column>
<Column name="RCPCUSINT005" id="51FDDFCF-63F2-23C0-FE60-5CEC38675E7C">
<sourceConnName>deepthought</sourceConnName>
<sourceObjSchema>RCPSHIST</sourceObjSchema>
<sourceObjName>RCPCUSINT005</sourceObjName>
<createdBy>calittle</createdBy>
<createdTime>2019-04-17 17:26:43 UTC</createdTime>
<ownerDesignName>ODEE_1262_Design</ownerDesignName>
<nullsAllowed>true</nullsAllowed>
<useDomainConstraints>false</useDomainConstraints>
<use>1</use>
<logicalDatatype>LOGDT019</logicalDatatype>
<dataTypePrecision>20</dataTypePrecision>
<autoIncrementCycle>false</autoIncrementCycle>
</Column>
<Column name="RCPCUSSTR001" id="FC895849-3CC7-D853-336D-F8342A307B2E">
<sourceConnName>deepthought</sourceConnName>
<sourceObjSchema>RCPSHIST</sourceObjSchema>
<sourceObjName>RCPCUSSTR001</sourceObjName>
<createdBy>calittle</createdBy>
<createdTime>2019-04-17 17:26:43 UTC</createdTime>
<ownerDesignName>ODEE_1262_Design</ownerDesignName>
<nullsAllowed>true</nullsAllowed>
<useDomainConstraints>false</useDomainConstraints>
<use>1</use>
<logicalDatatype>LOGDT037</logicalDatatype>
<dataTypeSize>256</dataTypeSize>
<autoIncrementCycle>false</autoIncrementCycle>
</Column>
<Column name="RCPCUSSTR002" id="051FD0E4-29D8-1676-DEF3-AA2ECC9432AD">
<sourceConnName>deepthought</sourceConnName>
<sourceObjSchema>RCPSHIST</sourceObjSchema>
<sourceObjName>RCPCUSSTR002</sourceObjName>
<createdBy>calittle</createdBy>
<createdTime>2019-04-17 17:26:43 UTC</createdTime>
<ownerDesignName>ODEE_1262_Design</ownerDesignName>
<nullsAllowed>true</nullsAllowed>
<useDomainConstraints>false</useDomainConstraints>
<use>1</use>
<logicalDatatype>LOGDT037</logicalDatatype>
<dataTypeSize>256</dataTypeSize>
<autoIncrementCycle>false</autoIncrementCycle>
</Column>
<Column name="RCPCUSSTR003" id="63C54B27-08B6-4142-8DA3-373F551E0CA3">
<sourceConnName>deepthought</sourceConnName>
<sourceObjSchema>RCPSHIST</sourceObjSchema>
<sourceObjName>RCPCUSSTR003</sourceObjName>
<createdBy>calittle</createdBy>
<createdTime>2019-04-17 17:26:43 UTC</createdTime>
<ownerDesignName>ODEE_1262_Design</ownerDesignName>
<nullsAllowed>true</nullsAllowed>
<useDomainConstraints>false</useDomainConstraints>
<use>1</use>
<logicalDatatype>LOGDT037</logicalDatatype>
<dataTypeSize>256</dataTypeSize>
<autoIncrementCycle>false</autoIncrementCycle>
</Column>
<Column name="RCPCUSSTR004" id="3F3706BF-1050-C0BF-D3CD-3F408052B4A2">
<sourceConnName>deepthought</sourceConnName>
<sourceObjSchema>RCPSHIST</sourceObjSchema>
<sourceObjName>RCPCUSSTR004</sourceObjName>
<createdBy>calittle</createdBy>
<createdTime>2019-04-17 17:26:43 UTC</createdTime>
<ownerDesignName>ODEE_1262_Design</ownerDesignName>
<nullsAllowed>true</nullsAllowed>
<useDomainConstraints>false</useDomainConstraints>
<use>1</use>
<logicalDatatype>LOGDT037</logicalDatatype>
<dataTypeSize>256</dataTypeSize>
<autoIncrementCycle>false</autoIncrementCycle>
</Column>
<Column name="RCPCUSSTR005" id="3C25AE19-6C4A-2025-42EE-BF1CAF77A376">
<sourceConnName>deepthought</sourceConnName>
<sourceObjSchema>RCPSHIST</sourceObjSchema>
<sourceObjName>RCPCUSSTR005</sourceObjName>
<createdBy>calittle</createdBy>
<createdTime>2019-04-17 17:26:43 UTC</createdTime>
<ownerDesignName>ODEE_1262_Design</ownerDesignName>
<nullsAllowed>true</nullsAllowed>
<useDomainConstraints>false</useDomainConstraints>
<use>1</use>
<logicalDatatype>LOGDT037</logicalDatatype>
<dataTypeSize>256</dataTypeSize>
<autoIncrementCycle>false</autoIncrementCycle>
</Column>
<Column name="RCPCUSSTR006" id="A80E299D-9756-7945-E4B3-53BD3B6C5112">
<sourceConnName>deepthought</sourceConnName>
<sourceObjSchema>RCPSHIST</sourceObjSchema>
<sourceObjName>RCPCUSSTR006</sourceObjName>
<createdBy>calittle</createdBy>
<createdTime>2019-04-17 17:26:43 UTC</createdTime>
<ownerDesignName>ODEE_1262_Design</ownerDesignName>
<nullsAllowed>true</nullsAllowed>
<useDomainConstraints>false</useDomainConstraints>
<use>1</use>
<logicalDatatype>LOGDT037</logicalDatatype>
<dataTypeSize>256</dataTypeSize>
<autoIncrementCycle>false</autoIncrementCycle>
</Column>
<Column name="RCPCUSSTR007" id="F958D383-5161-9D31-6077-21F3176CAE89">
<sourceConnName>deepthought</sourceConnName>
<sourceObjSchema>RCPSHIST</sourceObjSchema>
<sourceObjName>RCPCUSSTR007</sourceObjName>
<createdBy>calittle</createdBy>
<createdTime>2019-04-17 17:26:43 UTC</createdTime>
<ownerDesignName>ODEE_1262_Design</ownerDesignName>
<nullsAllowed>true</nullsAllowed>
<useDomainConstraints>false</useDomainConstraints>
<use>1</use>
<logicalDatatype>LOGDT037</logicalDatatype>
<dataTypeSize>256</dataTypeSize>
<autoIncrementCycle>false</autoIncrementCycle>
</Column>
<Column name="RCPCUSSTR008" id="71987D6D-963E-EBF3-D306-0FD3508601F2">
<sourceConnName>deepthought</sourceConnName>
<sourceObjSchema>RCPSHIST</sourceObjSchema>
<sourceObjName>RCPCUSSTR008</sourceObjName>
<createdBy>calittle</createdBy>
<createdTime>2019-04-17 17:26:43 UTC</createdTime>
<ownerDesignName>ODEE_1262_Design</ownerDesignName>
<nullsAllowed>true</nullsAllowed>
<useDomainConstraints>false</useDomainConstraints>
<use>1</use>
<logicalDatatype>LOGDT037</logicalDatatype>
<dataTypeSize>256</dataTypeSize>
<autoIncrementCycle>false</autoIncrementCycle>
</Column>
<Column name="RCPCUSSTR009" id="D3F72B3A-BEEF-BAE9-E30A-69F3D3C40751">
<sourceConnName>deepthought</sourceConnName>
<sourceObjSchema>RCPSHIST</sourceObjSchema>
<sourceObjName>RCPCUSSTR009</sourceObjName>
<createdBy>calittle</createdBy>
<createdTime>2019-04-17 17:26:43 UTC</createdTime>
<ownerDesignName>ODEE_1262_Design</ownerDesignName>
<nullsAllowed>true</nullsAllowed>
<useDomainConstraints>false</useDomainConstraints>
<use>1</use>
<logicalDatatype>LOGDT037</logicalDatatype>
<dataTypeSize>256</dataTypeSize>
<autoIncrementCycle>false</autoIncrementCycle>
</Column>
<Column name="RCPCUSSTR010" id="6C6D0476-59D5-8D0A-3562-8FA35C4E80A2">
<sourceConnName>deepthought</sourceConnName>
<sourceObjSchema>RCPSHIST</sourceObjSchema>
<sourceObjName>RCPCUSSTR010</sourceObjName>
<createdBy>calittle</createdBy>
<createdTime>2019-04-17 17:26:43 UTC</createdTime>
<ownerDesignName>ODEE_1262_Design</ownerDesignName>
<nullsAllowed>true</nullsAllowed>
<useDomainConstraints>false</useDomainConstraints>
<use>1</use>
<logicalDatatype>LOGDT037</logicalDatatype>
<dataTypeSize>256</dataTypeSize>
<autoIncrementCycle>false</autoIncrementCycle>
</Column>
<Column name="RCPCUSSTR011" id="83997723-DBB1-DABB-00E1-906C807E5704">
<sourceConnName>deepthought</sourceConnName>
<sourceObjSchema>RCPSHIST</sourceObjSchema>
<sourceObjName>RCPCUSSTR011</sourceObjName>
<createdBy>calittle</createdBy>
<createdTime>2019-04-17 17:26:43 UTC</createdTime>
<ownerDesignName>ODEE_1262_Design</ownerDesignName>
<nullsAllowed>true</nullsAllowed>
<useDomainConstraints>false</useDomainConstraints>
<use>1</use>
<logicalDatatype>LOGDT037</logicalDatatype>
<dataTypeSize>256</dataTypeSize>
<autoIncrementCycle>false</autoIncrementCycle>
</Column>
<Column name="RCPCUSSTR012" id="2FD7AACA-016D-DFB9-B101-7C582B7C6217">
<sourceConnName>deepthought</sourceConnName>
<sourceObjSchema>RCPSHIST</sourceObjSchema>
<sourceObjName>RCPCUSSTR012</sourceObjName>
<createdBy>calittle</createdBy>
<createdTime>2019-04-17 17:26:43 UTC</createdTime>
<ownerDesignName>ODEE_1262_Design</ownerDesignName>
<nullsAllowed>true</nullsAllowed>
<useDomainConstraints>false</useDomainConstraints>
<use>1</use>
<logicalDatatype>LOGDT037</logicalDatatype>
<dataTypeSize>256</dataTypeSize>
<autoIncrementCycle>false</autoIncrementCycle>
</Column>
<Column name="RCPCUSSTR013" id="92843AAB-B271-5E5F-6FD5-8AB8B39AE777">
<sourceConnName>deepthought</sourceConnName>
<sourceObjSchema>RCPSHIST</sourceObjSchema>
<sourceObjName>RCPCUSSTR013</sourceObjName>
<createdBy>calittle</createdBy>
<createdTime>2019-04-17 17:26:43 UTC</createdTime>
<ownerDesignName>ODEE_1262_Design</ownerDesignName>
<nullsAllowed>true</nullsAllowed>
<useDomainConstraints>false</useDomainConstraints>
<use>1</use>
<logicalDatatype>LOGDT037</logicalDatatype>
<dataTypeSize>256</dataTypeSize>
<autoIncrementCycle>false</autoIncrementCycle>
</Column>
<Column name="RCPCUSSTR014" id="6E5493A6-9253-6B66-D561-4098B60E3A06">
<sourceConnName>deepthought</sourceConnName>
<sourceObjSchema>RCPSHIST</sourceObjSchema>
<sourceObjName>RCPCUSSTR014</sourceObjName>
<createdBy>calittle</createdBy>
<createdTime>2019-04-17 17:26:43 UTC</createdTime>
<ownerDesignName>ODEE_1262_Design</ownerDesignName>
<nullsAllowed>true</nullsAllowed>
<useDomainConstraints>false</useDomainConstraints>
<use>1</use>
<logicalDatatype>LOGDT037</logicalDatatype>
<dataTypeSize>256</dataTypeSize>
<autoIncrementCycle>false</autoIncrementCycle>
</Column>
<Column name="RCPCUSSTR015" id="A463E6C5-D073-DA8A-C604-24D6F7C6D15E">
<sourceConnName>deepthought</sourceConnName>
<sourceObjSchema>RCPSHIST</sourceObjSchema>
<sourceObjName>RCPCUSSTR015</sourceObjName>
<createdBy>calittle</createdBy>
<createdTime>2019-04-17 17:26:43 UTC</createdTime>
<ownerDesignName>ODEE_1262_Design</ownerDesignName>
<nullsAllowed>true</nullsAllowed>
<useDomainConstraints>false</useDomainConstraints>
<use>1</use>
<logicalDatatype>LOGDT037</logicalDatatype>
<dataTypeSize>256</dataTypeSize>
<autoIncrementCycle>false</autoIncrementCycle>
</Column>
<Column name="RCBPRTFLAG" id="51E293D1-98C7-66A6-9CBA-419ADA55D9BE">
<sourceConnName>deepthought</sourceConnName>
<sourceObjSchema>RCPSHIST</sourceObjSchema>
<sourceObjName>RCBPRTFLAG</sourceObjName>
<createdBy>calittle</createdBy>
<createdTime>2019-04-17 17:26:43 UTC</createdTime>
<ownerDesignName>ODEE_1262_Design</ownerDesignName>
<nullsAllowed>true</nullsAllowed>
<useDomainConstraints>false</useDomainConstraints>
<use>1</use>
<logicalDatatype>LOGDT037</logicalDatatype>
<dataTypeSize>5</dataTypeSize>
<autoIncrementCycle>false</autoIncrementCycle>
</Column>
<Column name="RCBRCPCODE" id="891D9A4A-5AAF-AC37-2FCC-FCCD3888E8F4">
<sourceConnName>deepthought</sourceConnName>
<sourceObjSchema>RCPSHIST</sourceObjSchema>
<sourceObjName>RCBRCPCODE</sourceObjName>
<createdBy>calittle</createdBy>
<createdTime>2019-04-17 17:26:43 UTC</createdTime>
<ownerDesignName>ODEE_1262_Design</ownerDesignName>
<nullsAllowed>true</nullsAllowed>
<useDomainConstraints>false</useDomainConstraints>
<use>1</use>
<logicalDatatype>LOGDT037</logicalDatatype>
<dataTypeSize>10</dataTypeSize>
<autoIncrementCycle>false</autoIncrementCycle>
</Column>
<Column name="RCBRCPNAME" id="2CBC0304-E8A4-4861-80A0-49BE747F0E88">
<sourceConnName>deepthought</sourceConnName>
<sourceObjSchema>RCPSHIST</sourceObjSchema>
<sourceObjName>RCBRCPNAME</sourceObjName>
<createdBy>calittle</createdBy>
<createdTime>2019-04-17 17:26:43 UTC</createdTime>
<ownerDesignName>ODEE_1262_Design</ownerDesignName>
<nullsAllowed>true</nullsAllowed>
<useDomainConstraints>false</useDomainConstraints>
<use>1</use>
<logicalDatatype>LOGDT037</logicalDatatype>
<dataTypeSize>100</dataTypeSize>
<autoIncrementCycle>false</autoIncrementCycle>
</Column>
<Column name="RCBERROR" id="9DD349DE-AF4F-14DF-DFA0-E96D6265A7E7">
<sourceConnName>deepthought</sourceConnName>
<sourceObjSchema>RCPSHIST</sourceObjSchema>
<sourceObjName>RCBERROR</sourceObjName>
<createdBy>calittle</createdBy>
<createdTime>2019-04-17 17:26:43 UTC</createdTime>
<ownerDesignName>ODEE_1262_Design</ownerDesignName>
<nullsAllowed>true</nullsAllowed>
<useDomainConstraints>false</useDomainConstraints>
<use>1</use>
<logicalDatatype>LOGDT037</logicalDatatype>
<dataTypeSize>256</dataTypeSize>
<autoIncrementCycle>false</autoIncrementCycle>
</Column>
<Column name="RCPRETENTION" id="70578DA7-DBF5-9BF5-139E-3985657CCD74">
<sourceConnName>deepthought</sourceConnName>
<sourceObjSchema>RCPSHIST</sourceObjSchema>
<sourceObjName>RCPRETENTION</sourceObjName>
<createdBy>calittle</createdBy>
<createdTime>2019-04-17 17:26:43 UTC</createdTime>
<ownerDesignName>ODEE_1262_Design</ownerDesignName>
<nullsAllowed>true</nullsAllowed>
<useDomainConstraints>false</useDomainConstraints>
<use>1</use>
<logicalDatatype>LOGDT015</logicalDatatype>
<dataTypePrecision>6</dataTypePrecision>
<autoIncrementCycle>false</autoIncrementCycle>
</Column>
<Column name="RCPRETHOLD" id="8C18DF13-FE99-D9CD-EAEE-FF6B547AC18D">
<sourceConnName>deepthought</sourceConnName>
<sourceObjSchema>RCPSHIST</sourceObjSchema>
<sourceObjName>RCPRETHOLD</sourceObjName>
<createdBy>calittle</createdBy>
<createdTime>2019-04-17 17:26:43 UTC</createdTime>
<ownerDesignName>ODEE_1262_Design</ownerDesignName>
<nullsAllowed>true</nullsAllowed>
<useDomainConstraints>false</useDomainConstraints>
<use>1</use>
<logicalDatatype>LOGDT019</logicalDatatype>
<dataTypePrecision>5</dataTypePrecision>
<defaultValue>0</defaultValue>
<autoIncrementCycle>false</autoIncrementCycle>
</Column>
<Column name="RCPHISTORY" id="B3468175-EEC7-96E9-AF16-47AAB984BC49">
<sourceConnName>deepthought</sourceConnName>
<sourceObjSchema>RCPSHIST</sourceObjSchema>
<sourceObjName>RCPHISTORY</sourceObjName>
<createdBy>calittle</createdBy>
<createdTime>2019-04-17 17:26:43 UTC</createdTime>
<ownerDesignName>ODEE_1262_Design</ownerDesignName>
<nullsAllowed>true</nullsAllowed>
<useDomainConstraints>false</useDomainConstraints>
<use>1</use>
<logicalDatatype>LOGDT019</logicalDatatype>
<dataTypePrecision>5</dataTypePrecision>
<autoIncrementCycle>false</autoIncrementCycle>
</Column>
<Column name="RCPHISTORICAL" id="5B164117-E99E-A284-D494-1CF075C1B3DB">
<sourceConnName>deepthought</sourceConnName>
<sourceObjSchema>RCPSHIST</sourceObjSchema>
<sourceObjName>RCPHISTORICAL</sourceObjName>
<createdBy>calittle</createdBy>
<createdTime>2019-04-17 17:26:43 UTC</createdTime>
<ownerDesignName>ODEE_1262_Design</ownerDesignName>
<nullsAllowed>true</nullsAllowed>
<useDomainConstraints>false</useDomainConstraints>
<use>1</use>
<logicalDatatype>LOGDT019</logicalDatatype>
<dataTypePrecision>5</dataTypePrecision>
<defaultValue>1</defaultValue>
<autoIncrementCycle>false</autoIncrementCycle>
</Column>
</columns>
<indexes itemClass="oracle.dbtools.crest.model.design.relational.Index">
<ind_PK_UK id="CA0415BC-8836-467C-CF4A-288A052B0F9B" name="RCPSHIST_PK">
<sourceConnName>deepthought</sourceConnName>
<sourceObjSchema>DMKR_ASLINE</sourceObjSchema>
<sourceObjName>RCPSHIST_PK</sourceObjName>
<createdBy>calittle</createdBy>
<createdTime>2019-04-17 17:26:51 UTC</createdTime>
<ownerDesignName>ODEE_1262_Design</ownerDesignName>
<pk>true</pk>
<indexState>Primary Constraint</indexState>
<isSurrogateKey>false</isSurrogateKey>
<indexColumnUsage>
<colUsage columnID="67FFA8D0-AA0A-BCBD-5A0E-9253FEC57D89"/>
<colUsage columnID="001D403F-5088-3697-B24A-F693C43C5472"/>
</indexColumnUsage>
</ind_PK_UK>
<ind_PK_UK id="5134D7BC-6B78-0CED-75EA-35DDAD35A390" name="RCPHISTUNIQUE_ID">
<sourceConnName>deepthought</sourceConnName>
<sourceObjSchema>DMKR_ASLINE</sourceObjSchema>
<sourceObjName>RCPHISTUNIQUE_ID</sourceObjName>
<createdBy>calittle</createdBy>
<createdTime>2019-04-17 17:26:51 UTC</createdTime>
<ownerDesignName>ODEE_1262_Design</ownerDesignName>
<indexState>Unique Constraint</indexState>
<isSurrogateKey>false</isSurrogateKey>
<indexColumnUsage>
<colUsage columnID="A0592F25-D2E4-4D04-0C2A-C5503C9208B7"/>
</indexColumnUsage>
</ind_PK_UK>
<ind_PK_UK id="13A6624E-54FE-0D9A-6C02-19619F669FF2" name="RCPSHIST_ADRSELECTED">
<sourceConnName>deepthought</sourceConnName>
<sourceObjSchema>DMKR_ASLINE</sourceObjSchema>
<sourceObjName>RCPSHIST_ADRSELECTED</sourceObjName>
<createdBy>calittle</createdBy>
<createdTime>2019-04-17 17:26:49 UTC</createdTime>
<ownerDesignName>ODEE_1262_Design</ownerDesignName>
<schemaObject>8FC895A7-E0A2-11C9-AE90-BEF4CA704C97</schemaObject>
<isSurrogateKey>false</isSurrogateKey>
<indexColumnUsage>
<colUsage columnID="081FF133-7F23-487E-B988-75AD9E5D6A99"/>
</indexColumnUsage>
</ind_PK_UK>
<ind_PK_UK id="EC125080-DED9-51DE-7DF7-43166FB44503" name="RCPSHIST_STATS">
<sourceConnName>deepthought</sourceConnName>
<sourceObjSchema>DMKR_ASLINE</sourceObjSchema>
<sourceObjName>RCPSHIST_STATS</sourceObjName>
<createdBy>calittle</createdBy>
<createdTime>2019-04-17 17:26:49 UTC</createdTime>
<ownerDesignName>ODEE_1262_Design</ownerDesignName>
<schemaObject>8FC895A7-E0A2-11C9-AE90-BEF4CA704C97</schemaObject>
<isSurrogateKey>false</isSurrogateKey>
<indexColumnUsage>
<colUsage columnID="2012F996-F8F2-2B44-AD41-6D3587C6F391"/>
</indexColumnUsage>
</ind_PK_UK>
<ind_PK_UK id="31781898-4A79-9B9A-3FF2-27BF3FBAEC6B" name="RCPSHIST_NAMETYPE">
<sourceConnName>deepthought</sourceConnName>
<sourceObjSchema>DMKR_ASLINE</sourceObjSchema>
<sourceObjName>RCPSHIST_NAMETYPE</sourceObjName>
<createdBy>calittle</createdBy>
<createdTime>2019-04-17 17:26:49 UTC</createdTime>
<ownerDesignName>ODEE_1262_Design</ownerDesignName>
<schemaObject>8FC895A7-E0A2-11C9-AE90-BEF4CA704C97</schemaObject>
<isSurrogateKey>false</isSurrogateKey>
<indexColumnUsage>
<colUsage columnID="D37C1B01-60C8-48EA-AA33-574D2180D210"/>
<colUsage columnID="8F5E45DA-4142-2267-8FF1-95FD6B194006"/>
</indexColumnUsage>
</ind_PK_UK>
<ind_PK_UK id="04342804-A7ED-EA64-7F1C-58ED6FFFAC0F" name="RCPSHIST_ADRPOSTALCODE">
<sourceConnName>deepthought</sourceConnName>
<sourceObjSchema>DMKR_ASLINE</sourceObjSchema>
<sourceObjName>RCPSHIST_ADRPOSTALCODE</sourceObjName>
<createdBy>calittle</createdBy>
<createdTime>2019-04-17 17:26:49 UTC</createdTime>
<ownerDesignName>ODEE_1262_Design</ownerDesignName>
<schemaObject>8FC895A7-E0A2-11C9-AE90-BEF4CA704C97</schemaObject>
<isSurrogateKey>false</isSurrogateKey>
<indexColumnUsage>
<colUsage columnID="BD7E289D-32AB-676B-C8AB-FECB27D148FA"/>
</indexColumnUsage>
</ind_PK_UK>
<ind_PK_UK id="A622F068-50ED-9039-6CAB-641E040AADD8" name="RCPSHIST_PK">
<sourceConnName>deepthought</sourceConnName>
<sourceObjSchema>DMKR_ASLINE</sourceObjSchema>
<sourceObjName>RCPSHIST_PK</sourceObjName>
<createdBy>calittle</createdBy>
<createdTime>2019-04-17 17:26:49 UTC</createdTime>
<ownerDesignName>ODEE_1262_Design</ownerDesignName>
<indexState>Unique Plain Index</indexState>
<schemaObject>8FC895A7-E0A2-11C9-AE90-BEF4CA704C97</schemaObject>
<isSurrogateKey>false</isSurrogateKey>
<indexColumnUsage>
<colUsage columnID="67FFA8D0-AA0A-BCBD-5A0E-9253FEC57D89"/>
<colUsage columnID="001D403F-5088-3697-B24A-F693C43C5472"/>
</indexColumnUsage>
</ind_PK_UK>
<ind_PK_UK id="0641CF25-681A-D7BA-C890-EEF012D5FAD1" name="RCPHISTUNIQUE_ID">
<sourceConnName>deepthought</sourceConnName>
<sourceObjSchema>DMKR_ASLINE</sourceObjSchema>
<sourceObjName>RCPHISTUNIQUE_ID</sourceObjName>
<createdBy>calittle</createdBy>
<createdTime>2019-04-17 17:26:49 UTC</createdTime>
<ownerDesignName>ODEE_1262_Design</ownerDesignName>
<indexState>Unique Plain Index</indexState>
<schemaObject>8FC895A7-E0A2-11C9-AE90-BEF4CA704C97</schemaObject>
<isSurrogateKey>false</isSurrogateKey>
<indexColumnUsage>
<colUsage columnID="A0592F25-D2E4-4D04-0C2A-C5503C9208B7"/>
</indexColumnUsage>
</ind_PK_UK>
</indexes>
</Table>