<?xml version = '1.0' encoding = 'UTF-8'?>
<Table class="oracle.dbtools.crest.model.design.relational.Table" directorySegmentName="seg_0" id="35E1A421-536C-8D1F-27F9-59C3A72E3240" name="JOBSHIST">
<sourceConnName>deepthought</sourceConnName>
<sourceObjSchema>DMKR_ASLINE</sourceObjSchema>
<sourceObjName>JOBSHIST</sourceObjName>
<createdBy>calittle</createdBy>
<createdTime>2019-04-17 17:25:51 UTC</createdTime>
<commentInRDBMS>History table jobs and status and statistical data. </commentInRDBMS>
<ownerDesignName>ODEE_1262_Design</ownerDesignName>
<schemaObject>8FC895A7-E0A2-11C9-AE90-BEF4CA704C97</schemaObject>
<allowColumnReorder>false</allowColumnReorder>
<existDependencyGenerateInDDl>true</existDependencyGenerateInDDl>
<columns itemClass="oracle.dbtools.crest.model.design.relational.Column">
<Column name="JOB_ID" id="7DB716B4-ADC3-9F7D-C9CC-ED7B9A029AA3">
<sourceConnName>deepthought</sourceConnName>
<sourceObjSchema>JOBSHIST</sourceObjSchema>
<sourceObjName>JOB_ID</sourceObjName>
<createdBy>calittle</createdBy>
<createdTime>2019-04-17 17:26:38 UTC</createdTime>
<ownerDesignName>ODEE_1262_Design</ownerDesignName>
<useDomainConstraints>false</useDomainConstraints>
<use>1</use>
<logicalDatatype>LOGDT019</logicalDatatype>
<dataTypePrecision>38</dataTypePrecision>
<autoIncrementCycle>false</autoIncrementCycle>
</Column>
<Column name="JOBNAME" id="E1F439A9-7EB8-2426-6877-3932F0AE7FAB">
<sourceConnName>deepthought</sourceConnName>
<sourceObjSchema>JOBSHIST</sourceObjSchema>
<sourceObjName>JOBNAME</sourceObjName>
<createdBy>calittle</createdBy>
<createdTime>2019-04-17 17:26:38 UTC</createdTime>
<ownerDesignName>ODEE_1262_Design</ownerDesignName>
<nullsAllowed>true</nullsAllowed>
<useDomainConstraints>false</useDomainConstraints>
<use>1</use>
<logicalDatatype>LOGDT037</logicalDatatype>
<dataTypeSize>256</dataTypeSize>
<autoIncrementCycle>false</autoIncrementCycle>
</Column>
<Column name="JOBPRIORITY" id="A31BF649-100A-3D73-4108-29D5D759BD10">
<sourceConnName>deepthought</sourceConnName>
<sourceObjSchema>JOBSHIST</sourceObjSchema>
<sourceObjName>JOBPRIORITY</sourceObjName>
<createdBy>calittle</createdBy>
<createdTime>2019-04-17 17:26:38 UTC</createdTime>
<ownerDesignName>ODEE_1262_Design</ownerDesignName>
<useDomainConstraints>false</useDomainConstraints>
<use>1</use>
<logicalDatatype>LOGDT019</logicalDatatype>
<dataTypePrecision>10</dataTypePrecision>
<defaultValue>10</defaultValue>
<autoIncrementCycle>false</autoIncrementCycle>
</Column>
<Column name="JOBSTATUS" id="4CFA3862-2659-A4F8-6238-81A978787A38">
<sourceConnName>deepthought</sourceConnName>
<sourceObjSchema>JOBSHIST</sourceObjSchema>
<sourceObjName>JOBSTATUS</sourceObjName>
<createdBy>calittle</createdBy>
<createdTime>2019-04-17 17:26:38 UTC</createdTime>
<ownerDesignName>ODEE_1262_Design</ownerDesignName>
<useDomainConstraints>false</useDomainConstraints>
<use>1</use>
<logicalDatatype>LOGDT019</logicalDatatype>
<dataTypePrecision>10</dataTypePrecision>
<defaultValue>0</defaultValue>
<autoIncrementCycle>false</autoIncrementCycle>
</Column>
<Column name="JOBUNIQUE_ID" id="637B9C04-70ED-467B-7DD0-605E96C0F64C">
<sourceConnName>deepthought</sourceConnName>
<sourceObjSchema>JOBSHIST</sourceObjSchema>
<sourceObjName>JOBUNIQUE_ID</sourceObjName>
<createdBy>calittle</createdBy>
<createdTime>2019-04-17 17:26:38 UTC</createdTime>
<ownerDesignName>ODEE_1262_Design</ownerDesignName>
<nullsAllowed>true</nullsAllowed>
<useDomainConstraints>false</useDomainConstraints>
<use>1</use>
<logicalDatatype>LOGDT037</logicalDatatype>
<dataTypeSize>47</dataTypeSize>
<autoIncrementCycle>false</autoIncrementCycle>
</Column>
<Column name="JOBPRTLOGNAME" id="ED7F3E72-0B1F-7A65-0C97-BAB4145D7FB0">
<sourceConnName>deepthought</sourceConnName>
<sourceObjSchema>JOBSHIST</sourceObjSchema>
<sourceObjName>JOBPRTLOGNAME</sourceObjName>
<createdBy>calittle</createdBy>
<createdTime>2019-04-17 17:26:38 UTC</createdTime>
<ownerDesignName>ODEE_1262_Design</ownerDesignName>
<nullsAllowed>true</nullsAllowed>
<useDomainConstraints>false</useDomainConstraints>
<use>1</use>
<logicalDatatype>LOGDT037</logicalDatatype>
<dataTypeSize>256</dataTypeSize>
<autoIncrementCycle>false</autoIncrementCycle>
</Column>
<Column name="JOBPAYLOADTYPE" id="FC740ECA-EED2-821E-3BF2-2C3A61B068D1">
<sourceConnName>deepthought</sourceConnName>
<sourceObjSchema>JOBSHIST</sourceObjSchema>
<sourceObjName>JOBPAYLOADTYPE</sourceObjName>
<createdBy>calittle</createdBy>
<createdTime>2019-04-17 17:26:38 UTC</createdTime>
<ownerDesignName>ODEE_1262_Design</ownerDesignName>
<useDomainConstraints>false</useDomainConstraints>
<use>1</use>
<logicalDatatype>LOGDT019</logicalDatatype>
<dataTypePrecision>10</dataTypePrecision>
<defaultValue>0</defaultValue>
<autoIncrementCycle>false</autoIncrementCycle>
</Column>
<Column name="JOBPAYLOADREF" id="799025EE-ED6A-232D-9A1E-CCEF3C700798">
<sourceConnName>deepthought</sourceConnName>
<sourceObjSchema>JOBSHIST</sourceObjSchema>
<sourceObjName>JOBPAYLOADREF</sourceObjName>
<createdBy>calittle</createdBy>
<createdTime>2019-04-17 17:26:38 UTC</createdTime>
<ownerDesignName>ODEE_1262_Design</ownerDesignName>
<nullsAllowed>true</nullsAllowed>
<useDomainConstraints>false</useDomainConstraints>
<use>1</use>
<logicalDatatype>LOGDT037</logicalDatatype>
<dataTypeSize>512</dataTypeSize>
<autoIncrementCycle>false</autoIncrementCycle>
</Column>
<Column name="JOBPAYLOADBLOB" id="020A8207-B41C-E2AD-8783-DDED8165959C">
<sourceConnName>deepthought</sourceConnName>
<sourceObjSchema>JOBSHIST</sourceObjSchema>
<sourceObjName>JOBPAYLOADBLOB</sourceObjName>
<createdBy>calittle</createdBy>
<createdTime>2019-04-17 17:26:38 UTC</createdTime>
<ownerDesignName>ODEE_1262_Design</ownerDesignName>
<nullsAllowed>true</nullsAllowed>
<useDomainConstraints>false</useDomainConstraints>
<use>1</use>
<logicalDatatype>LOGDT029</logicalDatatype>
<dataTypeSize>4000</dataTypeSize>
<autoIncrementCycle>false</autoIncrementCycle>
</Column>
<Column name="JOBPAYLOADXML" id="633435A5-C406-A4BF-5977-5014C861BE9C">
<sourceConnName>deepthought</sourceConnName>
<sourceObjSchema>JOBSHIST</sourceObjSchema>
<sourceObjName>JOBPAYLOADXML</sourceObjName>
<createdBy>calittle</createdBy>
<createdTime>2019-04-17 17:26:38 UTC</createdTime>
<ownerDesignName>ODEE_1262_Design</ownerDesignName>
<nullsAllowed>true</nullsAllowed>
<useDomainConstraints>false</useDomainConstraints>
<use>1</use>
<logicalDatatype>LOGDT050</logicalDatatype>
<autoIncrementCycle>false</autoIncrementCycle>
</Column>
<Column name="JOBATTACHMENTS" id="BADC6BAA-9E2C-A891-1970-E2B326D30731">
<sourceConnName>deepthought</sourceConnName>
<sourceObjSchema>JOBSHIST</sourceObjSchema>
<sourceObjName>JOBATTACHMENTS</sourceObjName>
<createdBy>calittle</createdBy>
<createdTime>2019-04-17 17:26:38 UTC</createdTime>
<ownerDesignName>ODEE_1262_Design</ownerDesignName>
<nullsAllowed>true</nullsAllowed>
<useDomainConstraints>false</useDomainConstraints>
<use>1</use>
<logicalDatatype>LOGDT029</logicalDatatype>
<dataTypeSize>4000</dataTypeSize>
<autoIncrementCycle>false</autoIncrementCycle>
</Column>
<Column name="JOBSTARTTIME" id="873AABBB-3479-3F70-A872-88BF4438F98D">
<sourceConnName>deepthought</sourceConnName>
<sourceObjSchema>JOBSHIST</sourceObjSchema>
<sourceObjName>JOBSTARTTIME</sourceObjName>
<createdBy>calittle</createdBy>
<createdTime>2019-04-17 17:26:38 UTC</createdTime>
<ownerDesignName>ODEE_1262_Design</ownerDesignName>
<nullsAllowed>true</nullsAllowed>
<useDomainConstraints>false</useDomainConstraints>
<use>1</use>
<logicalDatatype>LOGDT015</logicalDatatype>
<dataTypePrecision>6</dataTypePrecision>
<autoIncrementCycle>false</autoIncrementCycle>
</Column>
<Column name="JOBENDTIME" id="B37181BF-D4D1-B089-94D4-FA69EB57BCA5">
<sourceConnName>deepthought</sourceConnName>
<sourceObjSchema>JOBSHIST</sourceObjSchema>
<sourceObjName>JOBENDTIME</sourceObjName>
<createdBy>calittle</createdBy>
<createdTime>2019-04-17 17:26:38 UTC</createdTime>
<ownerDesignName>ODEE_1262_Design</ownerDesignName>
<nullsAllowed>true</nullsAllowed>
<useDomainConstraints>false</useDomainConstraints>
<use>1</use>
<logicalDatatype>LOGDT015</logicalDatatype>
<dataTypePrecision>6</dataTypePrecision>
<autoIncrementCycle>false</autoIncrementCycle>
</Column>
<Column name="JOBERR_ID" id="A22F6E76-A323-5B4A-AE2B-0F8E2BC6AE27">
<sourceConnName>deepthought</sourceConnName>
<sourceObjSchema>JOBSHIST</sourceObjSchema>
<sourceObjName>JOBERR_ID</sourceObjName>
<createdBy>calittle</createdBy>
<createdTime>2019-04-17 17:26:38 UTC</createdTime>
<ownerDesignName>ODEE_1262_Design</ownerDesignName>
<nullsAllowed>true</nullsAllowed>
<useDomainConstraints>false</useDomainConstraints>
<use>1</use>
<logicalDatatype>LOGDT019</logicalDatatype>
<dataTypePrecision>38</dataTypePrecision>
<autoIncrementCycle>false</autoIncrementCycle>
</Column>
<Column name="JOBTRNTOTAL" id="9D388419-3566-1C94-0F86-63B6A72FDCB9">
<sourceConnName>deepthought</sourceConnName>
<sourceObjSchema>JOBSHIST</sourceObjSchema>
<sourceObjName>JOBTRNTOTAL</sourceObjName>
<createdBy>calittle</createdBy>
<createdTime>2019-04-17 17:26:38 UTC</createdTime>
<ownerDesignName>ODEE_1262_Design</ownerDesignName>
<nullsAllowed>true</nullsAllowed>
<useDomainConstraints>false</useDomainConstraints>
<use>1</use>
<logicalDatatype>LOGDT019</logicalDatatype>
<dataTypePrecision>38</dataTypePrecision>
<autoIncrementCycle>false</autoIncrementCycle>
</Column>
<Column name="JOBTRNWIP" id="1234D358-86AE-B4BE-CA5B-4519061BD258">
<sourceConnName>deepthought</sourceConnName>
<sourceObjSchema>JOBSHIST</sourceObjSchema>
<sourceObjName>JOBTRNWIP</sourceObjName>
<createdBy>calittle</createdBy>
<createdTime>2019-04-17 17:26:38 UTC</createdTime>
<ownerDesignName>ODEE_1262_Design</ownerDesignName>
<nullsAllowed>true</nullsAllowed>
<useDomainConstraints>false</useDomainConstraints>
<use>1</use>
<logicalDatatype>LOGDT019</logicalDatatype>
<dataTypePrecision>38</dataTypePrecision>
<autoIncrementCycle>false</autoIncrementCycle>
</Column>
<Column name="JOBTRNERR" id="1BA1A061-BE95-B3C4-BCE7-E4BEA5386545">
<sourceConnName>deepthought</sourceConnName>
<sourceObjSchema>JOBSHIST</sourceObjSchema>
<sourceObjName>JOBTRNERR</sourceObjName>
<createdBy>calittle</createdBy>
<createdTime>2019-04-17 17:26:38 UTC</createdTime>
<ownerDesignName>ODEE_1262_Design</ownerDesignName>
<nullsAllowed>true</nullsAllowed>
<useDomainConstraints>false</useDomainConstraints>
<use>1</use>
<logicalDatatype>LOGDT019</logicalDatatype>
<dataTypePrecision>38</dataTypePrecision>
<autoIncrementCycle>false</autoIncrementCycle>
</Column>
<Column name="JOBTRNSCH" id="2F377BFF-6A32-A03C-06BE-855752630696">
<sourceConnName>deepthought</sourceConnName>
<sourceObjSchema>JOBSHIST</sourceObjSchema>
<sourceObjName>JOBTRNSCH</sourceObjName>
<createdBy>calittle</createdBy>
<createdTime>2019-04-17 17:26:38 UTC</createdTime>
<ownerDesignName>ODEE_1262_Design</ownerDesignName>
<nullsAllowed>true</nullsAllowed>
<useDomainConstraints>false</useDomainConstraints>
<use>1</use>
<logicalDatatype>LOGDT019</logicalDatatype>
<dataTypePrecision>38</dataTypePrecision>
<autoIncrementCycle>false</autoIncrementCycle>
</Column>
<Column name="JOBTRNPROC" id="0646403D-4B5B-6994-3AAA-BDF792FCA44F">
<sourceConnName>deepthought</sourceConnName>
<sourceObjSchema>JOBSHIST</sourceObjSchema>
<sourceObjName>JOBTRNPROC</sourceObjName>
<createdBy>calittle</createdBy>
<createdTime>2019-04-17 17:26:38 UTC</createdTime>
<ownerDesignName>ODEE_1262_Design</ownerDesignName>
<nullsAllowed>true</nullsAllowed>
<useDomainConstraints>false</useDomainConstraints>
<use>1</use>
<logicalDatatype>LOGDT019</logicalDatatype>
<dataTypePrecision>38</dataTypePrecision>
<autoIncrementCycle>false</autoIncrementCycle>
</Column>
<Column name="JOBTRNSTARTTIME" id="D463B2E6-36FA-F413-20A7-F574336CB675">
<sourceConnName>deepthought</sourceConnName>
<sourceObjSchema>JOBSHIST</sourceObjSchema>
<sourceObjName>JOBTRNSTARTTIME</sourceObjName>
<createdBy>calittle</createdBy>
<createdTime>2019-04-17 17:26:38 UTC</createdTime>
<ownerDesignName>ODEE_1262_Design</ownerDesignName>
<nullsAllowed>true</nullsAllowed>
<useDomainConstraints>false</useDomainConstraints>
<use>1</use>
<logicalDatatype>LOGDT015</logicalDatatype>
<dataTypePrecision>6</dataTypePrecision>
<autoIncrementCycle>false</autoIncrementCycle>
</Column>
<Column name="JOBTRNENDTIME" id="C46F8AC5-8C2E-1150-31A2-F0064E195BF0">
<sourceConnName>deepthought</sourceConnName>
<sourceObjSchema>JOBSHIST</sourceObjSchema>
<sourceObjName>JOBTRNENDTIME</sourceObjName>
<createdBy>calittle</createdBy>
<createdTime>2019-04-17 17:26:38 UTC</createdTime>
<ownerDesignName>ODEE_1262_Design</ownerDesignName>
<nullsAllowed>true</nullsAllowed>
<useDomainConstraints>false</useDomainConstraints>
<use>1</use>
<logicalDatatype>LOGDT015</logicalDatatype>
<dataTypePrecision>6</dataTypePrecision>
<autoIncrementCycle>false</autoIncrementCycle>
</Column>
<Column name="JOBRCPTOTAL" id="4CC6D6C3-BE6B-0643-DE93-49B9EBAC86AA">
<sourceConnName>deepthought</sourceConnName>
<sourceObjSchema>JOBSHIST</sourceObjSchema>
<sourceObjName>JOBRCPTOTAL</sourceObjName>
<createdBy>calittle</createdBy>
<createdTime>2019-04-17 17:26:38 UTC</createdTime>
<ownerDesignName>ODEE_1262_Design</ownerDesignName>
<nullsAllowed>true</nullsAllowed>
<useDomainConstraints>false</useDomainConstraints>
<use>1</use>
<logicalDatatype>LOGDT019</logicalDatatype>
<dataTypePrecision>38</dataTypePrecision>
<autoIncrementCycle>false</autoIncrementCycle>
</Column>
<Column name="JOBRCPERR" id="FC2A38E9-D7E0-B617-DFB2-83E000ED68E7">
<sourceConnName>deepthought</sourceConnName>
<sourceObjSchema>JOBSHIST</sourceObjSchema>
<sourceObjName>JOBRCPERR</sourceObjName>
<createdBy>calittle</createdBy>
<createdTime>2019-04-17 17:26:38 UTC</createdTime>
<ownerDesignName>ODEE_1262_Design</ownerDesignName>
<nullsAllowed>true</nullsAllowed>
<useDomainConstraints>false</useDomainConstraints>
<use>1</use>
<logicalDatatype>LOGDT019</logicalDatatype>
<dataTypePrecision>38</dataTypePrecision>
<autoIncrementCycle>false</autoIncrementCycle>
</Column>
<Column name="JOBRCPSCH" id="74F46294-AF2D-9BFE-B632-14A23AE5085F">
<sourceConnName>deepthought</sourceConnName>
<sourceObjSchema>JOBSHIST</sourceObjSchema>
<sourceObjName>JOBRCPSCH</sourceObjName>
<createdBy>calittle</createdBy>
<createdTime>2019-04-17 17:26:38 UTC</createdTime>
<ownerDesignName>ODEE_1262_Design</ownerDesignName>
<nullsAllowed>true</nullsAllowed>
<useDomainConstraints>false</useDomainConstraints>
<use>1</use>
<logicalDatatype>LOGDT019</logicalDatatype>
<dataTypePrecision>38</dataTypePrecision>
<autoIncrementCycle>false</autoIncrementCycle>
</Column>
<Column name="JOBRCPPROC" id="E2856CA3-0FD8-2935-A0B8-20046A598C96">
<sourceConnName>deepthought</sourceConnName>
<sourceObjSchema>JOBSHIST</sourceObjSchema>
<sourceObjName>JOBRCPPROC</sourceObjName>
<createdBy>calittle</createdBy>
<createdTime>2019-04-17 17:26:38 UTC</createdTime>
<ownerDesignName>ODEE_1262_Design</ownerDesignName>
<nullsAllowed>true</nullsAllowed>
<useDomainConstraints>false</useDomainConstraints>
<use>1</use>
<logicalDatatype>LOGDT019</logicalDatatype>
<dataTypePrecision>38</dataTypePrecision>
<autoIncrementCycle>false</autoIncrementCycle>
</Column>
<Column name="JOBRCPSTARTTIME" id="EA49752A-4C4B-5200-3498-723B976B9A19">
<sourceConnName>deepthought</sourceConnName>
<sourceObjSchema>JOBSHIST</sourceObjSchema>
<sourceObjName>JOBRCPSTARTTIME</sourceObjName>
<createdBy>calittle</createdBy>
<createdTime>2019-04-17 17:26:38 UTC</createdTime>
<ownerDesignName>ODEE_1262_Design</ownerDesignName>
<nullsAllowed>true</nullsAllowed>
<useDomainConstraints>false</useDomainConstraints>
<use>1</use>
<logicalDatatype>LOGDT015</logicalDatatype>
<dataTypePrecision>6</dataTypePrecision>
<autoIncrementCycle>false</autoIncrementCycle>
</Column>
<Column name="JOBRCPENDTIME" id="23407FB3-8CCC-3A24-A6FB-26C0B46DB22F">
<sourceConnName>deepthought</sourceConnName>
<sourceObjSchema>JOBSHIST</sourceObjSchema>
<sourceObjName>JOBRCPENDTIME</sourceObjName>
<createdBy>calittle</createdBy>
<createdTime>2019-04-17 17:26:38 UTC</createdTime>
<ownerDesignName>ODEE_1262_Design</ownerDesignName>
<nullsAllowed>true</nullsAllowed>
<useDomainConstraints>false</useDomainConstraints>
<use>1</use>
<logicalDatatype>LOGDT015</logicalDatatype>
<dataTypePrecision>6</dataTypePrecision>
<autoIncrementCycle>false</autoIncrementCycle>
</Column>
<Column name="JOBBCHTOTAL" id="E31F9055-84B7-E79A-4FA6-0EA7691AF9D3">
<sourceConnName>deepthought</sourceConnName>
<sourceObjSchema>JOBSHIST</sourceObjSchema>
<sourceObjName>JOBBCHTOTAL</sourceObjName>
<createdBy>calittle</createdBy>
<createdTime>2019-04-17 17:26:38 UTC</createdTime>
<ownerDesignName>ODEE_1262_Design</ownerDesignName>
<nullsAllowed>true</nullsAllowed>
<useDomainConstraints>false</useDomainConstraints>
<use>1</use>
<logicalDatatype>LOGDT019</logicalDatatype>
<dataTypePrecision>38</dataTypePrecision>
<autoIncrementCycle>false</autoIncrementCycle>
</Column>
<Column name="JOBBCHERR" id="7F5FBCB0-5771-3A3B-0B70-023753A0AA32">
<sourceConnName>deepthought</sourceConnName>
<sourceObjSchema>JOBSHIST</sourceObjSchema>
<sourceObjName>JOBBCHERR</sourceObjName>
<createdBy>calittle</createdBy>
<createdTime>2019-04-17 17:26:38 UTC</createdTime>
<ownerDesignName>ODEE_1262_Design</ownerDesignName>
<nullsAllowed>true</nullsAllowed>
<useDomainConstraints>false</useDomainConstraints>
<use>1</use>
<logicalDatatype>LOGDT019</logicalDatatype>
<dataTypePrecision>38</dataTypePrecision>
<autoIncrementCycle>false</autoIncrementCycle>
</Column>
<Column name="JOBBCHSCH" id="720015E9-F810-2704-4D9E-6F6BAD63D048">
<sourceConnName>deepthought</sourceConnName>
<sourceObjSchema>JOBSHIST</sourceObjSchema>
<sourceObjName>JOBBCHSCH</sourceObjName>
<createdBy>calittle</createdBy>
<createdTime>2019-04-17 17:26:38 UTC</createdTime>
<ownerDesignName>ODEE_1262_Design</ownerDesignName>
<nullsAllowed>true</nullsAllowed>
<useDomainConstraints>false</useDomainConstraints>
<use>1</use>
<logicalDatatype>LOGDT019</logicalDatatype>
<dataTypePrecision>38</dataTypePrecision>
<autoIncrementCycle>false</autoIncrementCycle>
</Column>
<Column name="JOBBCHPROC" id="8DB16F8F-13D9-F3A5-EAF4-5E3DCA0A454D">
<sourceConnName>deepthought</sourceConnName>
<sourceObjSchema>JOBSHIST</sourceObjSchema>
<sourceObjName>JOBBCHPROC</sourceObjName>
<createdBy>calittle</createdBy>
<createdTime>2019-04-17 17:26:38 UTC</createdTime>
<ownerDesignName>ODEE_1262_Design</ownerDesignName>
<nullsAllowed>true</nullsAllowed>
<useDomainConstraints>false</useDomainConstraints>
<use>1</use>
<logicalDatatype>LOGDT019</logicalDatatype>
<dataTypePrecision>38</dataTypePrecision>
<autoIncrementCycle>false</autoIncrementCycle>
</Column>
<Column name="JOBBCHSTARTTIME" id="B7FF801A-359E-7AE0-2055-85CB6D1C57E9">
<sourceConnName>deepthought</sourceConnName>
<sourceObjSchema>JOBSHIST</sourceObjSchema>
<sourceObjName>JOBBCHSTARTTIME</sourceObjName>
<createdBy>calittle</createdBy>
<createdTime>2019-04-17 17:26:38 UTC</createdTime>
<ownerDesignName>ODEE_1262_Design</ownerDesignName>
<nullsAllowed>true</nullsAllowed>
<useDomainConstraints>false</useDomainConstraints>
<use>1</use>
<logicalDatatype>LOGDT015</logicalDatatype>
<dataTypePrecision>6</dataTypePrecision>
<autoIncrementCycle>false</autoIncrementCycle>
</Column>
<Column name="JOBBCHENDTIME" id="85765822-873F-38D0-ED5B-26D20F78F079">
<sourceConnName>deepthought</sourceConnName>
<sourceObjSchema>JOBSHIST</sourceObjSchema>
<sourceObjName>JOBBCHENDTIME</sourceObjName>
<createdBy>calittle</createdBy>
<createdTime>2019-04-17 17:26:38 UTC</createdTime>
<ownerDesignName>ODEE_1262_Design</ownerDesignName>
<nullsAllowed>true</nullsAllowed>
<useDomainConstraints>false</useDomainConstraints>
<use>1</use>
<logicalDatatype>LOGDT015</logicalDatatype>
<dataTypePrecision>6</dataTypePrecision>
<autoIncrementCycle>false</autoIncrementCycle>
</Column>
<Column name="JOBRETENTION" id="BF93934C-D007-3E85-8705-18DEEB615E6B">
<sourceConnName>deepthought</sourceConnName>
<sourceObjSchema>JOBSHIST</sourceObjSchema>
<sourceObjName>JOBRETENTION</sourceObjName>
<createdBy>calittle</createdBy>
<createdTime>2019-04-17 17:26:38 UTC</createdTime>
<ownerDesignName>ODEE_1262_Design</ownerDesignName>
<nullsAllowed>true</nullsAllowed>
<useDomainConstraints>false</useDomainConstraints>
<use>1</use>
<logicalDatatype>LOGDT015</logicalDatatype>
<dataTypePrecision>6</dataTypePrecision>
<autoIncrementCycle>false</autoIncrementCycle>
</Column>
<Column name="JOBRETHOLD" id="1CECDDBA-E8EB-EBB2-4FF6-107F91913BF6">
<sourceConnName>deepthought</sourceConnName>
<sourceObjSchema>JOBSHIST</sourceObjSchema>
<sourceObjName>JOBRETHOLD</sourceObjName>
<createdBy>calittle</createdBy>
<createdTime>2019-04-17 17:26:38 UTC</createdTime>
<ownerDesignName>ODEE_1262_Design</ownerDesignName>
<nullsAllowed>true</nullsAllowed>
<useDomainConstraints>false</useDomainConstraints>
<use>1</use>
<logicalDatatype>LOGDT019</logicalDatatype>
<dataTypePrecision>5</dataTypePrecision>
<autoIncrementCycle>false</autoIncrementCycle>
</Column>
<Column name="JOBHISTORY" id="155679C1-2AA0-7779-F138-4F99F9FAEE0B">
<sourceConnName>deepthought</sourceConnName>
<sourceObjSchema>JOBSHIST</sourceObjSchema>
<sourceObjName>JOBHISTORY</sourceObjName>
<createdBy>calittle</createdBy>
<createdTime>2019-04-17 17:26:38 UTC</createdTime>
<ownerDesignName>ODEE_1262_Design</ownerDesignName>
<nullsAllowed>true</nullsAllowed>
<useDomainConstraints>false</useDomainConstraints>
<use>1</use>
<logicalDatatype>LOGDT019</logicalDatatype>
<dataTypePrecision>5</dataTypePrecision>
<autoIncrementCycle>false</autoIncrementCycle>
</Column>
<Column name="JOBHISTORICAL" id="40F2F1F7-A53B-05E4-08FE-C94E74C9543F">
<sourceConnName>deepthought</sourceConnName>
<sourceObjSchema>JOBSHIST</sourceObjSchema>
<sourceObjName>JOBHISTORICAL</sourceObjName>
<createdBy>calittle</createdBy>
<createdTime>2019-04-17 17:26:38 UTC</createdTime>
<ownerDesignName>ODEE_1262_Design</ownerDesignName>
<nullsAllowed>true</nullsAllowed>
<useDomainConstraints>false</useDomainConstraints>
<use>1</use>
<logicalDatatype>LOGDT019</logicalDatatype>
<dataTypePrecision>5</dataTypePrecision>
<defaultValue>1</defaultValue>
<autoIncrementCycle>false</autoIncrementCycle>
</Column>
<Column name="JOBREPLYTOURI" id="5EBEC534-D698-E1D5-22A7-E927765F4267">
<sourceConnName>deepthought</sourceConnName>
<sourceObjSchema>JOBSHIST</sourceObjSchema>
<sourceObjName>JOBREPLYTOURI</sourceObjName>
<createdBy>calittle</createdBy>
<createdTime>2019-04-17 17:26:38 UTC</createdTime>
<ownerDesignName>ODEE_1262_Design</ownerDesignName>
<nullsAllowed>true</nullsAllowed>
<useDomainConstraints>false</useDomainConstraints>
<use>1</use>
<logicalDatatype>LOGDT037</logicalDatatype>
<dataTypeSize>512</dataTypeSize>
<autoIncrementCycle>false</autoIncrementCycle>
</Column>
<Column name="JOBREPLYSENT" id="1BA79B62-C19E-3EEB-3497-0E23DD70B403">
<sourceConnName>deepthought</sourceConnName>
<sourceObjSchema>JOBSHIST</sourceObjSchema>
<sourceObjName>JOBREPLYSENT</sourceObjName>
<createdBy>calittle</createdBy>
<createdTime>2019-04-17 17:26:38 UTC</createdTime>
<ownerDesignName>ODEE_1262_Design</ownerDesignName>
<nullsAllowed>true</nullsAllowed>
<useDomainConstraints>false</useDomainConstraints>
<use>1</use>
<logicalDatatype>LOGDT019</logicalDatatype>
<dataTypePrecision>5</dataTypePrecision>
<defaultValue>0</defaultValue>
<autoIncrementCycle>false</autoIncrementCycle>
</Column>
<Column name="JOBREPLYSENTTIME" id="4083F627-2143-EE32-9FDE-AF6CB758092D">
<sourceConnName>deepthought</sourceConnName>
<sourceObjSchema>JOBSHIST</sourceObjSchema>
<sourceObjName>JOBREPLYSENTTIME</sourceObjName>
<createdBy>calittle</createdBy>
<createdTime>2019-04-17 17:26:38 UTC</createdTime>
<ownerDesignName>ODEE_1262_Design</ownerDesignName>
<nullsAllowed>true</nullsAllowed>
<useDomainConstraints>false</useDomainConstraints>
<use>1</use>
<logicalDatatype>LOGDT015</logicalDatatype>
<dataTypePrecision>6</dataTypePrecision>
<autoIncrementCycle>false</autoIncrementCycle>
</Column>
</columns>
<indexes itemClass="oracle.dbtools.crest.model.design.relational.Index">
<ind_PK_UK id="E65175B8-3456-9AE7-BA41-887DCDF55B40" name="JOBSHIST_PK">
<sourceConnName>deepthought</sourceConnName>
<sourceObjSchema>DMKR_ASLINE</sourceObjSchema>
<sourceObjName>JOBSHIST_PK</sourceObjName>
<createdBy>calittle</createdBy>
<createdTime>2019-04-17 17:26:50 UTC</createdTime>
<ownerDesignName>ODEE_1262_Design</ownerDesignName>
<pk>true</pk>
<indexState>Primary Constraint</indexState>
<isSurrogateKey>false</isSurrogateKey>
<indexColumnUsage>
<colUsage columnID="7DB716B4-ADC3-9F7D-C9CC-ED7B9A029AA3"/>
</indexColumnUsage>
</ind_PK_UK>
<ind_PK_UK id="3F86AE36-B829-3DC3-0F95-A55EDA5E258C" name="JOBSHIST_UNIQUE_ID">
<sourceConnName>deepthought</sourceConnName>
<sourceObjSchema>DMKR_ASLINE</sourceObjSchema>
<sourceObjName>JOBSHIST_UNIQUE_ID</sourceObjName>
<createdBy>calittle</createdBy>
<createdTime>2019-04-17 17:26:50 UTC</createdTime>
<ownerDesignName>ODEE_1262_Design</ownerDesignName>
<indexState>Unique Constraint</indexState>
<isSurrogateKey>false</isSurrogateKey>
<indexColumnUsage>
<colUsage columnID="637B9C04-70ED-467B-7DD0-605E96C0F64C"/>
</indexColumnUsage>
</ind_PK_UK>
<ind_PK_UK id="F9412C56-2F20-FEE7-1BA8-C86A103D2A19" name="JOBSHIST_STATUS">
<sourceConnName>deepthought</sourceConnName>
<sourceObjSchema>DMKR_ASLINE</sourceObjSchema>
<sourceObjName>JOBSHIST_STATUS</sourceObjName>
<createdBy>calittle</createdBy>
<createdTime>2019-04-17 17:26:48 UTC</createdTime>
<ownerDesignName>ODEE_1262_Design</ownerDesignName>
<schemaObject>8FC895A7-E0A2-11C9-AE90-BEF4CA704C97</schemaObject>
<isSurrogateKey>false</isSurrogateKey>
<indexColumnUsage>
<colUsage columnID="4CFA3862-2659-A4F8-6238-81A978787A38"/>
</indexColumnUsage>
</ind_PK_UK>
<ind_PK_UK id="F9005628-0F13-D584-C0DD-6459CAC811F0" name="JOBSHIST_BREAKDOWN_ANALYTIC">
<sourceConnName>deepthought</sourceConnName>
<sourceObjSchema>DMKR_ASLINE</sourceObjSchema>
<sourceObjName>JOBSHIST_BREAKDOWN_ANALYTIC</sourceObjName>
<createdBy>calittle</createdBy>
<createdTime>2019-04-17 17:26:48 UTC</createdTime>
<ownerDesignName>ODEE_1262_Design</ownerDesignName>
<schemaObject>8FC895A7-E0A2-11C9-AE90-BEF4CA704C97</schemaObject>
<isSurrogateKey>false</isSurrogateKey>
<indexColumnUsage>
<colUsage columnID="873AABBB-3479-3F70-A872-88BF4438F98D"/>
<colUsage columnID="4CFA3862-2659-A4F8-6238-81A978787A38"/>
</indexColumnUsage>
</ind_PK_UK>
<ind_PK_UK id="D41D3A23-86C0-011A-3413-648716F5B5EF" name="JOBSHIST_PRIORITY">
<sourceConnName>deepthought</sourceConnName>
<sourceObjSchema>DMKR_ASLINE</sourceObjSchema>
<sourceObjName>JOBSHIST_PRIORITY</sourceObjName>
<createdBy>calittle</createdBy>
<createdTime>2019-04-17 17:26:48 UTC</createdTime>
<ownerDesignName>ODEE_1262_Design</ownerDesignName>
<schemaObject>8FC895A7-E0A2-11C9-AE90-BEF4CA704C97</schemaObject>
<isSurrogateKey>false</isSurrogateKey>
<indexColumnUsage>
<colUsage columnID="A31BF649-100A-3D73-4108-29D5D759BD10"/>
<colUsage columnID="4CFA3862-2659-A4F8-6238-81A978787A38"/>
</indexColumnUsage>
</ind_PK_UK>
<ind_PK_UK id="5D5CC918-195D-DD7A-8B25-481202A0165F" name="JOBSHIST_PK">
<sourceConnName>deepthought</sourceConnName>
<sourceObjSchema>DMKR_ASLINE</sourceObjSchema>
<sourceObjName>JOBSHIST_PK</sourceObjName>
<createdBy>calittle</createdBy>
<createdTime>2019-04-17 17:26:48 UTC</createdTime>
<ownerDesignName>ODEE_1262_Design</ownerDesignName>
<indexState>Unique Plain Index</indexState>
<schemaObject>8FC895A7-E0A2-11C9-AE90-BEF4CA704C97</schemaObject>
<isSurrogateKey>false</isSurrogateKey>
<indexColumnUsage>
<colUsage columnID="7DB716B4-ADC3-9F7D-C9CC-ED7B9A029AA3"/>
</indexColumnUsage>
</ind_PK_UK>
<ind_PK_UK id="914AC90D-26F8-BB64-1FBF-186BBD8DDC97" name="JOBSHIST_UNIQUE_ID">
<sourceConnName>deepthought</sourceConnName>
<sourceObjSchema>DMKR_ASLINE</sourceObjSchema>
<sourceObjName>JOBSHIST_UNIQUE_ID</sourceObjName>
<createdBy>calittle</createdBy>
<createdTime>2019-04-17 17:26:48 UTC</createdTime>
<ownerDesignName>ODEE_1262_Design</ownerDesignName>
<indexState>Unique Plain Index</indexState>
<schemaObject>8FC895A7-E0A2-11C9-AE90-BEF4CA704C97</schemaObject>
<isSurrogateKey>false</isSurrogateKey>
<indexColumnUsage>
<colUsage columnID="637B9C04-70ED-467B-7DD0-605E96C0F64C"/>
</indexColumnUsage>
</ind_PK_UK>
</indexes>
</Table>