<?xml version = '1.0' encoding = 'UTF-8'?>
<Table class="oracle.dbtools.crest.model.design.relational.Table" directorySegmentName="seg_0" id="399D1643-0DC3-7B96-64D7-2B9BE637C3C5" name="DMKR_ENTITYTYPE_TRANSLATIONS">
<sourceConnName>deepthought</sourceConnName>
<sourceObjSchema>DMKR_ADMIN</sourceObjSchema>
<sourceObjName>DMKR_ENTITYTYPE_TRANSLATIONS</sourceObjName>
<createdBy>calittle</createdBy>
<createdTime>2019-04-17 17:25:09 UTC</createdTime>
<ownerDesignName>ODEE_1262_Design</ownerDesignName>
<schemaObject>0323F05B-A91A-E5F5-C386-B3516E1DFCEB</schemaObject>
<allowColumnReorder>false</allowColumnReorder>
<existDependencyGenerateInDDl>true</existDependencyGenerateInDDl>
<columns itemClass="oracle.dbtools.crest.model.design.relational.Column">
<Column name="ENTITYTYPE_ID" id="45383A49-9294-FC43-B873-633ED5874956">
<sourceConnName>deepthought</sourceConnName>
<sourceObjSchema>DMKR_ENTITYTYPE_TRANSLATIONS</sourceObjSchema>
<sourceObjName>ENTITYTYPE_ID</sourceObjName>
<createdBy>calittle</createdBy>
<createdTime>2019-04-17 17:26:25 UTC</createdTime>
<ownerDesignName>ODEE_1262_Design</ownerDesignName>
<constraintName>DMKR_ENTITYTYPE_TRANSLATIO_CK1</constraintName>
<useDomainConstraints>false</useDomainConstraints>
<use>1</use>
<logicalDatatype>LOGDT019</logicalDatatype>
<dataTypePrecision>38</dataTypePrecision>
<checkConstraint>
<implementationDef dbType="Oracle Database 12c" definition=" ENTITYTYPE_ID = 1 OR ENTITYTYPE_ID = 2"/>
</checkConstraint>
<autoIncrementCycle>false</autoIncrementCycle>
</Column>
<Column name="LANGUAGE" id="5903E192-E3A4-E5A1-5021-78E90C78C458">
<sourceConnName>deepthought</sourceConnName>
<sourceObjSchema>DMKR_ENTITYTYPE_TRANSLATIONS</sourceObjSchema>
<sourceObjName>LANGUAGE</sourceObjName>
<createdBy>calittle</createdBy>
<createdTime>2019-04-17 17:26:25 UTC</createdTime>
<ownerDesignName>ODEE_1262_Design</ownerDesignName>
<useDomainConstraints>false</useDomainConstraints>
<use>1</use>
<logicalDatatype>LOGDT037</logicalDatatype>
<dataTypeSize>30</dataTypeSize>
<autoIncrementCycle>false</autoIncrementCycle>
</Column>
<Column name="ENTITYTYPE_NAME" id="A7D0FC9D-0C4A-CB70-C71A-88A7CD508085">
<sourceConnName>deepthought</sourceConnName>
<sourceObjSchema>DMKR_ENTITYTYPE_TRANSLATIONS</sourceObjSchema>
<sourceObjName>ENTITYTYPE_NAME</sourceObjName>
<createdBy>calittle</createdBy>
<createdTime>2019-04-17 17:26:25 UTC</createdTime>
<ownerDesignName>ODEE_1262_Design</ownerDesignName>
<useDomainConstraints>false</useDomainConstraints>
<use>1</use>
<logicalDatatype>LOGDT037</logicalDatatype>
<dataTypeSize>256</dataTypeSize>
<autoIncrementCycle>false</autoIncrementCycle>
</Column>
<Column name="ENTITYTYPE_DESCRIPTION" id="173430A0-3142-8651-5B85-83A28798C2B8">
<sourceConnName>deepthought</sourceConnName>
<sourceObjSchema>DMKR_ENTITYTYPE_TRANSLATIONS</sourceObjSchema>
<sourceObjName>ENTITYTYPE_DESCRIPTION</sourceObjName>
<createdBy>calittle</createdBy>
<createdTime>2019-04-17 17:26:25 UTC</createdTime>
<ownerDesignName>ODEE_1262_Design</ownerDesignName>
<useDomainConstraints>false</useDomainConstraints>
<use>1</use>
<logicalDatatype>LOGDT037</logicalDatatype>
<dataTypeSize>500</dataTypeSize>
<autoIncrementCycle>false</autoIncrementCycle>
</Column>
<Column name="SOURCE_LANG" id="CE3920CE-B176-9B86-1666-012008287BF2">
<sourceConnName>deepthought</sourceConnName>
<sourceObjSchema>DMKR_ENTITYTYPE_TRANSLATIONS</sourceObjSchema>
<sourceObjName>SOURCE_LANG</sourceObjName>
<createdBy>calittle</createdBy>
<createdTime>2019-04-17 17:26:25 UTC</createdTime>
<ownerDesignName>ODEE_1262_Design</ownerDesignName>
<useDomainConstraints>false</useDomainConstraints>
<use>1</use>
<logicalDatatype>LOGDT037</logicalDatatype>
<dataTypeSize>30</dataTypeSize>
<autoIncrementCycle>false</autoIncrementCycle>
</Column>
</columns>
<indexes itemClass="oracle.dbtools.crest.model.design.relational.Index">
<ind_PK_UK id="EE0E5368-180A-9960-FC97-710137748437" name="DMKR_ENTITYTYPE_TRANSLATIO_PK">
<sourceConnName>deepthought</sourceConnName>
<sourceObjSchema>DMKR_ADMIN</sourceObjSchema>
<sourceObjName>DMKR_ENTITYTYPE_TRANSLATIO_PK</sourceObjName>
<createdBy>calittle</createdBy>
<createdTime>2019-04-17 17:26:50 UTC</createdTime>
<ownerDesignName>ODEE_1262_Design</ownerDesignName>
<pk>true</pk>
<indexState>Primary Constraint</indexState>
<isSurrogateKey>false</isSurrogateKey>
<indexColumnUsage>
<colUsage columnID="45383A49-9294-FC43-B873-633ED5874956"/>
<colUsage columnID="5903E192-E3A4-E5A1-5021-78E90C78C458"/>
</indexColumnUsage>
</ind_PK_UK>
<ind_PK_UK id="EEBE6DE7-A5C6-36F6-1D8A-F9490506340B" name="DMKR_ENTITYTYPE_TRANSLATIO_PK">
<sourceConnName>deepthought</sourceConnName>
<sourceObjSchema>DMKR_ADMIN</sourceObjSchema>
<sourceObjName>DMKR_ENTITYTYPE_TRANSLATIO_PK</sourceObjName>
<createdBy>calittle</createdBy>
<createdTime>2019-04-17 17:26:48 UTC</createdTime>
<ownerDesignName>ODEE_1262_Design</ownerDesignName>
<indexState>Unique Plain Index</indexState>
<schemaObject>0323F05B-A91A-E5F5-C386-B3516E1DFCEB</schemaObject>
<isSurrogateKey>false</isSurrogateKey>
<indexColumnUsage>
<colUsage columnID="45383A49-9294-FC43-B873-633ED5874956"/>
<colUsage columnID="5903E192-E3A4-E5A1-5021-78E90C78C458"/>
</indexColumnUsage>
</ind_PK_UK>
</indexes>
</Table>