<?xml version = '1.0' encoding = 'UTF-8'?>
<Table class="oracle.dbtools.crest.model.design.relational.Table" directorySegmentName="seg_0" id="3A74B56F-47BD-81F4-D5B1-242BC236BDDA" name="SYSS">
<sourceConnName>deepthought</sourceConnName>
<sourceObjSchema>DMKR_ADMIN</sourceObjSchema>
<sourceObjName>SYSS</sourceObjName>
<createdBy>calittle</createdBy>
<createdTime>2019-04-17 17:25:20 UTC</createdTime>
<commentInRDBMS>Document Factory Systems</commentInRDBMS>
<ownerDesignName>ODEE_1262_Design</ownerDesignName>
<schemaObject>0323F05B-A91A-E5F5-C386-B3516E1DFCEB</schemaObject>
<allowColumnReorder>false</allowColumnReorder>
<existDependencyGenerateInDDl>true</existDependencyGenerateInDDl>
<columns itemClass="oracle.dbtools.crest.model.design.relational.Column">
<Column name="SYS_ID" id="87536D0F-2C4A-6855-7C6A-9A9296AA0F6C">
<sourceConnName>deepthought</sourceConnName>
<sourceObjSchema>SYSS</sourceObjSchema>
<sourceObjName>SYS_ID</sourceObjName>
<createdBy>calittle</createdBy>
<createdTime>2019-04-17 17:26:29 UTC</createdTime>
<commentInRDBMS>Auto Assigned primary key for the System</commentInRDBMS>
<ownerDesignName>ODEE_1262_Design</ownerDesignName>
<useDomainConstraints>false</useDomainConstraints>
<use>1</use>
<logicalDatatype>LOGDT019</logicalDatatype>
<dataTypePrecision>38</dataTypePrecision>
<autoIncrementCycle>false</autoIncrementCycle>
</Column>
<Column name="SYSNAME" id="F05685E3-FF1A-CE26-D19D-26E4E3E7C5F0">
<sourceConnName>deepthought</sourceConnName>
<sourceObjSchema>SYSS</sourceObjSchema>
<sourceObjName>SYSNAME</sourceObjName>
<createdBy>calittle</createdBy>
<createdTime>2019-04-17 17:26:29 UTC</createdTime>
<commentInRDBMS>Deployment time assigned Name of System</commentInRDBMS>
<ownerDesignName>ODEE_1262_Design</ownerDesignName>
<useDomainConstraints>false</useDomainConstraints>
<use>1</use>
<logicalDatatype>LOGDT037</logicalDatatype>
<dataTypeSize>256</dataTypeSize>
<autoIncrementCycle>false</autoIncrementCycle>
</Column>
<Column name="SYSTYPE" id="8B229B3B-18BE-F7DC-4C5B-836C188E1DBE">
<sourceConnName>deepthought</sourceConnName>
<sourceObjSchema>SYSS</sourceObjSchema>
<sourceObjName>SYSTYPE</sourceObjName>
<createdBy>calittle</createdBy>
<createdTime>2019-04-17 17:26:29 UTC</createdTime>
<commentInRDBMS>Classification Type of the System</commentInRDBMS>
<ownerDesignName>ODEE_1262_Design</ownerDesignName>
<nullsAllowed>true</nullsAllowed>
<useDomainConstraints>false</useDomainConstraints>
<use>1</use>
<logicalDatatype>LOGDT019</logicalDatatype>
<dataTypePrecision>5</dataTypePrecision>
<autoIncrementCycle>false</autoIncrementCycle>
</Column>
<Column name="SYSDESCR" id="9B27723C-C075-6CEE-BE70-E8BAFD041F60">
<sourceConnName>deepthought</sourceConnName>
<sourceObjSchema>SYSS</sourceObjSchema>
<sourceObjName>SYSDESCR</sourceObjName>
<createdBy>calittle</createdBy>
<createdTime>2019-04-17 17:26:29 UTC</createdTime>
<commentInRDBMS>Deployment time assigned description for the System</commentInRDBMS>
<ownerDesignName>ODEE_1262_Design</ownerDesignName>
<nullsAllowed>true</nullsAllowed>
<useDomainConstraints>false</useDomainConstraints>
<use>1</use>
<logicalDatatype>LOGDT037</logicalDatatype>
<dataTypeSize>256</dataTypeSize>
<autoIncrementCycle>false</autoIncrementCycle>
</Column>
<Column name="SYSUNIQUE_ID" id="7AFACE94-A0A4-99BB-2326-3C49AE7FD77A">
<sourceConnName>deepthought</sourceConnName>
<sourceObjSchema>SYSS</sourceObjSchema>
<sourceObjName>SYSUNIQUE_ID</sourceObjName>
<createdBy>calittle</createdBy>
<createdTime>2019-04-17 17:26:29 UTC</createdTime>
<commentInRDBMS>Deployment time assigned guid for the System</commentInRDBMS>
<ownerDesignName>ODEE_1262_Design</ownerDesignName>
<useDomainConstraints>false</useDomainConstraints>
<use>1</use>
<logicalDatatype>LOGDT037</logicalDatatype>
<dataTypeSize>47</dataTypeSize>
<autoIncrementCycle>false</autoIncrementCycle>
</Column>
<Column name="SYSCREATED" id="77A06A66-042B-C275-2EF0-3060B6E10EE5">
<sourceConnName>deepthought</sourceConnName>
<sourceObjSchema>SYSS</sourceObjSchema>
<sourceObjName>SYSCREATED</sourceObjName>
<createdBy>calittle</createdBy>
<createdTime>2019-04-17 17:26:29 UTC</createdTime>
<commentInRDBMS>UTC date time deployment of the System</commentInRDBMS>
<ownerDesignName>ODEE_1262_Design</ownerDesignName>
<nullsAllowed>true</nullsAllowed>
<useDomainConstraints>false</useDomainConstraints>
<use>1</use>
<logicalDatatype>LOGDT015</logicalDatatype>
<dataTypePrecision>6</dataTypePrecision>
<autoIncrementCycle>false</autoIncrementCycle>
</Column>
</columns>
<indexes itemClass="oracle.dbtools.crest.model.design.relational.Index">
<ind_PK_UK id="FBB4C9C7-ED61-C10E-B810-FBC4188175C1" name="SYSS_PK">
<sourceConnName>deepthought</sourceConnName>
<sourceObjSchema>DMKR_ADMIN</sourceObjSchema>
<sourceObjName>SYSS_PK</sourceObjName>
<createdBy>calittle</createdBy>
<createdTime>2019-04-17 17:26:50 UTC</createdTime>
<ownerDesignName>ODEE_1262_Design</ownerDesignName>
<pk>true</pk>
<indexState>Primary Constraint</indexState>
<isSurrogateKey>false</isSurrogateKey>
<indexColumnUsage>
<colUsage columnID="87536D0F-2C4A-6855-7C6A-9A9296AA0F6C"/>
</indexColumnUsage>
</ind_PK_UK>
<ind_PK_UK id="B9DB6627-B431-E503-1769-F82020A0C6F2" name="SYSS_PK">
<sourceConnName>deepthought</sourceConnName>
<sourceObjSchema>DMKR_ADMIN</sourceObjSchema>
<sourceObjName>SYSS_PK</sourceObjName>
<createdBy>calittle</createdBy>
<createdTime>2019-04-17 17:26:48 UTC</createdTime>
<ownerDesignName>ODEE_1262_Design</ownerDesignName>
<indexState>Unique Plain Index</indexState>
<schemaObject>0323F05B-A91A-E5F5-C386-B3516E1DFCEB</schemaObject>
<isSurrogateKey>false</isSurrogateKey>
<indexColumnUsage>
<colUsage columnID="87536D0F-2C4A-6855-7C6A-9A9296AA0F6C"/>
</indexColumnUsage>
</ind_PK_UK>
</indexes>
</Table>