<?xml version = '1.0' encoding = 'UTF-8'?>
<Table class="oracle.dbtools.crest.model.design.relational.Table" directorySegmentName="seg_0" id="4344DD96-AB87-BE9A-CAB3-E3EF3DEE3048" name="DMRES_LBYD">
<sourceConnName>deepthought</sourceConnName>
<sourceObjSchema>DMKR_ASLINE</sourceObjSchema>
<sourceObjName>DMRES_LBYD</sourceObjName>
<createdBy>calittle</createdBy>
<createdTime>2019-04-17 17:25:38 UTC</createdTime>
<ownerDesignName>ODEE_1262_Design</ownerDesignName>
<schemaObject>8FC895A7-E0A2-11C9-AE90-BEF4CA704C97</schemaObject>
<allowColumnReorder>false</allowColumnReorder>
<existDependencyGenerateInDDl>true</existDependencyGenerateInDDl>
<columns itemClass="oracle.dbtools.crest.model.design.relational.Column">
<Column name="ARCKEY" id="3919A7EC-921F-CE58-0D4E-60E78591A125">
<sourceConnName>deepthought</sourceConnName>
<sourceObjSchema>DMRES_LBYD</sourceObjSchema>
<sourceObjName>ARCKEY</sourceObjName>
<createdBy>calittle</createdBy>
<createdTime>2019-04-17 17:26:34 UTC</createdTime>
<ownerDesignName>ODEE_1262_Design</ownerDesignName>
<useDomainConstraints>false</useDomainConstraints>
<use>1</use>
<logicalDatatype>LOGDT025</logicalDatatype>
<dataTypeSize>18 BYTE</dataTypeSize>
<autoIncrementCycle>false</autoIncrementCycle>
</Column>
<Column name="SEQ_NUM" id="55D8F281-758F-CEEC-65C8-386FE9E1F265">
<sourceConnName>deepthought</sourceConnName>
<sourceObjSchema>DMRES_LBYD</sourceObjSchema>
<sourceObjName>SEQ_NUM</sourceObjName>
<createdBy>calittle</createdBy>
<createdTime>2019-04-17 17:26:34 UTC</createdTime>
<ownerDesignName>ODEE_1262_Design</ownerDesignName>
<useDomainConstraints>false</useDomainConstraints>
<use>1</use>
<logicalDatatype>LOGDT025</logicalDatatype>
<dataTypeSize>5 BYTE</dataTypeSize>
<autoIncrementCycle>false</autoIncrementCycle>
</Column>
<Column name="CONT_FLAG" id="BA2487D0-5091-478A-7928-2DE9013E3F0B">
<sourceConnName>deepthought</sourceConnName>
<sourceObjSchema>DMRES_LBYD</sourceObjSchema>
<sourceObjName>CONT_FLAG</sourceObjName>
<createdBy>calittle</createdBy>
<createdTime>2019-04-17 17:26:34 UTC</createdTime>
<ownerDesignName>ODEE_1262_Design</ownerDesignName>
<nullsAllowed>true</nullsAllowed>
<useDomainConstraints>false</useDomainConstraints>
<use>1</use>
<logicalDatatype>LOGDT025</logicalDatatype>
<dataTypeSize>1 BYTE</dataTypeSize>
<autoIncrementCycle>false</autoIncrementCycle>
</Column>
<Column name="TOTAL_SIZE" id="880A8305-8F2D-30FE-2D4F-52BBB9673A18">
<sourceConnName>deepthought</sourceConnName>
<sourceObjSchema>DMRES_LBYD</sourceObjSchema>
<sourceObjName>TOTAL_SIZE</sourceObjName>
<createdBy>calittle</createdBy>
<createdTime>2019-04-17 17:26:34 UTC</createdTime>
<ownerDesignName>ODEE_1262_Design</ownerDesignName>
<nullsAllowed>true</nullsAllowed>
<useDomainConstraints>false</useDomainConstraints>
<use>1</use>
<logicalDatatype>LOGDT019</logicalDatatype>
<dataTypePrecision>38</dataTypePrecision>
<autoIncrementCycle>false</autoIncrementCycle>
</Column>
<Column name="CARDATA" id="DDFCD582-AA4F-875F-7C42-F71A8416FD8C">
<sourceConnName>deepthought</sourceConnName>
<sourceObjSchema>DMRES_LBYD</sourceObjSchema>
<sourceObjName>CARDATA</sourceObjName>
<createdBy>calittle</createdBy>
<createdTime>2019-04-17 17:26:34 UTC</createdTime>
<ownerDesignName>ODEE_1262_Design</ownerDesignName>
<nullsAllowed>true</nullsAllowed>
<useDomainConstraints>false</useDomainConstraints>
<use>1</use>
<logicalDatatype>LOGDT029</logicalDatatype>
<dataTypeSize>4000</dataTypeSize>
<autoIncrementCycle>false</autoIncrementCycle>
</Column>
</columns>
<indexes itemClass="oracle.dbtools.crest.model.design.relational.Index">
<ind_PK_UK id="C95F83D1-A683-046F-3664-A89C13C05D90" name="DMRLBYDARCKEY">
<sourceConnName>deepthought</sourceConnName>
<sourceObjSchema>DMKR_ASLINE</sourceObjSchema>
<sourceObjName>DMRLBYDARCKEY</sourceObjName>
<createdBy>calittle</createdBy>
<createdTime>2019-04-17 17:26:50 UTC</createdTime>
<ownerDesignName>ODEE_1262_Design</ownerDesignName>
<indexState>Unique Constraint</indexState>
<isSurrogateKey>false</isSurrogateKey>
<indexColumnUsage>
<colUsage columnID="3919A7EC-921F-CE58-0D4E-60E78591A125"/>
<colUsage columnID="55D8F281-758F-CEEC-65C8-386FE9E1F265"/>
</indexColumnUsage>
</ind_PK_UK>
<ind_PK_UK id="8376427F-0FE2-1DAB-04D4-69E4219165E7" name="DMRLBYDCAR_KEY">
<sourceConnName>deepthought</sourceConnName>
<sourceObjSchema>DMKR_ASLINE</sourceObjSchema>
<sourceObjName>DMRLBYDCAR_KEY</sourceObjName>
<createdBy>calittle</createdBy>
<createdTime>2019-04-17 17:26:48 UTC</createdTime>
<ownerDesignName>ODEE_1262_Design</ownerDesignName>
<schemaObject>8FC895A7-E0A2-11C9-AE90-BEF4CA704C97</schemaObject>
<isSurrogateKey>false</isSurrogateKey>
<indexColumnUsage>
<colUsage columnID="3919A7EC-921F-CE58-0D4E-60E78591A125"/>
</indexColumnUsage>
</ind_PK_UK>
<ind_PK_UK id="DF6873F6-E41B-F7CB-1122-14CE2410BD0E" name="DMRLBYDSEQ_NUM">
<sourceConnName>deepthought</sourceConnName>
<sourceObjSchema>DMKR_ASLINE</sourceObjSchema>
<sourceObjName>DMRLBYDSEQ_NUM</sourceObjName>
<createdBy>calittle</createdBy>
<createdTime>2019-04-17 17:26:48 UTC</createdTime>
<ownerDesignName>ODEE_1262_Design</ownerDesignName>
<schemaObject>8FC895A7-E0A2-11C9-AE90-BEF4CA704C97</schemaObject>
<isSurrogateKey>false</isSurrogateKey>
<indexColumnUsage>
<colUsage columnID="55D8F281-758F-CEEC-65C8-386FE9E1F265"/>
</indexColumnUsage>
</ind_PK_UK>
<ind_PK_UK id="B9E76FAB-7F86-168D-913A-3B4A41263A02" name="DMRLBYDARCKEY">
<sourceConnName>deepthought</sourceConnName>
<sourceObjSchema>DMKR_ASLINE</sourceObjSchema>
<sourceObjName>DMRLBYDARCKEY</sourceObjName>
<createdBy>calittle</createdBy>
<createdTime>2019-04-17 17:26:48 UTC</createdTime>
<ownerDesignName>ODEE_1262_Design</ownerDesignName>
<indexState>Unique Plain Index</indexState>
<schemaObject>8FC895A7-E0A2-11C9-AE90-BEF4CA704C97</schemaObject>
<isSurrogateKey>false</isSurrogateKey>
<indexColumnUsage>
<colUsage columnID="3919A7EC-921F-CE58-0D4E-60E78591A125"/>
<colUsage columnID="55D8F281-758F-CEEC-65C8-386FE9E1F265"/>
</indexColumnUsage>
</ind_PK_UK>
</indexes>
</Table>