<?xml version = '1.0' encoding = 'UTF-8'?>
<Table class="oracle.dbtools.crest.model.design.relational.Table" directorySegmentName="seg_0" id="4703080E-D8DB-00DD-6ABB-F5B6E8FB2825" name="CATEGORY">
<sourceConnName>deepthought</sourceConnName>
<sourceObjSchema>DMKR_ASLINE</sourceObjSchema>
<sourceObjName>CATEGORY</sourceObjName>
<createdBy>calittle</createdBy>
<createdTime>2019-04-17 17:25:33 UTC</createdTime>
<ownerDesignName>ODEE_1262_Design</ownerDesignName>
<schemaObject>8FC895A7-E0A2-11C9-AE90-BEF4CA704C97</schemaObject>
<allowColumnReorder>false</allowColumnReorder>
<existDependencyGenerateInDDl>true</existDependencyGenerateInDDl>
<columns itemClass="oracle.dbtools.crest.model.design.relational.Column">
<Column name="CATEGORY" id="8C70116B-4348-27EB-9D44-578EF87E6F0B">
<sourceConnName>deepthought</sourceConnName>
<sourceObjSchema>CATEGORY</sourceObjSchema>
<sourceObjName>CATEGORY</sourceObjName>
<createdBy>calittle</createdBy>
<createdTime>2019-04-17 17:26:33 UTC</createdTime>
<ownerDesignName>ODEE_1262_Design</ownerDesignName>
<useDomainConstraints>false</useDomainConstraints>
<use>1</use>
<logicalDatatype>LOGDT037</logicalDatatype>
<dataTypeSize>512</dataTypeSize>
<autoIncrementCycle>false</autoIncrementCycle>
</Column>
<Column name="CONFIG" id="6B977B17-ACEA-E70F-A2A0-53BB8A15CCDC">
<sourceConnName>deepthought</sourceConnName>
<sourceObjSchema>CATEGORY</sourceObjSchema>
<sourceObjName>CONFIG</sourceObjName>
<createdBy>calittle</createdBy>
<createdTime>2019-04-17 17:26:33 UTC</createdTime>
<ownerDesignName>ODEE_1262_Design</ownerDesignName>
<nullsAllowed>true</nullsAllowed>
<useDomainConstraints>false</useDomainConstraints>
<use>1</use>
<logicalDatatype>LOGDT037</logicalDatatype>
<dataTypeSize>512</dataTypeSize>
<delegate>E1ABA042-4268-1211-4983-96E8E905683C</delegate>
<autoIncrementCycle>false</autoIncrementCycle>
<associations>
<colAssociation fkAssociation="7272934A-146B-6DFD-DEC7-78EEDAC1B46D" referredColumn="E1ABA042-4268-1211-4983-96E8E905683C"/>
</associations>
</Column>
<Column name="LVL" id="57C7A0BB-E6AA-6EAC-EDAD-017206AC00CD">
<sourceConnName>deepthought</sourceConnName>
<sourceObjSchema>CATEGORY</sourceObjSchema>
<sourceObjName>LVL</sourceObjName>
<createdBy>calittle</createdBy>
<createdTime>2019-04-17 17:26:33 UTC</createdTime>
<ownerDesignName>ODEE_1262_Design</ownerDesignName>
<nullsAllowed>true</nullsAllowed>
<useDomainConstraints>false</useDomainConstraints>
<use>1</use>
<logicalDatatype>LOGDT019</logicalDatatype>
<autoIncrementCycle>false</autoIncrementCycle>
</Column>
</columns>
<indexes itemClass="oracle.dbtools.crest.model.design.relational.Index">
<ind_PK_UK id="1BAFA1E1-27EC-F854-8AC8-30CB933437B9" name="PK_CATEGORY">
<sourceConnName>deepthought</sourceConnName>
<sourceObjSchema>DMKR_ASLINE</sourceObjSchema>
<sourceObjName>PK_CATEGORY</sourceObjName>
<createdBy>calittle</createdBy>
<createdTime>2019-04-17 17:26:50 UTC</createdTime>
<ownerDesignName>ODEE_1262_Design</ownerDesignName>
<pk>true</pk>
<indexState>Primary Constraint</indexState>
<isSurrogateKey>false</isSurrogateKey>
<indexColumnUsage>
<colUsage columnID="8C70116B-4348-27EB-9D44-578EF87E6F0B"/>
</indexColumnUsage>
</ind_PK_UK>
<ind_PK_UK id="BC48D96A-A490-5B2C-F784-DCA0771CEAB1" name="PK_CATEGORY">
<sourceConnName>deepthought</sourceConnName>
<sourceObjSchema>DMKR_ASLINE</sourceObjSchema>
<sourceObjName>PK_CATEGORY</sourceObjName>
<createdBy>calittle</createdBy>
<createdTime>2019-04-17 17:26:48 UTC</createdTime>
<ownerDesignName>ODEE_1262_Design</ownerDesignName>
<indexState>Unique Plain Index</indexState>
<schemaObject>8FC895A7-E0A2-11C9-AE90-BEF4CA704C97</schemaObject>
<isSurrogateKey>false</isSurrogateKey>
<indexColumnUsage>
<colUsage columnID="8C70116B-4348-27EB-9D44-578EF87E6F0B"/>
</indexColumnUsage>
</ind_PK_UK>
<ind_PK_UK id="119B9DF0-EA51-8FE3-7B77-4BF1655099CB" name="CATEGORY_MRL_REL1">
<createdBy>calittle</createdBy>
<createdTime>2019-04-17 17:26:52 UTC</createdTime>
<ownerDesignName>ODEE_1262_Design</ownerDesignName>
<indexState>Foreign Key</indexState>
<isSurrogateKey>false</isSurrogateKey>
<indexColumnUsage>
<colUsage columnID="6B977B17-ACEA-E70F-A2A0-53BB8A15CCDC"/>
</indexColumnUsage>
</ind_PK_UK>
</indexes>
</Table>