<?xml version = '1.0' encoding = 'UTF-8'?>
<Table class="oracle.dbtools.crest.model.design.relational.Table" directorySegmentName="seg_0" id="493485EC-93DD-E738-0632-F4E90214337A" name="DMKR_ABILITIES_TRANSLATIONS">
<sourceConnName>deepthought</sourceConnName>
<sourceObjSchema>DMKR_ADMIN</sourceObjSchema>
<sourceObjName>DMKR_ABILITIES_TRANSLATIONS</sourceObjName>
<createdBy>calittle</createdBy>
<createdTime>2019-04-17 17:25:00 UTC</createdTime>
<ownerDesignName>ODEE_1262_Design</ownerDesignName>
<schemaObject>0323F05B-A91A-E5F5-C386-B3516E1DFCEB</schemaObject>
<allowColumnReorder>false</allowColumnReorder>
<existDependencyGenerateInDDl>true</existDependencyGenerateInDDl>
<columns itemClass="oracle.dbtools.crest.model.design.relational.Column">
<Column name="ABILITY_ID" id="1A90E494-A41B-8A88-00E7-D00CB6CA1185">
<sourceConnName>deepthought</sourceConnName>
<sourceObjSchema>DMKR_ABILITIES_TRANSLATIONS</sourceObjSchema>
<sourceObjName>ABILITY_ID</sourceObjName>
<createdBy>calittle</createdBy>
<createdTime>2019-04-17 17:26:22 UTC</createdTime>
<ownerDesignName>ODEE_1262_Design</ownerDesignName>
<useDomainConstraints>false</useDomainConstraints>
<use>1</use>
<logicalDatatype>LOGDT019</logicalDatatype>
<dataTypePrecision>38</dataTypePrecision>
<delegate>048BD57B-35C1-CD77-98BD-B1C2620A2F49</delegate>
<autoIncrementCycle>false</autoIncrementCycle>
<associations>
<colAssociation fkAssociation="0B0BCB1D-F139-6EA9-4C93-4901584A2EC4" referredColumn="048BD57B-35C1-CD77-98BD-B1C2620A2F49"/>
</associations>
</Column>
<Column name="LANGUAGE" id="1B75B4A5-4E95-BB17-857A-8E564334993D">
<sourceConnName>deepthought</sourceConnName>
<sourceObjSchema>DMKR_ABILITIES_TRANSLATIONS</sourceObjSchema>
<sourceObjName>LANGUAGE</sourceObjName>
<createdBy>calittle</createdBy>
<createdTime>2019-04-17 17:26:22 UTC</createdTime>
<ownerDesignName>ODEE_1262_Design</ownerDesignName>
<useDomainConstraints>false</useDomainConstraints>
<use>1</use>
<logicalDatatype>LOGDT037</logicalDatatype>
<dataTypeSize>30</dataTypeSize>
<autoIncrementCycle>false</autoIncrementCycle>
</Column>
<Column name="ABILITY_NAME" id="92341223-D36E-6465-DF1B-5F4894CBBBA5">
<sourceConnName>deepthought</sourceConnName>
<sourceObjSchema>DMKR_ABILITIES_TRANSLATIONS</sourceObjSchema>
<sourceObjName>ABILITY_NAME</sourceObjName>
<createdBy>calittle</createdBy>
<createdTime>2019-04-17 17:26:22 UTC</createdTime>
<ownerDesignName>ODEE_1262_Design</ownerDesignName>
<useDomainConstraints>false</useDomainConstraints>
<use>1</use>
<logicalDatatype>LOGDT037</logicalDatatype>
<dataTypeSize>256</dataTypeSize>
<autoIncrementCycle>false</autoIncrementCycle>
</Column>
<Column name="ABILITY_DESCRIPTION" id="4B028264-E157-6850-9F96-7E8FE602E07A">
<sourceConnName>deepthought</sourceConnName>
<sourceObjSchema>DMKR_ABILITIES_TRANSLATIONS</sourceObjSchema>
<sourceObjName>ABILITY_DESCRIPTION</sourceObjName>
<createdBy>calittle</createdBy>
<createdTime>2019-04-17 17:26:22 UTC</createdTime>
<ownerDesignName>ODEE_1262_Design</ownerDesignName>
<useDomainConstraints>false</useDomainConstraints>
<use>1</use>
<logicalDatatype>LOGDT037</logicalDatatype>
<dataTypeSize>2000</dataTypeSize>
<autoIncrementCycle>false</autoIncrementCycle>
</Column>
<Column name="SOURCE_LANG" id="CDE859AE-133B-2EBE-D08F-C2DFE2AFD818">
<sourceConnName>deepthought</sourceConnName>
<sourceObjSchema>DMKR_ABILITIES_TRANSLATIONS</sourceObjSchema>
<sourceObjName>SOURCE_LANG</sourceObjName>
<createdBy>calittle</createdBy>
<createdTime>2019-04-17 17:26:22 UTC</createdTime>
<ownerDesignName>ODEE_1262_Design</ownerDesignName>
<useDomainConstraints>false</useDomainConstraints>
<use>1</use>
<logicalDatatype>LOGDT037</logicalDatatype>
<dataTypeSize>30</dataTypeSize>
<autoIncrementCycle>false</autoIncrementCycle>
</Column>
</columns>
<indexes itemClass="oracle.dbtools.crest.model.design.relational.Index">
<ind_PK_UK id="CBE38481-4E75-CDC0-26F1-75C9C2829E37" name="DMKR_ABILITIES_TRANSLATIO_PK">
<sourceConnName>deepthought</sourceConnName>
<sourceObjSchema>DMKR_ADMIN</sourceObjSchema>
<sourceObjName>DMKR_ABILITIES_TRANSLATIO_PK</sourceObjName>
<createdBy>calittle</createdBy>
<createdTime>2019-04-17 17:26:49 UTC</createdTime>
<ownerDesignName>ODEE_1262_Design</ownerDesignName>
<pk>true</pk>
<indexState>Primary Constraint</indexState>
<isSurrogateKey>false</isSurrogateKey>
<indexColumnUsage>
<colUsage columnID="1A90E494-A41B-8A88-00E7-D00CB6CA1185"/>
<colUsage columnID="1B75B4A5-4E95-BB17-857A-8E564334993D"/>
</indexColumnUsage>
</ind_PK_UK>
<ind_PK_UK id="1E4D17BF-DD8E-88B3-6D8E-33B08ACADB3D" name="DMKR_ABILITIES_TRANS_ID_INDEX">
<sourceConnName>deepthought</sourceConnName>
<sourceObjSchema>DMKR_ADMIN</sourceObjSchema>
<sourceObjName>DMKR_ABILITIES_TRANS_ID_INDEX</sourceObjName>
<createdBy>calittle</createdBy>
<createdTime>2019-04-17 17:26:48 UTC</createdTime>
<ownerDesignName>ODEE_1262_Design</ownerDesignName>
<schemaObject>0323F05B-A91A-E5F5-C386-B3516E1DFCEB</schemaObject>
<isSurrogateKey>false</isSurrogateKey>
<indexColumnUsage>
<colUsage columnID="1A90E494-A41B-8A88-00E7-D00CB6CA1185"/>
</indexColumnUsage>
</ind_PK_UK>
<ind_PK_UK id="D3858EB4-6A79-296E-41DD-1506441418B2" name="DMKR_ABILITIES_TRANSLATIO_PK">
<sourceConnName>deepthought</sourceConnName>
<sourceObjSchema>DMKR_ADMIN</sourceObjSchema>
<sourceObjName>DMKR_ABILITIES_TRANSLATIO_PK</sourceObjName>
<createdBy>calittle</createdBy>
<createdTime>2019-04-17 17:26:48 UTC</createdTime>
<ownerDesignName>ODEE_1262_Design</ownerDesignName>
<indexState>Unique Plain Index</indexState>
<schemaObject>0323F05B-A91A-E5F5-C386-B3516E1DFCEB</schemaObject>
<isSurrogateKey>false</isSurrogateKey>
<indexColumnUsage>
<colUsage columnID="1A90E494-A41B-8A88-00E7-D00CB6CA1185"/>
<colUsage columnID="1B75B4A5-4E95-BB17-857A-8E564334993D"/>
</indexColumnUsage>
</ind_PK_UK>
<ind_PK_UK id="F05111C9-7C35-81E6-D90D-5F9605058579" name="DMKR_ABILITIES_TRANSLATIO_FK1">
<createdBy>calittle</createdBy>
<createdTime>2019-04-17 17:26:52 UTC</createdTime>
<ownerDesignName>ODEE_1262_Design</ownerDesignName>
<indexState>Foreign Key</indexState>
<isSurrogateKey>false</isSurrogateKey>
<indexColumnUsage>
<colUsage columnID="1A90E494-A41B-8A88-00E7-D00CB6CA1185"/>
</indexColumnUsage>
</ind_PK_UK>
</indexes>
</Table>