<?xml version = '1.0' encoding = 'UTF-8'?>
<Table class="oracle.dbtools.crest.model.design.relational.Table" directorySegmentName="seg_0" id="52D78592-7870-71EC-6C6F-6A532304E9B4" name="APPTEMP_TBL_REF">
<sourceConnName>deepthought</sourceConnName>
<sourceObjSchema>DMKR_ASLINE</sourceObjSchema>
<sourceObjName>APPTEMP_TBL_REF</sourceObjName>
<createdBy>calittle</createdBy>
<createdTime>2019-04-17 17:25:24 UTC</createdTime>
<ownerDesignName>ODEE_1262_Design</ownerDesignName>
<schemaObject>8FC895A7-E0A2-11C9-AE90-BEF4CA704C97</schemaObject>
<allowColumnReorder>false</allowColumnReorder>
<existDependencyGenerateInDDl>true</existDependencyGenerateInDDl>
<columns itemClass="oracle.dbtools.crest.model.design.relational.Column">
<Column name="TID" id="BB25076B-4F08-D0AB-8D49-C2F56D888896">
<sourceConnName>deepthought</sourceConnName>
<sourceObjSchema>APPTEMP_TBL_REF</sourceObjSchema>
<sourceObjName>TID</sourceObjName>
<createdBy>calittle</createdBy>
<createdTime>2019-04-17 17:26:30 UTC</createdTime>
<ownerDesignName>ODEE_1262_Design</ownerDesignName>
<useDomainConstraints>false</useDomainConstraints>
<use>1</use>
<logicalDatatype>LOGDT037</logicalDatatype>
<dataTypeSize>80</dataTypeSize>
<autoIncrementCycle>false</autoIncrementCycle>
</Column>
<Column name="ACTIVE" id="8E21BA44-67DE-1949-C1A8-6DF1E39F0569">
<sourceConnName>deepthought</sourceConnName>
<sourceObjSchema>APPTEMP_TBL_REF</sourceObjSchema>
<sourceObjName>ACTIVE</sourceObjName>
<createdBy>calittle</createdBy>
<createdTime>2019-04-17 17:26:30 UTC</createdTime>
<ownerDesignName>ODEE_1262_Design</ownerDesignName>
<nullsAllowed>true</nullsAllowed>
<useDomainConstraints>false</useDomainConstraints>
<use>1</use>
<logicalDatatype>LOGDT037</logicalDatatype>
<dataTypeSize>5</dataTypeSize>
<autoIncrementCycle>false</autoIncrementCycle>
</Column>
<Column name="CREATION_TIMESTAMP" id="761E90C0-2B66-9127-BD2B-7070BBCA1046">
<sourceConnName>deepthought</sourceConnName>
<sourceObjSchema>APPTEMP_TBL_REF</sourceObjSchema>
<sourceObjName>CREATION_TIMESTAMP</sourceObjName>
<createdBy>calittle</createdBy>
<createdTime>2019-04-17 17:26:30 UTC</createdTime>
<ownerDesignName>ODEE_1262_Design</ownerDesignName>
<nullsAllowed>true</nullsAllowed>
<useDomainConstraints>false</useDomainConstraints>
<use>1</use>
<logicalDatatype>LOGDT015</logicalDatatype>
<dataTypePrecision>6</dataTypePrecision>
<autoIncrementCycle>false</autoIncrementCycle>
</Column>
</columns>
<indexes itemClass="oracle.dbtools.crest.model.design.relational.Index">
<ind_PK_UK id="D896C300-2B28-D786-7570-448CE57E1EF3" name="PK_APPTEMPTBLREF">
<sourceConnName>deepthought</sourceConnName>
<sourceObjSchema>DMKR_ASLINE</sourceObjSchema>
<sourceObjName>PK_APPTEMPTBLREF</sourceObjName>
<createdBy>calittle</createdBy>
<createdTime>2019-04-17 17:26:50 UTC</createdTime>
<ownerDesignName>ODEE_1262_Design</ownerDesignName>
<pk>true</pk>
<indexState>Primary Constraint</indexState>
<isSurrogateKey>false</isSurrogateKey>
<indexColumnUsage>
<colUsage columnID="BB25076B-4F08-D0AB-8D49-C2F56D888896"/>
</indexColumnUsage>
</ind_PK_UK>
<ind_PK_UK id="99BF0878-956D-58F7-3C3A-F3ABD46D3A8B" name="PK_APPTEMPTBLREF">
<sourceConnName>deepthought</sourceConnName>
<sourceObjSchema>DMKR_ASLINE</sourceObjSchema>
<sourceObjName>PK_APPTEMPTBLREF</sourceObjName>
<createdBy>calittle</createdBy>
<createdTime>2019-04-17 17:26:48 UTC</createdTime>
<ownerDesignName>ODEE_1262_Design</ownerDesignName>
<indexState>Unique Plain Index</indexState>
<schemaObject>8FC895A7-E0A2-11C9-AE90-BEF4CA704C97</schemaObject>
<isSurrogateKey>false</isSurrogateKey>
<indexColumnUsage>
<colUsage columnID="BB25076B-4F08-D0AB-8D49-C2F56D888896"/>
</indexColumnUsage>
</ind_PK_UK>
</indexes>
</Table>