<?xml version = '1.0' encoding = 'UTF-8'?>
<Table class="oracle.dbtools.crest.model.design.relational.Table" directorySegmentName="seg_0" id="531B152F-9DC1-0A9C-D359-98BD4282CD3E" name="GROUP1">
<sourceConnName>deepthought</sourceConnName>
<sourceObjSchema>DMKR_ASLINE</sourceObjSchema>
<sourceObjName>GROUP1</sourceObjName>
<createdBy>calittle</createdBy>
<createdTime>2019-04-17 17:25:46 UTC</createdTime>
<ownerDesignName>ODEE_1262_Design</ownerDesignName>
<schemaObject>8FC895A7-E0A2-11C9-AE90-BEF4CA704C97</schemaObject>
<allowColumnReorder>false</allowColumnReorder>
<existDependencyGenerateInDDl>true</existDependencyGenerateInDDl>
<columns itemClass="oracle.dbtools.crest.model.design.relational.Column">
<Column name="NAME1" id="55D97E74-8F2A-A0D8-6C08-9C826BA66369">
<sourceConnName>deepthought</sourceConnName>
<sourceObjSchema>GROUP1</sourceObjSchema>
<sourceObjName>NAME1</sourceObjName>
<createdBy>calittle</createdBy>
<createdTime>2019-04-17 17:26:36 UTC</createdTime>
<ownerDesignName>ODEE_1262_Design</ownerDesignName>
<useDomainConstraints>false</useDomainConstraints>
<use>1</use>
<logicalDatatype>LOGDT037</logicalDatatype>
<dataTypeSize>256</dataTypeSize>
<autoIncrementCycle>false</autoIncrementCycle>
</Column>
<Column name="CONFIG" id="785685B6-FC40-379C-DD03-30536C20B64B">
<sourceConnName>deepthought</sourceConnName>
<sourceObjSchema>GROUP1</sourceObjSchema>
<sourceObjName>CONFIG</sourceObjName>
<createdBy>calittle</createdBy>
<createdTime>2019-04-17 17:26:36 UTC</createdTime>
<ownerDesignName>ODEE_1262_Design</ownerDesignName>
<nullsAllowed>true</nullsAllowed>
<useDomainConstraints>false</useDomainConstraints>
<use>1</use>
<logicalDatatype>LOGDT037</logicalDatatype>
<dataTypeSize>512</dataTypeSize>
<delegate>E1ABA042-4268-1211-4983-96E8E905683C</delegate>
<autoIncrementCycle>false</autoIncrementCycle>
<associations>
<colAssociation fkAssociation="DE29BFB5-20F7-B67D-C6FA-087C049A5C8E" referredColumn="E1ABA042-4268-1211-4983-96E8E905683C"/>
</associations>
</Column>
<Column name="LVL" id="05169BE8-EB00-867C-FE03-F3A08BA90344">
<sourceConnName>deepthought</sourceConnName>
<sourceObjSchema>GROUP1</sourceObjSchema>
<sourceObjName>LVL</sourceObjName>
<createdBy>calittle</createdBy>
<createdTime>2019-04-17 17:26:36 UTC</createdTime>
<ownerDesignName>ODEE_1262_Design</ownerDesignName>
<useDomainConstraints>false</useDomainConstraints>
<use>1</use>
<logicalDatatype>LOGDT019</logicalDatatype>
<defaultValue>2</defaultValue>
<autoIncrementCycle>false</autoIncrementCycle>
</Column>
</columns>
<indexes itemClass="oracle.dbtools.crest.model.design.relational.Index">
<ind_PK_UK id="B140D98C-4A72-37EA-C91E-D13E7D2CAD94" name="PK_GROUP1">
<sourceConnName>deepthought</sourceConnName>
<sourceObjSchema>DMKR_ASLINE</sourceObjSchema>
<sourceObjName>PK_GROUP1</sourceObjName>
<createdBy>calittle</createdBy>
<createdTime>2019-04-17 17:26:50 UTC</createdTime>
<ownerDesignName>ODEE_1262_Design</ownerDesignName>
<pk>true</pk>
<indexState>Primary Constraint</indexState>
<isSurrogateKey>false</isSurrogateKey>
<indexColumnUsage>
<colUsage columnID="55D97E74-8F2A-A0D8-6C08-9C826BA66369"/>
</indexColumnUsage>
</ind_PK_UK>
<ind_PK_UK id="C1C3CE08-18A1-8F39-4A45-F080E05D21A9" name="PK_GROUP1">
<sourceConnName>deepthought</sourceConnName>
<sourceObjSchema>DMKR_ASLINE</sourceObjSchema>
<sourceObjName>PK_GROUP1</sourceObjName>
<createdBy>calittle</createdBy>
<createdTime>2019-04-17 17:26:48 UTC</createdTime>
<ownerDesignName>ODEE_1262_Design</ownerDesignName>
<indexState>Unique Plain Index</indexState>
<schemaObject>8FC895A7-E0A2-11C9-AE90-BEF4CA704C97</schemaObject>
<isSurrogateKey>false</isSurrogateKey>
<indexColumnUsage>
<colUsage columnID="55D97E74-8F2A-A0D8-6C08-9C826BA66369"/>
</indexColumnUsage>
</ind_PK_UK>
<ind_PK_UK id="48157624-7068-0D1B-77AD-FB3299E0C882" name="MRLCONFIG_GROUP1_REL1">
<createdBy>calittle</createdBy>
<createdTime>2019-04-17 17:26:52 UTC</createdTime>
<ownerDesignName>ODEE_1262_Design</ownerDesignName>
<indexState>Foreign Key</indexState>
<isSurrogateKey>false</isSurrogateKey>
<indexColumnUsage>
<colUsage columnID="785685B6-FC40-379C-DD03-30536C20B64B"/>
</indexColumnUsage>
</ind_PK_UK>
</indexes>
</Table>