<?xml version = '1.0' encoding = 'UTF-8'?>
<Table class="oracle.dbtools.crest.model.design.relational.Table" directorySegmentName="seg_0" id="536A6B73-4125-118D-79B8-F9098181CEC1" name="ADDRESSEEDISTRIBUTIONTYPE">
<sourceConnName>deepthought</sourceConnName>
<sourceObjSchema>DMKR_ASLINE</sourceObjSchema>
<sourceObjName>ADDRESSEEDISTRIBUTIONTYPE</sourceObjName>
<createdBy>calittle</createdBy>
<createdTime>2019-04-17 17:25:23 UTC</createdTime>
<ownerDesignName>ODEE_1262_Design</ownerDesignName>
<schemaObject>8FC895A7-E0A2-11C9-AE90-BEF4CA704C97</schemaObject>
<allowColumnReorder>false</allowColumnReorder>
<existDependencyGenerateInDDl>true</existDependencyGenerateInDDl>
<columns itemClass="oracle.dbtools.crest.model.design.relational.Column">
<Column name="ADTID" id="13E368AF-B3BB-8BF7-CC4F-2208B0A722A8">
<sourceConnName>deepthought</sourceConnName>
<sourceObjSchema>ADDRESSEEDISTRIBUTIONTYPE</sourceObjSchema>
<sourceObjName>ADTID</sourceObjName>
<createdBy>calittle</createdBy>
<createdTime>2019-04-17 17:26:30 UTC</createdTime>
<ownerDesignName>ODEE_1262_Design</ownerDesignName>
<useDomainConstraints>false</useDomainConstraints>
<use>1</use>
<logicalDatatype>LOGDT019</logicalDatatype>
<autoIncrementCycle>false</autoIncrementCycle>
</Column>
<Column name="NAME" id="41B5C703-24F9-DD95-0B52-6E291A106178">
<sourceConnName>deepthought</sourceConnName>
<sourceObjSchema>ADDRESSEEDISTRIBUTIONTYPE</sourceObjSchema>
<sourceObjName>NAME</sourceObjName>
<createdBy>calittle</createdBy>
<createdTime>2019-04-17 17:26:30 UTC</createdTime>
<ownerDesignName>ODEE_1262_Design</ownerDesignName>
<nullsAllowed>true</nullsAllowed>
<useDomainConstraints>false</useDomainConstraints>
<use>1</use>
<logicalDatatype>LOGDT037</logicalDatatype>
<dataTypeSize>32</dataTypeSize>
<autoIncrementCycle>false</autoIncrementCycle>
</Column>
</columns>
<indexes itemClass="oracle.dbtools.crest.model.design.relational.Index">
<ind_PK_UK id="2DF0CA30-991C-1006-4BAD-E4C71164C7C0" name="ADDRESSEEDISTRIBUTIONTYPE_PK">
<sourceConnName>deepthought</sourceConnName>
<sourceObjSchema>DMKR_ASLINE</sourceObjSchema>
<sourceObjName>ADDRESSEEDISTRIBUTIONTYPE_PK</sourceObjName>
<createdBy>calittle</createdBy>
<createdTime>2019-04-17 17:26:50 UTC</createdTime>
<ownerDesignName>ODEE_1262_Design</ownerDesignName>
<pk>true</pk>
<indexState>Primary Constraint</indexState>
<isSurrogateKey>false</isSurrogateKey>
<indexColumnUsage>
<colUsage columnID="13E368AF-B3BB-8BF7-CC4F-2208B0A722A8"/>
</indexColumnUsage>
</ind_PK_UK>
<ind_PK_UK id="440C82A2-17B2-866D-83DC-6D2665BAF14C" name="ADDRESSEEDISTRIBUTIONTYPE_PK">
<sourceConnName>deepthought</sourceConnName>
<sourceObjSchema>DMKR_ASLINE</sourceObjSchema>
<sourceObjName>ADDRESSEEDISTRIBUTIONTYPE_PK</sourceObjName>
<createdBy>calittle</createdBy>
<createdTime>2019-04-17 17:26:48 UTC</createdTime>
<ownerDesignName>ODEE_1262_Design</ownerDesignName>
<indexState>Unique Plain Index</indexState>
<schemaObject>8FC895A7-E0A2-11C9-AE90-BEF4CA704C97</schemaObject>
<isSurrogateKey>false</isSurrogateKey>
<indexColumnUsage>
<colUsage columnID="13E368AF-B3BB-8BF7-CC4F-2208B0A722A8"/>
</indexColumnUsage>
</ind_PK_UK>
</indexes>
</Table>