<?xml version = '1.0' encoding = 'UTF-8'?>
<Table class="oracle.dbtools.crest.model.design.relational.Table" directorySegmentName="seg_0" id="599ACABA-6658-868A-F028-CD4AE682FA84" name="PS_TXN">
<sourceConnName>deepthought</sourceConnName>
<sourceObjSchema>DMKR_ADMIN</sourceObjSchema>
<sourceObjName>PS_TXN</sourceObjName>
<createdBy>calittle</createdBy>
<createdTime>2019-04-17 17:25:17 UTC</createdTime>
<ownerDesignName>ODEE_1262_Design</ownerDesignName>
<schemaObject>0323F05B-A91A-E5F5-C386-B3516E1DFCEB</schemaObject>
<allowColumnReorder>false</allowColumnReorder>
<existDependencyGenerateInDDl>true</existDependencyGenerateInDDl>
<columns itemClass="oracle.dbtools.crest.model.design.relational.Column">
<Column name="ID" id="D11870D7-31DD-53A2-E97C-7671C88D1E35">
<sourceConnName>deepthought</sourceConnName>
<sourceObjSchema>PS_TXN</sourceObjSchema>
<sourceObjName>ID</sourceObjName>
<createdBy>calittle</createdBy>
<createdTime>2019-04-17 17:26:28 UTC</createdTime>
<ownerDesignName>ODEE_1262_Design</ownerDesignName>
<useDomainConstraints>false</useDomainConstraints>
<use>1</use>
<logicalDatatype>LOGDT019</logicalDatatype>
<dataTypePrecision>20</dataTypePrecision>
<autoIncrementCycle>false</autoIncrementCycle>
</Column>
<Column name="PARENTID" id="91CC8F3D-8954-D0D9-FCC3-92DF94423B41">
<sourceConnName>deepthought</sourceConnName>
<sourceObjSchema>PS_TXN</sourceObjSchema>
<sourceObjName>PARENTID</sourceObjName>
<createdBy>calittle</createdBy>
<createdTime>2019-04-17 17:26:28 UTC</createdTime>
<ownerDesignName>ODEE_1262_Design</ownerDesignName>
<nullsAllowed>true</nullsAllowed>
<useDomainConstraints>false</useDomainConstraints>
<use>1</use>
<logicalDatatype>LOGDT019</logicalDatatype>
<dataTypePrecision>20</dataTypePrecision>
<autoIncrementCycle>false</autoIncrementCycle>
</Column>
<Column name="COLLID" id="534E3BCF-7654-6FE3-D9DE-BF1AB918FA2B">
<sourceConnName>deepthought</sourceConnName>
<sourceObjSchema>PS_TXN</sourceObjSchema>
<sourceObjName>COLLID</sourceObjName>
<createdBy>calittle</createdBy>
<createdTime>2019-04-17 17:26:28 UTC</createdTime>
<ownerDesignName>ODEE_1262_Design</ownerDesignName>
<useDomainConstraints>false</useDomainConstraints>
<use>1</use>
<logicalDatatype>LOGDT019</logicalDatatype>
<dataTypePrecision>10</dataTypePrecision>
<autoIncrementCycle>false</autoIncrementCycle>
</Column>
<Column name="CONTENT" id="2E2D2525-60D9-6769-B940-449C58C7C751">
<sourceConnName>deepthought</sourceConnName>
<sourceObjSchema>PS_TXN</sourceObjSchema>
<sourceObjName>CONTENT</sourceObjName>
<createdBy>calittle</createdBy>
<createdTime>2019-04-17 17:26:28 UTC</createdTime>
<ownerDesignName>ODEE_1262_Design</ownerDesignName>
<nullsAllowed>true</nullsAllowed>
<useDomainConstraints>false</useDomainConstraints>
<use>1</use>
<logicalDatatype>LOGDT029</logicalDatatype>
<dataTypeSize>4000</dataTypeSize>
<autoIncrementCycle>false</autoIncrementCycle>
</Column>
<Column name="CREATION_DATE" id="3168F45C-02D6-45CE-07A7-71250EC30C0E">
<sourceConnName>deepthought</sourceConnName>
<sourceObjSchema>PS_TXN</sourceObjSchema>
<sourceObjName>CREATION_DATE</sourceObjName>
<createdBy>calittle</createdBy>
<createdTime>2019-04-17 17:26:28 UTC</createdTime>
<ownerDesignName>ODEE_1262_Design</ownerDesignName>
<nullsAllowed>true</nullsAllowed>
<useDomainConstraints>false</useDomainConstraints>
<use>1</use>
<logicalDatatype>LOGDT007</logicalDatatype>
<dataTypeSize>7</dataTypeSize>
<defaultValue>sysdate</defaultValue>
<autoIncrementCycle>false</autoIncrementCycle>
</Column>
</columns>
<indexes itemClass="oracle.dbtools.crest.model.design.relational.Index">
<ind_PK_UK id="4EA4F852-DDC3-19CA-6B52-29CAE7B2826A" name="PS_TXN_PK">
<sourceConnName>deepthought</sourceConnName>
<sourceObjSchema>DMKR_ADMIN</sourceObjSchema>
<sourceObjName>PS_TXN_PK</sourceObjName>
<createdBy>calittle</createdBy>
<createdTime>2019-04-17 17:26:50 UTC</createdTime>
<ownerDesignName>ODEE_1262_Design</ownerDesignName>
<pk>true</pk>
<indexState>Primary Constraint</indexState>
<isSurrogateKey>false</isSurrogateKey>
<indexColumnUsage>
<colUsage columnID="534E3BCF-7654-6FE3-D9DE-BF1AB918FA2B"/>
<colUsage columnID="D11870D7-31DD-53A2-E97C-7671C88D1E35"/>
</indexColumnUsage>
</ind_PK_UK>
<ind_PK_UK id="97D95B98-EC1D-59E4-FA93-FB3B59BE1E74" name="PS_TXN_INDEX">
<sourceConnName>deepthought</sourceConnName>
<sourceObjSchema>DMKR_ADMIN</sourceObjSchema>
<sourceObjName>PS_TXN_INDEX</sourceObjName>
<createdBy>calittle</createdBy>
<createdTime>2019-04-17 17:26:48 UTC</createdTime>
<ownerDesignName>ODEE_1262_Design</ownerDesignName>
<schemaObject>0323F05B-A91A-E5F5-C386-B3516E1DFCEB</schemaObject>
<isSurrogateKey>false</isSurrogateKey>
<indexColumnUsage>
<colUsage columnID="534E3BCF-7654-6FE3-D9DE-BF1AB918FA2B"/>
<colUsage columnID="D11870D7-31DD-53A2-E97C-7671C88D1E35"/>
</indexColumnUsage>
</ind_PK_UK>
</indexes>
</Table>