<?xml version = '1.0' encoding = 'UTF-8'?>
<Table class="oracle.dbtools.crest.model.design.relational.Table" directorySegmentName="seg_0" id="64EF1A2F-8182-0F96-0D37-70B871515D82" name="BCHS_RCPSHIST">
<sourceConnName>deepthought</sourceConnName>
<sourceObjSchema>DMKR_ASLINE</sourceObjSchema>
<sourceObjName>BCHS_RCPSHIST</sourceObjName>
<createdBy>calittle</createdBy>
<createdTime>2019-04-17 17:25:32 UTC</createdTime>
<commentInRDBMS>Many-to-many relationship table, a.k.a. association table , that allows any RCPS rows (recipient) to be associate with many&lt;br/&gt;different BCH rows (batches).  A recipient record can be in many different batch records. </commentInRDBMS>
<ownerDesignName>ODEE_1262_Design</ownerDesignName>
<schemaObject>8FC895A7-E0A2-11C9-AE90-BEF4CA704C97</schemaObject>
<allowColumnReorder>false</allowColumnReorder>
<existDependencyGenerateInDDl>true</existDependencyGenerateInDDl>
<columns itemClass="oracle.dbtools.crest.model.design.relational.Column">
<Column name="BCH_ID" id="26C262BE-EA48-F353-EEE8-FE102A63851E">
<sourceConnName>deepthought</sourceConnName>
<sourceObjSchema>BCHS_RCPSHIST</sourceObjSchema>
<sourceObjName>BCH_ID</sourceObjName>
<createdBy>calittle</createdBy>
<createdTime>2019-04-17 17:26:32 UTC</createdTime>
<ownerDesignName>ODEE_1262_Design</ownerDesignName>
<useDomainConstraints>false</useDomainConstraints>
<use>1</use>
<logicalDatatype>LOGDT019</logicalDatatype>
<dataTypePrecision>38</dataTypePrecision>
<autoIncrementCycle>false</autoIncrementCycle>
</Column>
<Column name="RCP_ID" id="880059F2-68FF-7C6A-3A36-10DE4C6CD49A">
<sourceConnName>deepthought</sourceConnName>
<sourceObjSchema>BCHS_RCPSHIST</sourceObjSchema>
<sourceObjName>RCP_ID</sourceObjName>
<createdBy>calittle</createdBy>
<createdTime>2019-04-17 17:26:32 UTC</createdTime>
<ownerDesignName>ODEE_1262_Design</ownerDesignName>
<useDomainConstraints>false</useDomainConstraints>
<use>1</use>
<logicalDatatype>LOGDT019</logicalDatatype>
<dataTypePrecision>38</dataTypePrecision>
<autoIncrementCycle>false</autoIncrementCycle>
</Column>
<Column name="TRN_ID" id="E3D6ED8E-88F5-EA1E-A0FA-3576E7ABAD44">
<sourceConnName>deepthought</sourceConnName>
<sourceObjSchema>BCHS_RCPSHIST</sourceObjSchema>
<sourceObjName>TRN_ID</sourceObjName>
<createdBy>calittle</createdBy>
<createdTime>2019-04-17 17:26:32 UTC</createdTime>
<ownerDesignName>ODEE_1262_Design</ownerDesignName>
<useDomainConstraints>false</useDomainConstraints>
<use>1</use>
<logicalDatatype>LOGDT019</logicalDatatype>
<dataTypePrecision>38</dataTypePrecision>
<autoIncrementCycle>false</autoIncrementCycle>
</Column>
<Column name="JOB_ID" id="4EF2CDAE-8A6D-E0A6-D8B2-A2F75852DAB9">
<sourceConnName>deepthought</sourceConnName>
<sourceObjSchema>BCHS_RCPSHIST</sourceObjSchema>
<sourceObjName>JOB_ID</sourceObjName>
<createdBy>calittle</createdBy>
<createdTime>2019-04-17 17:26:32 UTC</createdTime>
<ownerDesignName>ODEE_1262_Design</ownerDesignName>
<nullsAllowed>true</nullsAllowed>
<useDomainConstraints>false</useDomainConstraints>
<use>1</use>
<logicalDatatype>LOGDT019</logicalDatatype>
<dataTypePrecision>38</dataTypePrecision>
<autoIncrementCycle>false</autoIncrementCycle>
</Column>
<Column name="PUB_ID" id="39730C80-3E45-0ED8-E343-96545CA86D10">
<sourceConnName>deepthought</sourceConnName>
<sourceObjSchema>BCHS_RCPSHIST</sourceObjSchema>
<sourceObjName>PUB_ID</sourceObjName>
<createdBy>calittle</createdBy>
<createdTime>2019-04-17 17:26:32 UTC</createdTime>
<ownerDesignName>ODEE_1262_Design</ownerDesignName>
<nullsAllowed>true</nullsAllowed>
<useDomainConstraints>false</useDomainConstraints>
<use>1</use>
<logicalDatatype>LOGDT019</logicalDatatype>
<dataTypePrecision>38</dataTypePrecision>
<autoIncrementCycle>false</autoIncrementCycle>
</Column>
<Column name="RCPSEQ" id="029574F4-D2F2-61EC-A02F-211B71FFEF42">
<sourceConnName>deepthought</sourceConnName>
<sourceObjSchema>BCHS_RCPSHIST</sourceObjSchema>
<sourceObjName>RCPSEQ</sourceObjName>
<createdBy>calittle</createdBy>
<createdTime>2019-04-17 17:26:32 UTC</createdTime>
<ownerDesignName>ODEE_1262_Design</ownerDesignName>
<nullsAllowed>true</nullsAllowed>
<useDomainConstraints>false</useDomainConstraints>
<use>1</use>
<logicalDatatype>LOGDT019</logicalDatatype>
<dataTypePrecision>10</dataTypePrecision>
<autoIncrementCycle>false</autoIncrementCycle>
</Column>
<Column name="BCHRCPTYPE" id="7B3393DA-F2EE-E784-313D-7398960E78B3">
<sourceConnName>deepthought</sourceConnName>
<sourceObjSchema>BCHS_RCPSHIST</sourceObjSchema>
<sourceObjName>BCHRCPTYPE</sourceObjName>
<createdBy>calittle</createdBy>
<createdTime>2019-04-17 17:26:32 UTC</createdTime>
<ownerDesignName>ODEE_1262_Design</ownerDesignName>
<nullsAllowed>true</nullsAllowed>
<useDomainConstraints>false</useDomainConstraints>
<use>1</use>
<logicalDatatype>LOGDT019</logicalDatatype>
<dataTypePrecision>10</dataTypePrecision>
<autoIncrementCycle>false</autoIncrementCycle>
</Column>
<Column name="BCHRCPACTIVE" id="5386D9C1-232F-80B0-F49D-487F24787515">
<sourceConnName>deepthought</sourceConnName>
<sourceObjSchema>BCHS_RCPSHIST</sourceObjSchema>
<sourceObjName>BCHRCPACTIVE</sourceObjName>
<createdBy>calittle</createdBy>
<createdTime>2019-04-17 17:26:32 UTC</createdTime>
<ownerDesignName>ODEE_1262_Design</ownerDesignName>
<nullsAllowed>true</nullsAllowed>
<useDomainConstraints>false</useDomainConstraints>
<use>1</use>
<logicalDatatype>LOGDT019</logicalDatatype>
<dataTypePrecision>5</dataTypePrecision>
<autoIncrementCycle>false</autoIncrementCycle>
</Column>
<Column name="BCHRCPBNDLLOC" id="47897AA8-E754-3C22-99E1-11C9C7E20D92">
<sourceConnName>deepthought</sourceConnName>
<sourceObjSchema>BCHS_RCPSHIST</sourceObjSchema>
<sourceObjName>BCHRCPBNDLLOC</sourceObjName>
<createdBy>calittle</createdBy>
<createdTime>2019-04-17 17:26:32 UTC</createdTime>
<ownerDesignName>ODEE_1262_Design</ownerDesignName>
<nullsAllowed>true</nullsAllowed>
<useDomainConstraints>false</useDomainConstraints>
<use>1</use>
<logicalDatatype>LOGDT019</logicalDatatype>
<dataTypePrecision>10</dataTypePrecision>
<autoIncrementCycle>false</autoIncrementCycle>
</Column>
<Column name="BCHRCPCNTL" id="0F3BE1C8-57CC-312D-5A32-507E21833057">
<sourceConnName>deepthought</sourceConnName>
<sourceObjSchema>BCHS_RCPSHIST</sourceObjSchema>
<sourceObjName>BCHRCPCNTL</sourceObjName>
<createdBy>calittle</createdBy>
<createdTime>2019-04-17 17:26:32 UTC</createdTime>
<ownerDesignName>ODEE_1262_Design</ownerDesignName>
<nullsAllowed>true</nullsAllowed>
<useDomainConstraints>false</useDomainConstraints>
<use>1</use>
<logicalDatatype>LOGDT037</logicalDatatype>
<dataTypeSize>10</dataTypeSize>
<autoIncrementCycle>false</autoIncrementCycle>
</Column>
<Column name="BCHRCPCREATETIME" id="CEADCBCB-069F-A646-95E1-CA1782DDC6AF">
<sourceConnName>deepthought</sourceConnName>
<sourceObjSchema>BCHS_RCPSHIST</sourceObjSchema>
<sourceObjName>BCHRCPCREATETIME</sourceObjName>
<createdBy>calittle</createdBy>
<createdTime>2019-04-17 17:26:32 UTC</createdTime>
<ownerDesignName>ODEE_1262_Design</ownerDesignName>
<nullsAllowed>true</nullsAllowed>
<useDomainConstraints>false</useDomainConstraints>
<use>1</use>
<logicalDatatype>LOGDT015</logicalDatatype>
<dataTypePrecision>6</dataTypePrecision>
<autoIncrementCycle>false</autoIncrementCycle>
</Column>
<Column name="BCHRCPERRTIME" id="07E7368F-EB0C-F95A-9278-47CC99E2CC00">
<sourceConnName>deepthought</sourceConnName>
<sourceObjSchema>BCHS_RCPSHIST</sourceObjSchema>
<sourceObjName>BCHRCPERRTIME</sourceObjName>
<createdBy>calittle</createdBy>
<createdTime>2019-04-17 17:26:32 UTC</createdTime>
<ownerDesignName>ODEE_1262_Design</ownerDesignName>
<nullsAllowed>true</nullsAllowed>
<useDomainConstraints>false</useDomainConstraints>
<use>1</use>
<logicalDatatype>LOGDT015</logicalDatatype>
<dataTypePrecision>6</dataTypePrecision>
<autoIncrementCycle>false</autoIncrementCycle>
</Column>
<Column name="BCHRCPPROCTIME" id="8CB66EAD-0BE6-95F0-ED11-1EA17F5992B8">
<sourceConnName>deepthought</sourceConnName>
<sourceObjSchema>BCHS_RCPSHIST</sourceObjSchema>
<sourceObjName>BCHRCPPROCTIME</sourceObjName>
<createdBy>calittle</createdBy>
<createdTime>2019-04-17 17:26:32 UTC</createdTime>
<ownerDesignName>ODEE_1262_Design</ownerDesignName>
<nullsAllowed>true</nullsAllowed>
<useDomainConstraints>false</useDomainConstraints>
<use>1</use>
<logicalDatatype>LOGDT015</logicalDatatype>
<dataTypePrecision>6</dataTypePrecision>
<autoIncrementCycle>false</autoIncrementCycle>
</Column>
<Column name="BCHRCPSTATUS" id="517388C5-D0A4-8BF7-C3CA-F3A4ACEB9EE7">
<sourceConnName>deepthought</sourceConnName>
<sourceObjSchema>BCHS_RCPSHIST</sourceObjSchema>
<sourceObjName>BCHRCPSTATUS</sourceObjName>
<createdBy>calittle</createdBy>
<createdTime>2019-04-17 17:26:32 UTC</createdTime>
<ownerDesignName>ODEE_1262_Design</ownerDesignName>
<nullsAllowed>true</nullsAllowed>
<useDomainConstraints>false</useDomainConstraints>
<use>1</use>
<logicalDatatype>LOGDT019</logicalDatatype>
<dataTypePrecision>10</dataTypePrecision>
<autoIncrementCycle>false</autoIncrementCycle>
</Column>
<Column name="BCHRCPCUSDATE001" id="CB76F537-8F24-8356-3191-2CD48A7412BF">
<sourceConnName>deepthought</sourceConnName>
<sourceObjSchema>BCHS_RCPSHIST</sourceObjSchema>
<sourceObjName>BCHRCPCUSDATE001</sourceObjName>
<createdBy>calittle</createdBy>
<createdTime>2019-04-17 17:26:32 UTC</createdTime>
<ownerDesignName>ODEE_1262_Design</ownerDesignName>
<nullsAllowed>true</nullsAllowed>
<useDomainConstraints>false</useDomainConstraints>
<use>1</use>
<logicalDatatype>LOGDT015</logicalDatatype>
<dataTypePrecision>6</dataTypePrecision>
<autoIncrementCycle>false</autoIncrementCycle>
</Column>
<Column name="BCHRCPCUSINT001" id="37E77418-A8B7-6E78-96AE-766EA4F52E99">
<sourceConnName>deepthought</sourceConnName>
<sourceObjSchema>BCHS_RCPSHIST</sourceObjSchema>
<sourceObjName>BCHRCPCUSINT001</sourceObjName>
<createdBy>calittle</createdBy>
<createdTime>2019-04-17 17:26:32 UTC</createdTime>
<ownerDesignName>ODEE_1262_Design</ownerDesignName>
<nullsAllowed>true</nullsAllowed>
<useDomainConstraints>false</useDomainConstraints>
<use>1</use>
<logicalDatatype>LOGDT019</logicalDatatype>
<dataTypePrecision>20</dataTypePrecision>
<autoIncrementCycle>false</autoIncrementCycle>
</Column>
<Column name="BCHRCPCUSDEC001" id="FEE92F09-F41C-AFBA-4E16-2ED5E72ABFF3">
<sourceConnName>deepthought</sourceConnName>
<sourceObjSchema>BCHS_RCPSHIST</sourceObjSchema>
<sourceObjName>BCHRCPCUSDEC001</sourceObjName>
<createdBy>calittle</createdBy>
<createdTime>2019-04-17 17:26:32 UTC</createdTime>
<ownerDesignName>ODEE_1262_Design</ownerDesignName>
<nullsAllowed>true</nullsAllowed>
<useDomainConstraints>false</useDomainConstraints>
<use>1</use>
<logicalDatatype>LOGDT019</logicalDatatype>
<dataTypePrecision>19</dataTypePrecision>
<dataTypeScale>4</dataTypeScale>
<autoIncrementCycle>false</autoIncrementCycle>
</Column>
<Column name="BCHRCPCUSSTR001" id="AFDFC367-A893-3E0A-ACE2-5531CD96B5C4">
<sourceConnName>deepthought</sourceConnName>
<sourceObjSchema>BCHS_RCPSHIST</sourceObjSchema>
<sourceObjName>BCHRCPCUSSTR001</sourceObjName>
<createdBy>calittle</createdBy>
<createdTime>2019-04-17 17:26:32 UTC</createdTime>
<ownerDesignName>ODEE_1262_Design</ownerDesignName>
<nullsAllowed>true</nullsAllowed>
<useDomainConstraints>false</useDomainConstraints>
<use>1</use>
<logicalDatatype>LOGDT037</logicalDatatype>
<dataTypeSize>256</dataTypeSize>
<autoIncrementCycle>false</autoIncrementCycle>
</Column>
<Column name="BCHRCPCUSSTR002" id="67B79AF0-C69F-4500-53B2-95A501440E3E">
<sourceConnName>deepthought</sourceConnName>
<sourceObjSchema>BCHS_RCPSHIST</sourceObjSchema>
<sourceObjName>BCHRCPCUSSTR002</sourceObjName>
<createdBy>calittle</createdBy>
<createdTime>2019-04-17 17:26:32 UTC</createdTime>
<ownerDesignName>ODEE_1262_Design</ownerDesignName>
<nullsAllowed>true</nullsAllowed>
<useDomainConstraints>false</useDomainConstraints>
<use>1</use>
<logicalDatatype>LOGDT037</logicalDatatype>
<dataTypeSize>256</dataTypeSize>
<autoIncrementCycle>false</autoIncrementCycle>
</Column>
<Column name="BCHRCPGRPSEQ" id="966A4D8C-6E0D-AC66-5983-5F656D6C0EFA">
<sourceConnName>deepthought</sourceConnName>
<sourceObjSchema>BCHS_RCPSHIST</sourceObjSchema>
<sourceObjName>BCHRCPGRPSEQ</sourceObjName>
<createdBy>calittle</createdBy>
<createdTime>2019-04-17 17:26:32 UTC</createdTime>
<ownerDesignName>ODEE_1262_Design</ownerDesignName>
<nullsAllowed>true</nullsAllowed>
<useDomainConstraints>false</useDomainConstraints>
<use>1</use>
<logicalDatatype>LOGDT019</logicalDatatype>
<dataTypePrecision>10</dataTypePrecision>
<autoIncrementCycle>false</autoIncrementCycle>
</Column>
<Column name="BCHRCPGRPTOT" id="A66E3620-6C0B-2389-D713-CDB3DC0B666E">
<sourceConnName>deepthought</sourceConnName>
<sourceObjSchema>BCHS_RCPSHIST</sourceObjSchema>
<sourceObjName>BCHRCPGRPTOT</sourceObjName>
<createdBy>calittle</createdBy>
<createdTime>2019-04-17 17:26:32 UTC</createdTime>
<ownerDesignName>ODEE_1262_Design</ownerDesignName>
<nullsAllowed>true</nullsAllowed>
<useDomainConstraints>false</useDomainConstraints>
<use>1</use>
<logicalDatatype>LOGDT019</logicalDatatype>
<dataTypePrecision>10</dataTypePrecision>
<autoIncrementCycle>false</autoIncrementCycle>
</Column>
<Column name="BCHRCPRETENTION" id="7CA60622-EE0A-4679-CDC0-ECD7FDC7F2E2">
<sourceConnName>deepthought</sourceConnName>
<sourceObjSchema>BCHS_RCPSHIST</sourceObjSchema>
<sourceObjName>BCHRCPRETENTION</sourceObjName>
<createdBy>calittle</createdBy>
<createdTime>2019-04-17 17:26:32 UTC</createdTime>
<ownerDesignName>ODEE_1262_Design</ownerDesignName>
<nullsAllowed>true</nullsAllowed>
<useDomainConstraints>false</useDomainConstraints>
<use>1</use>
<logicalDatatype>LOGDT015</logicalDatatype>
<dataTypePrecision>6</dataTypePrecision>
<autoIncrementCycle>false</autoIncrementCycle>
</Column>
<Column name="BCHRCPRETHOLD" id="09551319-5CDE-B19C-21F1-02CF669D25D3">
<sourceConnName>deepthought</sourceConnName>
<sourceObjSchema>BCHS_RCPSHIST</sourceObjSchema>
<sourceObjName>BCHRCPRETHOLD</sourceObjName>
<createdBy>calittle</createdBy>
<createdTime>2019-04-17 17:26:32 UTC</createdTime>
<ownerDesignName>ODEE_1262_Design</ownerDesignName>
<nullsAllowed>true</nullsAllowed>
<useDomainConstraints>false</useDomainConstraints>
<use>1</use>
<logicalDatatype>LOGDT019</logicalDatatype>
<dataTypePrecision>5</dataTypePrecision>
<defaultValue>0</defaultValue>
<autoIncrementCycle>false</autoIncrementCycle>
</Column>
<Column name="BCHRCPHISTORY" id="A0C8D87A-3501-3537-8259-499453110403">
<sourceConnName>deepthought</sourceConnName>
<sourceObjSchema>BCHS_RCPSHIST</sourceObjSchema>
<sourceObjName>BCHRCPHISTORY</sourceObjName>
<createdBy>calittle</createdBy>
<createdTime>2019-04-17 17:26:32 UTC</createdTime>
<ownerDesignName>ODEE_1262_Design</ownerDesignName>
<nullsAllowed>true</nullsAllowed>
<useDomainConstraints>false</useDomainConstraints>
<use>1</use>
<logicalDatatype>LOGDT019</logicalDatatype>
<dataTypePrecision>5</dataTypePrecision>
<autoIncrementCycle>false</autoIncrementCycle>
</Column>
<Column name="BCHRCPHISTORICAL" id="D4D26B01-DFE7-ACF9-5D8B-8ADB50A23DB2">
<sourceConnName>deepthought</sourceConnName>
<sourceObjSchema>BCHS_RCPSHIST</sourceObjSchema>
<sourceObjName>BCHRCPHISTORICAL</sourceObjName>
<createdBy>calittle</createdBy>
<createdTime>2019-04-17 17:26:32 UTC</createdTime>
<ownerDesignName>ODEE_1262_Design</ownerDesignName>
<nullsAllowed>true</nullsAllowed>
<useDomainConstraints>false</useDomainConstraints>
<use>1</use>
<logicalDatatype>LOGDT019</logicalDatatype>
<dataTypePrecision>5</dataTypePrecision>
<defaultValue>1</defaultValue>
<autoIncrementCycle>false</autoIncrementCycle>
</Column>
</columns>
<indexes itemClass="oracle.dbtools.crest.model.design.relational.Index">
<ind_PK_UK id="A9CDBD90-7A1A-6A20-ACA2-5CE50AF75A1A" name="BCHS_RCPSHIST_IDX">
<sourceConnName>deepthought</sourceConnName>
<sourceObjSchema>DMKR_ASLINE</sourceObjSchema>
<sourceObjName>BCHS_RCPSHIST_IDX</sourceObjName>
<createdBy>calittle</createdBy>
<createdTime>2019-04-17 17:26:50 UTC</createdTime>
<ownerDesignName>ODEE_1262_Design</ownerDesignName>
<pk>true</pk>
<indexState>Primary Constraint</indexState>
<isSurrogateKey>false</isSurrogateKey>
<indexColumnUsage>
<colUsage columnID="26C262BE-EA48-F353-EEE8-FE102A63851E"/>
<colUsage columnID="880059F2-68FF-7C6A-3A36-10DE4C6CD49A"/>
<colUsage columnID="E3D6ED8E-88F5-EA1E-A0FA-3576E7ABAD44"/>
</indexColumnUsage>
</ind_PK_UK>
<ind_PK_UK id="01D141C8-0ADA-CC91-5016-5EE6E8B88D9F" name="BCHS_RCPSHIST_IDX">
<sourceConnName>deepthought</sourceConnName>
<sourceObjSchema>DMKR_ASLINE</sourceObjSchema>
<sourceObjName>BCHS_RCPSHIST_IDX</sourceObjName>
<createdBy>calittle</createdBy>
<createdTime>2019-04-17 17:26:48 UTC</createdTime>
<ownerDesignName>ODEE_1262_Design</ownerDesignName>
<indexState>Unique Plain Index</indexState>
<schemaObject>8FC895A7-E0A2-11C9-AE90-BEF4CA704C97</schemaObject>
<isSurrogateKey>false</isSurrogateKey>
<indexColumnUsage>
<colUsage columnID="26C262BE-EA48-F353-EEE8-FE102A63851E"/>
<colUsage columnID="880059F2-68FF-7C6A-3A36-10DE4C6CD49A"/>
<colUsage columnID="E3D6ED8E-88F5-EA1E-A0FA-3576E7ABAD44"/>
</indexColumnUsage>
</ind_PK_UK>
</indexes>
</Table>