<?xml version = '1.0' encoding = 'UTF-8'?>
<Table class="oracle.dbtools.crest.model.design.relational.Table" directorySegmentName="seg_0" id="6A0DD653-BC9E-BA76-DB8E-38C8DAAA220A" name="BCHS">
<sourceConnName>deepthought</sourceConnName>
<sourceObjSchema>DMKR_ASLINE</sourceObjSchema>
<sourceObjName>BCHS</sourceObjName>
<createdBy>calittle</createdBy>
<createdTime>2019-04-17 17:25:28 UTC</createdTime>
<commentInRDBMS>Batching Table, a batch is a collection of Recipient records (RCPS) for a specific distribution purpose.&lt;br/&gt;Could be scheduled where it collects recipents for later processing on a schedule or it could be immediate.</commentInRDBMS>
<ownerDesignName>ODEE_1262_Design</ownerDesignName>
<schemaObject>8FC895A7-E0A2-11C9-AE90-BEF4CA704C97</schemaObject>
<allowColumnReorder>false</allowColumnReorder>
<existDependencyGenerateInDDl>true</existDependencyGenerateInDDl>
<columns itemClass="oracle.dbtools.crest.model.design.relational.Column">
<Column name="BCH_ID" id="A5C07B4A-9D75-9F8C-0D68-1E4FE4AB4B26">
<sourceConnName>deepthought</sourceConnName>
<sourceObjSchema>BCHS</sourceObjSchema>
<sourceObjName>BCH_ID</sourceObjName>
<createdBy>calittle</createdBy>
<createdTime>2019-04-17 17:26:31 UTC</createdTime>
<commentInRDBMS>Batch Unique Identifier</commentInRDBMS>
<ownerDesignName>ODEE_1262_Design</ownerDesignName>
<useDomainConstraints>false</useDomainConstraints>
<use>1</use>
<logicalDatatype>LOGDT019</logicalDatatype>
<dataTypePrecision>38</dataTypePrecision>
<autoIncrementCycle>false</autoIncrementCycle>
</Column>
<Column name="BCHNAME" id="19F35746-7E21-6046-D933-5B0AC23249E0">
<sourceConnName>deepthought</sourceConnName>
<sourceObjSchema>BCHS</sourceObjSchema>
<sourceObjName>BCHNAME</sourceObjName>
<createdBy>calittle</createdBy>
<createdTime>2019-04-17 17:26:31 UTC</createdTime>
<commentInRDBMS>Name for Batch record</commentInRDBMS>
<ownerDesignName>ODEE_1262_Design</ownerDesignName>
<nullsAllowed>true</nullsAllowed>
<useDomainConstraints>false</useDomainConstraints>
<use>1</use>
<logicalDatatype>LOGDT037</logicalDatatype>
<dataTypeSize>256</dataTypeSize>
<autoIncrementCycle>false</autoIncrementCycle>
</Column>
<Column name="BCHUNIQUE_ID" id="58DC8257-31F1-6EEE-364B-D00CF359FCE9">
<sourceConnName>deepthought</sourceConnName>
<sourceObjSchema>BCHS</sourceObjSchema>
<sourceObjName>BCHUNIQUE_ID</sourceObjName>
<createdBy>calittle</createdBy>
<createdTime>2019-04-17 17:26:31 UTC</createdTime>
<commentInRDBMS>Unique GUID for application lookup</commentInRDBMS>
<ownerDesignName>ODEE_1262_Design</ownerDesignName>
<useDomainConstraints>false</useDomainConstraints>
<use>1</use>
<logicalDatatype>LOGDT037</logicalDatatype>
<dataTypeSize>47</dataTypeSize>
<autoIncrementCycle>false</autoIncrementCycle>
</Column>
<Column name="BCHSTARTINGTIME" id="72BC30C6-49FE-E7C0-0FF6-450AAA161788">
<sourceConnName>deepthought</sourceConnName>
<sourceObjSchema>BCHS</sourceObjSchema>
<sourceObjName>BCHSTARTINGTIME</sourceObjName>
<createdBy>calittle</createdBy>
<createdTime>2019-04-17 17:26:31 UTC</createdTime>
<commentInRDBMS>Scheduled Batch Starting Time</commentInRDBMS>
<ownerDesignName>ODEE_1262_Design</ownerDesignName>
<nullsAllowed>true</nullsAllowed>
<useDomainConstraints>false</useDomainConstraints>
<use>1</use>
<logicalDatatype>LOGDT015</logicalDatatype>
<dataTypePrecision>6</dataTypePrecision>
<autoIncrementCycle>false</autoIncrementCycle>
</Column>
<Column name="BCHSTATUS" id="A8978DD7-B5B8-DA71-18BB-7995DBE7C8BC">
<sourceConnName>deepthought</sourceConnName>
<sourceObjSchema>BCHS</sourceObjSchema>
<sourceObjName>BCHSTATUS</sourceObjName>
<createdBy>calittle</createdBy>
<createdTime>2019-04-17 17:26:31 UTC</createdTime>
<commentInRDBMS>Status of processing the BCHS row (Batch).</commentInRDBMS>
<ownerDesignName>ODEE_1262_Design</ownerDesignName>
<nullsAllowed>true</nullsAllowed>
<useDomainConstraints>false</useDomainConstraints>
<use>1</use>
<logicalDatatype>LOGDT019</logicalDatatype>
<dataTypePrecision>10</dataTypePrecision>
<defaultValue>401</defaultValue>
<autoIncrementCycle>false</autoIncrementCycle>
</Column>
<Column name="BCHSEQ" id="6C9F6074-FA27-FE42-E128-13BC0EB140AD">
<sourceConnName>deepthought</sourceConnName>
<sourceObjSchema>BCHS</sourceObjSchema>
<sourceObjName>BCHSEQ</sourceObjName>
<createdBy>calittle</createdBy>
<createdTime>2019-04-17 17:26:31 UTC</createdTime>
<commentInRDBMS>Order of BCHS for sequencing when there are dependancies between batches.&lt;br/&gt;Used for sequencing schedule to Output Manager.</commentInRDBMS>
<ownerDesignName>ODEE_1262_Design</ownerDesignName>
<nullsAllowed>true</nullsAllowed>
<useDomainConstraints>false</useDomainConstraints>
<use>1</use>
<logicalDatatype>LOGDT019</logicalDatatype>
<dataTypePrecision>10</dataTypePrecision>
<autoIncrementCycle>false</autoIncrementCycle>
</Column>
<Column name="BCHTYPE" id="DB89F63B-3280-F22F-B0E8-20384FCE493F">
<sourceConnName>deepthought</sourceConnName>
<sourceObjSchema>BCHS</sourceObjSchema>
<sourceObjName>BCHTYPE</sourceObjName>
<createdBy>calittle</createdBy>
<createdTime>2019-04-17 17:26:31 UTC</createdTime>
<commentInRDBMS>0=Immediate Batch&lt;br/&gt;1=Scheduled Batch </commentInRDBMS>
<ownerDesignName>ODEE_1262_Design</ownerDesignName>
<nullsAllowed>true</nullsAllowed>
<useDomainConstraints>false</useDomainConstraints>
<use>1</use>
<logicalDatatype>LOGDT019</logicalDatatype>
<dataTypePrecision>10</dataTypePrecision>
<autoIncrementCycle>false</autoIncrementCycle>
</Column>
<Column name="BCHBATCHNAME" id="EEA29C1C-3353-400C-6718-0DFBB64C9DA4">
<sourceConnName>deepthought</sourceConnName>
<sourceObjSchema>BCHS</sourceObjSchema>
<sourceObjName>BCHBATCHNAME</sourceObjName>
<createdBy>calittle</createdBy>
<createdTime>2019-04-17 17:26:31 UTC</createdTime>
<commentInRDBMS>Batch Name associated to the RCPS.BATCHNAME column</commentInRDBMS>
<ownerDesignName>ODEE_1262_Design</ownerDesignName>
<nullsAllowed>true</nullsAllowed>
<useDomainConstraints>false</useDomainConstraints>
<use>1</use>
<logicalDatatype>LOGDT037</logicalDatatype>
<dataTypeSize>256</dataTypeSize>
<autoIncrementCycle>false</autoIncrementCycle>
</Column>
<Column name="BCHBATCHTYPE" id="29EC3D91-ED58-A661-2D29-D1510BDC551B">
<sourceConnName>deepthought</sourceConnName>
<sourceObjSchema>BCHS</sourceObjSchema>
<sourceObjName>BCHBATCHTYPE</sourceObjName>
<createdBy>calittle</createdBy>
<createdTime>2019-04-17 17:26:31 UTC</createdTime>
<commentInRDBMS>Batch Type associated to the RCPS.BATCHTYPE column</commentInRDBMS>
<ownerDesignName>ODEE_1262_Design</ownerDesignName>
<nullsAllowed>true</nullsAllowed>
<useDomainConstraints>false</useDomainConstraints>
<use>1</use>
<logicalDatatype>LOGDT037</logicalDatatype>
<dataTypeSize>256</dataTypeSize>
<autoIncrementCycle>false</autoIncrementCycle>
</Column>
<Column name="BCHBY" id="32AA642E-0DDE-54A8-A708-E16D18047C67">
<sourceConnName>deepthought</sourceConnName>
<sourceObjSchema>BCHS</sourceObjSchema>
<sourceObjName>BCHBY</sourceObjName>
<createdBy>calittle</createdBy>
<createdTime>2019-04-17 17:26:31 UTC</createdTime>
<commentInRDBMS>Details about how the batch of recipient records were ordered,&lt;br/&gt;e.g. by recipient, by weight, by page count, by ...</commentInRDBMS>
<ownerDesignName>ODEE_1262_Design</ownerDesignName>
<nullsAllowed>true</nullsAllowed>
<useDomainConstraints>false</useDomainConstraints>
<use>1</use>
<logicalDatatype>LOGDT037</logicalDatatype>
<dataTypeSize>256</dataTypeSize>
<autoIncrementCycle>false</autoIncrementCycle>
</Column>
<Column name="BCHSELECTRULE" id="60E4074E-631D-228A-2567-B04BA8568487">
<sourceConnName>deepthought</sourceConnName>
<sourceObjSchema>BCHS</sourceObjSchema>
<sourceObjName>BCHSELECTRULE</sourceObjName>
<createdBy>calittle</createdBy>
<createdTime>2019-04-17 17:26:31 UTC</createdTime>
<commentInRDBMS>Selection for batch rule. typically a WHERE clause on the RCPS table.&lt;br/&gt;Has to have the table name in it to qualify it so it can use JOBS, TRNS and RCPS.&lt;br/&gt;Used for additional SELECT criteria for associating a RCPS&lt;br/&gt;with a Batch BCH_ID.  If not NULL gets run by the Batcher when&lt;br/&gt;adding records to the batch.&lt;br/&gt;</commentInRDBMS>
<ownerDesignName>ODEE_1262_Design</ownerDesignName>
<nullsAllowed>true</nullsAllowed>
<useDomainConstraints>false</useDomainConstraints>
<use>1</use>
<logicalDatatype>LOGDT037</logicalDatatype>
<dataTypeSize>2000</dataTypeSize>
<autoIncrementCycle>false</autoIncrementCycle>
</Column>
<Column name="BCHPRTTYPE" id="F4C292F7-1494-26B8-3418-FB40453E5B52">
<sourceConnName>deepthought</sourceConnName>
<sourceObjSchema>BCHS</sourceObjSchema>
<sourceObjName>BCHPRTTYPE</sourceObjName>
<createdBy>calittle</createdBy>
<createdTime>2019-04-17 17:26:31 UTC</createdTime>
<commentInRDBMS>Output Type for the Batch (PDF, PS, AFP, XER, TXT, HTML, VPP, ...)</commentInRDBMS>
<ownerDesignName>ODEE_1262_Design</ownerDesignName>
<nullsAllowed>true</nullsAllowed>
<useDomainConstraints>false</useDomainConstraints>
<use>1</use>
<logicalDatatype>LOGDT037</logicalDatatype>
<dataTypeSize>30</dataTypeSize>
<autoIncrementCycle>false</autoIncrementCycle>
</Column>
<Column name="BCHPRTTYPERULE" id="A421030B-D634-F3E6-F102-24006914CC8C">
<sourceConnName>deepthought</sourceConnName>
<sourceObjSchema>BCHS</sourceObjSchema>
<sourceObjName>BCHPRTTYPERULE</sourceObjName>
<createdBy>calittle</createdBy>
<createdTime>2019-04-17 17:26:31 UTC</createdTime>
<commentInRDBMS>Selection of the PRTTYPE for a BCHS batch.&lt;br/&gt;Typically a column in RCPS or TRNS where the value defines the print type.&lt;br/&gt;Has to have the table name in it to qualify it so it can use JOBS,TRNS or RCPS.&lt;br/&gt;NULL or empty implies BCHPRTTYPE decides.&lt;br/&gt;Default is Batcher configuration if BCHPRTTYPE and this column are NULL or empty.&lt;br/&gt;when the BCHS.BCHPRTTYPE is set.  </commentInRDBMS>
<ownerDesignName>ODEE_1262_Design</ownerDesignName>
<nullsAllowed>true</nullsAllowed>
<useDomainConstraints>false</useDomainConstraints>
<use>1</use>
<logicalDatatype>LOGDT037</logicalDatatype>
<dataTypeSize>256</dataTypeSize>
<autoIncrementCycle>false</autoIncrementCycle>
</Column>
<Column name="BCHSORTRULE" id="71BD2AF7-8418-4CE1-3520-A04DF8B937A7">
<sourceConnName>deepthought</sourceConnName>
<sourceObjSchema>BCHS</sourceObjSchema>
<sourceObjName>BCHSORTRULE</sourceObjName>
<createdBy>calittle</createdBy>
<createdTime>2019-04-17 17:26:31 UTC</createdTime>
<commentInRDBMS>Typically a RCPS column name like RCPS.ADR_POSTALCODE is set to sort a&lt;br/&gt;scheduled batch by the postal code.&lt;br/&gt;Should be a table qualified name so that other tables&lt;br/&gt;are candidates in a multitable select call, e.g. FROM BCHS,JOBS,TRNS,RCPS.&lt;br/&gt;This becomes a ORDER BY clause in the select statement if provided to override&lt;br/&gt;any sorting the system does normally.  A comma delmiited list of columns and&lt;br/&gt;ASC and DEC key words can be used to as in a ORDER BY clause.</commentInRDBMS>
<ownerDesignName>ODEE_1262_Design</ownerDesignName>
<nullsAllowed>true</nullsAllowed>
<useDomainConstraints>false</useDomainConstraints>
<use>1</use>
<logicalDatatype>LOGDT037</logicalDatatype>
<dataTypeSize>256</dataTypeSize>
<autoIncrementCycle>false</autoIncrementCycle>
</Column>
<Column name="BCHSTARTTIME" id="412F5121-CD59-5E09-7687-08DA9FECDC0D">
<sourceConnName>deepthought</sourceConnName>
<sourceObjSchema>BCHS</sourceObjSchema>
<sourceObjName>BCHSTARTTIME</sourceObjName>
<createdBy>calittle</createdBy>
<createdTime>2019-04-17 17:26:31 UTC</createdTime>
<commentInRDBMS>When the recipient processing started for the batch.  Statistical.</commentInRDBMS>
<ownerDesignName>ODEE_1262_Design</ownerDesignName>
<nullsAllowed>true</nullsAllowed>
<useDomainConstraints>false</useDomainConstraints>
<use>1</use>
<logicalDatatype>LOGDT015</logicalDatatype>
<dataTypePrecision>6</dataTypePrecision>
<autoIncrementCycle>false</autoIncrementCycle>
</Column>
<Column name="BCHMODIFYTIME" id="355C2E6A-71DD-C626-BD4B-6AB1BE84883B">
<sourceConnName>deepthought</sourceConnName>
<sourceObjSchema>BCHS</sourceObjSchema>
<sourceObjName>BCHMODIFYTIME</sourceObjName>
<createdBy>calittle</createdBy>
<createdTime>2019-04-17 17:26:31 UTC</createdTime>
<commentInRDBMS>Time of the last update to the row.&lt;br/&gt;Used by the housekeeping thread to manage timeout conditions.</commentInRDBMS>
<ownerDesignName>ODEE_1262_Design</ownerDesignName>
<nullsAllowed>true</nullsAllowed>
<useDomainConstraints>false</useDomainConstraints>
<use>1</use>
<logicalDatatype>LOGDT015</logicalDatatype>
<dataTypePrecision>6</dataTypePrecision>
<autoIncrementCycle>false</autoIncrementCycle>
</Column>
<Column name="BCHERRTIME" id="27BA7900-6121-28DE-1C47-360534E8C1AA">
<sourceConnName>deepthought</sourceConnName>
<sourceObjSchema>BCHS</sourceObjSchema>
<sourceObjName>BCHERRTIME</sourceObjName>
<createdBy>calittle</createdBy>
<createdTime>2019-04-17 17:26:31 UTC</createdTime>
<ownerDesignName>ODEE_1262_Design</ownerDesignName>
<nullsAllowed>true</nullsAllowed>
<useDomainConstraints>false</useDomainConstraints>
<use>1</use>
<logicalDatatype>LOGDT015</logicalDatatype>
<dataTypePrecision>6</dataTypePrecision>
<autoIncrementCycle>false</autoIncrementCycle>
</Column>
<Column name="BCHENDTIME" id="43204B48-8ED5-F7A6-9758-FDFD09714F64">
<sourceConnName>deepthought</sourceConnName>
<sourceObjSchema>BCHS</sourceObjSchema>
<sourceObjName>BCHENDTIME</sourceObjName>
<createdBy>calittle</createdBy>
<createdTime>2019-04-17 17:26:31 UTC</createdTime>
<commentInRDBMS>When the recipient processing ended for the batch, statistical</commentInRDBMS>
<ownerDesignName>ODEE_1262_Design</ownerDesignName>
<nullsAllowed>true</nullsAllowed>
<useDomainConstraints>false</useDomainConstraints>
<use>1</use>
<logicalDatatype>LOGDT015</logicalDatatype>
<dataTypePrecision>6</dataTypePrecision>
<autoIncrementCycle>false</autoIncrementCycle>
</Column>
<Column name="BCHTRNCOUNT" id="978FBE8A-4E73-EA8F-15A9-2DC0A80126AA">
<sourceConnName>deepthought</sourceConnName>
<sourceObjSchema>BCHS</sourceObjSchema>
<sourceObjName>BCHTRNCOUNT</sourceObjName>
<createdBy>calittle</createdBy>
<createdTime>2019-04-17 17:26:31 UTC</createdTime>
<commentInRDBMS>Total number of transactions in the batch.  Statistical.</commentInRDBMS>
<ownerDesignName>ODEE_1262_Design</ownerDesignName>
<nullsAllowed>true</nullsAllowed>
<useDomainConstraints>false</useDomainConstraints>
<use>1</use>
<logicalDatatype>LOGDT019</logicalDatatype>
<dataTypePrecision>38</dataTypePrecision>
<defaultValue>0</defaultValue>
<autoIncrementCycle>false</autoIncrementCycle>
</Column>
<Column name="BCHRCPCOUNT" id="FDC8C009-0F78-A1CA-6F05-3F9177DB9268">
<sourceConnName>deepthought</sourceConnName>
<sourceObjSchema>BCHS</sourceObjSchema>
<sourceObjName>BCHRCPCOUNT</sourceObjName>
<createdBy>calittle</createdBy>
<createdTime>2019-04-17 17:26:31 UTC</createdTime>
<commentInRDBMS>Total number of recipent in the batch.  Statistical.</commentInRDBMS>
<ownerDesignName>ODEE_1262_Design</ownerDesignName>
<nullsAllowed>true</nullsAllowed>
<useDomainConstraints>false</useDomainConstraints>
<use>1</use>
<logicalDatatype>LOGDT019</logicalDatatype>
<dataTypePrecision>38</dataTypePrecision>
<defaultValue>0</defaultValue>
<autoIncrementCycle>false</autoIncrementCycle>
</Column>
<Column name="BCHPAGECOUNT" id="D1272D4D-6B6E-6712-BC5F-AFBBAD38707D">
<sourceConnName>deepthought</sourceConnName>
<sourceObjSchema>BCHS</sourceObjSchema>
<sourceObjName>BCHPAGECOUNT</sourceObjName>
<createdBy>calittle</createdBy>
<createdTime>2019-04-17 17:26:31 UTC</createdTime>
<commentInRDBMS>Total number of pages in the recipient rows in the batch, statistical</commentInRDBMS>
<ownerDesignName>ODEE_1262_Design</ownerDesignName>
<nullsAllowed>true</nullsAllowed>
<useDomainConstraints>false</useDomainConstraints>
<use>1</use>
<logicalDatatype>LOGDT019</logicalDatatype>
<dataTypePrecision>38</dataTypePrecision>
<defaultValue>0</defaultValue>
<autoIncrementCycle>false</autoIncrementCycle>
</Column>
<Column name="BCHSHEETCOUNT" id="CAE13382-3A15-75CB-011C-51FE78F03C2B">
<sourceConnName>deepthought</sourceConnName>
<sourceObjSchema>BCHS</sourceObjSchema>
<sourceObjName>BCHSHEETCOUNT</sourceObjName>
<createdBy>calittle</createdBy>
<createdTime>2019-04-17 17:26:31 UTC</createdTime>
<commentInRDBMS>Total number of sheets in the recipient rows in the batch, statistical</commentInRDBMS>
<ownerDesignName>ODEE_1262_Design</ownerDesignName>
<nullsAllowed>true</nullsAllowed>
<useDomainConstraints>false</useDomainConstraints>
<use>1</use>
<logicalDatatype>LOGDT019</logicalDatatype>
<dataTypePrecision>38</dataTypePrecision>
<defaultValue>0</defaultValue>
<autoIncrementCycle>false</autoIncrementCycle>
</Column>
<Column name="BCHWEIGHT" id="A550E810-E17A-F94C-B7F0-9ECF75B838BD">
<sourceConnName>deepthought</sourceConnName>
<sourceObjSchema>BCHS</sourceObjSchema>
<sourceObjName>BCHWEIGHT</sourceObjName>
<createdBy>calittle</createdBy>
<createdTime>2019-04-17 17:26:31 UTC</createdTime>
<ownerDesignName>ODEE_1262_Design</ownerDesignName>
<nullsAllowed>true</nullsAllowed>
<useDomainConstraints>false</useDomainConstraints>
<use>1</use>
<logicalDatatype>LOGDT019</logicalDatatype>
<dataTypePrecision>19</dataTypePrecision>
<dataTypeScale>4</dataTypeScale>
<autoIncrementCycle>false</autoIncrementCycle>
</Column>
<Column name="BCHBREAKTYPE" id="0A824F10-B5DB-8C24-7BBC-02D1BEE631C7">
<sourceConnName>deepthought</sourceConnName>
<sourceObjSchema>BCHS</sourceObjSchema>
<sourceObjName>BCHBREAKTYPE</sourceObjName>
<createdBy>calittle</createdBy>
<createdTime>2019-04-17 17:26:31 UTC</createdTime>
<commentInRDBMS>Break batch, output type indicator.&lt;br/&gt;0,null=None&lt;br/&gt;1=by sheet count&lt;br/&gt;2=by rcp count&lt;br/&gt;3=by page count&lt;br/&gt;4=by transaction count&lt;br/&gt;5=by custom script based</commentInRDBMS>
<ownerDesignName>ODEE_1262_Design</ownerDesignName>
<nullsAllowed>true</nullsAllowed>
<useDomainConstraints>false</useDomainConstraints>
<use>1</use>
<logicalDatatype>LOGDT019</logicalDatatype>
<dataTypePrecision>10</dataTypePrecision>
<defaultValue>0</defaultValue>
<autoIncrementCycle>false</autoIncrementCycle>
</Column>
<Column name="BCHBREAKVALUE" id="C7E54675-C8E5-380D-62E5-BFA7FDD0B02C">
<sourceConnName>deepthought</sourceConnName>
<sourceObjSchema>BCHS</sourceObjSchema>
<sourceObjName>BCHBREAKVALUE</sourceObjName>
<createdBy>calittle</createdBy>
<createdTime>2019-04-17 17:26:31 UTC</createdTime>
<commentInRDBMS>Break batch to new output pubs row value indicator.&lt;br/&gt;When break type is:&lt;br/&gt;0 or null then not applicable&lt;br/&gt;1 then use this sheet count static value or GVM variable or DAL value to compare against the running sheet count to break the batch&lt;br/&gt;2 then use this rcp count static value or GVM variable or DAL value to compare against the running rcp count to break the batch&lt;br/&gt;3 then use this page count static value or GVM variable or DAL value to compare against the running page count to break the batch&lt;br/&gt;4 thenuse this transaction count static value or GVM variable or DAL value to compare against the running transaction count to break the batch transaction count value to break the batch&lt;br/&gt;5 then use a script and when the return value is TRUE then break the batch</commentInRDBMS>
<ownerDesignName>ODEE_1262_Design</ownerDesignName>
<nullsAllowed>true</nullsAllowed>
<useDomainConstraints>false</useDomainConstraints>
<use>1</use>
<logicalDatatype>LOGDT037</logicalDatatype>
<dataTypeSize>256</dataTypeSize>
<autoIncrementCycle>false</autoIncrementCycle>
</Column>
<Column name="BCHARCHIVE" id="E5B0C04B-9328-89E0-F604-C3F76B38D5C2">
<sourceConnName>deepthought</sourceConnName>
<sourceObjSchema>BCHS</sourceObjSchema>
<sourceObjName>BCHARCHIVE</sourceObjName>
<createdBy>calittle</createdBy>
<createdTime>2019-04-17 17:26:31 UTC</createdTime>
<commentInRDBMS>Batch is marked for Archival</commentInRDBMS>
<ownerDesignName>ODEE_1262_Design</ownerDesignName>
<nullsAllowed>true</nullsAllowed>
<useDomainConstraints>false</useDomainConstraints>
<use>1</use>
<logicalDatatype>LOGDT019</logicalDatatype>
<dataTypePrecision>5</dataTypePrecision>
<defaultValue>0</defaultValue>
<autoIncrementCycle>false</autoIncrementCycle>
</Column>
<Column name="BCHARCDEST" id="5F4495EC-150E-6F64-FF93-581C99C234AD">
<sourceConnName>deepthought</sourceConnName>
<sourceObjSchema>BCHS</sourceObjSchema>
<sourceObjName>BCHARCDEST</sourceObjName>
<createdBy>calittle</createdBy>
<createdTime>2019-04-17 17:26:31 UTC</createdTime>
<commentInRDBMS>Batch Level control for Archival Destiniation</commentInRDBMS>
<ownerDesignName>ODEE_1262_Design</ownerDesignName>
<nullsAllowed>true</nullsAllowed>
<useDomainConstraints>false</useDomainConstraints>
<use>1</use>
<logicalDatatype>LOGDT037</logicalDatatype>
<dataTypeSize>512</dataTypeSize>
<autoIncrementCycle>false</autoIncrementCycle>
</Column>
<Column name="BCHPUBTOTALARC" id="B3B3FF1B-5846-2BD9-98F2-A3CB7412B40D">
<sourceConnName>deepthought</sourceConnName>
<sourceObjSchema>BCHS</sourceObjSchema>
<sourceObjName>BCHPUBTOTALARC</sourceObjName>
<createdBy>calittle</createdBy>
<createdTime>2019-04-17 17:26:31 UTC</createdTime>
<commentInRDBMS>Total Publish table rows marked for archive (based on BCHTYPES table).</commentInRDBMS>
<ownerDesignName>ODEE_1262_Design</ownerDesignName>
<nullsAllowed>true</nullsAllowed>
<useDomainConstraints>false</useDomainConstraints>
<use>1</use>
<logicalDatatype>LOGDT019</logicalDatatype>
<dataTypePrecision>38</dataTypePrecision>
<defaultValue>0</defaultValue>
<autoIncrementCycle>false</autoIncrementCycle>
</Column>
<Column name="BCHPUBERRARC" id="2C38A55F-958E-B213-FC26-195D54AA1D95">
<sourceConnName>deepthought</sourceConnName>
<sourceObjSchema>BCHS</sourceObjSchema>
<sourceObjName>BCHPUBERRARC</sourceObjName>
<createdBy>calittle</createdBy>
<createdTime>2019-04-17 17:26:31 UTC</createdTime>
<commentInRDBMS>Current counter of error Archived Publish table rows that were marked for archive. </commentInRDBMS>
<ownerDesignName>ODEE_1262_Design</ownerDesignName>
<nullsAllowed>true</nullsAllowed>
<useDomainConstraints>false</useDomainConstraints>
<use>1</use>
<logicalDatatype>LOGDT019</logicalDatatype>
<dataTypePrecision>38</dataTypePrecision>
<defaultValue>0</defaultValue>
<autoIncrementCycle>false</autoIncrementCycle>
</Column>
<Column name="BCHPUBPROCARC" id="BA11CABC-3E37-9EED-4486-96992A91C64C">
<sourceConnName>deepthought</sourceConnName>
<sourceObjSchema>BCHS</sourceObjSchema>
<sourceObjName>BCHPUBPROCARC</sourceObjName>
<createdBy>calittle</createdBy>
<createdTime>2019-04-17 17:26:31 UTC</createdTime>
<commentInRDBMS>Current counter of successfully Archived Publish table rows that were marked for archive. </commentInRDBMS>
<ownerDesignName>ODEE_1262_Design</ownerDesignName>
<nullsAllowed>true</nullsAllowed>
<useDomainConstraints>false</useDomainConstraints>
<use>1</use>
<logicalDatatype>LOGDT019</logicalDatatype>
<dataTypePrecision>38</dataTypePrecision>
<defaultValue>0</defaultValue>
<autoIncrementCycle>false</autoIncrementCycle>
</Column>
<Column name="BCHSIGNING" id="77DFDDF8-8602-5D58-A062-18E058CDBB98">
<sourceConnName>deepthought</sourceConnName>
<sourceObjSchema>BCHS</sourceObjSchema>
<sourceObjName>BCHSIGNING</sourceObjName>
<createdBy>calittle</createdBy>
<createdTime>2019-04-17 17:26:31 UTC</createdTime>
<commentInRDBMS>Batch is marked for Signing</commentInRDBMS>
<ownerDesignName>ODEE_1262_Design</ownerDesignName>
<nullsAllowed>true</nullsAllowed>
<useDomainConstraints>false</useDomainConstraints>
<use>1</use>
<logicalDatatype>LOGDT019</logicalDatatype>
<dataTypePrecision>5</dataTypePrecision>
<defaultValue>0</defaultValue>
<autoIncrementCycle>false</autoIncrementCycle>
</Column>
<Column name="BCHSGNDEST" id="FBE5B32D-639E-0A2B-D015-66B9256C1BD6">
<sourceConnName>deepthought</sourceConnName>
<sourceObjSchema>BCHS</sourceObjSchema>
<sourceObjName>BCHSGNDEST</sourceObjName>
<createdBy>calittle</createdBy>
<createdTime>2019-04-17 17:26:31 UTC</createdTime>
<commentInRDBMS>Batch Level control for Signing Destiniation</commentInRDBMS>
<ownerDesignName>ODEE_1262_Design</ownerDesignName>
<nullsAllowed>true</nullsAllowed>
<useDomainConstraints>false</useDomainConstraints>
<use>1</use>
<logicalDatatype>LOGDT037</logicalDatatype>
<dataTypeSize>512</dataTypeSize>
<autoIncrementCycle>false</autoIncrementCycle>
</Column>
<Column name="BCHSGNTMPL" id="E647594A-D11F-9082-F3C8-36317742BF25">
<sourceConnName>deepthought</sourceConnName>
<sourceObjSchema>BCHS</sourceObjSchema>
<sourceObjName>BCHSGNTMPL</sourceObjName>
<createdBy>calittle</createdBy>
<createdTime>2019-04-17 17:26:31 UTC</createdTime>
<commentInRDBMS>Batch Signing Template Reference. </commentInRDBMS>
<ownerDesignName>ODEE_1262_Design</ownerDesignName>
<nullsAllowed>true</nullsAllowed>
<useDomainConstraints>false</useDomainConstraints>
<use>1</use>
<logicalDatatype>LOGDT037</logicalDatatype>
<dataTypeSize>256</dataTypeSize>
<autoIncrementCycle>false</autoIncrementCycle>
</Column>
<Column name="BCHPUBTOTALSGN" id="38695CAF-17BB-D13D-CF40-54FD7A3415E2">
<sourceConnName>deepthought</sourceConnName>
<sourceObjSchema>BCHS</sourceObjSchema>
<sourceObjName>BCHPUBTOTALSGN</sourceObjName>
<createdBy>calittle</createdBy>
<createdTime>2019-04-17 17:26:31 UTC</createdTime>
<commentInRDBMS>Total Publish table rows marked for archive (based on BCHTYPES table).</commentInRDBMS>
<ownerDesignName>ODEE_1262_Design</ownerDesignName>
<nullsAllowed>true</nullsAllowed>
<useDomainConstraints>false</useDomainConstraints>
<use>1</use>
<logicalDatatype>LOGDT019</logicalDatatype>
<dataTypePrecision>38</dataTypePrecision>
<defaultValue>0</defaultValue>
<autoIncrementCycle>false</autoIncrementCycle>
</Column>
<Column name="BCHPUBERRSGN" id="590732C8-2C1E-564E-B3F8-B082F398930A">
<sourceConnName>deepthought</sourceConnName>
<sourceObjSchema>BCHS</sourceObjSchema>
<sourceObjName>BCHPUBERRSGN</sourceObjName>
<createdBy>calittle</createdBy>
<createdTime>2019-04-17 17:26:31 UTC</createdTime>
<commentInRDBMS>Current counter of error Archived Publish table rows that were marked for archive. </commentInRDBMS>
<ownerDesignName>ODEE_1262_Design</ownerDesignName>
<nullsAllowed>true</nullsAllowed>
<useDomainConstraints>false</useDomainConstraints>
<use>1</use>
<logicalDatatype>LOGDT019</logicalDatatype>
<dataTypePrecision>38</dataTypePrecision>
<defaultValue>0</defaultValue>
<autoIncrementCycle>false</autoIncrementCycle>
</Column>
<Column name="BCHPUBPROCSGN" id="71FB9F91-4DBD-EC8E-FCD5-F4CA813C9A72">
<sourceConnName>deepthought</sourceConnName>
<sourceObjSchema>BCHS</sourceObjSchema>
<sourceObjName>BCHPUBPROCSGN</sourceObjName>
<createdBy>calittle</createdBy>
<createdTime>2019-04-17 17:26:31 UTC</createdTime>
<commentInRDBMS>Current counter of successfully Archived Publish table rows that were marked for archive. </commentInRDBMS>
<ownerDesignName>ODEE_1262_Design</ownerDesignName>
<nullsAllowed>true</nullsAllowed>
<useDomainConstraints>false</useDomainConstraints>
<use>1</use>
<logicalDatatype>LOGDT019</logicalDatatype>
<dataTypePrecision>38</dataTypePrecision>
<defaultValue>0</defaultValue>
<autoIncrementCycle>false</autoIncrementCycle>
</Column>
<Column name="BCHPUBLISH" id="DB4CA5ED-6A1C-B611-2B25-2E8D365B954D">
<sourceConnName>deepthought</sourceConnName>
<sourceObjSchema>BCHS</sourceObjSchema>
<sourceObjName>BCHPUBLISH</sourceObjName>
<createdBy>calittle</createdBy>
<createdTime>2019-04-17 17:26:31 UTC</createdTime>
<commentInRDBMS>Boolean to indicate that a batch is actually for publication&lt;br/&gt;with this value set to True, 1, the batch created will go to the&lt;br/&gt;Output Publisher for distribution to printers or other targets.&lt;br/&gt;Typically set to False, 0, when the output, spool data, in the&lt;br/&gt;PUB rows is for archive (with or without notification)&lt;br/&gt;but not for actual publication printing or any Publisher actions.</commentInRDBMS>
<ownerDesignName>ODEE_1262_Design</ownerDesignName>
<nullsAllowed>true</nullsAllowed>
<useDomainConstraints>false</useDomainConstraints>
<use>1</use>
<logicalDatatype>LOGDT019</logicalDatatype>
<dataTypePrecision>5</dataTypePrecision>
<defaultValue>0</defaultValue>
<autoIncrementCycle>false</autoIncrementCycle>
</Column>
<Column name="BCHMIMETYPE" id="A2F5841B-33D9-884A-C743-580DC7BE4801">
<sourceConnName>deepthought</sourceConnName>
<sourceObjSchema>BCHS</sourceObjSchema>
<sourceObjName>BCHMIMETYPE</sourceObjName>
<createdBy>calittle</createdBy>
<createdTime>2019-04-17 17:26:31 UTC</createdTime>
<commentInRDBMS>MIME type indicator for the batch that gets propagated to the&lt;br/&gt;PUBS rows to define the MIME type of the print spool or other&lt;br/&gt;output stored in the row.  Ususally used for printing by the&lt;br/&gt;Output Publisher for print device routing.  </commentInRDBMS>
<ownerDesignName>ODEE_1262_Design</ownerDesignName>
<nullsAllowed>true</nullsAllowed>
<useDomainConstraints>false</useDomainConstraints>
<use>1</use>
<logicalDatatype>LOGDT037</logicalDatatype>
<dataTypeSize>256</dataTypeSize>
<autoIncrementCycle>false</autoIncrementCycle>
</Column>
<Column name="BCHPRTLOGNAME" id="874FFB9E-BA68-C162-30B6-F671D072D0F6">
<sourceConnName>deepthought</sourceConnName>
<sourceObjSchema>BCHS</sourceObjSchema>
<sourceObjName>BCHPRTLOGNAME</sourceObjName>
<createdBy>calittle</createdBy>
<createdTime>2019-04-17 17:26:31 UTC</createdTime>
<commentInRDBMS>Batch Logical Printer name.</commentInRDBMS>
<ownerDesignName>ODEE_1262_Design</ownerDesignName>
<nullsAllowed>true</nullsAllowed>
<useDomainConstraints>false</useDomainConstraints>
<use>1</use>
<logicalDatatype>LOGDT037</logicalDatatype>
<dataTypeSize>256</dataTypeSize>
<autoIncrementCycle>false</autoIncrementCycle>
</Column>
<Column name="BCHPUBEMAIL" id="ACEF70FE-BA70-B41B-FA87-F13A4B1DF2E1">
<sourceConnName>deepthought</sourceConnName>
<sourceObjSchema>BCHS</sourceObjSchema>
<sourceObjName>BCHPUBEMAIL</sourceObjName>
<createdBy>calittle</createdBy>
<createdTime>2019-04-17 17:26:31 UTC</createdTime>
<commentInRDBMS>Batch distribute publication through email with attachment print output.</commentInRDBMS>
<ownerDesignName>ODEE_1262_Design</ownerDesignName>
<nullsAllowed>true</nullsAllowed>
<useDomainConstraints>false</useDomainConstraints>
<use>1</use>
<logicalDatatype>LOGDT019</logicalDatatype>
<dataTypePrecision>5</dataTypePrecision>
<defaultValue>0</defaultValue>
<autoIncrementCycle>false</autoIncrementCycle>
</Column>
<Column name="BCHPUBEMAILRULE" id="D0C11D0D-3C6D-AD33-1F89-F3E022D3DA7D">
<sourceConnName>deepthought</sourceConnName>
<sourceObjSchema>BCHS</sourceObjSchema>
<sourceObjName>BCHPUBEMAILRULE</sourceObjName>
<createdBy>calittle</createdBy>
<createdTime>2019-04-17 17:26:31 UTC</createdTime>
<commentInRDBMS>Batch distribute publication through email rule.</commentInRDBMS>
<ownerDesignName>ODEE_1262_Design</ownerDesignName>
<nullsAllowed>true</nullsAllowed>
<useDomainConstraints>false</useDomainConstraints>
<use>1</use>
<logicalDatatype>LOGDT037</logicalDatatype>
<dataTypeSize>2000</dataTypeSize>
<autoIncrementCycle>false</autoIncrementCycle>
</Column>
<Column name="BCHPUBEMAILPROP" id="6C6B8C1B-C28A-26F5-AA73-7C88F870D26F">
<sourceConnName>deepthought</sourceConnName>
<sourceObjSchema>BCHS</sourceObjSchema>
<sourceObjName>BCHPUBEMAILPROP</sourceObjName>
<createdBy>calittle</createdBy>
<createdTime>2019-04-17 17:26:31 UTC</createdTime>
<commentInRDBMS>Batch distribute publication through email name=value message property.</commentInRDBMS>
<ownerDesignName>ODEE_1262_Design</ownerDesignName>
<nullsAllowed>true</nullsAllowed>
<useDomainConstraints>false</useDomainConstraints>
<use>1</use>
<logicalDatatype>LOGDT037</logicalDatatype>
<dataTypeSize>256</dataTypeSize>
<autoIncrementCycle>false</autoIncrementCycle>
</Column>
<Column name="BCHPUBEMAILSUBJECT" id="72F7206B-40D4-765C-7B54-3E4C5A106C3B">
<sourceConnName>deepthought</sourceConnName>
<sourceObjSchema>BCHS</sourceObjSchema>
<sourceObjName>BCHPUBEMAILSUBJECT</sourceObjName>
<createdBy>calittle</createdBy>
<createdTime>2019-04-17 17:26:31 UTC</createdTime>
<commentInRDBMS>Batch distribute publication through email dynamic Subject .</commentInRDBMS>
<ownerDesignName>ODEE_1262_Design</ownerDesignName>
<nullsAllowed>true</nullsAllowed>
<useDomainConstraints>false</useDomainConstraints>
<use>1</use>
<logicalDatatype>LOGDT037</logicalDatatype>
<dataTypeSize>256</dataTypeSize>
<autoIncrementCycle>false</autoIncrementCycle>
</Column>
<Column name="BCHPUBEMAILFROM" id="EE7EC5A7-8009-7F0B-94D9-6AB3F0FBC125">
<sourceConnName>deepthought</sourceConnName>
<sourceObjSchema>BCHS</sourceObjSchema>
<sourceObjName>BCHPUBEMAILFROM</sourceObjName>
<createdBy>calittle</createdBy>
<createdTime>2019-04-17 17:26:31 UTC</createdTime>
<commentInRDBMS>Batch distribute publication through email dynamic From Sender.</commentInRDBMS>
<ownerDesignName>ODEE_1262_Design</ownerDesignName>
<nullsAllowed>true</nullsAllowed>
<useDomainConstraints>false</useDomainConstraints>
<use>1</use>
<logicalDatatype>LOGDT037</logicalDatatype>
<dataTypeSize>256</dataTypeSize>
<autoIncrementCycle>false</autoIncrementCycle>
</Column>
<Column name="BCHPUBEMAILTO" id="E1778354-F0FF-6B39-8B55-6D14859E9128">
<sourceConnName>deepthought</sourceConnName>
<sourceObjSchema>BCHS</sourceObjSchema>
<sourceObjName>BCHPUBEMAILTO</sourceObjName>
<createdBy>calittle</createdBy>
<createdTime>2019-04-17 17:26:31 UTC</createdTime>
<commentInRDBMS>Batch distribute publication through email dynamic Recipient To.</commentInRDBMS>
<ownerDesignName>ODEE_1262_Design</ownerDesignName>
<nullsAllowed>true</nullsAllowed>
<useDomainConstraints>false</useDomainConstraints>
<use>1</use>
<logicalDatatype>LOGDT037</logicalDatatype>
<dataTypeSize>256</dataTypeSize>
<defaultValue>&apos;${RCPS.ADR_EMAIL}&apos;</defaultValue>
<autoIncrementCycle>false</autoIncrementCycle>
</Column>
<Column name="BCHPUBEMAILREPLYTO" id="AF579192-A950-D68B-23F2-CDAE3A832E6E">
<sourceConnName>deepthought</sourceConnName>
<sourceObjSchema>BCHS</sourceObjSchema>
<sourceObjName>BCHPUBEMAILREPLYTO</sourceObjName>
<createdBy>calittle</createdBy>
<createdTime>2019-04-17 17:26:31 UTC</createdTime>
<commentInRDBMS>Batch distribute publication through email dynamic Reply To.</commentInRDBMS>
<ownerDesignName>ODEE_1262_Design</ownerDesignName>
<nullsAllowed>true</nullsAllowed>
<useDomainConstraints>false</useDomainConstraints>
<use>1</use>
<logicalDatatype>LOGDT037</logicalDatatype>
<dataTypeSize>256</dataTypeSize>
<autoIncrementCycle>false</autoIncrementCycle>
</Column>
<Column name="BCHPUBEMAILCC" id="9E0CCBC6-0BCE-8E78-6DD4-90C2C496F22F">
<sourceConnName>deepthought</sourceConnName>
<sourceObjSchema>BCHS</sourceObjSchema>
<sourceObjName>BCHPUBEMAILCC</sourceObjName>
<createdBy>calittle</createdBy>
<createdTime>2019-04-17 17:26:31 UTC</createdTime>
<commentInRDBMS>Batch distribute publication through email dynamic Carbon Copy.</commentInRDBMS>
<ownerDesignName>ODEE_1262_Design</ownerDesignName>
<nullsAllowed>true</nullsAllowed>
<useDomainConstraints>false</useDomainConstraints>
<use>1</use>
<logicalDatatype>LOGDT037</logicalDatatype>
<dataTypeSize>256</dataTypeSize>
<autoIncrementCycle>false</autoIncrementCycle>
</Column>
<Column name="BCHPUBEMAILBCC" id="43D25A30-3FED-15F6-BC69-D92C73D2520E">
<sourceConnName>deepthought</sourceConnName>
<sourceObjSchema>BCHS</sourceObjSchema>
<sourceObjName>BCHPUBEMAILBCC</sourceObjName>
<createdBy>calittle</createdBy>
<createdTime>2019-04-17 17:26:31 UTC</createdTime>
<commentInRDBMS>Batch distribute publication through email dynamic Blind Carbon Copy.</commentInRDBMS>
<ownerDesignName>ODEE_1262_Design</ownerDesignName>
<nullsAllowed>true</nullsAllowed>
<useDomainConstraints>false</useDomainConstraints>
<use>1</use>
<logicalDatatype>LOGDT037</logicalDatatype>
<dataTypeSize>256</dataTypeSize>
<autoIncrementCycle>false</autoIncrementCycle>
</Column>
<Column name="BCHPUBLANGRULE" id="9353018F-DEBF-00EC-0468-9780AED8F1DB">
<sourceConnName>deepthought</sourceConnName>
<sourceObjSchema>BCHS</sourceObjSchema>
<sourceObjName>BCHPUBLANGRULE</sourceObjName>
<createdBy>calittle</createdBy>
<createdTime>2019-04-17 17:26:31 UTC</createdTime>
<ownerDesignName>ODEE_1262_Design</ownerDesignName>
<nullsAllowed>true</nullsAllowed>
<useDomainConstraints>false</useDomainConstraints>
<use>1</use>
<logicalDatatype>LOGDT037</logicalDatatype>
<dataTypeSize>256</dataTypeSize>
<defaultValue>&apos;${RCPS.ADR_LANGUAGE}&apos;</defaultValue>
<autoIncrementCycle>false</autoIncrementCycle>
</Column>
<Column name="BCHPUBMSGTYPRULE" id="91527FE6-D2E7-F91E-396F-EFBF7D03848C">
<sourceConnName>deepthought</sourceConnName>
<sourceObjSchema>BCHS</sourceObjSchema>
<sourceObjName>BCHPUBMSGTYPRULE</sourceObjName>
<createdBy>calittle</createdBy>
<createdTime>2019-04-17 17:26:31 UTC</createdTime>
<commentInRDBMS>Batch distribute publication email message type selection rule&lt;br/&gt;The value returned from this column is used to select the template by&lt;br/&gt;the PUBNTFS.PUBNTFMSGTYP value.&lt;br/&gt;Either a static value or a column from JOBS, TRNS, RCPS can be used. </commentInRDBMS>
<ownerDesignName>ODEE_1262_Design</ownerDesignName>
<nullsAllowed>true</nullsAllowed>
<useDomainConstraints>false</useDomainConstraints>
<use>1</use>
<logicalDatatype>LOGDT037</logicalDatatype>
<dataTypeSize>2000</dataTypeSize>
<autoIncrementCycle>false</autoIncrementCycle>
</Column>
<Column name="BCHPUBTOTALDST" id="407E1866-E9F6-6790-6A4F-5C0C7FDCADCD">
<sourceConnName>deepthought</sourceConnName>
<sourceObjSchema>BCHS</sourceObjSchema>
<sourceObjName>BCHPUBTOTALDST</sourceObjName>
<createdBy>calittle</createdBy>
<createdTime>2019-04-17 17:26:31 UTC</createdTime>
<commentInRDBMS>Total Publish table rows generated from this batch.</commentInRDBMS>
<ownerDesignName>ODEE_1262_Design</ownerDesignName>
<nullsAllowed>true</nullsAllowed>
<useDomainConstraints>false</useDomainConstraints>
<use>1</use>
<logicalDatatype>LOGDT019</logicalDatatype>
<dataTypePrecision>38</dataTypePrecision>
<defaultValue>0</defaultValue>
<autoIncrementCycle>false</autoIncrementCycle>
</Column>
<Column name="BCHPUBERRDST" id="31B925B5-9C26-F3EA-21A0-3B13CB52D574">
<sourceConnName>deepthought</sourceConnName>
<sourceObjSchema>BCHS</sourceObjSchema>
<sourceObjName>BCHPUBERRDST</sourceObjName>
<createdBy>calittle</createdBy>
<createdTime>2019-04-17 17:26:31 UTC</createdTime>
<commentInRDBMS>Counter of currently processed publication table rows for print distribution that were in error </commentInRDBMS>
<ownerDesignName>ODEE_1262_Design</ownerDesignName>
<nullsAllowed>true</nullsAllowed>
<useDomainConstraints>false</useDomainConstraints>
<use>1</use>
<logicalDatatype>LOGDT019</logicalDatatype>
<dataTypePrecision>38</dataTypePrecision>
<defaultValue>0</defaultValue>
<autoIncrementCycle>false</autoIncrementCycle>
</Column>
<Column name="BCHPUBPROCDST" id="F67C6124-48B1-349B-C6E1-D048BC883288">
<sourceConnName>deepthought</sourceConnName>
<sourceObjSchema>BCHS</sourceObjSchema>
<sourceObjName>BCHPUBPROCDST</sourceObjName>
<createdBy>calittle</createdBy>
<createdTime>2019-04-17 17:26:31 UTC</createdTime>
<commentInRDBMS>Counter of currently processed publication table rows for print distribution that were successfully processed</commentInRDBMS>
<ownerDesignName>ODEE_1262_Design</ownerDesignName>
<nullsAllowed>true</nullsAllowed>
<useDomainConstraints>false</useDomainConstraints>
<use>1</use>
<logicalDatatype>LOGDT019</logicalDatatype>
<dataTypePrecision>38</dataTypePrecision>
<defaultValue>0</defaultValue>
<autoIncrementCycle>false</autoIncrementCycle>
</Column>
<Column name="BCHENABLENTF" id="6F20C937-B55C-357D-AF11-D7A774FA998B">
<sourceConnName>deepthought</sourceConnName>
<sourceObjSchema>BCHS</sourceObjSchema>
<sourceObjName>BCHENABLENTF</sourceObjName>
<createdBy>calittle</createdBy>
<createdTime>2019-04-17 17:26:31 UTC</createdTime>
<commentInRDBMS>Batch is marked as a Notification enabled batch</commentInRDBMS>
<ownerDesignName>ODEE_1262_Design</ownerDesignName>
<nullsAllowed>true</nullsAllowed>
<useDomainConstraints>false</useDomainConstraints>
<use>1</use>
<logicalDatatype>LOGDT019</logicalDatatype>
<dataTypePrecision>5</dataTypePrecision>
<defaultValue>0</defaultValue>
<autoIncrementCycle>false</autoIncrementCycle>
</Column>
<Column name="BCHNTFRULE" id="B4AA98FB-0DD4-B375-ACA4-ACE539C30442">
<sourceConnName>deepthought</sourceConnName>
<sourceObjSchema>BCHS</sourceObjSchema>
<sourceObjName>BCHNTFRULE</sourceObjName>
<createdBy>calittle</createdBy>
<createdTime>2019-04-17 17:26:31 UTC</createdTime>
<commentInRDBMS>Notification rule run when the BCHINGENABLENTF=1 is set by the Publishing&lt;br/&gt;Notifier.&lt;br/&gt;Should return rows in the RCPS tables that are associated with the&lt;br/&gt;batch that have requested a Notification by returning a notification type if&lt;br/&gt;Notification type in SMS, MMS, OR EMAIL.&lt;br/&gt;Typically a column or a where clause on the RCPS table.&lt;br/&gt;The publishing notifier will check to see if the RCPS.RCPOUTTYPE IS NULL&lt;br/&gt;OR (RCPS.RCPOUTTYPE=0 AND RCPS.RCPOUTBLOB IS NULL)&lt;br/&gt;OR (RCPS.RCPOUTTYPE=1 AND RCPS.RCPOUTREF IS NULL).&lt;br/&gt;If TRUE  it will generate the message from the message template for the&lt;br/&gt;language specified by the RCPS.ADR_LANGUAGE and store it in the&lt;br/&gt;RCPS.RCPOUTBLOB column for the row for the RCP_ID.&lt;br/&gt;If FALSE then a notification for the TRN_ID,RCP_ID has already been&lt;br/&gt;sent so no need to send it again.</commentInRDBMS>
<ownerDesignName>ODEE_1262_Design</ownerDesignName>
<nullsAllowed>true</nullsAllowed>
<useDomainConstraints>false</useDomainConstraints>
<use>1</use>
<logicalDatatype>LOGDT037</logicalDatatype>
<dataTypeSize>2000</dataTypeSize>
<autoIncrementCycle>false</autoIncrementCycle>
</Column>
<Column name="BCHLANGRULE" id="8FA67FAD-9986-35DF-611C-C8436F5C4D8F">
<sourceConnName>deepthought</sourceConnName>
<sourceObjSchema>BCHS</sourceObjSchema>
<sourceObjName>BCHLANGRULE</sourceObjName>
<createdBy>calittle</createdBy>
<createdTime>2019-04-17 17:26:31 UTC</createdTime>
<commentInRDBMS>Rule to be run by the Publisher for Notification to determine the language of the&lt;br/&gt;Notification when one is selected.  Typically a RCPS column name like&lt;br/&gt;RCPS.ADR_LANGUAGE.  Should be a table qualified name so that other tables&lt;br/&gt;are candidates in a multitable select call, e.g. FROM TRNS,RCPS ...</commentInRDBMS>
<ownerDesignName>ODEE_1262_Design</ownerDesignName>
<nullsAllowed>true</nullsAllowed>
<useDomainConstraints>false</useDomainConstraints>
<use>1</use>
<logicalDatatype>LOGDT037</logicalDatatype>
<dataTypeSize>256</dataTypeSize>
<autoIncrementCycle>false</autoIncrementCycle>
</Column>
<Column name="BCHNTFMSGTYPRULE" id="B3965E49-6587-2671-79CC-F605D4E57C1C">
<sourceConnName>deepthought</sourceConnName>
<sourceObjSchema>BCHS</sourceObjSchema>
<sourceObjName>BCHNTFMSGTYPRULE</sourceObjName>
<createdBy>calittle</createdBy>
<createdTime>2019-04-17 17:26:31 UTC</createdTime>
<commentInRDBMS>Message type selection rule.&lt;br/&gt;The value returned from this column is used to select the template by&lt;br/&gt;the PUBNTFS.PUBNTFMSGTYP value.&lt;br/&gt;Either a static value or a column from JOBS, TRNS, RCPS can be used. </commentInRDBMS>
<ownerDesignName>ODEE_1262_Design</ownerDesignName>
<nullsAllowed>true</nullsAllowed>
<useDomainConstraints>false</useDomainConstraints>
<use>1</use>
<logicalDatatype>LOGDT037</logicalDatatype>
<dataTypeSize>256</dataTypeSize>
<autoIncrementCycle>false</autoIncrementCycle>
</Column>
<Column name="BCHPUBTOTALNTF" id="7FE94C3A-CDF4-F579-6D59-A588CA2EF87A">
<sourceConnName>deepthought</sourceConnName>
<sourceObjSchema>BCHS</sourceObjSchema>
<sourceObjName>BCHPUBTOTALNTF</sourceObjName>
<createdBy>calittle</createdBy>
<createdTime>2019-04-17 17:26:31 UTC</createdTime>
<commentInRDBMS>Total number of Publication table rows create marked for Notify based on BCHTYPES setting with notify candidate set and notification specified in the RCP record</commentInRDBMS>
<ownerDesignName>ODEE_1262_Design</ownerDesignName>
<nullsAllowed>true</nullsAllowed>
<useDomainConstraints>false</useDomainConstraints>
<use>1</use>
<logicalDatatype>LOGDT019</logicalDatatype>
<dataTypePrecision>38</dataTypePrecision>
<defaultValue>0</defaultValue>
<autoIncrementCycle>false</autoIncrementCycle>
</Column>
<Column name="BCHPUBERRNTF" id="7E83E7F8-9F28-3439-8DC6-984E9413DC00">
<sourceConnName>deepthought</sourceConnName>
<sourceObjSchema>BCHS</sourceObjSchema>
<sourceObjName>BCHPUBERRNTF</sourceObjName>
<createdBy>calittle</createdBy>
<createdTime>2019-04-17 17:26:31 UTC</createdTime>
<commentInRDBMS>Current number of Publication table rows with error on Notifications</commentInRDBMS>
<ownerDesignName>ODEE_1262_Design</ownerDesignName>
<nullsAllowed>true</nullsAllowed>
<useDomainConstraints>false</useDomainConstraints>
<use>1</use>
<logicalDatatype>LOGDT019</logicalDatatype>
<dataTypePrecision>38</dataTypePrecision>
<defaultValue>0</defaultValue>
<autoIncrementCycle>false</autoIncrementCycle>
</Column>
<Column name="BCHPUBPROCNTF" id="774DF356-E555-1DFD-F53E-43A5D30B9E67">
<sourceConnName>deepthought</sourceConnName>
<sourceObjSchema>BCHS</sourceObjSchema>
<sourceObjName>BCHPUBPROCNTF</sourceObjName>
<createdBy>calittle</createdBy>
<createdTime>2019-04-17 17:26:31 UTC</createdTime>
<commentInRDBMS>Current number of Publication table rows with sucessful Notifications</commentInRDBMS>
<ownerDesignName>ODEE_1262_Design</ownerDesignName>
<nullsAllowed>true</nullsAllowed>
<useDomainConstraints>false</useDomainConstraints>
<use>1</use>
<logicalDatatype>LOGDT019</logicalDatatype>
<dataTypePrecision>38</dataTypePrecision>
<defaultValue>0</defaultValue>
<autoIncrementCycle>false</autoIncrementCycle>
</Column>
<Column name="BCHERR_ID" id="CB2B32DA-07AE-B24F-1835-4DE0B16BD012">
<sourceConnName>deepthought</sourceConnName>
<sourceObjSchema>BCHS</sourceObjSchema>
<sourceObjName>BCHERR_ID</sourceObjName>
<createdBy>calittle</createdBy>
<createdTime>2019-04-17 17:26:31 UTC</createdTime>
<ownerDesignName>ODEE_1262_Design</ownerDesignName>
<nullsAllowed>true</nullsAllowed>
<useDomainConstraints>false</useDomainConstraints>
<use>1</use>
<logicalDatatype>LOGDT019</logicalDatatype>
<dataTypePrecision>38</dataTypePrecision>
<autoIncrementCycle>false</autoIncrementCycle>
</Column>
<Column name="CALLBACK" id="EF144382-7ACE-22ED-B666-11B393CD63D6">
<sourceConnName>deepthought</sourceConnName>
<sourceObjSchema>BCHS</sourceObjSchema>
<sourceObjName>CALLBACK</sourceObjName>
<createdBy>calittle</createdBy>
<createdTime>2019-04-17 17:26:31 UTC</createdTime>
<commentInRDBMS>Print Callback Function</commentInRDBMS>
<ownerDesignName>ODEE_1262_Design</ownerDesignName>
<nullsAllowed>true</nullsAllowed>
<useDomainConstraints>false</useDomainConstraints>
<use>1</use>
<logicalDatatype>LOGDT037</logicalDatatype>
<dataTypeSize>256</dataTypeSize>
<autoIncrementCycle>false</autoIncrementCycle>
</Column>
<Column name="BATCHBANNERBEGINSCRIPT" id="6CC7182F-0281-C8B7-EDA1-E3D49CAE9AD3">
<sourceConnName>deepthought</sourceConnName>
<sourceObjSchema>BCHS</sourceObjSchema>
<sourceObjName>BATCHBANNERBEGINSCRIPT</sourceObjName>
<createdBy>calittle</createdBy>
<createdTime>2019-04-17 17:26:31 UTC</createdTime>
<commentInRDBMS>Batch Banner Begin Script DAL to run upon a printing the Batch BCH_ID.</commentInRDBMS>
<ownerDesignName>ODEE_1262_Design</ownerDesignName>
<nullsAllowed>true</nullsAllowed>
<useDomainConstraints>false</useDomainConstraints>
<use>1</use>
<logicalDatatype>LOGDT037</logicalDatatype>
<dataTypeSize>256</dataTypeSize>
<autoIncrementCycle>false</autoIncrementCycle>
</Column>
<Column name="BATCHBANNERENDSCRIPT" id="ACF34015-B71B-DC9F-BF25-8CC93FA1C4B2">
<sourceConnName>deepthought</sourceConnName>
<sourceObjSchema>BCHS</sourceObjSchema>
<sourceObjName>BATCHBANNERENDSCRIPT</sourceObjName>
<createdBy>calittle</createdBy>
<createdTime>2019-04-17 17:26:31 UTC</createdTime>
<commentInRDBMS>Batch Banner End Script DAL to run upon finalization of printing the Batch BCH_ID.</commentInRDBMS>
<ownerDesignName>ODEE_1262_Design</ownerDesignName>
<nullsAllowed>true</nullsAllowed>
<useDomainConstraints>false</useDomainConstraints>
<use>1</use>
<logicalDatatype>LOGDT037</logicalDatatype>
<dataTypeSize>256</dataTypeSize>
<autoIncrementCycle>false</autoIncrementCycle>
</Column>
<Column name="BATCHBANNERBEGINFORM" id="626BE597-9F4F-542C-2C62-204522F14918">
<sourceConnName>deepthought</sourceConnName>
<sourceObjSchema>BCHS</sourceObjSchema>
<sourceObjName>BATCHBANNERBEGINFORM</sourceObjName>
<createdBy>calittle</createdBy>
<createdTime>2019-04-17 17:26:31 UTC</createdTime>
<commentInRDBMS>Batch Banner start Form to use for the printing for the Batch BCH_ID.</commentInRDBMS>
<ownerDesignName>ODEE_1262_Design</ownerDesignName>
<nullsAllowed>true</nullsAllowed>
<useDomainConstraints>false</useDomainConstraints>
<use>1</use>
<logicalDatatype>LOGDT037</logicalDatatype>
<dataTypeSize>256</dataTypeSize>
<autoIncrementCycle>false</autoIncrementCycle>
</Column>
<Column name="BATCHBANNERENDFORM" id="075EA46F-B829-FDA2-BF78-F06409CAD4FF">
<sourceConnName>deepthought</sourceConnName>
<sourceObjSchema>BCHS</sourceObjSchema>
<sourceObjName>BATCHBANNERENDFORM</sourceObjName>
<createdBy>calittle</createdBy>
<createdTime>2019-04-17 17:26:31 UTC</createdTime>
<commentInRDBMS>Batch Banner end Form to use for the printing for the Batch BCH_ID.</commentInRDBMS>
<ownerDesignName>ODEE_1262_Design</ownerDesignName>
<nullsAllowed>true</nullsAllowed>
<useDomainConstraints>false</useDomainConstraints>
<use>1</use>
<logicalDatatype>LOGDT037</logicalDatatype>
<dataTypeSize>256</dataTypeSize>
<autoIncrementCycle>false</autoIncrementCycle>
</Column>
<Column name="TRANSBANNERBEGINSCRIPT" id="D9D0FE55-FBAE-AEDF-02A0-D9C614499A36">
<sourceConnName>deepthought</sourceConnName>
<sourceObjSchema>BCHS</sourceObjSchema>
<sourceObjName>TRANSBANNERBEGINSCRIPT</sourceObjName>
<createdBy>calittle</createdBy>
<createdTime>2019-04-17 17:26:31 UTC</createdTime>
<commentInRDBMS>Batch Transaction Banner Begin Script DAL to run upon a printing the Transaction for the Batch BCH_ID.</commentInRDBMS>
<ownerDesignName>ODEE_1262_Design</ownerDesignName>
<nullsAllowed>true</nullsAllowed>
<useDomainConstraints>false</useDomainConstraints>
<use>1</use>
<logicalDatatype>LOGDT037</logicalDatatype>
<dataTypeSize>256</dataTypeSize>
<autoIncrementCycle>false</autoIncrementCycle>
</Column>
<Column name="TRANSBANNERENDSCRIPT" id="1E2C9913-E69E-5CA5-2399-B86C607F7596">
<sourceConnName>deepthought</sourceConnName>
<sourceObjSchema>BCHS</sourceObjSchema>
<sourceObjName>TRANSBANNERENDSCRIPT</sourceObjName>
<createdBy>calittle</createdBy>
<createdTime>2019-04-17 17:26:31 UTC</createdTime>
<commentInRDBMS>Batch Banner End Script DAL to run upon finalization of printing the Batch BCH_ID.</commentInRDBMS>
<ownerDesignName>ODEE_1262_Design</ownerDesignName>
<nullsAllowed>true</nullsAllowed>
<useDomainConstraints>false</useDomainConstraints>
<use>1</use>
<logicalDatatype>LOGDT037</logicalDatatype>
<dataTypeSize>256</dataTypeSize>
<autoIncrementCycle>false</autoIncrementCycle>
</Column>
<Column name="TRANSBANNERBEGINFORM" id="F597285F-3E97-F521-C8A8-9F2EDEA4CA43">
<sourceConnName>deepthought</sourceConnName>
<sourceObjSchema>BCHS</sourceObjSchema>
<sourceObjName>TRANSBANNERBEGINFORM</sourceObjName>
<createdBy>calittle</createdBy>
<createdTime>2019-04-17 17:26:31 UTC</createdTime>
<commentInRDBMS>Batch Transaction Banner start Form to use upon a printing the Transaction for the Batch BCH_ID.</commentInRDBMS>
<ownerDesignName>ODEE_1262_Design</ownerDesignName>
<nullsAllowed>true</nullsAllowed>
<useDomainConstraints>false</useDomainConstraints>
<use>1</use>
<logicalDatatype>LOGDT037</logicalDatatype>
<dataTypeSize>256</dataTypeSize>
<autoIncrementCycle>false</autoIncrementCycle>
</Column>
<Column name="TRANSBANNERENDFORM" id="D7777CA7-E1F1-4B55-776D-16869124D53E">
<sourceConnName>deepthought</sourceConnName>
<sourceObjSchema>BCHS</sourceObjSchema>
<sourceObjName>TRANSBANNERENDFORM</sourceObjName>
<createdBy>calittle</createdBy>
<createdTime>2019-04-17 17:26:31 UTC</createdTime>
<commentInRDBMS>Batch Transaction Banner end Form to use upon final printing the Transaction for the Batch BCH_ID.</commentInRDBMS>
<ownerDesignName>ODEE_1262_Design</ownerDesignName>
<nullsAllowed>true</nullsAllowed>
<useDomainConstraints>false</useDomainConstraints>
<use>1</use>
<logicalDatatype>LOGDT037</logicalDatatype>
<dataTypeSize>256</dataTypeSize>
<autoIncrementCycle>false</autoIncrementCycle>
</Column>
<Column name="BCHAPPDATE001" id="7A36D72D-22CB-E606-ADDC-1E07ECE9DE40">
<sourceConnName>deepthought</sourceConnName>
<sourceObjSchema>BCHS</sourceObjSchema>
<sourceObjName>BCHAPPDATE001</sourceObjName>
<createdBy>calittle</createdBy>
<createdTime>2019-04-17 17:26:31 UTC</createdTime>
<commentInRDBMS>An application defined date and time column.</commentInRDBMS>
<ownerDesignName>ODEE_1262_Design</ownerDesignName>
<nullsAllowed>true</nullsAllowed>
<useDomainConstraints>false</useDomainConstraints>
<use>1</use>
<logicalDatatype>LOGDT015</logicalDatatype>
<dataTypePrecision>6</dataTypePrecision>
<autoIncrementCycle>false</autoIncrementCycle>
</Column>
<Column name="BCHAPPDATE002" id="3B47F542-159B-CFEF-3256-C03431465E4F">
<sourceConnName>deepthought</sourceConnName>
<sourceObjSchema>BCHS</sourceObjSchema>
<sourceObjName>BCHAPPDATE002</sourceObjName>
<createdBy>calittle</createdBy>
<createdTime>2019-04-17 17:26:31 UTC</createdTime>
<commentInRDBMS>An application defined date and time column.</commentInRDBMS>
<ownerDesignName>ODEE_1262_Design</ownerDesignName>
<nullsAllowed>true</nullsAllowed>
<useDomainConstraints>false</useDomainConstraints>
<use>1</use>
<logicalDatatype>LOGDT015</logicalDatatype>
<dataTypePrecision>6</dataTypePrecision>
<autoIncrementCycle>false</autoIncrementCycle>
</Column>
<Column name="BCHAPPDATE003" id="C95E11BE-FD17-81AC-4ADA-BB4AA3AF33F1">
<sourceConnName>deepthought</sourceConnName>
<sourceObjSchema>BCHS</sourceObjSchema>
<sourceObjName>BCHAPPDATE003</sourceObjName>
<createdBy>calittle</createdBy>
<createdTime>2019-04-17 17:26:31 UTC</createdTime>
<commentInRDBMS>An application defined date and time column.</commentInRDBMS>
<ownerDesignName>ODEE_1262_Design</ownerDesignName>
<nullsAllowed>true</nullsAllowed>
<useDomainConstraints>false</useDomainConstraints>
<use>1</use>
<logicalDatatype>LOGDT015</logicalDatatype>
<dataTypePrecision>6</dataTypePrecision>
<autoIncrementCycle>false</autoIncrementCycle>
</Column>
<Column name="BCHAPPDATE004" id="1F4F5B86-F17E-F3FF-7E5E-6FB926522321">
<sourceConnName>deepthought</sourceConnName>
<sourceObjSchema>BCHS</sourceObjSchema>
<sourceObjName>BCHAPPDATE004</sourceObjName>
<createdBy>calittle</createdBy>
<createdTime>2019-04-17 17:26:31 UTC</createdTime>
<commentInRDBMS>An application defined date and time column.</commentInRDBMS>
<ownerDesignName>ODEE_1262_Design</ownerDesignName>
<nullsAllowed>true</nullsAllowed>
<useDomainConstraints>false</useDomainConstraints>
<use>1</use>
<logicalDatatype>LOGDT015</logicalDatatype>
<dataTypePrecision>6</dataTypePrecision>
<autoIncrementCycle>false</autoIncrementCycle>
</Column>
<Column name="BCHAPPDATE005" id="02980653-8809-54B4-755F-E10CA3FD804B">
<sourceConnName>deepthought</sourceConnName>
<sourceObjSchema>BCHS</sourceObjSchema>
<sourceObjName>BCHAPPDATE005</sourceObjName>
<createdBy>calittle</createdBy>
<createdTime>2019-04-17 17:26:31 UTC</createdTime>
<commentInRDBMS>An application defined date and time column.</commentInRDBMS>
<ownerDesignName>ODEE_1262_Design</ownerDesignName>
<nullsAllowed>true</nullsAllowed>
<useDomainConstraints>false</useDomainConstraints>
<use>1</use>
<logicalDatatype>LOGDT015</logicalDatatype>
<dataTypePrecision>6</dataTypePrecision>
<autoIncrementCycle>false</autoIncrementCycle>
</Column>
<Column name="BCHAPPDEC001" id="5E8834DD-8CAD-1644-84BD-0AD476BD2C85">
<sourceConnName>deepthought</sourceConnName>
<sourceObjSchema>BCHS</sourceObjSchema>
<sourceObjName>BCHAPPDEC001</sourceObjName>
<createdBy>calittle</createdBy>
<createdTime>2019-04-17 17:26:31 UTC</createdTime>
<commentInRDBMS>An application defined decimal column.</commentInRDBMS>
<ownerDesignName>ODEE_1262_Design</ownerDesignName>
<nullsAllowed>true</nullsAllowed>
<useDomainConstraints>false</useDomainConstraints>
<use>1</use>
<logicalDatatype>LOGDT019</logicalDatatype>
<dataTypePrecision>19</dataTypePrecision>
<dataTypeScale>4</dataTypeScale>
<autoIncrementCycle>false</autoIncrementCycle>
</Column>
<Column name="BCHAPPDEC002" id="AEE5E78D-D739-21B7-E301-D85C0CF8B042">
<sourceConnName>deepthought</sourceConnName>
<sourceObjSchema>BCHS</sourceObjSchema>
<sourceObjName>BCHAPPDEC002</sourceObjName>
<createdBy>calittle</createdBy>
<createdTime>2019-04-17 17:26:31 UTC</createdTime>
<commentInRDBMS>An application defined decimal column.</commentInRDBMS>
<ownerDesignName>ODEE_1262_Design</ownerDesignName>
<nullsAllowed>true</nullsAllowed>
<useDomainConstraints>false</useDomainConstraints>
<use>1</use>
<logicalDatatype>LOGDT019</logicalDatatype>
<dataTypePrecision>19</dataTypePrecision>
<dataTypeScale>4</dataTypeScale>
<autoIncrementCycle>false</autoIncrementCycle>
</Column>
<Column name="BCHAPPDEC003" id="FD2E05E7-D4AB-244B-3A56-8B295F131367">
<sourceConnName>deepthought</sourceConnName>
<sourceObjSchema>BCHS</sourceObjSchema>
<sourceObjName>BCHAPPDEC003</sourceObjName>
<createdBy>calittle</createdBy>
<createdTime>2019-04-17 17:26:31 UTC</createdTime>
<commentInRDBMS>An application defined decimal column.</commentInRDBMS>
<ownerDesignName>ODEE_1262_Design</ownerDesignName>
<nullsAllowed>true</nullsAllowed>
<useDomainConstraints>false</useDomainConstraints>
<use>1</use>
<logicalDatatype>LOGDT019</logicalDatatype>
<dataTypePrecision>19</dataTypePrecision>
<dataTypeScale>4</dataTypeScale>
<autoIncrementCycle>false</autoIncrementCycle>
</Column>
<Column name="BCHAPPDEC004" id="03FDF952-AD1D-F5A1-5BA7-EEF923A50D91">
<sourceConnName>deepthought</sourceConnName>
<sourceObjSchema>BCHS</sourceObjSchema>
<sourceObjName>BCHAPPDEC004</sourceObjName>
<createdBy>calittle</createdBy>
<createdTime>2019-04-17 17:26:31 UTC</createdTime>
<commentInRDBMS>An application defined decimal column.</commentInRDBMS>
<ownerDesignName>ODEE_1262_Design</ownerDesignName>
<nullsAllowed>true</nullsAllowed>
<useDomainConstraints>false</useDomainConstraints>
<use>1</use>
<logicalDatatype>LOGDT019</logicalDatatype>
<dataTypePrecision>19</dataTypePrecision>
<dataTypeScale>4</dataTypeScale>
<autoIncrementCycle>false</autoIncrementCycle>
</Column>
<Column name="BCHAPPDEC005" id="651CDD90-3B58-1A7A-1062-3D4558046496">
<sourceConnName>deepthought</sourceConnName>
<sourceObjSchema>BCHS</sourceObjSchema>
<sourceObjName>BCHAPPDEC005</sourceObjName>
<createdBy>calittle</createdBy>
<createdTime>2019-04-17 17:26:31 UTC</createdTime>
<commentInRDBMS>An application defined decimal column.</commentInRDBMS>
<ownerDesignName>ODEE_1262_Design</ownerDesignName>
<nullsAllowed>true</nullsAllowed>
<useDomainConstraints>false</useDomainConstraints>
<use>1</use>
<logicalDatatype>LOGDT019</logicalDatatype>
<dataTypePrecision>19</dataTypePrecision>
<dataTypeScale>4</dataTypeScale>
<autoIncrementCycle>false</autoIncrementCycle>
</Column>
<Column name="BCHAPPINT001" id="445AFD95-4313-C2B7-9BD2-677C5ED29B3F">
<sourceConnName>deepthought</sourceConnName>
<sourceObjSchema>BCHS</sourceObjSchema>
<sourceObjName>BCHAPPINT001</sourceObjName>
<createdBy>calittle</createdBy>
<createdTime>2019-04-17 17:26:31 UTC</createdTime>
<commentInRDBMS>Application Extension Signed Integer column</commentInRDBMS>
<ownerDesignName>ODEE_1262_Design</ownerDesignName>
<nullsAllowed>true</nullsAllowed>
<useDomainConstraints>false</useDomainConstraints>
<use>1</use>
<logicalDatatype>LOGDT019</logicalDatatype>
<dataTypePrecision>20</dataTypePrecision>
<autoIncrementCycle>false</autoIncrementCycle>
</Column>
<Column name="BCHAPPINT002" id="C75D1414-F05F-5B10-40A1-1E5C59A2D9EE">
<sourceConnName>deepthought</sourceConnName>
<sourceObjSchema>BCHS</sourceObjSchema>
<sourceObjName>BCHAPPINT002</sourceObjName>
<createdBy>calittle</createdBy>
<createdTime>2019-04-17 17:26:31 UTC</createdTime>
<commentInRDBMS>Application Extension Signed Integer column</commentInRDBMS>
<ownerDesignName>ODEE_1262_Design</ownerDesignName>
<nullsAllowed>true</nullsAllowed>
<useDomainConstraints>false</useDomainConstraints>
<use>1</use>
<logicalDatatype>LOGDT019</logicalDatatype>
<dataTypePrecision>20</dataTypePrecision>
<autoIncrementCycle>false</autoIncrementCycle>
</Column>
<Column name="BCHAPPINT003" id="988283C4-D099-AB2C-E492-3270BFA9BE9E">
<sourceConnName>deepthought</sourceConnName>
<sourceObjSchema>BCHS</sourceObjSchema>
<sourceObjName>BCHAPPINT003</sourceObjName>
<createdBy>calittle</createdBy>
<createdTime>2019-04-17 17:26:31 UTC</createdTime>
<commentInRDBMS>Application Extension Signed Integer column </commentInRDBMS>
<ownerDesignName>ODEE_1262_Design</ownerDesignName>
<nullsAllowed>true</nullsAllowed>
<useDomainConstraints>false</useDomainConstraints>
<use>1</use>
<logicalDatatype>LOGDT019</logicalDatatype>
<dataTypePrecision>20</dataTypePrecision>
<autoIncrementCycle>false</autoIncrementCycle>
</Column>
<Column name="BCHAPPINT004" id="168D9D0D-5095-733B-D191-66AA5B3CD8D6">
<sourceConnName>deepthought</sourceConnName>
<sourceObjSchema>BCHS</sourceObjSchema>
<sourceObjName>BCHAPPINT004</sourceObjName>
<createdBy>calittle</createdBy>
<createdTime>2019-04-17 17:26:31 UTC</createdTime>
<commentInRDBMS>Application Extension Signed Integer column </commentInRDBMS>
<ownerDesignName>ODEE_1262_Design</ownerDesignName>
<nullsAllowed>true</nullsAllowed>
<useDomainConstraints>false</useDomainConstraints>
<use>1</use>
<logicalDatatype>LOGDT019</logicalDatatype>
<dataTypePrecision>20</dataTypePrecision>
<autoIncrementCycle>false</autoIncrementCycle>
</Column>
<Column name="BCHAPPINT005" id="E2DB046C-73F2-2B3E-3FF3-06DD2AF74FDD">
<sourceConnName>deepthought</sourceConnName>
<sourceObjSchema>BCHS</sourceObjSchema>
<sourceObjName>BCHAPPINT005</sourceObjName>
<createdBy>calittle</createdBy>
<createdTime>2019-04-17 17:26:31 UTC</createdTime>
<commentInRDBMS>Application Extension Signed Integer column</commentInRDBMS>
<ownerDesignName>ODEE_1262_Design</ownerDesignName>
<nullsAllowed>true</nullsAllowed>
<useDomainConstraints>false</useDomainConstraints>
<use>1</use>
<logicalDatatype>LOGDT019</logicalDatatype>
<dataTypePrecision>20</dataTypePrecision>
<autoIncrementCycle>false</autoIncrementCycle>
</Column>
<Column name="BCHAPPSTR001" id="F96D69D1-DB2F-1041-88E5-586B6CFF50F0">
<sourceConnName>deepthought</sourceConnName>
<sourceObjSchema>BCHS</sourceObjSchema>
<sourceObjName>BCHAPPSTR001</sourceObjName>
<createdBy>calittle</createdBy>
<createdTime>2019-04-17 17:26:31 UTC</createdTime>
<commentInRDBMS>Application Extension String column</commentInRDBMS>
<ownerDesignName>ODEE_1262_Design</ownerDesignName>
<nullsAllowed>true</nullsAllowed>
<useDomainConstraints>false</useDomainConstraints>
<use>1</use>
<logicalDatatype>LOGDT037</logicalDatatype>
<dataTypeSize>256</dataTypeSize>
<autoIncrementCycle>false</autoIncrementCycle>
</Column>
<Column name="BCHAPPSTR002" id="71622B46-BEFD-D3EC-125E-29CAD58E5225">
<sourceConnName>deepthought</sourceConnName>
<sourceObjSchema>BCHS</sourceObjSchema>
<sourceObjName>BCHAPPSTR002</sourceObjName>
<createdBy>calittle</createdBy>
<createdTime>2019-04-17 17:26:31 UTC</createdTime>
<commentInRDBMS>Application Extension String column</commentInRDBMS>
<ownerDesignName>ODEE_1262_Design</ownerDesignName>
<nullsAllowed>true</nullsAllowed>
<useDomainConstraints>false</useDomainConstraints>
<use>1</use>
<logicalDatatype>LOGDT037</logicalDatatype>
<dataTypeSize>256</dataTypeSize>
<autoIncrementCycle>false</autoIncrementCycle>
</Column>
<Column name="BCHAPPSTR003" id="D56D107D-BEF9-FAFE-03A8-966ED90CAA0F">
<sourceConnName>deepthought</sourceConnName>
<sourceObjSchema>BCHS</sourceObjSchema>
<sourceObjName>BCHAPPSTR003</sourceObjName>
<createdBy>calittle</createdBy>
<createdTime>2019-04-17 17:26:31 UTC</createdTime>
<commentInRDBMS>Application Extension String column</commentInRDBMS>
<ownerDesignName>ODEE_1262_Design</ownerDesignName>
<nullsAllowed>true</nullsAllowed>
<useDomainConstraints>false</useDomainConstraints>
<use>1</use>
<logicalDatatype>LOGDT037</logicalDatatype>
<dataTypeSize>256</dataTypeSize>
<autoIncrementCycle>false</autoIncrementCycle>
</Column>
<Column name="BCHAPPSTR004" id="81C4D5F6-FD3C-D678-AF73-C1E761210011">
<sourceConnName>deepthought</sourceConnName>
<sourceObjSchema>BCHS</sourceObjSchema>
<sourceObjName>BCHAPPSTR004</sourceObjName>
<createdBy>calittle</createdBy>
<createdTime>2019-04-17 17:26:31 UTC</createdTime>
<commentInRDBMS>Application Extension String column</commentInRDBMS>
<ownerDesignName>ODEE_1262_Design</ownerDesignName>
<nullsAllowed>true</nullsAllowed>
<useDomainConstraints>false</useDomainConstraints>
<use>1</use>
<logicalDatatype>LOGDT037</logicalDatatype>
<dataTypeSize>256</dataTypeSize>
<autoIncrementCycle>false</autoIncrementCycle>
</Column>
<Column name="BCHAPPSTR005" id="E56AC076-7B11-B534-47BC-891B2726E2D8">
<sourceConnName>deepthought</sourceConnName>
<sourceObjSchema>BCHS</sourceObjSchema>
<sourceObjName>BCHAPPSTR005</sourceObjName>
<createdBy>calittle</createdBy>
<createdTime>2019-04-17 17:26:31 UTC</createdTime>
<commentInRDBMS>Application Extension String column</commentInRDBMS>
<ownerDesignName>ODEE_1262_Design</ownerDesignName>
<nullsAllowed>true</nullsAllowed>
<useDomainConstraints>false</useDomainConstraints>
<use>1</use>
<logicalDatatype>LOGDT037</logicalDatatype>
<dataTypeSize>256</dataTypeSize>
<autoIncrementCycle>false</autoIncrementCycle>
</Column>
<Column name="BCHAPPSTR006" id="358F2B15-F984-CE1C-009E-BF7DF3557CAF">
<sourceConnName>deepthought</sourceConnName>
<sourceObjSchema>BCHS</sourceObjSchema>
<sourceObjName>BCHAPPSTR006</sourceObjName>
<createdBy>calittle</createdBy>
<createdTime>2019-04-17 17:26:31 UTC</createdTime>
<commentInRDBMS>Application Extension String column</commentInRDBMS>
<ownerDesignName>ODEE_1262_Design</ownerDesignName>
<nullsAllowed>true</nullsAllowed>
<useDomainConstraints>false</useDomainConstraints>
<use>1</use>
<logicalDatatype>LOGDT037</logicalDatatype>
<dataTypeSize>256</dataTypeSize>
<autoIncrementCycle>false</autoIncrementCycle>
</Column>
<Column name="BCHAPPSTR007" id="06F42FC1-89C8-D06E-F316-06BDD69D12DB">
<sourceConnName>deepthought</sourceConnName>
<sourceObjSchema>BCHS</sourceObjSchema>
<sourceObjName>BCHAPPSTR007</sourceObjName>
<createdBy>calittle</createdBy>
<createdTime>2019-04-17 17:26:31 UTC</createdTime>
<commentInRDBMS>Application Extension String column</commentInRDBMS>
<ownerDesignName>ODEE_1262_Design</ownerDesignName>
<nullsAllowed>true</nullsAllowed>
<useDomainConstraints>false</useDomainConstraints>
<use>1</use>
<logicalDatatype>LOGDT037</logicalDatatype>
<dataTypeSize>256</dataTypeSize>
<autoIncrementCycle>false</autoIncrementCycle>
</Column>
<Column name="BCHAPPSTR008" id="6725AEEA-A056-9F11-48CE-09D37FE35F26">
<sourceConnName>deepthought</sourceConnName>
<sourceObjSchema>BCHS</sourceObjSchema>
<sourceObjName>BCHAPPSTR008</sourceObjName>
<createdBy>calittle</createdBy>
<createdTime>2019-04-17 17:26:31 UTC</createdTime>
<commentInRDBMS>Application Extension String column</commentInRDBMS>
<ownerDesignName>ODEE_1262_Design</ownerDesignName>
<nullsAllowed>true</nullsAllowed>
<useDomainConstraints>false</useDomainConstraints>
<use>1</use>
<logicalDatatype>LOGDT037</logicalDatatype>
<dataTypeSize>256</dataTypeSize>
<autoIncrementCycle>false</autoIncrementCycle>
</Column>
<Column name="BCHAPPSTR009" id="98A8FCBC-4052-9029-845C-0510654A2E94">
<sourceConnName>deepthought</sourceConnName>
<sourceObjSchema>BCHS</sourceObjSchema>
<sourceObjName>BCHAPPSTR009</sourceObjName>
<createdBy>calittle</createdBy>
<createdTime>2019-04-17 17:26:31 UTC</createdTime>
<commentInRDBMS>Application Extension String column</commentInRDBMS>
<ownerDesignName>ODEE_1262_Design</ownerDesignName>
<nullsAllowed>true</nullsAllowed>
<useDomainConstraints>false</useDomainConstraints>
<use>1</use>
<logicalDatatype>LOGDT037</logicalDatatype>
<dataTypeSize>256</dataTypeSize>
<autoIncrementCycle>false</autoIncrementCycle>
</Column>
<Column name="BCHAPPSTR010" id="14131957-7258-1270-B725-0D4623A74214">
<sourceConnName>deepthought</sourceConnName>
<sourceObjSchema>BCHS</sourceObjSchema>
<sourceObjName>BCHAPPSTR010</sourceObjName>
<createdBy>calittle</createdBy>
<createdTime>2019-04-17 17:26:31 UTC</createdTime>
<commentInRDBMS>Application Extension String column</commentInRDBMS>
<ownerDesignName>ODEE_1262_Design</ownerDesignName>
<nullsAllowed>true</nullsAllowed>
<useDomainConstraints>false</useDomainConstraints>
<use>1</use>
<logicalDatatype>LOGDT037</logicalDatatype>
<dataTypeSize>256</dataTypeSize>
<autoIncrementCycle>false</autoIncrementCycle>
</Column>
<Column name="BCHCUSDATE001" id="8A37B9CA-07E8-8787-430E-167BAD8205F6">
<sourceConnName>deepthought</sourceConnName>
<sourceObjSchema>BCHS</sourceObjSchema>
<sourceObjName>BCHCUSDATE001</sourceObjName>
<createdBy>calittle</createdBy>
<createdTime>2019-04-17 17:26:31 UTC</createdTime>
<commentInRDBMS>A custom date and time column.</commentInRDBMS>
<ownerDesignName>ODEE_1262_Design</ownerDesignName>
<nullsAllowed>true</nullsAllowed>
<useDomainConstraints>false</useDomainConstraints>
<use>1</use>
<logicalDatatype>LOGDT015</logicalDatatype>
<dataTypePrecision>6</dataTypePrecision>
<autoIncrementCycle>false</autoIncrementCycle>
</Column>
<Column name="BCHCUSDATE002" id="F56087C9-B228-3128-20A1-FFEB869CA6ED">
<sourceConnName>deepthought</sourceConnName>
<sourceObjSchema>BCHS</sourceObjSchema>
<sourceObjName>BCHCUSDATE002</sourceObjName>
<createdBy>calittle</createdBy>
<createdTime>2019-04-17 17:26:31 UTC</createdTime>
<commentInRDBMS>A custom date and time column.</commentInRDBMS>
<ownerDesignName>ODEE_1262_Design</ownerDesignName>
<nullsAllowed>true</nullsAllowed>
<useDomainConstraints>false</useDomainConstraints>
<use>1</use>
<logicalDatatype>LOGDT015</logicalDatatype>
<dataTypePrecision>6</dataTypePrecision>
<autoIncrementCycle>false</autoIncrementCycle>
</Column>
<Column name="BCHCUSDATE003" id="527D4DAE-44BB-80AD-4E9C-BEF3C06E8857">
<sourceConnName>deepthought</sourceConnName>
<sourceObjSchema>BCHS</sourceObjSchema>
<sourceObjName>BCHCUSDATE003</sourceObjName>
<createdBy>calittle</createdBy>
<createdTime>2019-04-17 17:26:31 UTC</createdTime>
<commentInRDBMS>A custom date and time column.</commentInRDBMS>
<ownerDesignName>ODEE_1262_Design</ownerDesignName>
<nullsAllowed>true</nullsAllowed>
<useDomainConstraints>false</useDomainConstraints>
<use>1</use>
<logicalDatatype>LOGDT015</logicalDatatype>
<dataTypePrecision>6</dataTypePrecision>
<autoIncrementCycle>false</autoIncrementCycle>
</Column>
<Column name="BCHCUSDATE004" id="674A5CDB-91CD-E184-DE14-0DEBBDAA89AE">
<sourceConnName>deepthought</sourceConnName>
<sourceObjSchema>BCHS</sourceObjSchema>
<sourceObjName>BCHCUSDATE004</sourceObjName>
<createdBy>calittle</createdBy>
<createdTime>2019-04-17 17:26:31 UTC</createdTime>
<commentInRDBMS>A custom date and time column.</commentInRDBMS>
<ownerDesignName>ODEE_1262_Design</ownerDesignName>
<nullsAllowed>true</nullsAllowed>
<useDomainConstraints>false</useDomainConstraints>
<use>1</use>
<logicalDatatype>LOGDT015</logicalDatatype>
<dataTypePrecision>6</dataTypePrecision>
<autoIncrementCycle>false</autoIncrementCycle>
</Column>
<Column name="BCHCUSDATE005" id="B057B200-F9AA-9921-EE50-52C6A8587131">
<sourceConnName>deepthought</sourceConnName>
<sourceObjSchema>BCHS</sourceObjSchema>
<sourceObjName>BCHCUSDATE005</sourceObjName>
<createdBy>calittle</createdBy>
<createdTime>2019-04-17 17:26:31 UTC</createdTime>
<commentInRDBMS>A custom date and time column.</commentInRDBMS>
<ownerDesignName>ODEE_1262_Design</ownerDesignName>
<nullsAllowed>true</nullsAllowed>
<useDomainConstraints>false</useDomainConstraints>
<use>1</use>
<logicalDatatype>LOGDT015</logicalDatatype>
<dataTypePrecision>6</dataTypePrecision>
<autoIncrementCycle>false</autoIncrementCycle>
</Column>
<Column name="BCHCUSDEC001" id="BB34E589-2CB9-BF0D-DC5D-E36AB1A55196">
<sourceConnName>deepthought</sourceConnName>
<sourceObjSchema>BCHS</sourceObjSchema>
<sourceObjName>BCHCUSDEC001</sourceObjName>
<createdBy>calittle</createdBy>
<createdTime>2019-04-17 17:26:31 UTC</createdTime>
<commentInRDBMS>A custom decimal column.</commentInRDBMS>
<ownerDesignName>ODEE_1262_Design</ownerDesignName>
<nullsAllowed>true</nullsAllowed>
<useDomainConstraints>false</useDomainConstraints>
<use>1</use>
<logicalDatatype>LOGDT019</logicalDatatype>
<dataTypePrecision>19</dataTypePrecision>
<dataTypeScale>4</dataTypeScale>
<autoIncrementCycle>false</autoIncrementCycle>
</Column>
<Column name="BCHCUSDEC002" id="3A607593-F603-9790-2BD1-1553EBF8AEFA">
<sourceConnName>deepthought</sourceConnName>
<sourceObjSchema>BCHS</sourceObjSchema>
<sourceObjName>BCHCUSDEC002</sourceObjName>
<createdBy>calittle</createdBy>
<createdTime>2019-04-17 17:26:31 UTC</createdTime>
<commentInRDBMS>A custom decimal column.</commentInRDBMS>
<ownerDesignName>ODEE_1262_Design</ownerDesignName>
<nullsAllowed>true</nullsAllowed>
<useDomainConstraints>false</useDomainConstraints>
<use>1</use>
<logicalDatatype>LOGDT019</logicalDatatype>
<dataTypePrecision>19</dataTypePrecision>
<dataTypeScale>4</dataTypeScale>
<autoIncrementCycle>false</autoIncrementCycle>
</Column>
<Column name="BCHCUSDEC003" id="E7A14FDB-D78B-DDA4-7A75-3244480E667A">
<sourceConnName>deepthought</sourceConnName>
<sourceObjSchema>BCHS</sourceObjSchema>
<sourceObjName>BCHCUSDEC003</sourceObjName>
<createdBy>calittle</createdBy>
<createdTime>2019-04-17 17:26:31 UTC</createdTime>
<commentInRDBMS>A custom decimal column.</commentInRDBMS>
<ownerDesignName>ODEE_1262_Design</ownerDesignName>
<nullsAllowed>true</nullsAllowed>
<useDomainConstraints>false</useDomainConstraints>
<use>1</use>
<logicalDatatype>LOGDT019</logicalDatatype>
<dataTypePrecision>19</dataTypePrecision>
<dataTypeScale>4</dataTypeScale>
<autoIncrementCycle>false</autoIncrementCycle>
</Column>
<Column name="BCHCUSDEC004" id="C7E5A556-8CDD-6B64-3DDC-42F37935A546">
<sourceConnName>deepthought</sourceConnName>
<sourceObjSchema>BCHS</sourceObjSchema>
<sourceObjName>BCHCUSDEC004</sourceObjName>
<createdBy>calittle</createdBy>
<createdTime>2019-04-17 17:26:31 UTC</createdTime>
<commentInRDBMS>A custom decimal column.</commentInRDBMS>
<ownerDesignName>ODEE_1262_Design</ownerDesignName>
<nullsAllowed>true</nullsAllowed>
<useDomainConstraints>false</useDomainConstraints>
<use>1</use>
<logicalDatatype>LOGDT019</logicalDatatype>
<dataTypePrecision>19</dataTypePrecision>
<dataTypeScale>4</dataTypeScale>
<autoIncrementCycle>false</autoIncrementCycle>
</Column>
<Column name="BCHCUSDEC005" id="0FE5C9D7-657A-2FFA-139C-3D4666B5093E">
<sourceConnName>deepthought</sourceConnName>
<sourceObjSchema>BCHS</sourceObjSchema>
<sourceObjName>BCHCUSDEC005</sourceObjName>
<createdBy>calittle</createdBy>
<createdTime>2019-04-17 17:26:31 UTC</createdTime>
<commentInRDBMS>A custom decimal column.</commentInRDBMS>
<ownerDesignName>ODEE_1262_Design</ownerDesignName>
<nullsAllowed>true</nullsAllowed>
<useDomainConstraints>false</useDomainConstraints>
<use>1</use>
<logicalDatatype>LOGDT019</logicalDatatype>
<dataTypePrecision>19</dataTypePrecision>
<dataTypeScale>4</dataTypeScale>
<autoIncrementCycle>false</autoIncrementCycle>
</Column>
<Column name="BCHCUSINT001" id="A9BD3DCB-EC64-3091-A1EB-FD6E73B61156">
<sourceConnName>deepthought</sourceConnName>
<sourceObjSchema>BCHS</sourceObjSchema>
<sourceObjName>BCHCUSINT001</sourceObjName>
<createdBy>calittle</createdBy>
<createdTime>2019-04-17 17:26:31 UTC</createdTime>
<commentInRDBMS>A custom signed integer column..</commentInRDBMS>
<ownerDesignName>ODEE_1262_Design</ownerDesignName>
<nullsAllowed>true</nullsAllowed>
<useDomainConstraints>false</useDomainConstraints>
<use>1</use>
<logicalDatatype>LOGDT019</logicalDatatype>
<dataTypePrecision>20</dataTypePrecision>
<autoIncrementCycle>false</autoIncrementCycle>
</Column>
<Column name="BCHCUSINT002" id="30A8261A-D495-33F4-95E6-8841C837C92E">
<sourceConnName>deepthought</sourceConnName>
<sourceObjSchema>BCHS</sourceObjSchema>
<sourceObjName>BCHCUSINT002</sourceObjName>
<createdBy>calittle</createdBy>
<createdTime>2019-04-17 17:26:31 UTC</createdTime>
<commentInRDBMS>A custom signed integer column..</commentInRDBMS>
<ownerDesignName>ODEE_1262_Design</ownerDesignName>
<nullsAllowed>true</nullsAllowed>
<useDomainConstraints>false</useDomainConstraints>
<use>1</use>
<logicalDatatype>LOGDT019</logicalDatatype>
<dataTypePrecision>20</dataTypePrecision>
<autoIncrementCycle>false</autoIncrementCycle>
</Column>
<Column name="BCHCUSINT003" id="1EE883CD-F286-D0F6-7CE4-E56DF4058700">
<sourceConnName>deepthought</sourceConnName>
<sourceObjSchema>BCHS</sourceObjSchema>
<sourceObjName>BCHCUSINT003</sourceObjName>
<createdBy>calittle</createdBy>
<createdTime>2019-04-17 17:26:31 UTC</createdTime>
<commentInRDBMS>A custom signed integer column..</commentInRDBMS>
<ownerDesignName>ODEE_1262_Design</ownerDesignName>
<nullsAllowed>true</nullsAllowed>
<useDomainConstraints>false</useDomainConstraints>
<use>1</use>
<logicalDatatype>LOGDT019</logicalDatatype>
<dataTypePrecision>20</dataTypePrecision>
<autoIncrementCycle>false</autoIncrementCycle>
</Column>
<Column name="BCHCUSINT004" id="ED65BE5E-0E95-F3E1-B381-8E2DD2267780">
<sourceConnName>deepthought</sourceConnName>
<sourceObjSchema>BCHS</sourceObjSchema>
<sourceObjName>BCHCUSINT004</sourceObjName>
<createdBy>calittle</createdBy>
<createdTime>2019-04-17 17:26:31 UTC</createdTime>
<commentInRDBMS>A custom signed integer column..</commentInRDBMS>
<ownerDesignName>ODEE_1262_Design</ownerDesignName>
<nullsAllowed>true</nullsAllowed>
<useDomainConstraints>false</useDomainConstraints>
<use>1</use>
<logicalDatatype>LOGDT019</logicalDatatype>
<dataTypePrecision>20</dataTypePrecision>
<autoIncrementCycle>false</autoIncrementCycle>
</Column>
<Column name="BCHCUSINT005" id="06F8852C-3474-AEEF-75DF-65BBE47AA808">
<sourceConnName>deepthought</sourceConnName>
<sourceObjSchema>BCHS</sourceObjSchema>
<sourceObjName>BCHCUSINT005</sourceObjName>
<createdBy>calittle</createdBy>
<createdTime>2019-04-17 17:26:31 UTC</createdTime>
<commentInRDBMS>A custom signed integer column..</commentInRDBMS>
<ownerDesignName>ODEE_1262_Design</ownerDesignName>
<nullsAllowed>true</nullsAllowed>
<useDomainConstraints>false</useDomainConstraints>
<use>1</use>
<logicalDatatype>LOGDT019</logicalDatatype>
<dataTypePrecision>20</dataTypePrecision>
<autoIncrementCycle>false</autoIncrementCycle>
</Column>
<Column name="BCHCUSSTR001" id="1441802E-D652-4DE3-7B20-729D4657E8CE">
<sourceConnName>deepthought</sourceConnName>
<sourceObjSchema>BCHS</sourceObjSchema>
<sourceObjName>BCHCUSSTR001</sourceObjName>
<createdBy>calittle</createdBy>
<createdTime>2019-04-17 17:26:31 UTC</createdTime>
<commentInRDBMS>A custom string column.. </commentInRDBMS>
<ownerDesignName>ODEE_1262_Design</ownerDesignName>
<nullsAllowed>true</nullsAllowed>
<useDomainConstraints>false</useDomainConstraints>
<use>1</use>
<logicalDatatype>LOGDT037</logicalDatatype>
<dataTypeSize>256</dataTypeSize>
<autoIncrementCycle>false</autoIncrementCycle>
</Column>
<Column name="BCHCUSSTR002" id="63ED296F-4D0E-3348-31AD-A0E050CAD93C">
<sourceConnName>deepthought</sourceConnName>
<sourceObjSchema>BCHS</sourceObjSchema>
<sourceObjName>BCHCUSSTR002</sourceObjName>
<createdBy>calittle</createdBy>
<createdTime>2019-04-17 17:26:31 UTC</createdTime>
<commentInRDBMS>A custom string column.. </commentInRDBMS>
<ownerDesignName>ODEE_1262_Design</ownerDesignName>
<nullsAllowed>true</nullsAllowed>
<useDomainConstraints>false</useDomainConstraints>
<use>1</use>
<logicalDatatype>LOGDT037</logicalDatatype>
<dataTypeSize>256</dataTypeSize>
<autoIncrementCycle>false</autoIncrementCycle>
</Column>
<Column name="BCHCUSSTR003" id="CB79F983-1F32-B2F3-1A47-062EF058DF8E">
<sourceConnName>deepthought</sourceConnName>
<sourceObjSchema>BCHS</sourceObjSchema>
<sourceObjName>BCHCUSSTR003</sourceObjName>
<createdBy>calittle</createdBy>
<createdTime>2019-04-17 17:26:31 UTC</createdTime>
<commentInRDBMS>A custom string column.. </commentInRDBMS>
<ownerDesignName>ODEE_1262_Design</ownerDesignName>
<nullsAllowed>true</nullsAllowed>
<useDomainConstraints>false</useDomainConstraints>
<use>1</use>
<logicalDatatype>LOGDT037</logicalDatatype>
<dataTypeSize>256</dataTypeSize>
<autoIncrementCycle>false</autoIncrementCycle>
</Column>
<Column name="BCHCUSSTR004" id="4ABF72C3-81CF-E040-40E9-677134B7C1FA">
<sourceConnName>deepthought</sourceConnName>
<sourceObjSchema>BCHS</sourceObjSchema>
<sourceObjName>BCHCUSSTR004</sourceObjName>
<createdBy>calittle</createdBy>
<createdTime>2019-04-17 17:26:31 UTC</createdTime>
<commentInRDBMS>A custom string column.. </commentInRDBMS>
<ownerDesignName>ODEE_1262_Design</ownerDesignName>
<nullsAllowed>true</nullsAllowed>
<useDomainConstraints>false</useDomainConstraints>
<use>1</use>
<logicalDatatype>LOGDT037</logicalDatatype>
<dataTypeSize>256</dataTypeSize>
<autoIncrementCycle>false</autoIncrementCycle>
</Column>
<Column name="BCHCUSSTR005" id="64302A24-3653-6597-5384-2F99CBB173C1">
<sourceConnName>deepthought</sourceConnName>
<sourceObjSchema>BCHS</sourceObjSchema>
<sourceObjName>BCHCUSSTR005</sourceObjName>
<createdBy>calittle</createdBy>
<createdTime>2019-04-17 17:26:31 UTC</createdTime>
<commentInRDBMS>A custom string column.. </commentInRDBMS>
<ownerDesignName>ODEE_1262_Design</ownerDesignName>
<nullsAllowed>true</nullsAllowed>
<useDomainConstraints>false</useDomainConstraints>
<use>1</use>
<logicalDatatype>LOGDT037</logicalDatatype>
<dataTypeSize>256</dataTypeSize>
<autoIncrementCycle>false</autoIncrementCycle>
</Column>
<Column name="BCHCUSSTR006" id="9F7F0056-4C7B-B60E-E697-C96C7FC2F062">
<sourceConnName>deepthought</sourceConnName>
<sourceObjSchema>BCHS</sourceObjSchema>
<sourceObjName>BCHCUSSTR006</sourceObjName>
<createdBy>calittle</createdBy>
<createdTime>2019-04-17 17:26:31 UTC</createdTime>
<commentInRDBMS>A custom string column.. </commentInRDBMS>
<ownerDesignName>ODEE_1262_Design</ownerDesignName>
<nullsAllowed>true</nullsAllowed>
<useDomainConstraints>false</useDomainConstraints>
<use>1</use>
<logicalDatatype>LOGDT037</logicalDatatype>
<dataTypeSize>256</dataTypeSize>
<autoIncrementCycle>false</autoIncrementCycle>
</Column>
<Column name="BCHCUSSTR007" id="1470D58F-057B-5E99-CF52-EBB781EA8036">
<sourceConnName>deepthought</sourceConnName>
<sourceObjSchema>BCHS</sourceObjSchema>
<sourceObjName>BCHCUSSTR007</sourceObjName>
<createdBy>calittle</createdBy>
<createdTime>2019-04-17 17:26:31 UTC</createdTime>
<commentInRDBMS>A custom string column.. </commentInRDBMS>
<ownerDesignName>ODEE_1262_Design</ownerDesignName>
<nullsAllowed>true</nullsAllowed>
<useDomainConstraints>false</useDomainConstraints>
<use>1</use>
<logicalDatatype>LOGDT037</logicalDatatype>
<dataTypeSize>256</dataTypeSize>
<autoIncrementCycle>false</autoIncrementCycle>
</Column>
<Column name="BCHCUSSTR008" id="492F3141-267A-2FE8-5973-863D681667D6">
<sourceConnName>deepthought</sourceConnName>
<sourceObjSchema>BCHS</sourceObjSchema>
<sourceObjName>BCHCUSSTR008</sourceObjName>
<createdBy>calittle</createdBy>
<createdTime>2019-04-17 17:26:31 UTC</createdTime>
<commentInRDBMS>A custom string column.. </commentInRDBMS>
<ownerDesignName>ODEE_1262_Design</ownerDesignName>
<nullsAllowed>true</nullsAllowed>
<useDomainConstraints>false</useDomainConstraints>
<use>1</use>
<logicalDatatype>LOGDT037</logicalDatatype>
<dataTypeSize>256</dataTypeSize>
<autoIncrementCycle>false</autoIncrementCycle>
</Column>
<Column name="BCHCUSSTR009" id="5DD2EE9B-56CF-3C88-BF9F-4323AD0A4204">
<sourceConnName>deepthought</sourceConnName>
<sourceObjSchema>BCHS</sourceObjSchema>
<sourceObjName>BCHCUSSTR009</sourceObjName>
<createdBy>calittle</createdBy>
<createdTime>2019-04-17 17:26:31 UTC</createdTime>
<commentInRDBMS>A custom string column.. </commentInRDBMS>
<ownerDesignName>ODEE_1262_Design</ownerDesignName>
<nullsAllowed>true</nullsAllowed>
<useDomainConstraints>false</useDomainConstraints>
<use>1</use>
<logicalDatatype>LOGDT037</logicalDatatype>
<dataTypeSize>256</dataTypeSize>
<autoIncrementCycle>false</autoIncrementCycle>
</Column>
<Column name="BCHCUSSTR010" id="CC5EE3BD-FC8D-81B8-4202-2EFFBB319D80">
<sourceConnName>deepthought</sourceConnName>
<sourceObjSchema>BCHS</sourceObjSchema>
<sourceObjName>BCHCUSSTR010</sourceObjName>
<createdBy>calittle</createdBy>
<createdTime>2019-04-17 17:26:31 UTC</createdTime>
<commentInRDBMS>A custom string column.. </commentInRDBMS>
<ownerDesignName>ODEE_1262_Design</ownerDesignName>
<nullsAllowed>true</nullsAllowed>
<useDomainConstraints>false</useDomainConstraints>
<use>1</use>
<logicalDatatype>LOGDT037</logicalDatatype>
<dataTypeSize>256</dataTypeSize>
<autoIncrementCycle>false</autoIncrementCycle>
</Column>
<Column name="BCHRETENTION" id="799F5BBA-6F56-E9BB-A3DE-0A9531A1E408">
<sourceConnName>deepthought</sourceConnName>
<sourceObjSchema>BCHS</sourceObjSchema>
<sourceObjName>BCHRETENTION</sourceObjName>
<createdBy>calittle</createdBy>
<createdTime>2019-04-17 17:26:31 UTC</createdTime>
<commentInRDBMS>Date and time of the retention removal.</commentInRDBMS>
<ownerDesignName>ODEE_1262_Design</ownerDesignName>
<nullsAllowed>true</nullsAllowed>
<useDomainConstraints>false</useDomainConstraints>
<use>1</use>
<logicalDatatype>LOGDT015</logicalDatatype>
<dataTypePrecision>6</dataTypePrecision>
<autoIncrementCycle>false</autoIncrementCycle>
</Column>
<Column name="BCHRETHOLD" id="42AAECF6-8F27-692A-0B02-3759B8FAFCF5">
<sourceConnName>deepthought</sourceConnName>
<sourceObjSchema>BCHS</sourceObjSchema>
<sourceObjName>BCHRETHOLD</sourceObjName>
<createdBy>calittle</createdBy>
<createdTime>2019-04-17 17:26:31 UTC</createdTime>
<commentInRDBMS>Boolean for overriding retention date removal.</commentInRDBMS>
<ownerDesignName>ODEE_1262_Design</ownerDesignName>
<nullsAllowed>true</nullsAllowed>
<useDomainConstraints>false</useDomainConstraints>
<use>1</use>
<logicalDatatype>LOGDT019</logicalDatatype>
<dataTypePrecision>5</dataTypePrecision>
<defaultValue>0</defaultValue>
<autoIncrementCycle>false</autoIncrementCycle>
</Column>
<Column name="BCHHISTORY" id="0FCCE689-A11C-3BED-B876-514BCFB3D318">
<sourceConnName>deepthought</sourceConnName>
<sourceObjSchema>BCHS</sourceObjSchema>
<sourceObjName>BCHHISTORY</sourceObjName>
<createdBy>calittle</createdBy>
<createdTime>2019-04-17 17:26:31 UTC</createdTime>
<commentInRDBMS>1 True by default.&lt;br/&gt;Indicates if the bchs row data is to be copied to history table upon deletion.</commentInRDBMS>
<ownerDesignName>ODEE_1262_Design</ownerDesignName>
<nullsAllowed>true</nullsAllowed>
<useDomainConstraints>false</useDomainConstraints>
<use>1</use>
<logicalDatatype>LOGDT019</logicalDatatype>
<dataTypePrecision>5</dataTypePrecision>
<defaultValue>1</defaultValue>
<autoIncrementCycle>false</autoIncrementCycle>
</Column>
<Column name="BCHHISTORICAL" id="FA68C41A-CBB8-8E1D-99EC-34A380110F88">
<sourceConnName>deepthought</sourceConnName>
<sourceObjSchema>BCHS</sourceObjSchema>
<sourceObjName>BCHHISTORICAL</sourceObjName>
<createdBy>calittle</createdBy>
<createdTime>2019-04-17 17:26:31 UTC</createdTime>
<commentInRDBMS>Indicator that BCH is in the HISTORY table.&lt;br/&gt;Defaults to FALSE (0) and when inserted into the BCHSHIST defaults to&lt;br/&gt;TRUE (1).  Must be reset to FALSE (0) if data is taken from thei History&lt;br/&gt;and reprocessed in the active tables. </commentInRDBMS>
<ownerDesignName>ODEE_1262_Design</ownerDesignName>
<nullsAllowed>true</nullsAllowed>
<useDomainConstraints>false</useDomainConstraints>
<use>1</use>
<logicalDatatype>LOGDT019</logicalDatatype>
<dataTypePrecision>5</dataTypePrecision>
<defaultValue>0</defaultValue>
<autoIncrementCycle>false</autoIncrementCycle>
</Column>
</columns>
<indexes itemClass="oracle.dbtools.crest.model.design.relational.Index">
<ind_PK_UK id="86FA3A13-35C8-4389-7F48-01DF3F3AC1AA" name="BCHS_PK">
<sourceConnName>deepthought</sourceConnName>
<sourceObjSchema>DMKR_ASLINE</sourceObjSchema>
<sourceObjName>BCHS_PK</sourceObjName>
<createdBy>calittle</createdBy>
<createdTime>2019-04-17 17:26:50 UTC</createdTime>
<ownerDesignName>ODEE_1262_Design</ownerDesignName>
<pk>true</pk>
<indexState>Primary Constraint</indexState>
<isSurrogateKey>false</isSurrogateKey>
<indexColumnUsage>
<colUsage columnID="A5C07B4A-9D75-9F8C-0D68-1E4FE4AB4B26"/>
</indexColumnUsage>
</ind_PK_UK>
<ind_PK_UK id="B3EB7CD8-15B5-A961-A889-404E8052FE08" name="BCHS_UNIQUE_ID">
<sourceConnName>deepthought</sourceConnName>
<sourceObjSchema>DMKR_ASLINE</sourceObjSchema>
<sourceObjName>BCHS_UNIQUE_ID</sourceObjName>
<createdBy>calittle</createdBy>
<createdTime>2019-04-17 17:26:50 UTC</createdTime>
<ownerDesignName>ODEE_1262_Design</ownerDesignName>
<indexState>Unique Constraint</indexState>
<isSurrogateKey>false</isSurrogateKey>
<indexColumnUsage>
<colUsage columnID="58DC8257-31F1-6EEE-364B-D00CF359FCE9"/>
</indexColumnUsage>
</ind_PK_UK>
<ind_PK_UK id="20AEF6B4-74B2-68E3-278E-FC47012AAE59" name="BCHS_STATSTARTING">
<sourceConnName>deepthought</sourceConnName>
<sourceObjSchema>DMKR_ASLINE</sourceObjSchema>
<sourceObjName>BCHS_STATSTARTING</sourceObjName>
<createdBy>calittle</createdBy>
<createdTime>2019-04-17 17:26:48 UTC</createdTime>
<ownerDesignName>ODEE_1262_Design</ownerDesignName>
<schemaObject>8FC895A7-E0A2-11C9-AE90-BEF4CA704C97</schemaObject>
<isSurrogateKey>false</isSurrogateKey>
<indexColumnUsage>
<colUsage columnID="A8978DD7-B5B8-DA71-18BB-7995DBE7C8BC"/>
<colUsage columnID="72BC30C6-49FE-E7C0-0FF6-450AAA161788"/>
</indexColumnUsage>
</ind_PK_UK>
<ind_PK_UK id="4BC7877D-BD0B-03EB-D9D2-4EBBBD68D449" name="BCHS_STATUS">
<sourceConnName>deepthought</sourceConnName>
<sourceObjSchema>DMKR_ASLINE</sourceObjSchema>
<sourceObjName>BCHS_STATUS</sourceObjName>
<createdBy>calittle</createdBy>
<createdTime>2019-04-17 17:26:48 UTC</createdTime>
<ownerDesignName>ODEE_1262_Design</ownerDesignName>
<schemaObject>8FC895A7-E0A2-11C9-AE90-BEF4CA704C97</schemaObject>
<isSurrogateKey>false</isSurrogateKey>
<indexColumnUsage>
<colUsage columnID="A8978DD7-B5B8-DA71-18BB-7995DBE7C8BC"/>
</indexColumnUsage>
</ind_PK_UK>
<ind_PK_UK id="D377FF38-2CD7-1B80-77A7-866C4905E132" name="BCHS_NAME">
<sourceConnName>deepthought</sourceConnName>
<sourceObjSchema>DMKR_ASLINE</sourceObjSchema>
<sourceObjName>BCHS_NAME</sourceObjName>
<createdBy>calittle</createdBy>
<createdTime>2019-04-17 17:26:48 UTC</createdTime>
<ownerDesignName>ODEE_1262_Design</ownerDesignName>
<schemaObject>8FC895A7-E0A2-11C9-AE90-BEF4CA704C97</schemaObject>
<isSurrogateKey>false</isSurrogateKey>
<indexColumnUsage>
<colUsage columnID="19F35746-7E21-6046-D933-5B0AC23249E0"/>
</indexColumnUsage>
</ind_PK_UK>
<ind_PK_UK id="7399CB9D-B3BE-05E6-34F6-E89158536ACA" name="BCHS_TYPE">
<sourceConnName>deepthought</sourceConnName>
<sourceObjSchema>DMKR_ASLINE</sourceObjSchema>
<sourceObjName>BCHS_TYPE</sourceObjName>
<createdBy>calittle</createdBy>
<createdTime>2019-04-17 17:26:48 UTC</createdTime>
<ownerDesignName>ODEE_1262_Design</ownerDesignName>
<schemaObject>8FC895A7-E0A2-11C9-AE90-BEF4CA704C97</schemaObject>
<isSurrogateKey>false</isSurrogateKey>
<indexColumnUsage>
<colUsage columnID="DB89F63B-3280-F22F-B0E8-20384FCE493F"/>
</indexColumnUsage>
</ind_PK_UK>
<ind_PK_UK id="19AB2B71-DD63-9D2A-B11D-F2E4961F0204" name="BCHS_STAT_MT_BT">
<sourceConnName>deepthought</sourceConnName>
<sourceObjSchema>DMKR_ASLINE</sourceObjSchema>
<sourceObjName>BCHS_STAT_MT_BT</sourceObjName>
<createdBy>calittle</createdBy>
<createdTime>2019-04-17 17:26:48 UTC</createdTime>
<ownerDesignName>ODEE_1262_Design</ownerDesignName>
<schemaObject>8FC895A7-E0A2-11C9-AE90-BEF4CA704C97</schemaObject>
<isSurrogateKey>false</isSurrogateKey>
<indexColumnUsage>
<colUsage columnID="A8978DD7-B5B8-DA71-18BB-7995DBE7C8BC"/>
<colUsage columnID="355C2E6A-71DD-C626-BD4B-6AB1BE84883B"/>
<colUsage columnID="DB89F63B-3280-F22F-B0E8-20384FCE493F"/>
</indexColumnUsage>
</ind_PK_UK>
<ind_PK_UK id="975DB407-259C-ED87-0C0D-46379CF80F4B" name="BCHS_PK">
<sourceConnName>deepthought</sourceConnName>
<sourceObjSchema>DMKR_ASLINE</sourceObjSchema>
<sourceObjName>BCHS_PK</sourceObjName>
<createdBy>calittle</createdBy>
<createdTime>2019-04-17 17:26:48 UTC</createdTime>
<ownerDesignName>ODEE_1262_Design</ownerDesignName>
<indexState>Unique Plain Index</indexState>
<schemaObject>8FC895A7-E0A2-11C9-AE90-BEF4CA704C97</schemaObject>
<isSurrogateKey>false</isSurrogateKey>
<indexColumnUsage>
<colUsage columnID="A5C07B4A-9D75-9F8C-0D68-1E4FE4AB4B26"/>
</indexColumnUsage>
</ind_PK_UK>
<ind_PK_UK id="23101B5A-C89B-6985-EC66-0917C8DDE29B" name="BCHS_UNIQUE_ID">
<sourceConnName>deepthought</sourceConnName>
<sourceObjSchema>DMKR_ASLINE</sourceObjSchema>
<sourceObjName>BCHS_UNIQUE_ID</sourceObjName>
<createdBy>calittle</createdBy>
<createdTime>2019-04-17 17:26:48 UTC</createdTime>
<ownerDesignName>ODEE_1262_Design</ownerDesignName>
<indexState>Unique Plain Index</indexState>
<schemaObject>8FC895A7-E0A2-11C9-AE90-BEF4CA704C97</schemaObject>
<isSurrogateKey>false</isSurrogateKey>
<indexColumnUsage>
<colUsage columnID="58DC8257-31F1-6EEE-364B-D00CF359FCE9"/>
</indexColumnUsage>
</ind_PK_UK>
</indexes>
</Table>