<?xml version = '1.0' encoding = 'UTF-8'?>
<Table class="oracle.dbtools.crest.model.design.relational.Table" directorySegmentName="seg_0" id="6BE2BE80-18EA-91AA-225B-0A0659653ECC" name="DMKR_ABILITYTYPES">
<sourceConnName>deepthought</sourceConnName>
<sourceObjSchema>DMKR_ADMIN</sourceObjSchema>
<sourceObjName>DMKR_ABILITYTYPES</sourceObjName>
<createdBy>calittle</createdBy>
<createdTime>2019-04-17 17:25:03 UTC</createdTime>
<ownerDesignName>ODEE_1262_Design</ownerDesignName>
<schemaObject>0323F05B-A91A-E5F5-C386-B3516E1DFCEB</schemaObject>
<allowColumnReorder>false</allowColumnReorder>
<existDependencyGenerateInDDl>true</existDependencyGenerateInDDl>
<columns itemClass="oracle.dbtools.crest.model.design.relational.Column">
<Column name="ID" id="E280FD8F-A20D-6A97-39E5-3A75AB217FCE">
<sourceConnName>deepthought</sourceConnName>
<sourceObjSchema>DMKR_ABILITYTYPES</sourceObjSchema>
<sourceObjName>ID</sourceObjName>
<createdBy>calittle</createdBy>
<createdTime>2019-04-17 17:26:23 UTC</createdTime>
<ownerDesignName>ODEE_1262_Design</ownerDesignName>
<useDomainConstraints>false</useDomainConstraints>
<use>1</use>
<logicalDatatype>LOGDT019</logicalDatatype>
<dataTypePrecision>38</dataTypePrecision>
<autoIncrementCycle>false</autoIncrementCycle>
</Column>
<Column name="NAME" id="FDFDC5DD-FDB4-E116-9687-92B7124B3744">
<sourceConnName>deepthought</sourceConnName>
<sourceObjSchema>DMKR_ABILITYTYPES</sourceObjSchema>
<sourceObjName>NAME</sourceObjName>
<createdBy>calittle</createdBy>
<createdTime>2019-04-17 17:26:23 UTC</createdTime>
<ownerDesignName>ODEE_1262_Design</ownerDesignName>
<useDomainConstraints>false</useDomainConstraints>
<use>1</use>
<logicalDatatype>LOGDT037</logicalDatatype>
<dataTypeSize>256</dataTypeSize>
<autoIncrementCycle>false</autoIncrementCycle>
</Column>
<Column name="DESCRIPTION" id="C728395F-31FF-2754-65D4-6A93AC8147C6">
<sourceConnName>deepthought</sourceConnName>
<sourceObjSchema>DMKR_ABILITYTYPES</sourceObjSchema>
<sourceObjName>DESCRIPTION</sourceObjName>
<createdBy>calittle</createdBy>
<createdTime>2019-04-17 17:26:23 UTC</createdTime>
<ownerDesignName>ODEE_1262_Design</ownerDesignName>
<useDomainConstraints>false</useDomainConstraints>
<use>1</use>
<logicalDatatype>LOGDT037</logicalDatatype>
<dataTypeSize>2000</dataTypeSize>
<autoIncrementCycle>false</autoIncrementCycle>
</Column>
</columns>
<indexes itemClass="oracle.dbtools.crest.model.design.relational.Index">
<ind_PK_UK id="3C7573BF-5986-B4D8-70FC-AF82D94C2454" name="DMKR_ABILITYTYPES_PK">
<sourceConnName>deepthought</sourceConnName>
<sourceObjSchema>DMKR_ADMIN</sourceObjSchema>
<sourceObjName>DMKR_ABILITYTYPES_PK</sourceObjName>
<createdBy>calittle</createdBy>
<createdTime>2019-04-17 17:26:50 UTC</createdTime>
<ownerDesignName>ODEE_1262_Design</ownerDesignName>
<pk>true</pk>
<indexState>Primary Constraint</indexState>
<isSurrogateKey>false</isSurrogateKey>
<indexColumnUsage>
<colUsage columnID="E280FD8F-A20D-6A97-39E5-3A75AB217FCE"/>
</indexColumnUsage>
</ind_PK_UK>
<ind_PK_UK id="04AF62D3-DAD1-A37A-F1E3-177546B903AE" name="DMKR_ABILITYTYPES_PK">
<sourceConnName>deepthought</sourceConnName>
<sourceObjSchema>DMKR_ADMIN</sourceObjSchema>
<sourceObjName>DMKR_ABILITYTYPES_PK</sourceObjName>
<createdBy>calittle</createdBy>
<createdTime>2019-04-17 17:26:48 UTC</createdTime>
<ownerDesignName>ODEE_1262_Design</ownerDesignName>
<indexState>Unique Plain Index</indexState>
<schemaObject>0323F05B-A91A-E5F5-C386-B3516E1DFCEB</schemaObject>
<isSurrogateKey>false</isSurrogateKey>
<indexColumnUsage>
<colUsage columnID="E280FD8F-A20D-6A97-39E5-3A75AB217FCE"/>
</indexColumnUsage>
</ind_PK_UK>
</indexes>
</Table>