<?xml version = '1.0' encoding = 'UTF-8'?>
<Table class="oracle.dbtools.crest.model.design.relational.Table" directorySegmentName="seg_0" id="6C2ACDBB-67F3-E2EC-C01E-ED2FDF35F807" name="DMKR_ENTITY_PREFS">
<sourceConnName>deepthought</sourceConnName>
<sourceObjSchema>DMKR_ADMIN</sourceObjSchema>
<sourceObjName>DMKR_ENTITY_PREFS</sourceObjName>
<createdBy>calittle</createdBy>
<createdTime>2019-04-17 17:25:11 UTC</createdTime>
<ownerDesignName>ODEE_1262_Design</ownerDesignName>
<schemaObject>0323F05B-A91A-E5F5-C386-B3516E1DFCEB</schemaObject>
<allowColumnReorder>false</allowColumnReorder>
<existDependencyGenerateInDDl>true</existDependencyGenerateInDDl>
<columns itemClass="oracle.dbtools.crest.model.design.relational.Column">
<Column name="SYS_ID" id="09A090EA-BF69-D887-FF01-A9800ECCB3EE">
<sourceConnName>deepthought</sourceConnName>
<sourceObjSchema>DMKR_ENTITY_PREFS</sourceObjSchema>
<sourceObjName>SYS_ID</sourceObjName>
<createdBy>calittle</createdBy>
<createdTime>2019-04-17 17:26:25 UTC</createdTime>
<ownerDesignName>ODEE_1262_Design</ownerDesignName>
<useDomainConstraints>false</useDomainConstraints>
<use>1</use>
<logicalDatatype>LOGDT019</logicalDatatype>
<dataTypePrecision>38</dataTypePrecision>
<autoIncrementCycle>false</autoIncrementCycle>
</Column>
<Column name="AL_ID" id="20A824EF-A5E6-1AAA-D905-85E302CAE991">
<sourceConnName>deepthought</sourceConnName>
<sourceObjSchema>DMKR_ENTITY_PREFS</sourceObjSchema>
<sourceObjName>AL_ID</sourceObjName>
<createdBy>calittle</createdBy>
<createdTime>2019-04-17 17:26:25 UTC</createdTime>
<ownerDesignName>ODEE_1262_Design</ownerDesignName>
<useDomainConstraints>false</useDomainConstraints>
<use>1</use>
<logicalDatatype>LOGDT019</logicalDatatype>
<dataTypePrecision>38</dataTypePrecision>
<autoIncrementCycle>false</autoIncrementCycle>
</Column>
<Column name="APP_ID" id="9F99EA34-44A8-D1FC-C22B-58BD373997F4">
<sourceConnName>deepthought</sourceConnName>
<sourceObjSchema>DMKR_ENTITY_PREFS</sourceObjSchema>
<sourceObjName>APP_ID</sourceObjName>
<createdBy>calittle</createdBy>
<createdTime>2019-04-17 17:26:25 UTC</createdTime>
<ownerDesignName>ODEE_1262_Design</ownerDesignName>
<useDomainConstraints>false</useDomainConstraints>
<use>1</use>
<logicalDatatype>LOGDT019</logicalDatatype>
<dataTypePrecision>38</dataTypePrecision>
<autoIncrementCycle>false</autoIncrementCycle>
</Column>
<Column name="ENT_ID" id="80FACA0F-112A-A2D1-EBB4-B36D0B8B7325">
<sourceConnName>deepthought</sourceConnName>
<sourceObjSchema>DMKR_ENTITY_PREFS</sourceObjSchema>
<sourceObjName>ENT_ID</sourceObjName>
<createdBy>calittle</createdBy>
<createdTime>2019-04-17 17:26:25 UTC</createdTime>
<ownerDesignName>ODEE_1262_Design</ownerDesignName>
<useDomainConstraints>false</useDomainConstraints>
<use>1</use>
<logicalDatatype>LOGDT019</logicalDatatype>
<dataTypePrecision>38</dataTypePrecision>
<autoIncrementCycle>false</autoIncrementCycle>
</Column>
<Column name="ENTPROP" id="C7886529-4CA9-B634-DD09-BAE7E1844BC3">
<sourceConnName>deepthought</sourceConnName>
<sourceObjSchema>DMKR_ENTITY_PREFS</sourceObjSchema>
<sourceObjName>ENTPROP</sourceObjName>
<createdBy>calittle</createdBy>
<createdTime>2019-04-17 17:26:25 UTC</createdTime>
<ownerDesignName>ODEE_1262_Design</ownerDesignName>
<useDomainConstraints>false</useDomainConstraints>
<use>1</use>
<logicalDatatype>LOGDT037</logicalDatatype>
<dataTypeSize>256</dataTypeSize>
<autoIncrementCycle>false</autoIncrementCycle>
</Column>
<Column name="ENTVALUE" id="FC7E0C32-9E7F-DAC9-B1F8-73BD34FE7DD9">
<sourceConnName>deepthought</sourceConnName>
<sourceObjSchema>DMKR_ENTITY_PREFS</sourceObjSchema>
<sourceObjName>ENTVALUE</sourceObjName>
<createdBy>calittle</createdBy>
<createdTime>2019-04-17 17:26:25 UTC</createdTime>
<ownerDesignName>ODEE_1262_Design</ownerDesignName>
<nullsAllowed>true</nullsAllowed>
<useDomainConstraints>false</useDomainConstraints>
<use>1</use>
<logicalDatatype>LOGDT037</logicalDatatype>
<dataTypeSize>1000</dataTypeSize>
<autoIncrementCycle>false</autoIncrementCycle>
</Column>
<Column name="ENTDATAXML" id="35EC6A70-0377-6F72-9C52-17771D450943">
<sourceConnName>deepthought</sourceConnName>
<sourceObjSchema>DMKR_ENTITY_PREFS</sourceObjSchema>
<sourceObjName>ENTDATAXML</sourceObjName>
<createdBy>calittle</createdBy>
<createdTime>2019-04-17 17:26:25 UTC</createdTime>
<ownerDesignName>ODEE_1262_Design</ownerDesignName>
<nullsAllowed>true</nullsAllowed>
<useDomainConstraints>false</useDomainConstraints>
<use>1</use>
<logicalDatatype>LOGDT050</logicalDatatype>
<autoIncrementCycle>false</autoIncrementCycle>
</Column>
<Column name="ENTDATABLOB" id="C55AA7B7-DA29-822D-10D8-ADE69EE7939C">
<sourceConnName>deepthought</sourceConnName>
<sourceObjSchema>DMKR_ENTITY_PREFS</sourceObjSchema>
<sourceObjName>ENTDATABLOB</sourceObjName>
<createdBy>calittle</createdBy>
<createdTime>2019-04-17 17:26:25 UTC</createdTime>
<ownerDesignName>ODEE_1262_Design</ownerDesignName>
<nullsAllowed>true</nullsAllowed>
<useDomainConstraints>false</useDomainConstraints>
<use>1</use>
<logicalDatatype>LOGDT029</logicalDatatype>
<dataTypeSize>4000</dataTypeSize>
<autoIncrementCycle>false</autoIncrementCycle>
</Column>
</columns>
<indexes itemClass="oracle.dbtools.crest.model.design.relational.Index">
<ind_PK_UK id="79989EE5-69E5-5206-B9ED-2079DE54EFFB" name="DMKR_ENTPREFS_PK">
<sourceConnName>deepthought</sourceConnName>
<sourceObjSchema>DMKR_ADMIN</sourceObjSchema>
<sourceObjName>DMKR_ENTPREFS_PK</sourceObjName>
<createdBy>calittle</createdBy>
<createdTime>2019-04-17 17:26:50 UTC</createdTime>
<ownerDesignName>ODEE_1262_Design</ownerDesignName>
<pk>true</pk>
<indexState>Primary Constraint</indexState>
<isSurrogateKey>false</isSurrogateKey>
<indexColumnUsage>
<colUsage columnID="20A824EF-A5E6-1AAA-D905-85E302CAE991"/>
<colUsage columnID="09A090EA-BF69-D887-FF01-A9800ECCB3EE"/>
<colUsage columnID="C7886529-4CA9-B634-DD09-BAE7E1844BC3"/>
<colUsage columnID="80FACA0F-112A-A2D1-EBB4-B36D0B8B7325"/>
<colUsage columnID="9F99EA34-44A8-D1FC-C22B-58BD373997F4"/>
</indexColumnUsage>
</ind_PK_UK>
<ind_PK_UK id="80F8C0AB-4235-9433-D7EC-25C0367B3A50" name="DMKR_ENTPREFS_PK">
<sourceConnName>deepthought</sourceConnName>
<sourceObjSchema>DMKR_ADMIN</sourceObjSchema>
<sourceObjName>DMKR_ENTPREFS_PK</sourceObjName>
<createdBy>calittle</createdBy>
<createdTime>2019-04-17 17:26:48 UTC</createdTime>
<ownerDesignName>ODEE_1262_Design</ownerDesignName>
<indexState>Unique Plain Index</indexState>
<schemaObject>0323F05B-A91A-E5F5-C386-B3516E1DFCEB</schemaObject>
<isSurrogateKey>false</isSurrogateKey>
<indexColumnUsage>
<colUsage columnID="20A824EF-A5E6-1AAA-D905-85E302CAE991"/>
<colUsage columnID="09A090EA-BF69-D887-FF01-A9800ECCB3EE"/>
<colUsage columnID="C7886529-4CA9-B634-DD09-BAE7E1844BC3"/>
<colUsage columnID="80FACA0F-112A-A2D1-EBB4-B36D0B8B7325"/>
<colUsage columnID="9F99EA34-44A8-D1FC-C22B-58BD373997F4"/>
</indexColumnUsage>
</ind_PK_UK>
</indexes>
</Table>