<?xml version = '1.0' encoding = 'UTF-8'?>
<Table class="oracle.dbtools.crest.model.design.relational.Table" directorySegmentName="seg_0" id="6C6D5A07-F481-EA22-6B34-3D2D3778FB85" name="SELECTED_INFO">
<sourceConnName>deepthought</sourceConnName>
<sourceObjSchema>DMKR_ASLINE</sourceObjSchema>
<sourceObjName>SELECTED_INFO</sourceObjName>
<createdBy>calittle</createdBy>
<createdTime>2019-04-17 17:26:10 UTC</createdTime>
<ownerDesignName>ODEE_1262_Design</ownerDesignName>
<schemaObject>8FC895A7-E0A2-11C9-AE90-BEF4CA704C97</schemaObject>
<allowColumnReorder>false</allowColumnReorder>
<existDependencyGenerateInDDl>true</existDependencyGenerateInDDl>
<columns itemClass="oracle.dbtools.crest.model.design.relational.Column">
<Column name="NAME" id="4B7BDF19-CC46-0130-4577-63A243E61FB4">
<sourceConnName>deepthought</sourceConnName>
<sourceObjSchema>SELECTED_INFO</sourceObjSchema>
<sourceObjName>NAME</sourceObjName>
<createdBy>calittle</createdBy>
<createdTime>2019-04-17 17:26:44 UTC</createdTime>
<ownerDesignName>ODEE_1262_Design</ownerDesignName>
<useDomainConstraints>false</useDomainConstraints>
<use>1</use>
<logicalDatatype>LOGDT037</logicalDatatype>
<dataTypeSize>512</dataTypeSize>
<autoIncrementCycle>false</autoIncrementCycle>
</Column>
<Column name="VALUE" id="0BA2333C-B032-625C-38E4-060F13511F3D">
<sourceConnName>deepthought</sourceConnName>
<sourceObjSchema>SELECTED_INFO</sourceObjSchema>
<sourceObjName>VALUE</sourceObjName>
<createdBy>calittle</createdBy>
<createdTime>2019-04-17 17:26:44 UTC</createdTime>
<ownerDesignName>ODEE_1262_Design</ownerDesignName>
<useDomainConstraints>false</useDomainConstraints>
<use>1</use>
<logicalDatatype>LOGDT037</logicalDatatype>
<dataTypeSize>512</dataTypeSize>
<autoIncrementCycle>false</autoIncrementCycle>
</Column>
<Column name="INFOID" id="05A1473E-D4C2-33B6-E822-90C5F923FC73">
<sourceConnName>deepthought</sourceConnName>
<sourceObjSchema>SELECTED_INFO</sourceObjSchema>
<sourceObjName>INFOID</sourceObjName>
<createdBy>calittle</createdBy>
<createdTime>2019-04-17 17:26:44 UTC</createdTime>
<ownerDesignName>ODEE_1262_Design</ownerDesignName>
<useDomainConstraints>false</useDomainConstraints>
<use>1</use>
<logicalDatatype>LOGDT019</logicalDatatype>
<dataTypePrecision>38</dataTypePrecision>
<autoIncrementCycle>false</autoIncrementCycle>
</Column>
<Column name="TID" id="B44EBFE9-C49F-A2B0-0BAD-E8FB0BAF3103">
<sourceConnName>deepthought</sourceConnName>
<sourceObjSchema>SELECTED_INFO</sourceObjSchema>
<sourceObjName>TID</sourceObjName>
<createdBy>calittle</createdBy>
<createdTime>2019-04-17 17:26:44 UTC</createdTime>
<ownerDesignName>ODEE_1262_Design</ownerDesignName>
<useDomainConstraints>false</useDomainConstraints>
<use>1</use>
<logicalDatatype>LOGDT037</logicalDatatype>
<dataTypeSize>80</dataTypeSize>
<delegate>78F585E6-03C1-4FBA-63E2-48F757119354</delegate>
<autoIncrementCycle>false</autoIncrementCycle>
<associations>
<colAssociation fkAssociation="562759C5-5136-BB72-7AED-AC2ABDCDA17A" referredColumn="78F585E6-03C1-4FBA-63E2-48F757119354"/>
</associations>
</Column>
<Column name="ID" id="E9745A69-FBF5-E1A5-557D-FBE6E7E58911">
<sourceConnName>deepthought</sourceConnName>
<sourceObjSchema>SELECTED_INFO</sourceObjSchema>
<sourceObjName>ID</sourceObjName>
<createdBy>calittle</createdBy>
<createdTime>2019-04-17 17:26:44 UTC</createdTime>
<ownerDesignName>ODEE_1262_Design</ownerDesignName>
<useDomainConstraints>false</useDomainConstraints>
<use>1</use>
<logicalDatatype>LOGDT019</logicalDatatype>
<dataTypePrecision>38</dataTypePrecision>
<delegate>73BBF605-EB5E-41F5-98AE-EB105AE54428</delegate>
<autoIncrementCycle>false</autoIncrementCycle>
<associations>
<colAssociation fkAssociation="562759C5-5136-BB72-7AED-AC2ABDCDA17A" referredColumn="73BBF605-EB5E-41F5-98AE-EB105AE54428"/>
</associations>
</Column>
<Column name="CREATION_TIMESTAMP" id="6A51D065-4CAF-C98D-081B-F185F9EF849B">
<sourceConnName>deepthought</sourceConnName>
<sourceObjSchema>SELECTED_INFO</sourceObjSchema>
<sourceObjName>CREATION_TIMESTAMP</sourceObjName>
<createdBy>calittle</createdBy>
<createdTime>2019-04-17 17:26:44 UTC</createdTime>
<ownerDesignName>ODEE_1262_Design</ownerDesignName>
<nullsAllowed>true</nullsAllowed>
<useDomainConstraints>false</useDomainConstraints>
<use>1</use>
<logicalDatatype>LOGDT015</logicalDatatype>
<dataTypePrecision>6</dataTypePrecision>
<autoIncrementCycle>false</autoIncrementCycle>
</Column>
</columns>
<indexes itemClass="oracle.dbtools.crest.model.design.relational.Index">
<ind_PK_UK id="D8087370-3D23-A724-943D-7702CF6A4049" name="PK_SELECTED_INFO">
<sourceConnName>deepthought</sourceConnName>
<sourceObjSchema>DMKR_ASLINE</sourceObjSchema>
<sourceObjName>PK_SELECTED_INFO</sourceObjName>
<createdBy>calittle</createdBy>
<createdTime>2019-04-17 17:26:51 UTC</createdTime>
<ownerDesignName>ODEE_1262_Design</ownerDesignName>
<pk>true</pk>
<indexState>Primary Constraint</indexState>
<isSurrogateKey>false</isSurrogateKey>
<indexColumnUsage>
<colUsage columnID="05A1473E-D4C2-33B6-E822-90C5F923FC73"/>
</indexColumnUsage>
</ind_PK_UK>
<ind_PK_UK id="D887529E-EF81-0685-2D92-D145E9BE0C82" name="PK_SELECTED_INFO">
<sourceConnName>deepthought</sourceConnName>
<sourceObjSchema>DMKR_ASLINE</sourceObjSchema>
<sourceObjName>PK_SELECTED_INFO</sourceObjName>
<createdBy>calittle</createdBy>
<createdTime>2019-04-17 17:26:49 UTC</createdTime>
<ownerDesignName>ODEE_1262_Design</ownerDesignName>
<indexState>Unique Plain Index</indexState>
<schemaObject>8FC895A7-E0A2-11C9-AE90-BEF4CA704C97</schemaObject>
<isSurrogateKey>false</isSurrogateKey>
<indexColumnUsage>
<colUsage columnID="05A1473E-D4C2-33B6-E822-90C5F923FC73"/>
</indexColumnUsage>
</ind_PK_UK>
<ind_PK_UK id="26E2F646-2851-3C6F-0200-DC6AD4020C81" name="ATTACHMENTS_REL1">
<createdBy>calittle</createdBy>
<createdTime>2019-04-17 17:26:52 UTC</createdTime>
<ownerDesignName>ODEE_1262_Design</ownerDesignName>
<indexState>Foreign Key</indexState>
<isSurrogateKey>false</isSurrogateKey>
<indexColumnUsage>
<colUsage columnID="B44EBFE9-C49F-A2B0-0BAD-E8FB0BAF3103"/>
<colUsage columnID="E9745A69-FBF5-E1A5-557D-FBE6E7E58911"/>
</indexColumnUsage>
</ind_PK_UK>
</indexes>
</Table>