<?xml version = '1.0' encoding = 'UTF-8'?>
<Table class="oracle.dbtools.crest.model.design.relational.Table" directorySegmentName="seg_0" id="6D79007F-4E00-DBA5-5789-8BDDE67E9D3F" name="DMRES_DMUSER">
<sourceConnName>deepthought</sourceConnName>
<sourceObjSchema>DMKR_ASLINE</sourceObjSchema>
<sourceObjName>DMRES_DMUSER</sourceObjName>
<createdBy>calittle</createdBy>
<createdTime>2019-04-17 17:25:35 UTC</createdTime>
<ownerDesignName>ODEE_1262_Design</ownerDesignName>
<schemaObject>8FC895A7-E0A2-11C9-AE90-BEF4CA704C97</schemaObject>
<allowColumnReorder>false</allowColumnReorder>
<existDependencyGenerateInDDl>true</existDependencyGenerateInDDl>
<columns itemClass="oracle.dbtools.crest.model.design.relational.Column">
<Column name="ID" id="BE3158D9-17A4-F560-9991-82D45C5DB898">
<sourceConnName>deepthought</sourceConnName>
<sourceObjSchema>DMRES_DMUSER</sourceObjSchema>
<sourceObjName>ID</sourceObjName>
<createdBy>calittle</createdBy>
<createdTime>2019-04-17 17:26:33 UTC</createdTime>
<ownerDesignName>ODEE_1262_Design</ownerDesignName>
<useDomainConstraints>false</useDomainConstraints>
<use>1</use>
<logicalDatatype>LOGDT025</logicalDatatype>
<dataTypeSize>64 BYTE</dataTypeSize>
<autoIncrementCycle>false</autoIncrementCycle>
</Column>
<Column name="NAME" id="512CEB14-3534-BE88-B877-1F523F0C24BB">
<sourceConnName>deepthought</sourceConnName>
<sourceObjSchema>DMRES_DMUSER</sourceObjSchema>
<sourceObjName>NAME</sourceObjName>
<createdBy>calittle</createdBy>
<createdTime>2019-04-17 17:26:33 UTC</createdTime>
<ownerDesignName>ODEE_1262_Design</ownerDesignName>
<nullsAllowed>true</nullsAllowed>
<useDomainConstraints>false</useDomainConstraints>
<use>1</use>
<logicalDatatype>LOGDT025</logicalDatatype>
<dataTypeSize>25 BYTE</dataTypeSize>
<autoIncrementCycle>false</autoIncrementCycle>
</Column>
<Column name="PASSWORD" id="76873DC5-9AF9-2ACC-8578-6CEB35A27953">
<sourceConnName>deepthought</sourceConnName>
<sourceObjSchema>DMRES_DMUSER</sourceObjSchema>
<sourceObjName>PASSWORD</sourceObjName>
<createdBy>calittle</createdBy>
<createdTime>2019-04-17 17:26:33 UTC</createdTime>
<ownerDesignName>ODEE_1262_Design</ownerDesignName>
<nullsAllowed>true</nullsAllowed>
<useDomainConstraints>false</useDomainConstraints>
<use>1</use>
<logicalDatatype>LOGDT025</logicalDatatype>
<dataTypeSize>64 BYTE</dataTypeSize>
<autoIncrementCycle>false</autoIncrementCycle>
</Column>
<Column name="REPORTTO" id="1E02B4D1-2CA6-B12A-0FCC-1331DEB89260">
<sourceConnName>deepthought</sourceConnName>
<sourceObjSchema>DMRES_DMUSER</sourceObjSchema>
<sourceObjName>REPORTTO</sourceObjName>
<createdBy>calittle</createdBy>
<createdTime>2019-04-17 17:26:33 UTC</createdTime>
<ownerDesignName>ODEE_1262_Design</ownerDesignName>
<nullsAllowed>true</nullsAllowed>
<useDomainConstraints>false</useDomainConstraints>
<use>1</use>
<logicalDatatype>LOGDT025</logicalDatatype>
<dataTypeSize>64 BYTE</dataTypeSize>
<autoIncrementCycle>false</autoIncrementCycle>
</Column>
<Column name="INUSE" id="6904E0BE-5BC5-8828-E6A5-E1B2D2D29CC0">
<sourceConnName>deepthought</sourceConnName>
<sourceObjSchema>DMRES_DMUSER</sourceObjSchema>
<sourceObjName>INUSE</sourceObjName>
<createdBy>calittle</createdBy>
<createdTime>2019-04-17 17:26:33 UTC</createdTime>
<ownerDesignName>ODEE_1262_Design</ownerDesignName>
<nullsAllowed>true</nullsAllowed>
<useDomainConstraints>false</useDomainConstraints>
<use>1</use>
<logicalDatatype>LOGDT025</logicalDatatype>
<dataTypeSize>1 BYTE</dataTypeSize>
<autoIncrementCycle>false</autoIncrementCycle>
</Column>
<Column name="SECURITY" id="5111B57F-E77E-CCEC-ECE7-EFF291AA6B2D">
<sourceConnName>deepthought</sourceConnName>
<sourceObjSchema>DMRES_DMUSER</sourceObjSchema>
<sourceObjName>SECURITY</sourceObjName>
<createdBy>calittle</createdBy>
<createdTime>2019-04-17 17:26:33 UTC</createdTime>
<ownerDesignName>ODEE_1262_Design</ownerDesignName>
<nullsAllowed>true</nullsAllowed>
<useDomainConstraints>false</useDomainConstraints>
<use>1</use>
<logicalDatatype>LOGDT025</logicalDatatype>
<dataTypeSize>74 BYTE</dataTypeSize>
<autoIncrementCycle>false</autoIncrementCycle>
</Column>
<Column name="RIGHTS" id="343DE8E4-7054-074D-C30F-4B3781B19992">
<sourceConnName>deepthought</sourceConnName>
<sourceObjSchema>DMRES_DMUSER</sourceObjSchema>
<sourceObjName>RIGHTS</sourceObjName>
<createdBy>calittle</createdBy>
<createdTime>2019-04-17 17:26:33 UTC</createdTime>
<ownerDesignName>ODEE_1262_Design</ownerDesignName>
<nullsAllowed>true</nullsAllowed>
<useDomainConstraints>false</useDomainConstraints>
<use>1</use>
<logicalDatatype>LOGDT025</logicalDatatype>
<dataTypeSize>1 BYTE</dataTypeSize>
<autoIncrementCycle>false</autoIncrementCycle>
</Column>
<Column name="MESSAGE" id="05004906-EF97-4A64-B805-AEFE1C71E9B7">
<sourceConnName>deepthought</sourceConnName>
<sourceObjSchema>DMRES_DMUSER</sourceObjSchema>
<sourceObjName>MESSAGE</sourceObjName>
<createdBy>calittle</createdBy>
<createdTime>2019-04-17 17:26:33 UTC</createdTime>
<ownerDesignName>ODEE_1262_Design</ownerDesignName>
<nullsAllowed>true</nullsAllowed>
<useDomainConstraints>false</useDomainConstraints>
<use>1</use>
<logicalDatatype>LOGDT025</logicalDatatype>
<dataTypeSize>128 BYTE</dataTypeSize>
<autoIncrementCycle>false</autoIncrementCycle>
</Column>
<Column name="UNIQUE_ID" id="8835130E-0B74-7300-61DC-8BBB382F2E76">
<sourceConnName>deepthought</sourceConnName>
<sourceObjSchema>DMRES_DMUSER</sourceObjSchema>
<sourceObjName>UNIQUE_ID</sourceObjName>
<createdBy>calittle</createdBy>
<createdTime>2019-04-17 17:26:33 UTC</createdTime>
<ownerDesignName>ODEE_1262_Design</ownerDesignName>
<useDomainConstraints>false</useDomainConstraints>
<use>1</use>
<logicalDatatype>LOGDT025</logicalDatatype>
<dataTypeSize>26 BYTE</dataTypeSize>
<autoIncrementCycle>false</autoIncrementCycle>
</Column>
</columns>
<indexes itemClass="oracle.dbtools.crest.model.design.relational.Index">
<ind_PK_UK id="2C063F2C-0196-898F-F0D3-D18AFDD4D1CD" name="DMRES_DMUIDTAG">
<sourceConnName>deepthought</sourceConnName>
<sourceObjSchema>DMKR_ASLINE</sourceObjSchema>
<sourceObjName>DMRES_DMUIDTAG</sourceObjName>
<createdBy>calittle</createdBy>
<createdTime>2019-04-17 17:26:48 UTC</createdTime>
<ownerDesignName>ODEE_1262_Design</ownerDesignName>
<schemaObject>8FC895A7-E0A2-11C9-AE90-BEF4CA704C97</schemaObject>
<isSurrogateKey>false</isSurrogateKey>
<indexColumnUsage>
<colUsage columnID="BE3158D9-17A4-F560-9991-82D45C5DB898"/>
</indexColumnUsage>
</ind_PK_UK>
<ind_PK_UK id="D6FDDBEA-E622-4EBF-5507-97F4F8A33C83" name="DMRES_DMUNAMETAG">
<sourceConnName>deepthought</sourceConnName>
<sourceObjSchema>DMKR_ASLINE</sourceObjSchema>
<sourceObjName>DMRES_DMUNAMETAG</sourceObjName>
<createdBy>calittle</createdBy>
<createdTime>2019-04-17 17:26:48 UTC</createdTime>
<ownerDesignName>ODEE_1262_Design</ownerDesignName>
<schemaObject>8FC895A7-E0A2-11C9-AE90-BEF4CA704C97</schemaObject>
<isSurrogateKey>false</isSurrogateKey>
<indexColumnUsage>
<colUsage columnID="512CEB14-3534-BE88-B877-1F523F0C24BB"/>
</indexColumnUsage>
</ind_PK_UK>
<ind_PK_UK id="589F1815-E97F-F8B3-8300-0207FF34ECFD" name="DMRES_DMURPTTOTAG">
<sourceConnName>deepthought</sourceConnName>
<sourceObjSchema>DMKR_ASLINE</sourceObjSchema>
<sourceObjName>DMRES_DMURPTTOTAG</sourceObjName>
<createdBy>calittle</createdBy>
<createdTime>2019-04-17 17:26:48 UTC</createdTime>
<ownerDesignName>ODEE_1262_Design</ownerDesignName>
<schemaObject>8FC895A7-E0A2-11C9-AE90-BEF4CA704C97</schemaObject>
<isSurrogateKey>false</isSurrogateKey>
<indexColumnUsage>
<colUsage columnID="1E02B4D1-2CA6-B12A-0FCC-1331DEB89260"/>
</indexColumnUsage>
</ind_PK_UK>
<ind_PK_UK id="E451481C-A8E5-9732-B335-077110CC715C" name="DMRES_DMUUNQIDTAG">
<sourceConnName>deepthought</sourceConnName>
<sourceObjSchema>DMKR_ASLINE</sourceObjSchema>
<sourceObjName>DMRES_DMUUNQIDTAG</sourceObjName>
<createdBy>calittle</createdBy>
<createdTime>2019-04-17 17:26:48 UTC</createdTime>
<ownerDesignName>ODEE_1262_Design</ownerDesignName>
<schemaObject>8FC895A7-E0A2-11C9-AE90-BEF4CA704C97</schemaObject>
<isSurrogateKey>false</isSurrogateKey>
<indexColumnUsage>
<colUsage columnID="8835130E-0B74-7300-61DC-8BBB382F2E76"/>
</indexColumnUsage>
</ind_PK_UK>
</indexes>
</Table>