<?xml version = '1.0' encoding = 'UTF-8'?>
<Table class="oracle.dbtools.crest.model.design.relational.Table" directorySegmentName="seg_0" id="7E15AC61-6596-E300-09CA-EEEF249C8C09" name="DMRES_LBYI">
<sourceConnName>deepthought</sourceConnName>
<sourceObjSchema>DMKR_ASLINE</sourceObjSchema>
<sourceObjName>DMRES_LBYI</sourceObjName>
<createdBy>calittle</createdBy>
<createdTime>2019-04-17 17:25:40 UTC</createdTime>
<ownerDesignName>ODEE_1262_Design</ownerDesignName>
<schemaObject>8FC895A7-E0A2-11C9-AE90-BEF4CA704C97</schemaObject>
<allowColumnReorder>false</allowColumnReorder>
<existDependencyGenerateInDDl>true</existDependencyGenerateInDDl>
<columns itemClass="oracle.dbtools.crest.model.design.relational.Column">
<Column name="FILETYPE" id="E2AD97FC-A935-2FF2-DCB9-DEE0ED2A048C">
<sourceConnName>deepthought</sourceConnName>
<sourceObjSchema>DMRES_LBYI</sourceObjSchema>
<sourceObjName>FILETYPE</sourceObjName>
<createdBy>calittle</createdBy>
<createdTime>2019-04-17 17:26:35 UTC</createdTime>
<ownerDesignName>ODEE_1262_Design</ownerDesignName>
<nullsAllowed>true</nullsAllowed>
<useDomainConstraints>false</useDomainConstraints>
<use>1</use>
<logicalDatatype>LOGDT025</logicalDatatype>
<dataTypeSize>3 BYTE</dataTypeSize>
<autoIncrementCycle>false</autoIncrementCycle>
</Column>
<Column name="FILESTYP" id="1DACCAF4-3284-96F1-9A3B-A76BAE761E5A">
<sourceConnName>deepthought</sourceConnName>
<sourceObjSchema>DMRES_LBYI</sourceObjSchema>
<sourceObjName>FILESTYP</sourceObjName>
<createdBy>calittle</createdBy>
<createdTime>2019-04-17 17:26:35 UTC</createdTime>
<ownerDesignName>ODEE_1262_Design</ownerDesignName>
<nullsAllowed>true</nullsAllowed>
<useDomainConstraints>false</useDomainConstraints>
<use>1</use>
<logicalDatatype>LOGDT025</logicalDatatype>
<dataTypeSize>3 BYTE</dataTypeSize>
<autoIncrementCycle>false</autoIncrementCycle>
</Column>
<Column name="FILENAME" id="8705F57E-94DD-FB7E-B70D-A743C817D545">
<sourceConnName>deepthought</sourceConnName>
<sourceObjSchema>DMRES_LBYI</sourceObjSchema>
<sourceObjName>FILENAME</sourceObjName>
<createdBy>calittle</createdBy>
<createdTime>2019-04-17 17:26:35 UTC</createdTime>
<ownerDesignName>ODEE_1262_Design</ownerDesignName>
<nullsAllowed>true</nullsAllowed>
<useDomainConstraints>false</useDomainConstraints>
<use>1</use>
<logicalDatatype>LOGDT025</logicalDatatype>
<dataTypeSize>100 BYTE</dataTypeSize>
<autoIncrementCycle>false</autoIncrementCycle>
</Column>
<Column name="RESOURCE" id="5C91144C-C14C-F67E-9C52-CCE9D8AF86A6">
<sourceConnName>deepthought</sourceConnName>
<sourceObjSchema>DMRES_LBYI</sourceObjSchema>
<sourceObjName>RESOURCE</sourceObjName>
<createdBy>calittle</createdBy>
<createdTime>2019-04-17 17:26:35 UTC</createdTime>
<ownerDesignName>ODEE_1262_Design</ownerDesignName>
<nullsAllowed>true</nullsAllowed>
<useDomainConstraints>false</useDomainConstraints>
<use>1</use>
<logicalDatatype>LOGDT025</logicalDatatype>
<dataTypeSize>25 BYTE</dataTypeSize>
<autoIncrementCycle>false</autoIncrementCycle>
</Column>
<Column name="DESCRIPT" id="3579312C-E85C-1873-1853-CF72620700E6">
<sourceConnName>deepthought</sourceConnName>
<sourceObjSchema>DMRES_LBYI</sourceObjSchema>
<sourceObjName>DESCRIPT</sourceObjName>
<createdBy>calittle</createdBy>
<createdTime>2019-04-17 17:26:35 UTC</createdTime>
<ownerDesignName>ODEE_1262_Design</ownerDesignName>
<nullsAllowed>true</nullsAllowed>
<useDomainConstraints>false</useDomainConstraints>
<use>1</use>
<logicalDatatype>LOGDT025</logicalDatatype>
<dataTypeSize>100 BYTE</dataTypeSize>
<autoIncrementCycle>false</autoIncrementCycle>
</Column>
<Column name="EFFECTIV" id="5E149401-DEF8-7176-A5D9-9C4B1DD04587">
<sourceConnName>deepthought</sourceConnName>
<sourceObjSchema>DMRES_LBYI</sourceObjSchema>
<sourceObjName>EFFECTIV</sourceObjName>
<createdBy>calittle</createdBy>
<createdTime>2019-04-17 17:26:35 UTC</createdTime>
<ownerDesignName>ODEE_1262_Design</ownerDesignName>
<nullsAllowed>true</nullsAllowed>
<useDomainConstraints>false</useDomainConstraints>
<use>1</use>
<logicalDatatype>LOGDT025</logicalDatatype>
<dataTypeSize>10 BYTE</dataTypeSize>
<autoIncrementCycle>false</autoIncrementCycle>
</Column>
<Column name="MODIFYTM" id="FE456CF4-FA41-DA34-DF07-18DD804B8DA7">
<sourceConnName>deepthought</sourceConnName>
<sourceObjSchema>DMRES_LBYI</sourceObjSchema>
<sourceObjName>MODIFYTM</sourceObjName>
<createdBy>calittle</createdBy>
<createdTime>2019-04-17 17:26:35 UTC</createdTime>
<ownerDesignName>ODEE_1262_Design</ownerDesignName>
<nullsAllowed>true</nullsAllowed>
<useDomainConstraints>false</useDomainConstraints>
<use>1</use>
<logicalDatatype>LOGDT025</logicalDatatype>
<dataTypeSize>10 BYTE</dataTypeSize>
<autoIncrementCycle>false</autoIncrementCycle>
</Column>
<Column name="FILEINDX" id="AD33EF7C-B440-0780-EE0A-A0A1A32D94A8">
<sourceConnName>deepthought</sourceConnName>
<sourceObjSchema>DMRES_LBYI</sourceObjSchema>
<sourceObjName>FILEINDX</sourceObjName>
<createdBy>calittle</createdBy>
<createdTime>2019-04-17 17:26:35 UTC</createdTime>
<ownerDesignName>ODEE_1262_Design</ownerDesignName>
<nullsAllowed>true</nullsAllowed>
<useDomainConstraints>false</useDomainConstraints>
<use>1</use>
<logicalDatatype>LOGDT025</logicalDatatype>
<dataTypeSize>8 BYTE</dataTypeSize>
<autoIncrementCycle>false</autoIncrementCycle>
</Column>
<Column name="RECSTAT" id="9B3FF98A-539F-87B4-B3FC-71A18B2CB702">
<sourceConnName>deepthought</sourceConnName>
<sourceObjSchema>DMRES_LBYI</sourceObjSchema>
<sourceObjName>RECSTAT</sourceObjName>
<createdBy>calittle</createdBy>
<createdTime>2019-04-17 17:26:35 UTC</createdTime>
<ownerDesignName>ODEE_1262_Design</ownerDesignName>
<nullsAllowed>true</nullsAllowed>
<useDomainConstraints>false</useDomainConstraints>
<use>1</use>
<logicalDatatype>LOGDT025</logicalDatatype>
<dataTypeSize>3 BYTE</dataTypeSize>
<autoIncrementCycle>false</autoIncrementCycle>
</Column>
<Column name="VERSION" id="291B654B-04CD-CCCE-DBDB-D5A84E0AD8B7">
<sourceConnName>deepthought</sourceConnName>
<sourceObjSchema>DMRES_LBYI</sourceObjSchema>
<sourceObjName>VERSION</sourceObjName>
<createdBy>calittle</createdBy>
<createdTime>2019-04-17 17:26:35 UTC</createdTime>
<ownerDesignName>ODEE_1262_Design</ownerDesignName>
<nullsAllowed>true</nullsAllowed>
<useDomainConstraints>false</useDomainConstraints>
<use>1</use>
<logicalDatatype>LOGDT025</logicalDatatype>
<dataTypeSize>5 BYTE</dataTypeSize>
<autoIncrementCycle>false</autoIncrementCycle>
</Column>
<Column name="REVISION" id="6B19E82D-1E2A-9222-BE18-AD7FEC956314">
<sourceConnName>deepthought</sourceConnName>
<sourceObjSchema>DMRES_LBYI</sourceObjSchema>
<sourceObjName>REVISION</sourceObjName>
<createdBy>calittle</createdBy>
<createdTime>2019-04-17 17:26:35 UTC</createdTime>
<ownerDesignName>ODEE_1262_Design</ownerDesignName>
<nullsAllowed>true</nullsAllowed>
<useDomainConstraints>false</useDomainConstraints>
<use>1</use>
<logicalDatatype>LOGDT025</logicalDatatype>
<dataTypeSize>5 BYTE</dataTypeSize>
<autoIncrementCycle>false</autoIncrementCycle>
</Column>
<Column name="USERID" id="AA2C6F2C-FFF3-EAF0-7F69-217FD95FD818">
<sourceConnName>deepthought</sourceConnName>
<sourceObjSchema>DMRES_LBYI</sourceObjSchema>
<sourceObjName>USERID</sourceObjName>
<createdBy>calittle</createdBy>
<createdTime>2019-04-17 17:26:35 UTC</createdTime>
<ownerDesignName>ODEE_1262_Design</ownerDesignName>
<nullsAllowed>true</nullsAllowed>
<useDomainConstraints>false</useDomainConstraints>
<use>1</use>
<logicalDatatype>LOGDT025</logicalDatatype>
<dataTypeSize>64 BYTE</dataTypeSize>
<autoIncrementCycle>false</autoIncrementCycle>
</Column>
<Column name="USRLEVL" id="9E291A29-0C44-0E96-181A-D71C0ABA95F4">
<sourceConnName>deepthought</sourceConnName>
<sourceObjSchema>DMRES_LBYI</sourceObjSchema>
<sourceObjName>USRLEVL</sourceObjName>
<createdBy>calittle</createdBy>
<createdTime>2019-04-17 17:26:35 UTC</createdTime>
<ownerDesignName>ODEE_1262_Design</ownerDesignName>
<nullsAllowed>true</nullsAllowed>
<useDomainConstraints>false</useDomainConstraints>
<use>1</use>
<logicalDatatype>LOGDT025</logicalDatatype>
<dataTypeSize>2 BYTE</dataTypeSize>
<autoIncrementCycle>false</autoIncrementCycle>
</Column>
<Column name="PASSWD" id="E87A1310-80F4-791D-9DBC-5A2F4150F0B3">
<sourceConnName>deepthought</sourceConnName>
<sourceObjSchema>DMRES_LBYI</sourceObjSchema>
<sourceObjName>PASSWD</sourceObjName>
<createdBy>calittle</createdBy>
<createdTime>2019-04-17 17:26:35 UTC</createdTime>
<ownerDesignName>ODEE_1262_Design</ownerDesignName>
<nullsAllowed>true</nullsAllowed>
<useDomainConstraints>false</useDomainConstraints>
<use>1</use>
<logicalDatatype>LOGDT025</logicalDatatype>
<dataTypeSize>64 BYTE</dataTypeSize>
<autoIncrementCycle>false</autoIncrementCycle>
</Column>
<Column name="UNIQUE_ID" id="4A03F28F-7D45-395C-C628-2E2044E6E49E">
<sourceConnName>deepthought</sourceConnName>
<sourceObjSchema>DMRES_LBYI</sourceObjSchema>
<sourceObjName>UNIQUE_ID</sourceObjName>
<createdBy>calittle</createdBy>
<createdTime>2019-04-17 17:26:35 UTC</createdTime>
<ownerDesignName>ODEE_1262_Design</ownerDesignName>
<nullsAllowed>true</nullsAllowed>
<useDomainConstraints>false</useDomainConstraints>
<use>1</use>
<logicalDatatype>LOGDT025</logicalDatatype>
<dataTypeSize>26 BYTE</dataTypeSize>
<autoIncrementCycle>false</autoIncrementCycle>
</Column>
<Column name="ARCKEY" id="AFF8FE82-79B3-06C7-2804-A79FDDD2473F">
<sourceConnName>deepthought</sourceConnName>
<sourceObjSchema>DMRES_LBYI</sourceObjSchema>
<sourceObjName>ARCKEY</sourceObjName>
<createdBy>calittle</createdBy>
<createdTime>2019-04-17 17:26:35 UTC</createdTime>
<ownerDesignName>ODEE_1262_Design</ownerDesignName>
<nullsAllowed>true</nullsAllowed>
<useDomainConstraints>false</useDomainConstraints>
<use>1</use>
<logicalDatatype>LOGDT025</logicalDatatype>
<dataTypeSize>18 BYTE</dataTypeSize>
<autoIncrementCycle>false</autoIncrementCycle>
</Column>
<Column name="MODE" id="1E4C7596-F97A-5D97-36B6-F96D15F05CBA">
<sourceConnName>deepthought</sourceConnName>
<sourceObjSchema>DMRES_LBYI</sourceObjSchema>
<sourceObjName>MODE</sourceObjName>
<createdBy>calittle</createdBy>
<createdTime>2019-04-17 17:26:35 UTC</createdTime>
<ownerDesignName>ODEE_1262_Design</ownerDesignName>
<nullsAllowed>true</nullsAllowed>
<useDomainConstraints>false</useDomainConstraints>
<use>1</use>
<logicalDatatype>LOGDT025</logicalDatatype>
<dataTypeSize>25 BYTE</dataTypeSize>
<autoIncrementCycle>false</autoIncrementCycle>
</Column>
<Column name="STATUS" id="BA0EF847-3C6E-8B4B-E678-4F64FC66315B">
<sourceConnName>deepthought</sourceConnName>
<sourceObjSchema>DMRES_LBYI</sourceObjSchema>
<sourceObjName>STATUS</sourceObjName>
<createdBy>calittle</createdBy>
<createdTime>2019-04-17 17:26:35 UTC</createdTime>
<ownerDesignName>ODEE_1262_Design</ownerDesignName>
<nullsAllowed>true</nullsAllowed>
<useDomainConstraints>false</useDomainConstraints>
<use>1</use>
<logicalDatatype>LOGDT025</logicalDatatype>
<dataTypeSize>25 BYTE</dataTypeSize>
<autoIncrementCycle>false</autoIncrementCycle>
</Column>
<Column name="CLASS" id="D5D1A75A-FD3D-A596-6BA2-36DAE8CA6D8F">
<sourceConnName>deepthought</sourceConnName>
<sourceObjSchema>DMRES_LBYI</sourceObjSchema>
<sourceObjName>CLASS</sourceObjName>
<createdBy>calittle</createdBy>
<createdTime>2019-04-17 17:26:35 UTC</createdTime>
<ownerDesignName>ODEE_1262_Design</ownerDesignName>
<nullsAllowed>true</nullsAllowed>
<useDomainConstraints>false</useDomainConstraints>
<use>1</use>
<logicalDatatype>LOGDT025</logicalDatatype>
<dataTypeSize>25 BYTE</dataTypeSize>
<autoIncrementCycle>false</autoIncrementCycle>
</Column>
<Column name="PROJECT" id="C1B46695-4351-4229-E468-1B0D79242030">
<sourceConnName>deepthought</sourceConnName>
<sourceObjSchema>DMRES_LBYI</sourceObjSchema>
<sourceObjName>PROJECT</sourceObjName>
<createdBy>calittle</createdBy>
<createdTime>2019-04-17 17:26:35 UTC</createdTime>
<ownerDesignName>ODEE_1262_Design</ownerDesignName>
<nullsAllowed>true</nullsAllowed>
<useDomainConstraints>false</useDomainConstraints>
<use>1</use>
<logicalDatatype>LOGDT025</logicalDatatype>
<dataTypeSize>25 BYTE</dataTypeSize>
<autoIncrementCycle>false</autoIncrementCycle>
</Column>
</columns>
<indexes itemClass="oracle.dbtools.crest.model.design.relational.Index">
<ind_PK_UK id="1085C39E-9537-5C46-896A-31E03FD9F599" name="DMLBYIUNIQUE_ID">
<sourceConnName>deepthought</sourceConnName>
<sourceObjSchema>DMKR_ASLINE</sourceObjSchema>
<sourceObjName>DMLBYIUNIQUE_ID</sourceObjName>
<createdBy>calittle</createdBy>
<createdTime>2019-04-17 17:26:48 UTC</createdTime>
<ownerDesignName>ODEE_1262_Design</ownerDesignName>
<schemaObject>8FC895A7-E0A2-11C9-AE90-BEF4CA704C97</schemaObject>
<isSurrogateKey>false</isSurrogateKey>
<indexColumnUsage>
<colUsage columnID="4A03F28F-7D45-395C-C628-2E2044E6E49E"/>
</indexColumnUsage>
</ind_PK_UK>
<ind_PK_UK id="A9E85543-256A-D78C-0D86-8262F3FD8AF3" name="DMRES_LBYIFILEINDX">
<sourceConnName>deepthought</sourceConnName>
<sourceObjSchema>DMKR_ASLINE</sourceObjSchema>
<sourceObjName>DMRES_LBYIFILEINDX</sourceObjName>
<createdBy>calittle</createdBy>
<createdTime>2019-04-17 17:26:48 UTC</createdTime>
<ownerDesignName>ODEE_1262_Design</ownerDesignName>
<schemaObject>8FC895A7-E0A2-11C9-AE90-BEF4CA704C97</schemaObject>
<isSurrogateKey>false</isSurrogateKey>
<indexColumnUsage>
<colUsage columnID="E2AD97FC-A935-2FF2-DCB9-DEE0ED2A048C"/>
<colUsage columnID="1DACCAF4-3284-96F1-9A3B-A76BAE761E5A"/>
<colUsage columnID="8705F57E-94DD-FB7E-B70D-A743C817D545"/>
<colUsage columnID="291B654B-04CD-CCCE-DBDB-D5A84E0AD8B7"/>
<colUsage columnID="6B19E82D-1E2A-9222-BE18-AD7FEC956314"/>
</indexColumnUsage>
</ind_PK_UK>
</indexes>
</Table>