<?xml version = '1.0' encoding = 'UTF-8'?>
<Table class="oracle.dbtools.crest.model.design.relational.Table" directorySegmentName="seg_0" id="7EAE13BF-1937-BFC0-9394-B30264F59E15" name="DMKR_APPRLEVELSENTITIES">
<sourceConnName>deepthought</sourceConnName>
<sourceObjSchema>DMKR_ADMIN</sourceObjSchema>
<sourceObjName>DMKR_APPRLEVELSENTITIES</sourceObjName>
<createdBy>calittle</createdBy>
<createdTime>2019-04-17 17:25:05 UTC</createdTime>
<ownerDesignName>ODEE_1262_Design</ownerDesignName>
<schemaObject>0323F05B-A91A-E5F5-C386-B3516E1DFCEB</schemaObject>
<allowColumnReorder>false</allowColumnReorder>
<existDependencyGenerateInDDl>true</existDependencyGenerateInDDl>
<columns itemClass="oracle.dbtools.crest.model.design.relational.Column">
<Column name="APP_ID" id="4B5342CF-DBE1-6F2D-ED40-295B82073162">
<sourceConnName>deepthought</sourceConnName>
<sourceObjSchema>DMKR_APPRLEVELSENTITIES</sourceObjSchema>
<sourceObjName>APP_ID</sourceObjName>
<createdBy>calittle</createdBy>
<createdTime>2019-04-17 17:26:24 UTC</createdTime>
<ownerDesignName>ODEE_1262_Design</ownerDesignName>
<useDomainConstraints>false</useDomainConstraints>
<use>1</use>
<logicalDatatype>LOGDT019</logicalDatatype>
<dataTypePrecision>38</dataTypePrecision>
<delegate>CA330B31-6C8F-AC6F-4646-D23F3E921D40</delegate>
<autoIncrementCycle>false</autoIncrementCycle>
<associations>
<colAssociation fkAssociation="68651296-4621-9371-A520-E9E1D6EEFFE6" referredColumn="CA330B31-6C8F-AC6F-4646-D23F3E921D40"/>
</associations>
</Column>
<Column name="ENTITYID" id="0F3BBCE0-5B9F-3229-CD86-3A6FA9EF2283">
<sourceConnName>deepthought</sourceConnName>
<sourceObjSchema>DMKR_APPRLEVELSENTITIES</sourceObjSchema>
<sourceObjName>ENTITYID</sourceObjName>
<createdBy>calittle</createdBy>
<createdTime>2019-04-17 17:26:24 UTC</createdTime>
<ownerDesignName>ODEE_1262_Design</ownerDesignName>
<useDomainConstraints>false</useDomainConstraints>
<use>1</use>
<logicalDatatype>LOGDT037</logicalDatatype>
<dataTypeSize>500</dataTypeSize>
<autoIncrementCycle>false</autoIncrementCycle>
</Column>
<Column name="ENTITYNAME" id="B1C5E967-4FE2-150A-046B-25F0A4BE8DF5">
<sourceConnName>deepthought</sourceConnName>
<sourceObjSchema>DMKR_APPRLEVELSENTITIES</sourceObjSchema>
<sourceObjName>ENTITYNAME</sourceObjName>
<createdBy>calittle</createdBy>
<createdTime>2019-04-17 17:26:24 UTC</createdTime>
<ownerDesignName>ODEE_1262_Design</ownerDesignName>
<useDomainConstraints>false</useDomainConstraints>
<use>1</use>
<logicalDatatype>LOGDT037</logicalDatatype>
<dataTypeSize>500</dataTypeSize>
<autoIncrementCycle>false</autoIncrementCycle>
</Column>
<Column name="ENTITYTYPE" id="AB204D63-5628-190C-745D-4070579E59A7">
<sourceConnName>deepthought</sourceConnName>
<sourceObjSchema>DMKR_APPRLEVELSENTITIES</sourceObjSchema>
<sourceObjName>ENTITYTYPE</sourceObjName>
<createdBy>calittle</createdBy>
<createdTime>2019-04-17 17:26:24 UTC</createdTime>
<ownerDesignName>ODEE_1262_Design</ownerDesignName>
<useDomainConstraints>false</useDomainConstraints>
<use>1</use>
<logicalDatatype>LOGDT019</logicalDatatype>
<dataTypePrecision>10</dataTypePrecision>
<autoIncrementCycle>false</autoIncrementCycle>
</Column>
<Column name="LEVELNUM" id="2D98E035-6C3B-96B6-FD9C-597F53EEA3D2">
<sourceConnName>deepthought</sourceConnName>
<sourceObjSchema>DMKR_APPRLEVELSENTITIES</sourceObjSchema>
<sourceObjName>LEVELNUM</sourceObjName>
<createdBy>calittle</createdBy>
<createdTime>2019-04-17 17:26:24 UTC</createdTime>
<ownerDesignName>ODEE_1262_Design</ownerDesignName>
<nullsAllowed>true</nullsAllowed>
<useDomainConstraints>false</useDomainConstraints>
<use>1</use>
<logicalDatatype>LOGDT019</logicalDatatype>
<dataTypePrecision>20</dataTypePrecision>
<delegate>336E83FB-8806-8A48-B0FE-517CB15AE894</delegate>
<autoIncrementCycle>false</autoIncrementCycle>
<associations>
<colAssociation fkAssociation="68651296-4621-9371-A520-E9E1D6EEFFE6" referredColumn="336E83FB-8806-8A48-B0FE-517CB15AE894"/>
</associations>
</Column>
</columns>
<indexes itemClass="oracle.dbtools.crest.model.design.relational.Index">
<ind_PK_UK id="897652AB-FF1F-592B-8380-701AEA99924D" name="DMKR_APPRLEVELSENTITIES_PK">
<sourceConnName>deepthought</sourceConnName>
<sourceObjSchema>DMKR_ADMIN</sourceObjSchema>
<sourceObjName>DMKR_APPRLEVELSENTITIES_PK</sourceObjName>
<createdBy>calittle</createdBy>
<createdTime>2019-04-17 17:26:50 UTC</createdTime>
<ownerDesignName>ODEE_1262_Design</ownerDesignName>
<pk>true</pk>
<indexState>Primary Constraint</indexState>
<isSurrogateKey>false</isSurrogateKey>
<indexColumnUsage>
<colUsage columnID="0F3BBCE0-5B9F-3229-CD86-3A6FA9EF2283"/>
<colUsage columnID="4B5342CF-DBE1-6F2D-ED40-295B82073162"/>
</indexColumnUsage>
</ind_PK_UK>
<ind_PK_UK id="B8B5409F-6CBC-E942-A85D-7CBFAC995EB8" name="DMKR_APPRLEVELSENTITIES_PK">
<sourceConnName>deepthought</sourceConnName>
<sourceObjSchema>DMKR_ADMIN</sourceObjSchema>
<sourceObjName>DMKR_APPRLEVELSENTITIES_PK</sourceObjName>
<createdBy>calittle</createdBy>
<createdTime>2019-04-17 17:26:48 UTC</createdTime>
<ownerDesignName>ODEE_1262_Design</ownerDesignName>
<indexState>Unique Plain Index</indexState>
<schemaObject>0323F05B-A91A-E5F5-C386-B3516E1DFCEB</schemaObject>
<isSurrogateKey>false</isSurrogateKey>
<indexColumnUsage>
<colUsage columnID="0F3BBCE0-5B9F-3229-CD86-3A6FA9EF2283"/>
<colUsage columnID="4B5342CF-DBE1-6F2D-ED40-295B82073162"/>
</indexColumnUsage>
</ind_PK_UK>
<ind_PK_UK id="7E696157-8175-BD1A-B7A2-0E87D714B507" name="DMKR_APPRLEVELSENTITIES_FK1">
<createdBy>calittle</createdBy>
<createdTime>2019-04-17 17:26:52 UTC</createdTime>
<ownerDesignName>ODEE_1262_Design</ownerDesignName>
<indexState>Foreign Key</indexState>
<isSurrogateKey>false</isSurrogateKey>
<indexColumnUsage>
<colUsage columnID="2D98E035-6C3B-96B6-FD9C-597F53EEA3D2"/>
<colUsage columnID="4B5342CF-DBE1-6F2D-ED40-295B82073162"/>
</indexColumnUsage>
</ind_PK_UK>
</indexes>
</Table>