<?xml version = '1.0' encoding = 'UTF-8'?>
<Table class="oracle.dbtools.crest.model.design.relational.Table" directorySegmentName="seg_0" id="8276AC1D-6490-679C-8E0E-EB4C6712B77A" name="DMKR_TRANSLAT">
<sourceConnName>deepthought</sourceConnName>
<sourceObjSchema>DMKR_ADMIN</sourceObjSchema>
<sourceObjName>DMKR_TRANSLAT</sourceObjName>
<createdBy>calittle</createdBy>
<createdTime>2019-04-17 17:25:15 UTC</createdTime>
<ownerDesignName>ODEE_1262_Design</ownerDesignName>
<schemaObject>0323F05B-A91A-E5F5-C386-B3516E1DFCEB</schemaObject>
<allowColumnReorder>false</allowColumnReorder>
<existDependencyGenerateInDDl>true</existDependencyGenerateInDDl>
<columns itemClass="oracle.dbtools.crest.model.design.relational.Column">
<Column name="SYS_ID" id="CC6B00C0-04DD-7BAC-88F8-515495B04A75">
<sourceConnName>deepthought</sourceConnName>
<sourceObjSchema>DMKR_TRANSLAT</sourceObjSchema>
<sourceObjName>SYS_ID</sourceObjName>
<createdBy>calittle</createdBy>
<createdTime>2019-04-17 17:26:27 UTC</createdTime>
<commentInRDBMS>System ID from the system registry tables.</commentInRDBMS>
<ownerDesignName>ODEE_1262_Design</ownerDesignName>
<useDomainConstraints>false</useDomainConstraints>
<use>1</use>
<logicalDatatype>LOGDT019</logicalDatatype>
<dataTypePrecision>38</dataTypePrecision>
<autoIncrementCycle>false</autoIncrementCycle>
</Column>
<Column name="AL_ID" id="A7E39FC2-44E0-F7A0-77BC-31BF55600C6D">
<sourceConnName>deepthought</sourceConnName>
<sourceObjSchema>DMKR_TRANSLAT</sourceObjSchema>
<sourceObjName>AL_ID</sourceObjName>
<createdBy>calittle</createdBy>
<createdTime>2019-04-17 17:26:27 UTC</createdTime>
<commentInRDBMS>Assembly Line ID from the system registry tables.</commentInRDBMS>
<ownerDesignName>ODEE_1262_Design</ownerDesignName>
<useDomainConstraints>false</useDomainConstraints>
<use>1</use>
<logicalDatatype>LOGDT019</logicalDatatype>
<dataTypePrecision>38</dataTypePrecision>
<autoIncrementCycle>false</autoIncrementCycle>
</Column>
<Column name="APP_ID" id="9CC6B63D-53A6-5C09-FAF2-17A3ADA0A8DC">
<sourceConnName>deepthought</sourceConnName>
<sourceObjSchema>DMKR_TRANSLAT</sourceObjSchema>
<sourceObjName>APP_ID</sourceObjName>
<createdBy>calittle</createdBy>
<createdTime>2019-04-17 17:26:27 UTC</createdTime>
<commentInRDBMS>Application ID from the system registry tables.</commentInRDBMS>
<ownerDesignName>ODEE_1262_Design</ownerDesignName>
<useDomainConstraints>false</useDomainConstraints>
<use>1</use>
<logicalDatatype>LOGDT019</logicalDatatype>
<dataTypePrecision>38</dataTypePrecision>
<autoIncrementCycle>false</autoIncrementCycle>
</Column>
<Column name="LOCALE_ID" id="E10D35FE-B65F-F657-056E-09A474191678">
<sourceConnName>deepthought</sourceConnName>
<sourceObjSchema>DMKR_TRANSLAT</sourceObjSchema>
<sourceObjName>LOCALE_ID</sourceObjName>
<createdBy>calittle</createdBy>
<createdTime>2019-04-17 17:26:27 UTC</createdTime>
<commentInRDBMS>Locale</commentInRDBMS>
<ownerDesignName>ODEE_1262_Design</ownerDesignName>
<useDomainConstraints>false</useDomainConstraints>
<use>1</use>
<logicalDatatype>LOGDT037</logicalDatatype>
<dataTypeSize>10</dataTypeSize>
<autoIncrementCycle>false</autoIncrementCycle>
</Column>
<Column name="GROUP_ID" id="92E53FA2-7C2E-C017-50FA-CEF1E6488766">
<sourceConnName>deepthought</sourceConnName>
<sourceObjSchema>DMKR_TRANSLAT</sourceObjSchema>
<sourceObjName>GROUP_ID</sourceObjName>
<createdBy>calittle</createdBy>
<createdTime>2019-04-17 17:26:27 UTC</createdTime>
<commentInRDBMS>Application Group ID to identify a portion in the UI by a name for lookup.</commentInRDBMS>
<ownerDesignName>ODEE_1262_Design</ownerDesignName>
<useDomainConstraints>false</useDomainConstraints>
<use>1</use>
<logicalDatatype>LOGDT037</logicalDatatype>
<dataTypeSize>256</dataTypeSize>
<autoIncrementCycle>false</autoIncrementCycle>
</Column>
<Column name="ID" id="27E28FDE-B034-F69F-B5C2-CCA3700262CF">
<sourceConnName>deepthought</sourceConnName>
<sourceObjSchema>DMKR_TRANSLAT</sourceObjSchema>
<sourceObjName>ID</sourceObjName>
<createdBy>calittle</createdBy>
<createdTime>2019-04-17 17:26:27 UTC</createdTime>
<commentInRDBMS>Application Picklist values to store.</commentInRDBMS>
<ownerDesignName>ODEE_1262_Design</ownerDesignName>
<useDomainConstraints>false</useDomainConstraints>
<use>1</use>
<logicalDatatype>LOGDT037</logicalDatatype>
<dataTypeSize>256</dataTypeSize>
<autoIncrementCycle>false</autoIncrementCycle>
</Column>
<Column name="DISPLAY" id="7683BBDF-DA4C-05BE-CE9A-9F62629C8873">
<sourceConnName>deepthought</sourceConnName>
<sourceObjSchema>DMKR_TRANSLAT</sourceObjSchema>
<sourceObjName>DISPLAY</sourceObjName>
<createdBy>calittle</createdBy>
<createdTime>2019-04-17 17:26:27 UTC</createdTime>
<commentInRDBMS>Application Picklist values to display to the app user.</commentInRDBMS>
<ownerDesignName>ODEE_1262_Design</ownerDesignName>
<useDomainConstraints>false</useDomainConstraints>
<use>1</use>
<logicalDatatype>LOGDT037</logicalDatatype>
<dataTypeSize>1000</dataTypeSize>
<autoIncrementCycle>false</autoIncrementCycle>
</Column>
<Column name="DESCRIPTION" id="96F2E1FC-7D69-B93B-BDFA-93A2FDC656F6">
<sourceConnName>deepthought</sourceConnName>
<sourceObjSchema>DMKR_TRANSLAT</sourceObjSchema>
<sourceObjName>DESCRIPTION</sourceObjName>
<createdBy>calittle</createdBy>
<createdTime>2019-04-17 17:26:27 UTC</createdTime>
<commentInRDBMS>Description for the item, usually a tool-tip for the end user. </commentInRDBMS>
<ownerDesignName>ODEE_1262_Design</ownerDesignName>
<nullsAllowed>true</nullsAllowed>
<useDomainConstraints>false</useDomainConstraints>
<use>1</use>
<logicalDatatype>LOGDT037</logicalDatatype>
<dataTypeSize>1000</dataTypeSize>
<autoIncrementCycle>false</autoIncrementCycle>
</Column>
<Column name="DISPLAYSEQ" id="BE93B6F3-BC35-F6E0-8C45-A2EA8A539FF2">
<sourceConnName>deepthought</sourceConnName>
<sourceObjSchema>DMKR_TRANSLAT</sourceObjSchema>
<sourceObjName>DISPLAYSEQ</sourceObjName>
<createdBy>calittle</createdBy>
<createdTime>2019-04-17 17:26:27 UTC</createdTime>
<ownerDesignName>ODEE_1262_Design</ownerDesignName>
<nullsAllowed>true</nullsAllowed>
<useDomainConstraints>false</useDomainConstraints>
<use>1</use>
<logicalDatatype>LOGDT019</logicalDatatype>
<dataTypePrecision>10</dataTypePrecision>
<defaultValue>1</defaultValue>
<autoIncrementCycle>false</autoIncrementCycle>
</Column>
</columns>
<indexes itemClass="oracle.dbtools.crest.model.design.relational.Index">
<ind_PK_UK id="5CFABF6F-56D2-5812-5086-A36F5EA289E7" name="DMKR_TRANSLAT_PK">
<sourceConnName>deepthought</sourceConnName>
<sourceObjSchema>DMKR_ADMIN</sourceObjSchema>
<sourceObjName>DMKR_TRANSLAT_PK</sourceObjName>
<createdBy>calittle</createdBy>
<createdTime>2019-04-17 17:26:50 UTC</createdTime>
<ownerDesignName>ODEE_1262_Design</ownerDesignName>
<pk>true</pk>
<indexState>Primary Constraint</indexState>
<isSurrogateKey>false</isSurrogateKey>
<indexColumnUsage>
<colUsage columnID="CC6B00C0-04DD-7BAC-88F8-515495B04A75"/>
<colUsage columnID="A7E39FC2-44E0-F7A0-77BC-31BF55600C6D"/>
<colUsage columnID="9CC6B63D-53A6-5C09-FAF2-17A3ADA0A8DC"/>
<colUsage columnID="E10D35FE-B65F-F657-056E-09A474191678"/>
<colUsage columnID="92E53FA2-7C2E-C017-50FA-CEF1E6488766"/>
<colUsage columnID="27E28FDE-B034-F69F-B5C2-CCA3700262CF"/>
</indexColumnUsage>
</ind_PK_UK>
<ind_PK_UK id="4E25DF75-C1D6-1B3D-4072-C25CAB53D643" name="DMKR_TRANSLAT_PK">
<sourceConnName>deepthought</sourceConnName>
<sourceObjSchema>DMKR_ADMIN</sourceObjSchema>
<sourceObjName>DMKR_TRANSLAT_PK</sourceObjName>
<createdBy>calittle</createdBy>
<createdTime>2019-04-17 17:26:48 UTC</createdTime>
<ownerDesignName>ODEE_1262_Design</ownerDesignName>
<indexState>Unique Plain Index</indexState>
<schemaObject>0323F05B-A91A-E5F5-C386-B3516E1DFCEB</schemaObject>
<isSurrogateKey>false</isSurrogateKey>
<indexColumnUsage>
<colUsage columnID="CC6B00C0-04DD-7BAC-88F8-515495B04A75"/>
<colUsage columnID="A7E39FC2-44E0-F7A0-77BC-31BF55600C6D"/>
<colUsage columnID="9CC6B63D-53A6-5C09-FAF2-17A3ADA0A8DC"/>
<colUsage columnID="E10D35FE-B65F-F657-056E-09A474191678"/>
<colUsage columnID="92E53FA2-7C2E-C017-50FA-CEF1E6488766"/>
<colUsage columnID="27E28FDE-B034-F69F-B5C2-CCA3700262CF"/>
</indexColumnUsage>
</ind_PK_UK>
</indexes>
</Table>