<?xml version = '1.0' encoding = 'UTF-8'?>
<Table class="oracle.dbtools.crest.model.design.relational.Table" directorySegmentName="seg_0" id="837AAB48-A266-5AEB-CF9C-1C05A9BFF2CB" name="DMRES_LBYL">
<sourceConnName>deepthought</sourceConnName>
<sourceObjSchema>DMKR_ASLINE</sourceObjSchema>
<sourceObjName>DMRES_LBYL</sourceObjName>
<createdBy>calittle</createdBy>
<createdTime>2019-04-17 17:25:41 UTC</createdTime>
<ownerDesignName>ODEE_1262_Design</ownerDesignName>
<schemaObject>8FC895A7-E0A2-11C9-AE90-BEF4CA704C97</schemaObject>
<allowColumnReorder>false</allowColumnReorder>
<existDependencyGenerateInDDl>true</existDependencyGenerateInDDl>
<columns itemClass="oracle.dbtools.crest.model.design.relational.Column">
<Column name="DATE" id="9FF940D4-E100-6FF7-D405-DA509A6A9203">
<sourceConnName>deepthought</sourceConnName>
<sourceObjSchema>DMRES_LBYL</sourceObjSchema>
<sourceObjName>DATE</sourceObjName>
<createdBy>calittle</createdBy>
<createdTime>2019-04-17 17:26:35 UTC</createdTime>
<ownerDesignName>ODEE_1262_Design</ownerDesignName>
<nullsAllowed>true</nullsAllowed>
<useDomainConstraints>false</useDomainConstraints>
<use>1</use>
<logicalDatatype>LOGDT025</logicalDatatype>
<dataTypeSize>8 BYTE</dataTypeSize>
<autoIncrementCycle>false</autoIncrementCycle>
</Column>
<Column name="TIME" id="6D6E33F3-2BA5-2344-24C9-ACC503034F31">
<sourceConnName>deepthought</sourceConnName>
<sourceObjSchema>DMRES_LBYL</sourceObjSchema>
<sourceObjName>TIME</sourceObjName>
<createdBy>calittle</createdBy>
<createdTime>2019-04-17 17:26:35 UTC</createdTime>
<ownerDesignName>ODEE_1262_Design</ownerDesignName>
<nullsAllowed>true</nullsAllowed>
<useDomainConstraints>false</useDomainConstraints>
<use>1</use>
<logicalDatatype>LOGDT025</logicalDatatype>
<dataTypeSize>10 BYTE</dataTypeSize>
<autoIncrementCycle>false</autoIncrementCycle>
</Column>
<Column name="LIBNAME" id="22F8BD13-D8A4-CC4C-2F71-74A1EFD8F7F1">
<sourceConnName>deepthought</sourceConnName>
<sourceObjSchema>DMRES_LBYL</sourceObjSchema>
<sourceObjName>LIBNAME</sourceObjName>
<createdBy>calittle</createdBy>
<createdTime>2019-04-17 17:26:35 UTC</createdTime>
<ownerDesignName>ODEE_1262_Design</ownerDesignName>
<nullsAllowed>true</nullsAllowed>
<useDomainConstraints>false</useDomainConstraints>
<use>1</use>
<logicalDatatype>LOGDT025</logicalDatatype>
<dataTypeSize>129 BYTE</dataTypeSize>
<autoIncrementCycle>false</autoIncrementCycle>
</Column>
<Column name="ACTION" id="2EF06B76-33AE-8D01-61BA-FAF2409BE6F7">
<sourceConnName>deepthought</sourceConnName>
<sourceObjSchema>DMRES_LBYL</sourceObjSchema>
<sourceObjName>ACTION</sourceObjName>
<createdBy>calittle</createdBy>
<createdTime>2019-04-17 17:26:35 UTC</createdTime>
<ownerDesignName>ODEE_1262_Design</ownerDesignName>
<nullsAllowed>true</nullsAllowed>
<useDomainConstraints>false</useDomainConstraints>
<use>1</use>
<logicalDatatype>LOGDT025</logicalDatatype>
<dataTypeSize>20 BYTE</dataTypeSize>
<autoIncrementCycle>false</autoIncrementCycle>
</Column>
<Column name="FILENAME" id="B333A2D3-E88F-27CB-A54D-E5D2ECB7C7F4">
<sourceConnName>deepthought</sourceConnName>
<sourceObjSchema>DMRES_LBYL</sourceObjSchema>
<sourceObjName>FILENAME</sourceObjName>
<createdBy>calittle</createdBy>
<createdTime>2019-04-17 17:26:35 UTC</createdTime>
<ownerDesignName>ODEE_1262_Design</ownerDesignName>
<nullsAllowed>true</nullsAllowed>
<useDomainConstraints>false</useDomainConstraints>
<use>1</use>
<logicalDatatype>LOGDT025</logicalDatatype>
<dataTypeSize>100 BYTE</dataTypeSize>
<autoIncrementCycle>false</autoIncrementCycle>
</Column>
<Column name="FILETYPE" id="1AA6354D-B917-D86C-4472-DF9AB16F1B24">
<sourceConnName>deepthought</sourceConnName>
<sourceObjSchema>DMRES_LBYL</sourceObjSchema>
<sourceObjName>FILETYPE</sourceObjName>
<createdBy>calittle</createdBy>
<createdTime>2019-04-17 17:26:35 UTC</createdTime>
<ownerDesignName>ODEE_1262_Design</ownerDesignName>
<nullsAllowed>true</nullsAllowed>
<useDomainConstraints>false</useDomainConstraints>
<use>1</use>
<logicalDatatype>LOGDT025</logicalDatatype>
<dataTypeSize>3 BYTE</dataTypeSize>
<autoIncrementCycle>false</autoIncrementCycle>
</Column>
<Column name="VERSION" id="94D62756-7295-6744-A9E2-76255D64A15E">
<sourceConnName>deepthought</sourceConnName>
<sourceObjSchema>DMRES_LBYL</sourceObjSchema>
<sourceObjName>VERSION</sourceObjName>
<createdBy>calittle</createdBy>
<createdTime>2019-04-17 17:26:35 UTC</createdTime>
<ownerDesignName>ODEE_1262_Design</ownerDesignName>
<nullsAllowed>true</nullsAllowed>
<useDomainConstraints>false</useDomainConstraints>
<use>1</use>
<logicalDatatype>LOGDT025</logicalDatatype>
<dataTypeSize>5 BYTE</dataTypeSize>
<autoIncrementCycle>false</autoIncrementCycle>
</Column>
<Column name="REVISION" id="30D98101-449C-333F-E259-9A2795D14E8A">
<sourceConnName>deepthought</sourceConnName>
<sourceObjSchema>DMRES_LBYL</sourceObjSchema>
<sourceObjName>REVISION</sourceObjName>
<createdBy>calittle</createdBy>
<createdTime>2019-04-17 17:26:35 UTC</createdTime>
<ownerDesignName>ODEE_1262_Design</ownerDesignName>
<nullsAllowed>true</nullsAllowed>
<useDomainConstraints>false</useDomainConstraints>
<use>1</use>
<logicalDatatype>LOGDT025</logicalDatatype>
<dataTypeSize>5 BYTE</dataTypeSize>
<autoIncrementCycle>false</autoIncrementCycle>
</Column>
<Column name="EFFECTIV" id="3E697933-E790-6651-6BB1-372637AE8CBA">
<sourceConnName>deepthought</sourceConnName>
<sourceObjSchema>DMRES_LBYL</sourceObjSchema>
<sourceObjName>EFFECTIV</sourceObjName>
<createdBy>calittle</createdBy>
<createdTime>2019-04-17 17:26:35 UTC</createdTime>
<ownerDesignName>ODEE_1262_Design</ownerDesignName>
<nullsAllowed>true</nullsAllowed>
<useDomainConstraints>false</useDomainConstraints>
<use>1</use>
<logicalDatatype>LOGDT025</logicalDatatype>
<dataTypeSize>10 BYTE</dataTypeSize>
<autoIncrementCycle>false</autoIncrementCycle>
</Column>
<Column name="MODE" id="AA73BBAB-CE33-F149-8935-126B1AAF8420">
<sourceConnName>deepthought</sourceConnName>
<sourceObjSchema>DMRES_LBYL</sourceObjSchema>
<sourceObjName>MODE</sourceObjName>
<createdBy>calittle</createdBy>
<createdTime>2019-04-17 17:26:35 UTC</createdTime>
<ownerDesignName>ODEE_1262_Design</ownerDesignName>
<nullsAllowed>true</nullsAllowed>
<useDomainConstraints>false</useDomainConstraints>
<use>1</use>
<logicalDatatype>LOGDT025</logicalDatatype>
<dataTypeSize>25 BYTE</dataTypeSize>
<autoIncrementCycle>false</autoIncrementCycle>
</Column>
<Column name="STATUS" id="49DC2B9C-EECD-0964-AED8-B29431D8D327">
<sourceConnName>deepthought</sourceConnName>
<sourceObjSchema>DMRES_LBYL</sourceObjSchema>
<sourceObjName>STATUS</sourceObjName>
<createdBy>calittle</createdBy>
<createdTime>2019-04-17 17:26:35 UTC</createdTime>
<ownerDesignName>ODEE_1262_Design</ownerDesignName>
<nullsAllowed>true</nullsAllowed>
<useDomainConstraints>false</useDomainConstraints>
<use>1</use>
<logicalDatatype>LOGDT025</logicalDatatype>
<dataTypeSize>25 BYTE</dataTypeSize>
<autoIncrementCycle>false</autoIncrementCycle>
</Column>
<Column name="CLASS" id="37307F09-D111-3B22-7AC1-C8E80FBC815B">
<sourceConnName>deepthought</sourceConnName>
<sourceObjSchema>DMRES_LBYL</sourceObjSchema>
<sourceObjName>CLASS</sourceObjName>
<createdBy>calittle</createdBy>
<createdTime>2019-04-17 17:26:35 UTC</createdTime>
<ownerDesignName>ODEE_1262_Design</ownerDesignName>
<nullsAllowed>true</nullsAllowed>
<useDomainConstraints>false</useDomainConstraints>
<use>1</use>
<logicalDatatype>LOGDT025</logicalDatatype>
<dataTypeSize>25 BYTE</dataTypeSize>
<autoIncrementCycle>false</autoIncrementCycle>
</Column>
<Column name="PROJECT" id="6441F439-9AC3-FE4C-3087-628C7A29413F">
<sourceConnName>deepthought</sourceConnName>
<sourceObjSchema>DMRES_LBYL</sourceObjSchema>
<sourceObjName>PROJECT</sourceObjName>
<createdBy>calittle</createdBy>
<createdTime>2019-04-17 17:26:35 UTC</createdTime>
<ownerDesignName>ODEE_1262_Design</ownerDesignName>
<nullsAllowed>true</nullsAllowed>
<useDomainConstraints>false</useDomainConstraints>
<use>1</use>
<logicalDatatype>LOGDT025</logicalDatatype>
<dataTypeSize>25 BYTE</dataTypeSize>
<autoIncrementCycle>false</autoIncrementCycle>
</Column>
<Column name="USERID" id="D54E3DBA-D8F5-D27A-6FA9-057BBC3C988C">
<sourceConnName>deepthought</sourceConnName>
<sourceObjSchema>DMRES_LBYL</sourceObjSchema>
<sourceObjName>USERID</sourceObjName>
<createdBy>calittle</createdBy>
<createdTime>2019-04-17 17:26:35 UTC</createdTime>
<ownerDesignName>ODEE_1262_Design</ownerDesignName>
<nullsAllowed>true</nullsAllowed>
<useDomainConstraints>false</useDomainConstraints>
<use>1</use>
<logicalDatatype>LOGDT025</logicalDatatype>
<dataTypeSize>64 BYTE</dataTypeSize>
<autoIncrementCycle>false</autoIncrementCycle>
</Column>
<Column name="PROCESS" id="8EBC6C7F-7504-5C27-232C-5715E997AF50">
<sourceConnName>deepthought</sourceConnName>
<sourceObjSchema>DMRES_LBYL</sourceObjSchema>
<sourceObjName>PROCESS</sourceObjName>
<createdBy>calittle</createdBy>
<createdTime>2019-04-17 17:26:35 UTC</createdTime>
<ownerDesignName>ODEE_1262_Design</ownerDesignName>
<nullsAllowed>true</nullsAllowed>
<useDomainConstraints>false</useDomainConstraints>
<use>1</use>
<logicalDatatype>LOGDT025</logicalDatatype>
<dataTypeSize>20 BYTE</dataTypeSize>
<autoIncrementCycle>false</autoIncrementCycle>
</Column>
</columns>
<indexes itemClass="oracle.dbtools.crest.model.design.relational.Index">
<ind_PK_UK id="DF013794-7DD2-9677-ECB5-E318F5889E70" name="DMRLBYLUNIQTAG">
<sourceConnName>deepthought</sourceConnName>
<sourceObjSchema>DMKR_ASLINE</sourceObjSchema>
<sourceObjName>DMRLBYLUNIQTAG</sourceObjName>
<createdBy>calittle</createdBy>
<createdTime>2019-04-17 17:26:48 UTC</createdTime>
<ownerDesignName>ODEE_1262_Design</ownerDesignName>
<schemaObject>8FC895A7-E0A2-11C9-AE90-BEF4CA704C97</schemaObject>
<isSurrogateKey>false</isSurrogateKey>
<indexColumnUsage>
<colUsage columnID="9FF940D4-E100-6FF7-D405-DA509A6A9203"/>
<colUsage columnID="6D6E33F3-2BA5-2344-24C9-ACC503034F31"/>
<colUsage columnID="22F8BD13-D8A4-CC4C-2F71-74A1EFD8F7F1"/>
<colUsage columnID="2EF06B76-33AE-8D01-61BA-FAF2409BE6F7"/>
<colUsage columnID="B333A2D3-E88F-27CB-A54D-E5D2ECB7C7F4"/>
<colUsage columnID="1AA6354D-B917-D86C-4472-DF9AB16F1B24"/>
<colUsage columnID="94D62756-7295-6744-A9E2-76255D64A15E"/>
<colUsage columnID="30D98101-449C-333F-E259-9A2795D14E8A"/>
<colUsage columnID="3E697933-E790-6651-6BB1-372637AE8CBA"/>
</indexColumnUsage>
</ind_PK_UK>
<ind_PK_UK id="D7AEE259-6514-A0FE-86EB-499C1E39CAED" name="DMRLBYLLOGTAG">
<sourceConnName>deepthought</sourceConnName>
<sourceObjSchema>DMKR_ASLINE</sourceObjSchema>
<sourceObjName>DMRLBYLLOGTAG</sourceObjName>
<createdBy>calittle</createdBy>
<createdTime>2019-04-17 17:26:48 UTC</createdTime>
<ownerDesignName>ODEE_1262_Design</ownerDesignName>
<schemaObject>8FC895A7-E0A2-11C9-AE90-BEF4CA704C97</schemaObject>
<isSurrogateKey>false</isSurrogateKey>
<indexColumnUsage>
<colUsage columnID="9FF940D4-E100-6FF7-D405-DA509A6A9203"/>
<colUsage columnID="6D6E33F3-2BA5-2344-24C9-ACC503034F31"/>
</indexColumnUsage>
</ind_PK_UK>
</indexes>
</Table>