<?xml version = '1.0' encoding = 'UTF-8'?>
<Table class="oracle.dbtools.crest.model.design.relational.Table" directorySegmentName="seg_0" id="8800F0EA-80F0-BB43-F44D-0E2BAAA46ED2" name="SYSCONFIGCONTEXT">
<sourceConnName>deepthought</sourceConnName>
<sourceObjSchema>DMKR_ADMIN</sourceObjSchema>
<sourceObjName>SYSCONFIGCONTEXT</sourceObjName>
<createdBy>calittle</createdBy>
<createdTime>2019-04-17 17:25:18 UTC</createdTime>
<commentInRDBMS>Document Factory System Configuration Context</commentInRDBMS>
<ownerDesignName>ODEE_1262_Design</ownerDesignName>
<schemaObject>0323F05B-A91A-E5F5-C386-B3516E1DFCEB</schemaObject>
<allowColumnReorder>false</allowColumnReorder>
<existDependencyGenerateInDDl>true</existDependencyGenerateInDDl>
<columns itemClass="oracle.dbtools.crest.model.design.relational.Column">
<Column name="SYS_ID" id="479C9163-EE29-7C7B-2233-217F557587EE">
<sourceConnName>deepthought</sourceConnName>
<sourceObjSchema>SYSCONFIGCONTEXT</sourceObjSchema>
<sourceObjName>SYS_ID</sourceObjName>
<createdBy>calittle</createdBy>
<createdTime>2019-04-17 17:26:29 UTC</createdTime>
<ownerDesignName>ODEE_1262_Design</ownerDesignName>
<useDomainConstraints>false</useDomainConstraints>
<use>1</use>
<logicalDatatype>LOGDT019</logicalDatatype>
<dataTypePrecision>38</dataTypePrecision>
<delegate>87536D0F-2C4A-6855-7C6A-9A9296AA0F6C</delegate>
<autoIncrementCycle>false</autoIncrementCycle>
<associations>
<colAssociation fkAssociation="C7B5003C-37B8-66C9-A9E0-201729C9E2BD" referredColumn="87536D0F-2C4A-6855-7C6A-9A9296AA0F6C"/>
</associations>
</Column>
<Column name="CTX_ID" id="6AFE8C1D-1883-5F8F-D940-C91385C2A59D">
<sourceConnName>deepthought</sourceConnName>
<sourceObjSchema>SYSCONFIGCONTEXT</sourceObjSchema>
<sourceObjName>CTX_ID</sourceObjName>
<createdBy>calittle</createdBy>
<createdTime>2019-04-17 17:26:29 UTC</createdTime>
<commentInRDBMS>Context ID primary key</commentInRDBMS>
<ownerDesignName>ODEE_1262_Design</ownerDesignName>
<useDomainConstraints>false</useDomainConstraints>
<use>1</use>
<logicalDatatype>LOGDT019</logicalDatatype>
<dataTypePrecision>38</dataTypePrecision>
<autoIncrementCycle>false</autoIncrementCycle>
</Column>
<Column name="CONTEXT_NAME" id="0CAA6E0A-7410-023B-1815-2A30C4935BD6">
<sourceConnName>deepthought</sourceConnName>
<sourceObjSchema>SYSCONFIGCONTEXT</sourceObjSchema>
<sourceObjName>CONTEXT_NAME</sourceObjName>
<createdBy>calittle</createdBy>
<createdTime>2019-04-17 17:26:29 UTC</createdTime>
<commentInRDBMS>Context grouping of associated GROUP_NAMEs.  </commentInRDBMS>
<ownerDesignName>ODEE_1262_Design</ownerDesignName>
<nullsAllowed>true</nullsAllowed>
<useDomainConstraints>false</useDomainConstraints>
<use>1</use>
<logicalDatatype>LOGDT037</logicalDatatype>
<dataTypeSize>256</dataTypeSize>
<autoIncrementCycle>false</autoIncrementCycle>
</Column>
<Column name="GROUP_NAME" id="F6D19656-AD96-307B-93B0-64B4A7326BB1">
<sourceConnName>deepthought</sourceConnName>
<sourceObjSchema>SYSCONFIGCONTEXT</sourceObjSchema>
<sourceObjName>GROUP_NAME</sourceObjName>
<createdBy>calittle</createdBy>
<createdTime>2019-04-17 17:26:29 UTC</createdTime>
<ownerDesignName>ODEE_1262_Design</ownerDesignName>
<useDomainConstraints>false</useDomainConstraints>
<use>1</use>
<logicalDatatype>LOGDT037</logicalDatatype>
<dataTypeSize>256</dataTypeSize>
<autoIncrementCycle>false</autoIncrementCycle>
</Column>
<Column name="PROPERTY" id="AAF2AA27-AD54-AE1B-F9A5-7A00D37E0C42">
<sourceConnName>deepthought</sourceConnName>
<sourceObjSchema>SYSCONFIGCONTEXT</sourceObjSchema>
<sourceObjName>PROPERTY</sourceObjName>
<createdBy>calittle</createdBy>
<createdTime>2019-04-17 17:26:29 UTC</createdTime>
<commentInRDBMS>Property Name</commentInRDBMS>
<ownerDesignName>ODEE_1262_Design</ownerDesignName>
<useDomainConstraints>false</useDomainConstraints>
<use>1</use>
<logicalDatatype>LOGDT037</logicalDatatype>
<dataTypeSize>256</dataTypeSize>
<autoIncrementCycle>false</autoIncrementCycle>
</Column>
<Column name="VALUE" id="EDA94A6C-3905-B840-7AD3-47F56C24207F">
<sourceConnName>deepthought</sourceConnName>
<sourceObjSchema>SYSCONFIGCONTEXT</sourceObjSchema>
<sourceObjName>VALUE</sourceObjName>
<createdBy>calittle</createdBy>
<createdTime>2019-04-17 17:26:29 UTC</createdTime>
<commentInRDBMS>Value of the Property</commentInRDBMS>
<ownerDesignName>ODEE_1262_Design</ownerDesignName>
<nullsAllowed>true</nullsAllowed>
<useDomainConstraints>false</useDomainConstraints>
<use>1</use>
<logicalDatatype>LOGDT037</logicalDatatype>
<dataTypeSize>1000</dataTypeSize>
<autoIncrementCycle>false</autoIncrementCycle>
</Column>
<Column name="VALUE_TYPE" id="C51E72C5-9940-4A28-8009-896735D63931">
<sourceConnName>deepthought</sourceConnName>
<sourceObjSchema>SYSCONFIGCONTEXT</sourceObjSchema>
<sourceObjName>VALUE_TYPE</sourceObjName>
<createdBy>calittle</createdBy>
<createdTime>2019-04-17 17:26:29 UTC</createdTime>
<commentInRDBMS>Value type of the Property:&lt;br/&gt;0=Alphanumeric (default)&lt;br/&gt;1=Alphanumeric Multiline&lt;br/&gt;2=Numeric&lt;br/&gt;3=Alpha&lt;br/&gt;4=PickList&lt;br/&gt;5=Boolean&lt;br/&gt;6=Schedule&lt;br/&gt;7=Date Time</commentInRDBMS>
<ownerDesignName>ODEE_1262_Design</ownerDesignName>
<nullsAllowed>true</nullsAllowed>
<useDomainConstraints>false</useDomainConstraints>
<use>1</use>
<logicalDatatype>LOGDT019</logicalDatatype>
<dataTypePrecision>10</dataTypePrecision>
<defaultValue>0</defaultValue>
<autoIncrementCycle>false</autoIncrementCycle>
</Column>
<Column name="VALUE_REF" id="3B79B616-E730-8B46-4117-3A99CFB8C12F">
<sourceConnName>deepthought</sourceConnName>
<sourceObjSchema>SYSCONFIGCONTEXT</sourceObjSchema>
<sourceObjName>VALUE_REF</sourceObjName>
<createdBy>calittle</createdBy>
<createdTime>2019-04-17 17:26:29 UTC</createdTime>
<commentInRDBMS>Additional reference for value types. Example, used for PickList lookups from DMKR_TRANSLAT </commentInRDBMS>
<ownerDesignName>ODEE_1262_Design</ownerDesignName>
<nullsAllowed>true</nullsAllowed>
<useDomainConstraints>false</useDomainConstraints>
<use>1</use>
<logicalDatatype>LOGDT037</logicalDatatype>
<dataTypeSize>256</dataTypeSize>
<autoIncrementCycle>false</autoIncrementCycle>
</Column>
<Column name="GROUPSEQ" id="ECF2B218-36C1-CFBC-D62E-AB148743EEEC">
<sourceConnName>deepthought</sourceConnName>
<sourceObjSchema>SYSCONFIGCONTEXT</sourceObjSchema>
<sourceObjName>GROUPSEQ</sourceObjName>
<createdBy>calittle</createdBy>
<createdTime>2019-04-17 17:26:29 UTC</createdTime>
<commentInRDBMS>Sequence of order of Properties under a Group_Name.&lt;br/&gt;Important if Properties are repeated and make a listing of values.</commentInRDBMS>
<ownerDesignName>ODEE_1262_Design</ownerDesignName>
<nullsAllowed>true</nullsAllowed>
<useDomainConstraints>false</useDomainConstraints>
<use>1</use>
<logicalDatatype>LOGDT019</logicalDatatype>
<dataTypePrecision>10</dataTypePrecision>
<defaultValue>1</defaultValue>
<autoIncrementCycle>false</autoIncrementCycle>
</Column>
<Column name="CATEGORY" id="1D822CB2-F39E-F76E-7AB4-B0437D280D95">
<sourceConnName>deepthought</sourceConnName>
<sourceObjSchema>SYSCONFIGCONTEXT</sourceObjSchema>
<sourceObjName>CATEGORY</sourceObjName>
<createdBy>calittle</createdBy>
<createdTime>2019-04-17 17:26:29 UTC</createdTime>
<commentInRDBMS>Category of the Property</commentInRDBMS>
<ownerDesignName>ODEE_1262_Design</ownerDesignName>
<nullsAllowed>true</nullsAllowed>
<useDomainConstraints>false</useDomainConstraints>
<use>1</use>
<logicalDatatype>LOGDT037</logicalDatatype>
<dataTypeSize>50</dataTypeSize>
<autoIncrementCycle>false</autoIncrementCycle>
</Column>
<Column name="ACTIVE" id="9C6001B6-5B83-7E1E-630D-5EDBADD798C3">
<sourceConnName>deepthought</sourceConnName>
<sourceObjSchema>SYSCONFIGCONTEXT</sourceObjSchema>
<sourceObjName>ACTIVE</sourceObjName>
<createdBy>calittle</createdBy>
<createdTime>2019-04-17 17:26:29 UTC</createdTime>
<commentInRDBMS>Denotes if the configuration row is active (TRUE=1) or inactive (FALSE=0).&lt;br/&gt;Inactive will not be evaluated by the processes using the setting. </commentInRDBMS>
<ownerDesignName>ODEE_1262_Design</ownerDesignName>
<nullsAllowed>true</nullsAllowed>
<useDomainConstraints>false</useDomainConstraints>
<use>1</use>
<logicalDatatype>LOGDT019</logicalDatatype>
<dataTypePrecision>5</dataTypePrecision>
<defaultValue>1</defaultValue>
<autoIncrementCycle>false</autoIncrementCycle>
</Column>
<Column name="IS_SECRET" id="AAA46BE9-482F-C274-2957-BC7A44B0D013">
<sourceConnName>deepthought</sourceConnName>
<sourceObjSchema>SYSCONFIGCONTEXT</sourceObjSchema>
<sourceObjName>IS_SECRET</sourceObjName>
<createdBy>calittle</createdBy>
<createdTime>2019-04-17 17:26:29 UTC</createdTime>
<commentInRDBMS>Value is secret and should not be displayed.</commentInRDBMS>
<ownerDesignName>ODEE_1262_Design</ownerDesignName>
<nullsAllowed>true</nullsAllowed>
<useDomainConstraints>false</useDomainConstraints>
<use>1</use>
<logicalDatatype>LOGDT019</logicalDatatype>
<dataTypePrecision>5</dataTypePrecision>
<defaultValue>0</defaultValue>
<autoIncrementCycle>false</autoIncrementCycle>
</Column>
<Column name="IS_ENCRYPT" id="4E885E77-C7B8-B854-F9E1-CA16D1C2F120">
<sourceConnName>deepthought</sourceConnName>
<sourceObjSchema>SYSCONFIGCONTEXT</sourceObjSchema>
<sourceObjName>IS_ENCRYPT</sourceObjName>
<createdBy>calittle</createdBy>
<createdTime>2019-04-17 17:26:29 UTC</createdTime>
<commentInRDBMS>Value is to be Encrypted. </commentInRDBMS>
<ownerDesignName>ODEE_1262_Design</ownerDesignName>
<nullsAllowed>true</nullsAllowed>
<useDomainConstraints>false</useDomainConstraints>
<use>1</use>
<logicalDatatype>LOGDT019</logicalDatatype>
<dataTypePrecision>5</dataTypePrecision>
<defaultValue>0</defaultValue>
<autoIncrementCycle>false</autoIncrementCycle>
</Column>
<Column name="CREATETIME" id="E55FB4AB-FFC2-F77F-160A-65A4D8BD8CDE">
<sourceConnName>deepthought</sourceConnName>
<sourceObjSchema>SYSCONFIGCONTEXT</sourceObjSchema>
<sourceObjName>CREATETIME</sourceObjName>
<createdBy>calittle</createdBy>
<createdTime>2019-04-17 17:26:29 UTC</createdTime>
<commentInRDBMS>UTC time for when the entry was inserted.</commentInRDBMS>
<ownerDesignName>ODEE_1262_Design</ownerDesignName>
<nullsAllowed>true</nullsAllowed>
<useDomainConstraints>false</useDomainConstraints>
<use>1</use>
<logicalDatatype>LOGDT015</logicalDatatype>
<dataTypePrecision>6</dataTypePrecision>
<autoIncrementCycle>false</autoIncrementCycle>
</Column>
<Column name="MODIFYTIME" id="C80B28DC-442A-6E96-82FB-6FA60C77FF68">
<sourceConnName>deepthought</sourceConnName>
<sourceObjSchema>SYSCONFIGCONTEXT</sourceObjSchema>
<sourceObjName>MODIFYTIME</sourceObjName>
<createdBy>calittle</createdBy>
<createdTime>2019-04-17 17:26:29 UTC</createdTime>
<commentInRDBMS>UTC time for when the entry was last modified.</commentInRDBMS>
<ownerDesignName>ODEE_1262_Design</ownerDesignName>
<nullsAllowed>true</nullsAllowed>
<useDomainConstraints>false</useDomainConstraints>
<use>1</use>
<logicalDatatype>LOGDT015</logicalDatatype>
<dataTypePrecision>6</dataTypePrecision>
<autoIncrementCycle>false</autoIncrementCycle>
</Column>
<Column name="USERTAG1" id="39A9C601-1B4A-4D6E-0077-44082796BA74">
<sourceConnName>deepthought</sourceConnName>
<sourceObjSchema>SYSCONFIGCONTEXT</sourceObjSchema>
<sourceObjName>USERTAG1</sourceObjName>
<createdBy>calittle</createdBy>
<createdTime>2019-04-17 17:26:29 UTC</createdTime>
<commentInRDBMS>Tag column to allow for comma delimited user tags for searching.</commentInRDBMS>
<ownerDesignName>ODEE_1262_Design</ownerDesignName>
<nullsAllowed>true</nullsAllowed>
<useDomainConstraints>false</useDomainConstraints>
<use>1</use>
<logicalDatatype>LOGDT037</logicalDatatype>
<dataTypeSize>256</dataTypeSize>
<autoIncrementCycle>false</autoIncrementCycle>
</Column>
<Column name="NOTES" id="B3F6808E-466E-25F3-844B-158A1BE7CAE5">
<sourceConnName>deepthought</sourceConnName>
<sourceObjSchema>SYSCONFIGCONTEXT</sourceObjSchema>
<sourceObjName>NOTES</sourceObjName>
<createdBy>calittle</createdBy>
<createdTime>2019-04-17 17:26:29 UTC</createdTime>
<commentInRDBMS>Notes about configuration option row. </commentInRDBMS>
<ownerDesignName>ODEE_1262_Design</ownerDesignName>
<nullsAllowed>true</nullsAllowed>
<useDomainConstraints>false</useDomainConstraints>
<use>1</use>
<logicalDatatype>LOGDT037</logicalDatatype>
<dataTypeSize>2000</dataTypeSize>
<autoIncrementCycle>false</autoIncrementCycle>
</Column>
<Column name="USER_ID" id="DC2DC7E3-DE66-00F2-DAF4-954F6E0BC791">
<sourceConnName>deepthought</sourceConnName>
<sourceObjSchema>SYSCONFIGCONTEXT</sourceObjSchema>
<sourceObjName>USER_ID</sourceObjName>
<createdBy>calittle</createdBy>
<createdTime>2019-04-17 17:26:29 UTC</createdTime>
<commentInRDBMS>Last User_id to modify the row.</commentInRDBMS>
<ownerDesignName>ODEE_1262_Design</ownerDesignName>
<nullsAllowed>true</nullsAllowed>
<useDomainConstraints>false</useDomainConstraints>
<use>1</use>
<logicalDatatype>LOGDT019</logicalDatatype>
<dataTypePrecision>38</dataTypePrecision>
<autoIncrementCycle>false</autoIncrementCycle>
</Column>
<Column name="USER_NAME" id="FFF73238-5842-4E11-004A-4CE313921775">
<sourceConnName>deepthought</sourceConnName>
<sourceObjSchema>SYSCONFIGCONTEXT</sourceObjSchema>
<sourceObjName>USER_NAME</sourceObjName>
<createdBy>calittle</createdBy>
<createdTime>2019-04-17 17:26:29 UTC</createdTime>
<commentInRDBMS>User Name that created or last changed the configuration option.</commentInRDBMS>
<ownerDesignName>ODEE_1262_Design</ownerDesignName>
<nullsAllowed>true</nullsAllowed>
<useDomainConstraints>false</useDomainConstraints>
<use>1</use>
<logicalDatatype>LOGDT037</logicalDatatype>
<dataTypeSize>256</dataTypeSize>
<autoIncrementCycle>false</autoIncrementCycle>
</Column>
</columns>
<indexes itemClass="oracle.dbtools.crest.model.design.relational.Index">
<ind_PK_UK id="9DCC9B85-58BD-68BC-141B-831042A1C495" name="SYSCFGCTX_PK">
<sourceConnName>deepthought</sourceConnName>
<sourceObjSchema>DMKR_ADMIN</sourceObjSchema>
<sourceObjName>SYSCFGCTX_PK</sourceObjName>
<createdBy>calittle</createdBy>
<createdTime>2019-04-17 17:26:50 UTC</createdTime>
<ownerDesignName>ODEE_1262_Design</ownerDesignName>
<pk>true</pk>
<indexState>Primary Constraint</indexState>
<isSurrogateKey>false</isSurrogateKey>
<indexColumnUsage>
<colUsage columnID="6AFE8C1D-1883-5F8F-D940-C91385C2A59D"/>
<colUsage columnID="479C9163-EE29-7C7B-2233-217F557587EE"/>
</indexColumnUsage>
</ind_PK_UK>
<ind_PK_UK id="A63D63CE-23A9-8A60-5D5D-25DF2C4A69E2" name="SYSCFGCTX_PK">
<sourceConnName>deepthought</sourceConnName>
<sourceObjSchema>DMKR_ADMIN</sourceObjSchema>
<sourceObjName>SYSCFGCTX_PK</sourceObjName>
<createdBy>calittle</createdBy>
<createdTime>2019-04-17 17:26:48 UTC</createdTime>
<ownerDesignName>ODEE_1262_Design</ownerDesignName>
<indexState>Unique Plain Index</indexState>
<schemaObject>0323F05B-A91A-E5F5-C386-B3516E1DFCEB</schemaObject>
<isSurrogateKey>false</isSurrogateKey>
<indexColumnUsage>
<colUsage columnID="6AFE8C1D-1883-5F8F-D940-C91385C2A59D"/>
<colUsage columnID="479C9163-EE29-7C7B-2233-217F557587EE"/>
</indexColumnUsage>
</ind_PK_UK>
<ind_PK_UK id="DA3A9FB5-6EC8-0CAA-FC6F-8C4105F32CA9" name="SYSCFG_IDX1">
<sourceConnName>deepthought</sourceConnName>
<sourceObjSchema>DMKR_ADMIN</sourceObjSchema>
<sourceObjName>SYSCFG_IDX1</sourceObjName>
<createdBy>calittle</createdBy>
<createdTime>2019-04-17 17:26:48 UTC</createdTime>
<ownerDesignName>ODEE_1262_Design</ownerDesignName>
<schemaObject>0323F05B-A91A-E5F5-C386-B3516E1DFCEB</schemaObject>
<isSurrogateKey>false</isSurrogateKey>
<indexColumnUsage>
<colUsage columnID="F6D19656-AD96-307B-93B0-64B4A7326BB1"/>
<colUsage columnID="AAF2AA27-AD54-AE1B-F9A5-7A00D37E0C42"/>
<colUsage columnID="9C6001B6-5B83-7E1E-630D-5EDBADD798C3"/>
<colUsage columnID="479C9163-EE29-7C7B-2233-217F557587EE"/>
<colUsage columnID="6AFE8C1D-1883-5F8F-D940-C91385C2A59D"/>
</indexColumnUsage>
</ind_PK_UK>
<ind_PK_UK id="C1FF9CB8-B2F1-8CE2-A0A2-FD325E827031" name="SYSCFG_IDX2">
<sourceConnName>deepthought</sourceConnName>
<sourceObjSchema>DMKR_ADMIN</sourceObjSchema>
<sourceObjName>SYSCFG_IDX2</sourceObjName>
<createdBy>calittle</createdBy>
<createdTime>2019-04-17 17:26:48 UTC</createdTime>
<ownerDesignName>ODEE_1262_Design</ownerDesignName>
<schemaObject>0323F05B-A91A-E5F5-C386-B3516E1DFCEB</schemaObject>
<isSurrogateKey>false</isSurrogateKey>
<indexColumnUsage>
<colUsage columnID="0CAA6E0A-7410-023B-1815-2A30C4935BD6"/>
<colUsage columnID="1D822CB2-F39E-F76E-7AB4-B0437D280D95"/>
<colUsage columnID="F6D19656-AD96-307B-93B0-64B4A7326BB1"/>
<colUsage columnID="479C9163-EE29-7C7B-2233-217F557587EE"/>
<colUsage columnID="9C6001B6-5B83-7E1E-630D-5EDBADD798C3"/>
</indexColumnUsage>
</ind_PK_UK>
<ind_PK_UK id="FA597189-097C-5C4F-8F71-7FB8178C8016" name="SYSS_SYSCFGCTX">
<createdBy>calittle</createdBy>
<createdTime>2019-04-17 17:26:52 UTC</createdTime>
<ownerDesignName>ODEE_1262_Design</ownerDesignName>
<indexState>Foreign Key</indexState>
<isSurrogateKey>false</isSurrogateKey>
<indexColumnUsage>
<colUsage columnID="479C9163-EE29-7C7B-2233-217F557587EE"/>
</indexColumnUsage>
</ind_PK_UK>
</indexes>
</Table>