<?xml version = '1.0' encoding = 'UTF-8'?>
<Table class="oracle.dbtools.crest.model.design.relational.Table" directorySegmentName="seg_0" id="8CB3DE9F-49D0-D7FD-7F1D-74C319B99BF5" name="ATTACHMENTS">
<sourceConnName>deepthought</sourceConnName>
<sourceObjSchema>DMKR_ASLINE</sourceObjSchema>
<sourceObjName>ATTACHMENTS</sourceObjName>
<createdBy>calittle</createdBy>
<createdTime>2019-04-17 17:25:26 UTC</createdTime>
<ownerDesignName>ODEE_1262_Design</ownerDesignName>
<schemaObject>8FC895A7-E0A2-11C9-AE90-BEF4CA704C97</schemaObject>
<allowColumnReorder>false</allowColumnReorder>
<existDependencyGenerateInDDl>true</existDependencyGenerateInDDl>
<columns itemClass="oracle.dbtools.crest.model.design.relational.Column">
<Column name="ID" id="73BBF605-EB5E-41F5-98AE-EB105AE54428">
<sourceConnName>deepthought</sourceConnName>
<sourceObjSchema>ATTACHMENTS</sourceObjSchema>
<sourceObjName>ID</sourceObjName>
<createdBy>calittle</createdBy>
<createdTime>2019-04-17 17:26:31 UTC</createdTime>
<ownerDesignName>ODEE_1262_Design</ownerDesignName>
<useDomainConstraints>false</useDomainConstraints>
<use>1</use>
<logicalDatatype>LOGDT019</logicalDatatype>
<dataTypePrecision>38</dataTypePrecision>
<autoIncrementCycle>false</autoIncrementCycle>
</Column>
<Column name="TID" id="78F585E6-03C1-4FBA-63E2-48F757119354">
<sourceConnName>deepthought</sourceConnName>
<sourceObjSchema>ATTACHMENTS</sourceObjSchema>
<sourceObjName>TID</sourceObjName>
<createdBy>calittle</createdBy>
<createdTime>2019-04-17 17:26:31 UTC</createdTime>
<ownerDesignName>ODEE_1262_Design</ownerDesignName>
<useDomainConstraints>false</useDomainConstraints>
<use>1</use>
<logicalDatatype>LOGDT037</logicalDatatype>
<dataTypeSize>80</dataTypeSize>
<delegate>BB25076B-4F08-D0AB-8D49-C2F56D888896</delegate>
<autoIncrementCycle>false</autoIncrementCycle>
<associations>
<colAssociation fkAssociation="144C1BF5-AC7C-B26C-60B0-6F83293E25DE" referredColumn="BB25076B-4F08-D0AB-8D49-C2F56D888896"/>
</associations>
</Column>
<Column name="SEQ" id="902BCCBE-4FA6-AA27-3851-4DF37E39EFF3">
<sourceConnName>deepthought</sourceConnName>
<sourceObjSchema>ATTACHMENTS</sourceObjSchema>
<sourceObjName>SEQ</sourceObjName>
<createdBy>calittle</createdBy>
<createdTime>2019-04-17 17:26:31 UTC</createdTime>
<ownerDesignName>ODEE_1262_Design</ownerDesignName>
<nullsAllowed>true</nullsAllowed>
<useDomainConstraints>false</useDomainConstraints>
<use>1</use>
<logicalDatatype>LOGDT019</logicalDatatype>
<autoIncrementCycle>false</autoIncrementCycle>
</Column>
<Column name="NAME" id="ACE670C8-BCA8-F2C3-77AF-764C75405989">
<sourceConnName>deepthought</sourceConnName>
<sourceObjSchema>ATTACHMENTS</sourceObjSchema>
<sourceObjName>NAME</sourceObjName>
<createdBy>calittle</createdBy>
<createdTime>2019-04-17 17:26:31 UTC</createdTime>
<ownerDesignName>ODEE_1262_Design</ownerDesignName>
<useDomainConstraints>false</useDomainConstraints>
<use>1</use>
<logicalDatatype>LOGDT037</logicalDatatype>
<dataTypeSize>512</dataTypeSize>
<autoIncrementCycle>false</autoIncrementCycle>
</Column>
<Column name="DESCRIPTION" id="A875814C-BB47-B5DE-9A50-171C41A5B9FA">
<sourceConnName>deepthought</sourceConnName>
<sourceObjSchema>ATTACHMENTS</sourceObjSchema>
<sourceObjName>DESCRIPTION</sourceObjName>
<createdBy>calittle</createdBy>
<createdTime>2019-04-17 17:26:31 UTC</createdTime>
<ownerDesignName>ODEE_1262_Design</ownerDesignName>
<nullsAllowed>true</nullsAllowed>
<useDomainConstraints>false</useDomainConstraints>
<use>1</use>
<logicalDatatype>LOGDT037</logicalDatatype>
<dataTypeSize>512</dataTypeSize>
<autoIncrementCycle>false</autoIncrementCycle>
</Column>
<Column name="ATTACHTYPE" id="7F5635B9-3F64-4790-8D01-84829867AB22">
<sourceConnName>deepthought</sourceConnName>
<sourceObjSchema>ATTACHMENTS</sourceObjSchema>
<sourceObjName>ATTACHTYPE</sourceObjName>
<createdBy>calittle</createdBy>
<createdTime>2019-04-17 17:26:31 UTC</createdTime>
<ownerDesignName>ODEE_1262_Design</ownerDesignName>
<nullsAllowed>true</nullsAllowed>
<useDomainConstraints>false</useDomainConstraints>
<use>1</use>
<logicalDatatype>LOGDT037</logicalDatatype>
<dataTypeSize>24</dataTypeSize>
<autoIncrementCycle>false</autoIncrementCycle>
</Column>
<Column name="NAME1" id="5A481536-07FF-BC8E-2577-15F7FF44D426">
<sourceConnName>deepthought</sourceConnName>
<sourceObjSchema>ATTACHMENTS</sourceObjSchema>
<sourceObjName>NAME1</sourceObjName>
<createdBy>calittle</createdBy>
<createdTime>2019-04-17 17:26:31 UTC</createdTime>
<ownerDesignName>ODEE_1262_Design</ownerDesignName>
<nullsAllowed>true</nullsAllowed>
<useDomainConstraints>false</useDomainConstraints>
<use>1</use>
<logicalDatatype>LOGDT037</logicalDatatype>
<dataTypeSize>256</dataTypeSize>
<autoIncrementCycle>false</autoIncrementCycle>
</Column>
<Column name="NAME2" id="13F0BB5B-6197-FE55-06DD-E501322A62D9">
<sourceConnName>deepthought</sourceConnName>
<sourceObjSchema>ATTACHMENTS</sourceObjSchema>
<sourceObjName>NAME2</sourceObjName>
<createdBy>calittle</createdBy>
<createdTime>2019-04-17 17:26:31 UTC</createdTime>
<ownerDesignName>ODEE_1262_Design</ownerDesignName>
<nullsAllowed>true</nullsAllowed>
<useDomainConstraints>false</useDomainConstraints>
<use>1</use>
<logicalDatatype>LOGDT037</logicalDatatype>
<dataTypeSize>256</dataTypeSize>
<autoIncrementCycle>false</autoIncrementCycle>
</Column>
<Column name="GROUP3" id="A6D78634-C248-A829-CC5C-34EA5EDEA009">
<sourceConnName>deepthought</sourceConnName>
<sourceObjSchema>ATTACHMENTS</sourceObjSchema>
<sourceObjName>GROUP3</sourceObjName>
<createdBy>calittle</createdBy>
<createdTime>2019-04-17 17:26:31 UTC</createdTime>
<ownerDesignName>ODEE_1262_Design</ownerDesignName>
<nullsAllowed>true</nullsAllowed>
<useDomainConstraints>false</useDomainConstraints>
<use>1</use>
<logicalDatatype>LOGDT037</logicalDatatype>
<dataTypeSize>256</dataTypeSize>
<autoIncrementCycle>false</autoIncrementCycle>
</Column>
<Column name="UCMDATA" id="5400B9E8-AF09-84E8-FBD2-22755F04BDF1">
<sourceConnName>deepthought</sourceConnName>
<sourceObjSchema>ATTACHMENTS</sourceObjSchema>
<sourceObjName>UCMDATA</sourceObjName>
<createdBy>calittle</createdBy>
<createdTime>2019-04-17 17:26:31 UTC</createdTime>
<ownerDesignName>ODEE_1262_Design</ownerDesignName>
<nullsAllowed>true</nullsAllowed>
<useDomainConstraints>false</useDomainConstraints>
<use>1</use>
<logicalDatatype>LOGDT037</logicalDatatype>
<dataTypeSize>256</dataTypeSize>
<autoIncrementCycle>false</autoIncrementCycle>
</Column>
<Column name="CREATION_TIMESTAMP" id="C4F4B336-46CB-7021-9BFF-A95252F71885">
<sourceConnName>deepthought</sourceConnName>
<sourceObjSchema>ATTACHMENTS</sourceObjSchema>
<sourceObjName>CREATION_TIMESTAMP</sourceObjName>
<createdBy>calittle</createdBy>
<createdTime>2019-04-17 17:26:31 UTC</createdTime>
<ownerDesignName>ODEE_1262_Design</ownerDesignName>
<nullsAllowed>true</nullsAllowed>
<useDomainConstraints>false</useDomainConstraints>
<use>1</use>
<logicalDatatype>LOGDT015</logicalDatatype>
<dataTypePrecision>6</dataTypePrecision>
<autoIncrementCycle>false</autoIncrementCycle>
</Column>
</columns>
<indexes itemClass="oracle.dbtools.crest.model.design.relational.Index">
<ind_PK_UK id="D76A4D04-D5D9-C085-871F-9D295D449822" name="PK_ATTACHMENTS">
<sourceConnName>deepthought</sourceConnName>
<sourceObjSchema>DMKR_ASLINE</sourceObjSchema>
<sourceObjName>PK_ATTACHMENTS</sourceObjName>
<createdBy>calittle</createdBy>
<createdTime>2019-04-17 17:26:50 UTC</createdTime>
<ownerDesignName>ODEE_1262_Design</ownerDesignName>
<pk>true</pk>
<indexState>Primary Constraint</indexState>
<isSurrogateKey>false</isSurrogateKey>
<indexColumnUsage>
<colUsage columnID="78F585E6-03C1-4FBA-63E2-48F757119354"/>
<colUsage columnID="73BBF605-EB5E-41F5-98AE-EB105AE54428"/>
</indexColumnUsage>
</ind_PK_UK>
<ind_PK_UK id="CB97608E-B870-2720-387F-7A1E834DA137" name="PK_ATTACHMENTS">
<sourceConnName>deepthought</sourceConnName>
<sourceObjSchema>DMKR_ASLINE</sourceObjSchema>
<sourceObjName>PK_ATTACHMENTS</sourceObjName>
<createdBy>calittle</createdBy>
<createdTime>2019-04-17 17:26:48 UTC</createdTime>
<ownerDesignName>ODEE_1262_Design</ownerDesignName>
<indexState>Unique Plain Index</indexState>
<schemaObject>8FC895A7-E0A2-11C9-AE90-BEF4CA704C97</schemaObject>
<isSurrogateKey>false</isSurrogateKey>
<indexColumnUsage>
<colUsage columnID="78F585E6-03C1-4FBA-63E2-48F757119354"/>
<colUsage columnID="73BBF605-EB5E-41F5-98AE-EB105AE54428"/>
</indexColumnUsage>
</ind_PK_UK>
<ind_PK_UK id="5E43AF3F-7942-C84A-4941-97B0F696EE5F" name="ATTACHMENTS_FK0">
<createdBy>calittle</createdBy>
<createdTime>2019-04-17 17:26:52 UTC</createdTime>
<ownerDesignName>ODEE_1262_Design</ownerDesignName>
<indexState>Foreign Key</indexState>
<isSurrogateKey>false</isSurrogateKey>
<indexColumnUsage>
<colUsage columnID="78F585E6-03C1-4FBA-63E2-48F757119354"/>
</indexColumnUsage>
</ind_PK_UK>
</indexes>
</Table>