<?xml version = '1.0' encoding = 'UTF-8'?>
<Table class="oracle.dbtools.crest.model.design.relational.Table" directorySegmentName="seg_0" id="8CF87378-EC7F-E500-2762-0AAEB46C1332" name="JOBS">
<sourceConnName>deepthought</sourceConnName>
<sourceObjSchema>DMKR_ASLINE</sourceObjSchema>
<sourceObjName>JOBS</sourceObjName>
<createdBy>calittle</createdBy>
<createdTime>2019-04-17 17:25:50 UTC</createdTime>
<commentInRDBMS>The table for holding the jobs.</commentInRDBMS>
<ownerDesignName>ODEE_1262_Design</ownerDesignName>
<schemaObject>8FC895A7-E0A2-11C9-AE90-BEF4CA704C97</schemaObject>
<allowColumnReorder>false</allowColumnReorder>
<existDependencyGenerateInDDl>true</existDependencyGenerateInDDl>
<columns itemClass="oracle.dbtools.crest.model.design.relational.Column">
<Column name="JOB_ID" id="1C72A10E-E28D-ADB5-1BEA-B949F20BA780">
<sourceConnName>deepthought</sourceConnName>
<sourceObjSchema>JOBS</sourceObjSchema>
<sourceObjName>JOB_ID</sourceObjName>
<createdBy>calittle</createdBy>
<createdTime>2019-04-17 17:26:38 UTC</createdTime>
<commentInRDBMS>The job unique identifier for the new Jobs table record.</commentInRDBMS>
<ownerDesignName>ODEE_1262_Design</ownerDesignName>
<useDomainConstraints>false</useDomainConstraints>
<use>1</use>
<logicalDatatype>LOGDT019</logicalDatatype>
<dataTypePrecision>38</dataTypePrecision>
<autoIncrementCycle>false</autoIncrementCycle>
</Column>
<Column name="JOBNAME" id="1FF878A6-0506-3C62-5063-8D58BFD3C56E">
<sourceConnName>deepthought</sourceConnName>
<sourceObjSchema>JOBS</sourceObjSchema>
<sourceObjName>JOBNAME</sourceObjName>
<createdBy>calittle</createdBy>
<createdTime>2019-04-17 17:26:38 UTC</createdTime>
<commentInRDBMS>The job name.</commentInRDBMS>
<ownerDesignName>ODEE_1262_Design</ownerDesignName>
<nullsAllowed>true</nullsAllowed>
<useDomainConstraints>false</useDomainConstraints>
<use>1</use>
<logicalDatatype>LOGDT037</logicalDatatype>
<dataTypeSize>256</dataTypeSize>
<autoIncrementCycle>false</autoIncrementCycle>
</Column>
<Column name="JOBPRIORITY" id="9F59AB72-9BE9-3E0B-2F6F-342D1BECABA8">
<sourceConnName>deepthought</sourceConnName>
<sourceObjSchema>JOBS</sourceObjSchema>
<sourceObjName>JOBPRIORITY</sourceObjName>
<createdBy>calittle</createdBy>
<createdTime>2019-04-17 17:26:38 UTC</createdTime>
<commentInRDBMS>The pick list value for the assigned job priority which affects the order of processing.  Jobs with lower values are processed first.  Examples: 0=immediate/highest priority, 10=normal/regular prority, 20=lowest priority.</commentInRDBMS>
<ownerDesignName>ODEE_1262_Design</ownerDesignName>
<useDomainConstraints>false</useDomainConstraints>
<use>1</use>
<logicalDatatype>LOGDT019</logicalDatatype>
<dataTypePrecision>10</dataTypePrecision>
<defaultValue>10</defaultValue>
<autoIncrementCycle>false</autoIncrementCycle>
</Column>
<Column name="JOBSTATUS" id="CCCC015F-B4CF-7B95-14B2-5B200C7F0E14">
<sourceConnName>deepthought</sourceConnName>
<sourceObjSchema>JOBS</sourceObjSchema>
<sourceObjName>JOBSTATUS</sourceObjName>
<createdBy>calittle</createdBy>
<createdTime>2019-04-17 17:26:38 UTC</createdTime>
<commentInRDBMS>The overall processing status of the job as it is being processed through the system.  Only override it if you want to place this job on hold.</commentInRDBMS>
<ownerDesignName>ODEE_1262_Design</ownerDesignName>
<useDomainConstraints>false</useDomainConstraints>
<use>1</use>
<logicalDatatype>LOGDT019</logicalDatatype>
<dataTypePrecision>10</dataTypePrecision>
<defaultValue>0</defaultValue>
<autoIncrementCycle>false</autoIncrementCycle>
</Column>
<Column name="JOBUNIQUE_ID" id="0CA284C4-7CEC-D940-A8C3-8D8A788E6E93">
<sourceConnName>deepthought</sourceConnName>
<sourceObjSchema>JOBS</sourceObjSchema>
<sourceObjName>JOBUNIQUE_ID</sourceObjName>
<createdBy>calittle</createdBy>
<createdTime>2019-04-17 17:26:38 UTC</createdTime>
<commentInRDBMS>A unique identifier string that can be used by an application to identify the job.</commentInRDBMS>
<ownerDesignName>ODEE_1262_Design</ownerDesignName>
<nullsAllowed>true</nullsAllowed>
<useDomainConstraints>false</useDomainConstraints>
<use>1</use>
<logicalDatatype>LOGDT037</logicalDatatype>
<dataTypeSize>47</dataTypeSize>
<autoIncrementCycle>false</autoIncrementCycle>
</Column>
<Column name="JOBPRTLOGNAME" id="D0084F86-CD43-E51B-2B1E-A11EC78755C7">
<sourceConnName>deepthought</sourceConnName>
<sourceObjSchema>JOBS</sourceObjSchema>
<sourceObjName>JOBPRTLOGNAME</sourceObjName>
<createdBy>calittle</createdBy>
<createdTime>2019-04-17 17:26:38 UTC</createdTime>
<commentInRDBMS>The logical printer name to send the job to.</commentInRDBMS>
<ownerDesignName>ODEE_1262_Design</ownerDesignName>
<nullsAllowed>true</nullsAllowed>
<useDomainConstraints>false</useDomainConstraints>
<use>1</use>
<logicalDatatype>LOGDT037</logicalDatatype>
<dataTypeSize>256</dataTypeSize>
<autoIncrementCycle>false</autoIncrementCycle>
</Column>
<Column name="JOBPAYLOADTYPE" id="D5D76AE3-2013-C18F-EE3C-2A14E3DFCE6E">
<sourceConnName>deepthought</sourceConnName>
<sourceObjSchema>JOBS</sourceObjSchema>
<sourceObjName>JOBPAYLOADTYPE</sourceObjName>
<createdBy>calittle</createdBy>
<createdTime>2019-04-17 17:26:38 UTC</createdTime>
<commentInRDBMS>The payload type pick list: 0=XML in JobPayloadXml, 1=JobRequest based XML in JobPayloadXml, 2=Flat file data in JobPayloadBlob, 3=Stacked XML in JobPayloadBlob, 4=Legacy Job based XML, 10=URI reference XML, 11=URI reference JobRequest based XML, 12=URI reference flat file, 13=URI Stacked XML, 14=URI reference Legacy Job based XML.</commentInRDBMS>
<ownerDesignName>ODEE_1262_Design</ownerDesignName>
<useDomainConstraints>false</useDomainConstraints>
<use>1</use>
<logicalDatatype>LOGDT019</logicalDatatype>
<dataTypePrecision>10</dataTypePrecision>
<defaultValue>0</defaultValue>
<autoIncrementCycle>false</autoIncrementCycle>
</Column>
<Column name="JOBPAYLOADREF" id="5B7EA48B-95D8-470F-5BFA-B11B75F61019">
<sourceConnName>deepthought</sourceConnName>
<sourceObjSchema>JOBS</sourceObjSchema>
<sourceObjName>JOBPAYLOADREF</sourceObjName>
<createdBy>calittle</createdBy>
<createdTime>2019-04-17 17:26:38 UTC</createdTime>
<commentInRDBMS>The payload data reference when the JobPayloadType column value is five (5) - an external reference to a file URI.</commentInRDBMS>
<ownerDesignName>ODEE_1262_Design</ownerDesignName>
<nullsAllowed>true</nullsAllowed>
<useDomainConstraints>false</useDomainConstraints>
<use>1</use>
<logicalDatatype>LOGDT037</logicalDatatype>
<dataTypeSize>512</dataTypeSize>
<autoIncrementCycle>false</autoIncrementCycle>
</Column>
<Column name="JOBPAYLOADBLOB" id="9F381E28-1753-C7C2-D36E-4354C3AEA958">
<sourceConnName>deepthought</sourceConnName>
<sourceObjSchema>JOBS</sourceObjSchema>
<sourceObjName>JOBPAYLOADBLOB</sourceObjName>
<createdBy>calittle</createdBy>
<createdTime>2019-04-17 17:26:38 UTC</createdTime>
<commentInRDBMS>The payload data when the JobPayloadType column value is two (2) or three (3) - can contain XML data if the database does not support the XML data type.</commentInRDBMS>
<ownerDesignName>ODEE_1262_Design</ownerDesignName>
<nullsAllowed>true</nullsAllowed>
<useDomainConstraints>false</useDomainConstraints>
<use>1</use>
<logicalDatatype>LOGDT029</logicalDatatype>
<dataTypeSize>4000</dataTypeSize>
<autoIncrementCycle>false</autoIncrementCycle>
</Column>
<Column name="JOBPAYLOADXML" id="837E42B4-CC45-B059-67F8-6A373D9ECF76">
<sourceConnName>deepthought</sourceConnName>
<sourceObjSchema>JOBS</sourceObjSchema>
<sourceObjName>JOBPAYLOADXML</sourceObjName>
<createdBy>calittle</createdBy>
<createdTime>2019-04-17 17:26:38 UTC</createdTime>
<commentInRDBMS>The payload data when JobPayLoadType column value is zero (0), one (1), or four(4).</commentInRDBMS>
<ownerDesignName>ODEE_1262_Design</ownerDesignName>
<nullsAllowed>true</nullsAllowed>
<useDomainConstraints>false</useDomainConstraints>
<use>1</use>
<logicalDatatype>LOGDT050</logicalDatatype>
<autoIncrementCycle>false</autoIncrementCycle>
</Column>
<Column name="JOBATTACHMENTS" id="0CEE8DC6-E306-5BDE-020A-BBB47E4AA116">
<sourceConnName>deepthought</sourceConnName>
<sourceObjSchema>JOBS</sourceObjSchema>
<sourceObjName>JOBATTACHMENTS</sourceObjName>
<createdBy>calittle</createdBy>
<createdTime>2019-04-17 17:26:38 UTC</createdTime>
<commentInRDBMS>The storage location for the extract data for the transactions of the job.  It contains a serialized and zipped Java hash map of byte arrays that hold the extract data for each transaction in the job.</commentInRDBMS>
<ownerDesignName>ODEE_1262_Design</ownerDesignName>
<nullsAllowed>true</nullsAllowed>
<useDomainConstraints>false</useDomainConstraints>
<use>1</use>
<logicalDatatype>LOGDT029</logicalDatatype>
<dataTypeSize>4000</dataTypeSize>
<autoIncrementCycle>false</autoIncrementCycle>
</Column>
<Column name="JOBSTARTTIME" id="F1D043D9-BF2C-013B-CCB5-E17E3690E53D">
<sourceConnName>deepthought</sourceConnName>
<sourceObjSchema>JOBS</sourceObjSchema>
<sourceObjName>JOBSTARTTIME</sourceObjName>
<createdBy>calittle</createdBy>
<createdTime>2019-04-17 17:26:38 UTC</createdTime>
<commentInRDBMS>The date and time when the job was created.</commentInRDBMS>
<ownerDesignName>ODEE_1262_Design</ownerDesignName>
<nullsAllowed>true</nullsAllowed>
<useDomainConstraints>false</useDomainConstraints>
<use>1</use>
<logicalDatatype>LOGDT015</logicalDatatype>
<dataTypePrecision>6</dataTypePrecision>
<autoIncrementCycle>false</autoIncrementCycle>
</Column>
<Column name="JOBENDTIME" id="4E88E6CB-8506-FE78-CAE4-64CFBD9EB6DC">
<sourceConnName>deepthought</sourceConnName>
<sourceObjSchema>JOBS</sourceObjSchema>
<sourceObjName>JOBENDTIME</sourceObjName>
<createdBy>calittle</createdBy>
<createdTime>2019-04-17 17:26:38 UTC</createdTime>
<commentInRDBMS>The date and time when the job completed processing through the system.</commentInRDBMS>
<ownerDesignName>ODEE_1262_Design</ownerDesignName>
<nullsAllowed>true</nullsAllowed>
<useDomainConstraints>false</useDomainConstraints>
<use>1</use>
<logicalDatatype>LOGDT015</logicalDatatype>
<dataTypePrecision>6</dataTypePrecision>
<autoIncrementCycle>false</autoIncrementCycle>
</Column>
<Column name="JOBERR_ID" id="E86CD833-DBEE-EA3D-64E8-A84A240DF5FA">
<sourceConnName>deepthought</sourceConnName>
<sourceObjSchema>JOBS</sourceObjSchema>
<sourceObjName>JOBERR_ID</sourceObjName>
<createdBy>calittle</createdBy>
<createdTime>2019-04-17 17:26:38 UTC</createdTime>
<commentInRDBMS>The last error Id found while processing the job through the system.</commentInRDBMS>
<ownerDesignName>ODEE_1262_Design</ownerDesignName>
<nullsAllowed>true</nullsAllowed>
<useDomainConstraints>false</useDomainConstraints>
<use>1</use>
<logicalDatatype>LOGDT019</logicalDatatype>
<dataTypePrecision>38</dataTypePrecision>
<autoIncrementCycle>false</autoIncrementCycle>
</Column>
<Column name="JOBTRNTOTAL" id="C32F5B3C-C2C1-4231-480A-B6EE1B9B4901">
<sourceConnName>deepthought</sourceConnName>
<sourceObjSchema>JOBS</sourceObjSchema>
<sourceObjName>JOBTRNTOTAL</sourceObjName>
<createdBy>calittle</createdBy>
<createdTime>2019-04-17 17:26:38 UTC</createdTime>
<commentInRDBMS>The total number of transactions for the job.</commentInRDBMS>
<ownerDesignName>ODEE_1262_Design</ownerDesignName>
<nullsAllowed>true</nullsAllowed>
<useDomainConstraints>false</useDomainConstraints>
<use>1</use>
<logicalDatatype>LOGDT019</logicalDatatype>
<dataTypePrecision>38</dataTypePrecision>
<defaultValue>0</defaultValue>
<autoIncrementCycle>false</autoIncrementCycle>
</Column>
<Column name="JOBTRNWIP" id="64DD64C5-5D63-A525-3B03-8D2A82035BBE">
<sourceConnName>deepthought</sourceConnName>
<sourceObjSchema>JOBS</sourceObjSchema>
<sourceObjName>JOBTRNWIP</sourceObjName>
<createdBy>calittle</createdBy>
<createdTime>2019-04-17 17:26:38 UTC</createdTime>
<commentInRDBMS>The number of transactions for the job that were set to manual work in progress status and are awaiting end user input.</commentInRDBMS>
<ownerDesignName>ODEE_1262_Design</ownerDesignName>
<nullsAllowed>true</nullsAllowed>
<useDomainConstraints>false</useDomainConstraints>
<use>1</use>
<logicalDatatype>LOGDT019</logicalDatatype>
<dataTypePrecision>38</dataTypePrecision>
<defaultValue>0</defaultValue>
<autoIncrementCycle>false</autoIncrementCycle>
</Column>
<Column name="JOBTRNERR" id="9609108B-1D2F-9976-25E5-81A1B73C4042">
<sourceConnName>deepthought</sourceConnName>
<sourceObjSchema>JOBS</sourceObjSchema>
<sourceObjName>JOBTRNERR</sourceObjName>
<createdBy>calittle</createdBy>
<createdTime>2019-04-17 17:26:38 UTC</createdTime>
<commentInRDBMS>The number of transactions for the job that encountered errors while processing through the system.</commentInRDBMS>
<ownerDesignName>ODEE_1262_Design</ownerDesignName>
<nullsAllowed>true</nullsAllowed>
<useDomainConstraints>false</useDomainConstraints>
<use>1</use>
<logicalDatatype>LOGDT019</logicalDatatype>
<dataTypePrecision>38</dataTypePrecision>
<defaultValue>0</defaultValue>
<autoIncrementCycle>false</autoIncrementCycle>
</Column>
<Column name="JOBTRNSCH" id="1963C0DC-9C98-630C-4A0E-E9B84ED6ED74">
<sourceConnName>deepthought</sourceConnName>
<sourceObjSchema>JOBS</sourceObjSchema>
<sourceObjName>JOBTRNSCH</sourceObjName>
<createdBy>calittle</createdBy>
<createdTime>2019-04-17 17:26:38 UTC</createdTime>
<commentInRDBMS>The number of transactions for the job that were scheduled due to one or more scheduled batches configured in the Bchings table.</commentInRDBMS>
<ownerDesignName>ODEE_1262_Design</ownerDesignName>
<nullsAllowed>true</nullsAllowed>
<useDomainConstraints>false</useDomainConstraints>
<use>1</use>
<logicalDatatype>LOGDT019</logicalDatatype>
<dataTypePrecision>38</dataTypePrecision>
<defaultValue>0</defaultValue>
<autoIncrementCycle>false</autoIncrementCycle>
</Column>
<Column name="JOBTRNPROC" id="D6B598DA-B67F-B501-6B2C-3FF9126049A0">
<sourceConnName>deepthought</sourceConnName>
<sourceObjSchema>JOBS</sourceObjSchema>
<sourceObjName>JOBTRNPROC</sourceObjName>
<createdBy>calittle</createdBy>
<createdTime>2019-04-17 17:26:38 UTC</createdTime>
<commentInRDBMS>The number of transactions for the job that were successfully processed to completion through the system.</commentInRDBMS>
<ownerDesignName>ODEE_1262_Design</ownerDesignName>
<nullsAllowed>true</nullsAllowed>
<useDomainConstraints>false</useDomainConstraints>
<use>1</use>
<logicalDatatype>LOGDT019</logicalDatatype>
<dataTypePrecision>38</dataTypePrecision>
<defaultValue>0</defaultValue>
<autoIncrementCycle>false</autoIncrementCycle>
</Column>
<Column name="JOBTRNSTARTTIME" id="CEB906B4-F141-0DF7-9FE3-340B5F345FB0">
<sourceConnName>deepthought</sourceConnName>
<sourceObjSchema>JOBS</sourceObjSchema>
<sourceObjName>JOBTRNSTARTTIME</sourceObjName>
<createdBy>calittle</createdBy>
<createdTime>2019-04-17 17:26:38 UTC</createdTime>
<commentInRDBMS>The date and time when the job transactions began processing.</commentInRDBMS>
<ownerDesignName>ODEE_1262_Design</ownerDesignName>
<nullsAllowed>true</nullsAllowed>
<useDomainConstraints>false</useDomainConstraints>
<use>1</use>
<logicalDatatype>LOGDT015</logicalDatatype>
<dataTypePrecision>6</dataTypePrecision>
<autoIncrementCycle>false</autoIncrementCycle>
</Column>
<Column name="JOBTRNENDTIME" id="BB69E62E-AAF3-24BF-DDE1-064342BAD09A">
<sourceConnName>deepthought</sourceConnName>
<sourceObjSchema>JOBS</sourceObjSchema>
<sourceObjName>JOBTRNENDTIME</sourceObjName>
<createdBy>calittle</createdBy>
<createdTime>2019-04-17 17:26:38 UTC</createdTime>
<commentInRDBMS>The date and time when the job transactions finished processing.</commentInRDBMS>
<ownerDesignName>ODEE_1262_Design</ownerDesignName>
<nullsAllowed>true</nullsAllowed>
<useDomainConstraints>false</useDomainConstraints>
<use>1</use>
<logicalDatatype>LOGDT015</logicalDatatype>
<dataTypePrecision>6</dataTypePrecision>
<autoIncrementCycle>false</autoIncrementCycle>
</Column>
<Column name="JOBRCPTOTAL" id="3941E7B2-58A5-DEC3-A4E3-762C65BB20E9">
<sourceConnName>deepthought</sourceConnName>
<sourceObjSchema>JOBS</sourceObjSchema>
<sourceObjName>JOBRCPTOTAL</sourceObjName>
<createdBy>calittle</createdBy>
<createdTime>2019-04-17 17:26:38 UTC</createdTime>
<commentInRDBMS>The total number of recipients for the job.</commentInRDBMS>
<ownerDesignName>ODEE_1262_Design</ownerDesignName>
<nullsAllowed>true</nullsAllowed>
<useDomainConstraints>false</useDomainConstraints>
<use>1</use>
<logicalDatatype>LOGDT019</logicalDatatype>
<dataTypePrecision>38</dataTypePrecision>
<defaultValue>0</defaultValue>
<autoIncrementCycle>false</autoIncrementCycle>
</Column>
<Column name="JOBRCPERR" id="7402C1A0-F73D-674B-0C9D-607677F8982A">
<sourceConnName>deepthought</sourceConnName>
<sourceObjSchema>JOBS</sourceObjSchema>
<sourceObjName>JOBRCPERR</sourceObjName>
<createdBy>calittle</createdBy>
<createdTime>2019-04-17 17:26:38 UTC</createdTime>
<commentInRDBMS>The number of recipients for the job that encountered errors during processing.</commentInRDBMS>
<ownerDesignName>ODEE_1262_Design</ownerDesignName>
<nullsAllowed>true</nullsAllowed>
<useDomainConstraints>false</useDomainConstraints>
<use>1</use>
<logicalDatatype>LOGDT019</logicalDatatype>
<dataTypePrecision>38</dataTypePrecision>
<defaultValue>0</defaultValue>
<autoIncrementCycle>false</autoIncrementCycle>
</Column>
<Column name="JOBRCPSCH" id="B7A27504-2235-243D-B0A6-E36F5A0EE0E4">
<sourceConnName>deepthought</sourceConnName>
<sourceObjSchema>JOBS</sourceObjSchema>
<sourceObjName>JOBRCPSCH</sourceObjName>
<createdBy>calittle</createdBy>
<createdTime>2019-04-17 17:26:38 UTC</createdTime>
<commentInRDBMS>The number of recipients for the job that were scheduled due to one or more scheduled batches configured in the Bchings table.</commentInRDBMS>
<ownerDesignName>ODEE_1262_Design</ownerDesignName>
<nullsAllowed>true</nullsAllowed>
<useDomainConstraints>false</useDomainConstraints>
<use>1</use>
<logicalDatatype>LOGDT019</logicalDatatype>
<dataTypePrecision>38</dataTypePrecision>
<defaultValue>0</defaultValue>
<autoIncrementCycle>false</autoIncrementCycle>
</Column>
<Column name="JOBRCPPROC" id="C0240EF6-FD22-4F10-5392-A4E94A9A420E">
<sourceConnName>deepthought</sourceConnName>
<sourceObjSchema>JOBS</sourceObjSchema>
<sourceObjName>JOBRCPPROC</sourceObjName>
<createdBy>calittle</createdBy>
<createdTime>2019-04-17 17:26:38 UTC</createdTime>
<commentInRDBMS>The number of recipients for the job that were successfully processed to completion.</commentInRDBMS>
<ownerDesignName>ODEE_1262_Design</ownerDesignName>
<nullsAllowed>true</nullsAllowed>
<useDomainConstraints>false</useDomainConstraints>
<use>1</use>
<logicalDatatype>LOGDT019</logicalDatatype>
<dataTypePrecision>38</dataTypePrecision>
<defaultValue>0</defaultValue>
<autoIncrementCycle>false</autoIncrementCycle>
</Column>
<Column name="JOBRCPSTARTTIME" id="E679E156-9316-5942-87B6-D7B118D7597D">
<sourceConnName>deepthought</sourceConnName>
<sourceObjSchema>JOBS</sourceObjSchema>
<sourceObjName>JOBRCPSTARTTIME</sourceObjName>
<createdBy>calittle</createdBy>
<createdTime>2019-04-17 17:26:38 UTC</createdTime>
<commentInRDBMS>The date and time when the job recipients began processing.</commentInRDBMS>
<ownerDesignName>ODEE_1262_Design</ownerDesignName>
<nullsAllowed>true</nullsAllowed>
<useDomainConstraints>false</useDomainConstraints>
<use>1</use>
<logicalDatatype>LOGDT015</logicalDatatype>
<dataTypePrecision>6</dataTypePrecision>
<autoIncrementCycle>false</autoIncrementCycle>
</Column>
<Column name="JOBRCPENDTIME" id="EA01D398-DC52-579E-7F18-9B13A8C00C67">
<sourceConnName>deepthought</sourceConnName>
<sourceObjSchema>JOBS</sourceObjSchema>
<sourceObjName>JOBRCPENDTIME</sourceObjName>
<createdBy>calittle</createdBy>
<createdTime>2019-04-17 17:26:38 UTC</createdTime>
<commentInRDBMS>The date and time when the job recipients finished processing.</commentInRDBMS>
<ownerDesignName>ODEE_1262_Design</ownerDesignName>
<nullsAllowed>true</nullsAllowed>
<useDomainConstraints>false</useDomainConstraints>
<use>1</use>
<logicalDatatype>LOGDT015</logicalDatatype>
<dataTypePrecision>6</dataTypePrecision>
<autoIncrementCycle>false</autoIncrementCycle>
</Column>
<Column name="JOBBCHTOTAL" id="148F9F4F-688C-EDBD-158E-E542773B36C7">
<sourceConnName>deepthought</sourceConnName>
<sourceObjSchema>JOBS</sourceObjSchema>
<sourceObjName>JOBBCHTOTAL</sourceObjName>
<createdBy>calittle</createdBy>
<createdTime>2019-04-17 17:26:38 UTC</createdTime>
<commentInRDBMS>The total number of batches for a job.</commentInRDBMS>
<ownerDesignName>ODEE_1262_Design</ownerDesignName>
<nullsAllowed>true</nullsAllowed>
<useDomainConstraints>false</useDomainConstraints>
<use>1</use>
<logicalDatatype>LOGDT019</logicalDatatype>
<dataTypePrecision>38</dataTypePrecision>
<defaultValue>0</defaultValue>
<autoIncrementCycle>false</autoIncrementCycle>
</Column>
<Column name="JOBBCHERR" id="1A22D969-2823-D093-8CE8-90C8E58511A8">
<sourceConnName>deepthought</sourceConnName>
<sourceObjSchema>JOBS</sourceObjSchema>
<sourceObjName>JOBBCHERR</sourceObjName>
<createdBy>calittle</createdBy>
<createdTime>2019-04-17 17:26:38 UTC</createdTime>
<commentInRDBMS>The number of batches for the job that encountered errors while processing.</commentInRDBMS>
<ownerDesignName>ODEE_1262_Design</ownerDesignName>
<nullsAllowed>true</nullsAllowed>
<useDomainConstraints>false</useDomainConstraints>
<use>1</use>
<logicalDatatype>LOGDT019</logicalDatatype>
<dataTypePrecision>38</dataTypePrecision>
<defaultValue>0</defaultValue>
<autoIncrementCycle>false</autoIncrementCycle>
</Column>
<Column name="JOBBCHSCH" id="6EB1615E-399A-5351-1CDA-4F09B71C7AB3">
<sourceConnName>deepthought</sourceConnName>
<sourceObjSchema>JOBS</sourceObjSchema>
<sourceObjName>JOBBCHSCH</sourceObjName>
<createdBy>calittle</createdBy>
<createdTime>2019-04-17 17:26:38 UTC</createdTime>
<commentInRDBMS>The number of batches for the job that were scheduled due to configuration settings in the Bchings table.</commentInRDBMS>
<ownerDesignName>ODEE_1262_Design</ownerDesignName>
<nullsAllowed>true</nullsAllowed>
<useDomainConstraints>false</useDomainConstraints>
<use>1</use>
<logicalDatatype>LOGDT019</logicalDatatype>
<dataTypePrecision>38</dataTypePrecision>
<defaultValue>0</defaultValue>
<autoIncrementCycle>false</autoIncrementCycle>
</Column>
<Column name="JOBBCHPROC" id="FDA9E7AF-E289-804F-578E-B704AE6FE90E">
<sourceConnName>deepthought</sourceConnName>
<sourceObjSchema>JOBS</sourceObjSchema>
<sourceObjName>JOBBCHPROC</sourceObjName>
<createdBy>calittle</createdBy>
<createdTime>2019-04-17 17:26:38 UTC</createdTime>
<commentInRDBMS>The number of batches for the job that were successfully processed to completion.</commentInRDBMS>
<ownerDesignName>ODEE_1262_Design</ownerDesignName>
<nullsAllowed>true</nullsAllowed>
<useDomainConstraints>false</useDomainConstraints>
<use>1</use>
<logicalDatatype>LOGDT019</logicalDatatype>
<dataTypePrecision>38</dataTypePrecision>
<defaultValue>0</defaultValue>
<autoIncrementCycle>false</autoIncrementCycle>
</Column>
<Column name="JOBBCHSTARTTIME" id="6B24222D-A880-2B7A-840B-258AD2D4A352">
<sourceConnName>deepthought</sourceConnName>
<sourceObjSchema>JOBS</sourceObjSchema>
<sourceObjName>JOBBCHSTARTTIME</sourceObjName>
<createdBy>calittle</createdBy>
<createdTime>2019-04-17 17:26:38 UTC</createdTime>
<commentInRDBMS>The date and time when the job batches started processing.</commentInRDBMS>
<ownerDesignName>ODEE_1262_Design</ownerDesignName>
<nullsAllowed>true</nullsAllowed>
<useDomainConstraints>false</useDomainConstraints>
<use>1</use>
<logicalDatatype>LOGDT015</logicalDatatype>
<dataTypePrecision>6</dataTypePrecision>
<autoIncrementCycle>false</autoIncrementCycle>
</Column>
<Column name="JOBBCHENDTIME" id="5928732F-F3B1-D75D-199B-42645761A53B">
<sourceConnName>deepthought</sourceConnName>
<sourceObjSchema>JOBS</sourceObjSchema>
<sourceObjName>JOBBCHENDTIME</sourceObjName>
<createdBy>calittle</createdBy>
<createdTime>2019-04-17 17:26:38 UTC</createdTime>
<commentInRDBMS>The date and time when the job batches finished processing.</commentInRDBMS>
<ownerDesignName>ODEE_1262_Design</ownerDesignName>
<nullsAllowed>true</nullsAllowed>
<useDomainConstraints>false</useDomainConstraints>
<use>1</use>
<logicalDatatype>LOGDT015</logicalDatatype>
<dataTypePrecision>6</dataTypePrecision>
<autoIncrementCycle>false</autoIncrementCycle>
</Column>
<Column name="JOBRETENTION" id="21C819AD-57C5-1B36-61AD-D7B05DF32A2C">
<sourceConnName>deepthought</sourceConnName>
<sourceObjSchema>JOBS</sourceObjSchema>
<sourceObjName>JOBRETENTION</sourceObjName>
<createdBy>calittle</createdBy>
<createdTime>2019-04-17 17:26:38 UTC</createdTime>
<commentInRDBMS>The date and time for job retention.  Jobs that have a value that is less than the current system time qualify to be purged from the system.</commentInRDBMS>
<ownerDesignName>ODEE_1262_Design</ownerDesignName>
<nullsAllowed>true</nullsAllowed>
<useDomainConstraints>false</useDomainConstraints>
<use>1</use>
<logicalDatatype>LOGDT015</logicalDatatype>
<dataTypePrecision>6</dataTypePrecision>
<autoIncrementCycle>false</autoIncrementCycle>
</Column>
<Column name="JOBRETHOLD" id="4355CA90-B0BC-7EAA-29D8-B63674F6D938">
<sourceConnName>deepthought</sourceConnName>
<sourceObjSchema>JOBS</sourceObjSchema>
<sourceObjName>JOBRETHOLD</sourceObjName>
<createdBy>calittle</createdBy>
<createdTime>2019-04-17 17:26:38 UTC</createdTime>
<commentInRDBMS>A numerical value of zero (0) or one (1), where one (1) means true, used to indicate if the retention of the job can be extended past the time specified in the JobRetention column.  The default is zero (0).</commentInRDBMS>
<ownerDesignName>ODEE_1262_Design</ownerDesignName>
<nullsAllowed>true</nullsAllowed>
<useDomainConstraints>false</useDomainConstraints>
<use>1</use>
<logicalDatatype>LOGDT019</logicalDatatype>
<dataTypePrecision>5</dataTypePrecision>
<defaultValue>0</defaultValue>
<autoIncrementCycle>false</autoIncrementCycle>
</Column>
<Column name="JOBHISTORY" id="3236A4EA-3D5E-35A7-1882-60AE74BA7F31">
<sourceConnName>deepthought</sourceConnName>
<sourceObjSchema>JOBS</sourceObjSchema>
<sourceObjName>JOBHISTORY</sourceObjName>
<createdBy>calittle</createdBy>
<createdTime>2019-04-17 17:26:38 UTC</createdTime>
<commentInRDBMS>A numerical value of zero (0) or one (1), where one (1) means true, used to indicate if the job table data should be copied to the history table upon deletion.  Can be set to zero (0) by an application before deletion.  The default is one (1).</commentInRDBMS>
<ownerDesignName>ODEE_1262_Design</ownerDesignName>
<nullsAllowed>true</nullsAllowed>
<useDomainConstraints>false</useDomainConstraints>
<use>1</use>
<logicalDatatype>LOGDT019</logicalDatatype>
<dataTypePrecision>5</dataTypePrecision>
<defaultValue>1</defaultValue>
<autoIncrementCycle>false</autoIncrementCycle>
</Column>
<Column name="JOBHISTORICAL" id="D9CBD46D-A3BD-390F-5573-C49D3D811E54">
<sourceConnName>deepthought</sourceConnName>
<sourceObjSchema>JOBS</sourceObjSchema>
<sourceObjName>JOBHISTORICAL</sourceObjName>
<createdBy>calittle</createdBy>
<createdTime>2019-04-17 17:26:38 UTC</createdTime>
<commentInRDBMS>A numerical value of zero (0) or one (1), where one (1) means true, used to indicate the job is in the job history table.  The default is zero (0).</commentInRDBMS>
<ownerDesignName>ODEE_1262_Design</ownerDesignName>
<nullsAllowed>true</nullsAllowed>
<useDomainConstraints>false</useDomainConstraints>
<use>1</use>
<logicalDatatype>LOGDT019</logicalDatatype>
<dataTypePrecision>5</dataTypePrecision>
<defaultValue>0</defaultValue>
<autoIncrementCycle>false</autoIncrementCycle>
</Column>
<Column name="JOBREPLYTOURI" id="8A73F231-0073-B637-257E-2B164DB0D1BB">
<sourceConnName>deepthought</sourceConnName>
<sourceObjSchema>JOBS</sourceObjSchema>
<sourceObjName>JOBREPLYTOURI</sourceObjName>
<createdBy>calittle</createdBy>
<createdTime>2019-04-17 17:26:38 UTC</createdTime>
<commentInRDBMS>A reply to URI where the response will be sent once a job is complete.</commentInRDBMS>
<ownerDesignName>ODEE_1262_Design</ownerDesignName>
<nullsAllowed>true</nullsAllowed>
<useDomainConstraints>false</useDomainConstraints>
<use>1</use>
<logicalDatatype>LOGDT037</logicalDatatype>
<dataTypeSize>512</dataTypeSize>
<autoIncrementCycle>false</autoIncrementCycle>
</Column>
<Column name="JOBREPLYSENT" id="3D5CB58A-FE3C-A385-0DA7-A582F4CFC221">
<sourceConnName>deepthought</sourceConnName>
<sourceObjSchema>JOBS</sourceObjSchema>
<sourceObjName>JOBREPLYSENT</sourceObjName>
<createdBy>calittle</createdBy>
<createdTime>2019-04-17 17:26:38 UTC</createdTime>
<commentInRDBMS>A numerical value of zero (0) or one (1), where one (1) means true, used to indicate if the reply was sent to the URI specified in the JOBREPLYTOURI column.  The default is zero (0).</commentInRDBMS>
<ownerDesignName>ODEE_1262_Design</ownerDesignName>
<nullsAllowed>true</nullsAllowed>
<useDomainConstraints>false</useDomainConstraints>
<use>1</use>
<logicalDatatype>LOGDT019</logicalDatatype>
<dataTypePrecision>5</dataTypePrecision>
<defaultValue>0</defaultValue>
<autoIncrementCycle>false</autoIncrementCycle>
</Column>
<Column name="JOBREPLYSENTTIME" id="45EE1B32-7425-4822-2A1F-377277246357">
<sourceConnName>deepthought</sourceConnName>
<sourceObjSchema>JOBS</sourceObjSchema>
<sourceObjName>JOBREPLYSENTTIME</sourceObjName>
<createdBy>calittle</createdBy>
<createdTime>2019-04-17 17:26:38 UTC</createdTime>
<commentInRDBMS>A date and time indicating when the reply was sent to the URI specified in the JOBREPLYTOURI column.</commentInRDBMS>
<ownerDesignName>ODEE_1262_Design</ownerDesignName>
<nullsAllowed>true</nullsAllowed>
<useDomainConstraints>false</useDomainConstraints>
<use>1</use>
<logicalDatatype>LOGDT015</logicalDatatype>
<dataTypePrecision>6</dataTypePrecision>
<autoIncrementCycle>false</autoIncrementCycle>
</Column>
</columns>
<indexes itemClass="oracle.dbtools.crest.model.design.relational.Index">
<ind_PK_UK id="39AE6EFB-7C27-ED43-6936-35782E75780D" name="JOBS_PK">
<sourceConnName>deepthought</sourceConnName>
<sourceObjSchema>DMKR_ASLINE</sourceObjSchema>
<sourceObjName>JOBS_PK</sourceObjName>
<createdBy>calittle</createdBy>
<createdTime>2019-04-17 17:26:50 UTC</createdTime>
<ownerDesignName>ODEE_1262_Design</ownerDesignName>
<pk>true</pk>
<indexState>Primary Constraint</indexState>
<isSurrogateKey>false</isSurrogateKey>
<indexColumnUsage>
<colUsage columnID="1C72A10E-E28D-ADB5-1BEA-B949F20BA780"/>
</indexColumnUsage>
</ind_PK_UK>
<ind_PK_UK id="1695C61C-2CA4-8F89-6331-ADA7D93366F9" name="JOBS_UNIQUE_ID">
<sourceConnName>deepthought</sourceConnName>
<sourceObjSchema>DMKR_ASLINE</sourceObjSchema>
<sourceObjName>JOBS_UNIQUE_ID</sourceObjName>
<createdBy>calittle</createdBy>
<createdTime>2019-04-17 17:26:50 UTC</createdTime>
<ownerDesignName>ODEE_1262_Design</ownerDesignName>
<indexState>Unique Constraint</indexState>
<isSurrogateKey>false</isSurrogateKey>
<indexColumnUsage>
<colUsage columnID="0CA284C4-7CEC-D940-A8C3-8D8A788E6E93"/>
</indexColumnUsage>
</ind_PK_UK>
<ind_PK_UK id="5F53BB2A-652F-AA28-D4C9-E34DE9582463" name="JOBS_PK">
<sourceConnName>deepthought</sourceConnName>
<sourceObjSchema>DMKR_ASLINE</sourceObjSchema>
<sourceObjName>JOBS_PK</sourceObjName>
<createdBy>calittle</createdBy>
<createdTime>2019-04-17 17:26:48 UTC</createdTime>
<ownerDesignName>ODEE_1262_Design</ownerDesignName>
<indexState>Unique Plain Index</indexState>
<schemaObject>8FC895A7-E0A2-11C9-AE90-BEF4CA704C97</schemaObject>
<isSurrogateKey>false</isSurrogateKey>
<indexColumnUsage>
<colUsage columnID="1C72A10E-E28D-ADB5-1BEA-B949F20BA780"/>
</indexColumnUsage>
</ind_PK_UK>
<ind_PK_UK id="3728EC2B-48CE-E9C8-5CC5-11731AA6C04E" name="JOBS_UNIQUE_ID">
<sourceConnName>deepthought</sourceConnName>
<sourceObjSchema>DMKR_ASLINE</sourceObjSchema>
<sourceObjName>JOBS_UNIQUE_ID</sourceObjName>
<createdBy>calittle</createdBy>
<createdTime>2019-04-17 17:26:48 UTC</createdTime>
<ownerDesignName>ODEE_1262_Design</ownerDesignName>
<indexState>Unique Plain Index</indexState>
<schemaObject>8FC895A7-E0A2-11C9-AE90-BEF4CA704C97</schemaObject>
<isSurrogateKey>false</isSurrogateKey>
<indexColumnUsage>
<colUsage columnID="0CA284C4-7CEC-D940-A8C3-8D8A788E6E93"/>
</indexColumnUsage>
</ind_PK_UK>
<ind_PK_UK id="06A5AD33-0D0D-73E2-4BB3-AEE44EA942D5" name="JOBS_STATUS">
<sourceConnName>deepthought</sourceConnName>
<sourceObjSchema>DMKR_ASLINE</sourceObjSchema>
<sourceObjName>JOBS_STATUS</sourceObjName>
<createdBy>calittle</createdBy>
<createdTime>2019-04-17 17:26:48 UTC</createdTime>
<ownerDesignName>ODEE_1262_Design</ownerDesignName>
<schemaObject>8FC895A7-E0A2-11C9-AE90-BEF4CA704C97</schemaObject>
<isSurrogateKey>false</isSurrogateKey>
<indexColumnUsage>
<colUsage columnID="CCCC015F-B4CF-7B95-14B2-5B200C7F0E14"/>
</indexColumnUsage>
</ind_PK_UK>
<ind_PK_UK id="1E62BDB8-A03E-90C3-40DB-C1816725692C" name="JOBS_BREAKDOWN_ANALYTIC">
<sourceConnName>deepthought</sourceConnName>
<sourceObjSchema>DMKR_ASLINE</sourceObjSchema>
<sourceObjName>JOBS_BREAKDOWN_ANALYTIC</sourceObjName>
<createdBy>calittle</createdBy>
<createdTime>2019-04-17 17:26:48 UTC</createdTime>
<ownerDesignName>ODEE_1262_Design</ownerDesignName>
<schemaObject>8FC895A7-E0A2-11C9-AE90-BEF4CA704C97</schemaObject>
<isSurrogateKey>false</isSurrogateKey>
<indexColumnUsage>
<colUsage columnID="F1D043D9-BF2C-013B-CCB5-E17E3690E53D"/>
<colUsage columnID="CCCC015F-B4CF-7B95-14B2-5B200C7F0E14"/>
</indexColumnUsage>
</ind_PK_UK>
<ind_PK_UK id="F7C96920-E636-B25B-7EA1-B37D42B93CA0" name="JOBS_PRIORITY">
<sourceConnName>deepthought</sourceConnName>
<sourceObjSchema>DMKR_ASLINE</sourceObjSchema>
<sourceObjName>JOBS_PRIORITY</sourceObjName>
<createdBy>calittle</createdBy>
<createdTime>2019-04-17 17:26:48 UTC</createdTime>
<ownerDesignName>ODEE_1262_Design</ownerDesignName>
<schemaObject>8FC895A7-E0A2-11C9-AE90-BEF4CA704C97</schemaObject>
<isSurrogateKey>false</isSurrogateKey>
<indexColumnUsage>
<colUsage columnID="9F59AB72-9BE9-3E0B-2F6F-342D1BECABA8"/>
<colUsage columnID="CCCC015F-B4CF-7B95-14B2-5B200C7F0E14"/>
</indexColumnUsage>
</ind_PK_UK>
</indexes>
</Table>