<?xml version = '1.0' encoding = 'UTF-8'?>
<Table class="oracle.dbtools.crest.model.design.relational.Table" directorySegmentName="seg_0" id="8DE10102-8541-72B1-A5BC-FBAFF342B5A3" name="RECIPIENT">
<sourceConnName>deepthought</sourceConnName>
<sourceObjSchema>DMKR_ASLINE</sourceObjSchema>
<sourceObjName>RECIPIENT</sourceObjName>
<createdBy>calittle</createdBy>
<createdTime>2019-04-17 17:26:07 UTC</createdTime>
<ownerDesignName>ODEE_1262_Design</ownerDesignName>
<schemaObject>8FC895A7-E0A2-11C9-AE90-BEF4CA704C97</schemaObject>
<allowColumnReorder>false</allowColumnReorder>
<existDependencyGenerateInDDl>true</existDependencyGenerateInDDl>
<columns itemClass="oracle.dbtools.crest.model.design.relational.Column">
<Column name="ID" id="5AD6076D-5787-59BE-6029-FA3972CAE379">
<sourceConnName>deepthought</sourceConnName>
<sourceObjSchema>RECIPIENT</sourceObjSchema>
<sourceObjName>ID</sourceObjName>
<createdBy>calittle</createdBy>
<createdTime>2019-04-17 17:26:43 UTC</createdTime>
<ownerDesignName>ODEE_1262_Design</ownerDesignName>
<useDomainConstraints>false</useDomainConstraints>
<use>1</use>
<logicalDatatype>LOGDT019</logicalDatatype>
<dataTypePrecision>38</dataTypePrecision>
<autoIncrementCycle>false</autoIncrementCycle>
</Column>
<Column name="NAME" id="AB5A3CBE-F1D7-AB75-B1A9-81F8FEAF9837">
<sourceConnName>deepthought</sourceConnName>
<sourceObjSchema>RECIPIENT</sourceObjSchema>
<sourceObjName>NAME</sourceObjName>
<createdBy>calittle</createdBy>
<createdTime>2019-04-17 17:26:43 UTC</createdTime>
<ownerDesignName>ODEE_1262_Design</ownerDesignName>
<useDomainConstraints>false</useDomainConstraints>
<use>1</use>
<logicalDatatype>LOGDT037</logicalDatatype>
<dataTypeSize>512</dataTypeSize>
<autoIncrementCycle>false</autoIncrementCycle>
</Column>
<Column name="COPYCOUNT" id="A8794DE1-852F-8B0D-B91C-A8E88FB7EF3D">
<sourceConnName>deepthought</sourceConnName>
<sourceObjSchema>RECIPIENT</sourceObjSchema>
<sourceObjName>COPYCOUNT</sourceObjName>
<createdBy>calittle</createdBy>
<createdTime>2019-04-17 17:26:43 UTC</createdTime>
<ownerDesignName>ODEE_1262_Design</ownerDesignName>
<useDomainConstraints>false</useDomainConstraints>
<use>1</use>
<logicalDatatype>LOGDT019</logicalDatatype>
<dataTypePrecision>10</dataTypePrecision>
<autoIncrementCycle>false</autoIncrementCycle>
</Column>
<Column name="DESCRIPTION" id="E8249857-B0B9-1FA3-B319-A0D3A7C19AD2">
<sourceConnName>deepthought</sourceConnName>
<sourceObjSchema>RECIPIENT</sourceObjSchema>
<sourceObjName>DESCRIPTION</sourceObjName>
<createdBy>calittle</createdBy>
<createdTime>2019-04-17 17:26:43 UTC</createdTime>
<ownerDesignName>ODEE_1262_Design</ownerDesignName>
<nullsAllowed>true</nullsAllowed>
<useDomainConstraints>false</useDomainConstraints>
<use>1</use>
<logicalDatatype>LOGDT037</logicalDatatype>
<dataTypeSize>512</dataTypeSize>
<autoIncrementCycle>false</autoIncrementCycle>
</Column>
<Column name="FORMID" id="EC911200-9E04-3CF9-5879-3176F673CB80">
<sourceConnName>deepthought</sourceConnName>
<sourceObjSchema>RECIPIENT</sourceObjSchema>
<sourceObjName>FORMID</sourceObjName>
<createdBy>calittle</createdBy>
<createdTime>2019-04-17 17:26:43 UTC</createdTime>
<ownerDesignName>ODEE_1262_Design</ownerDesignName>
<nullsAllowed>true</nullsAllowed>
<useDomainConstraints>false</useDomainConstraints>
<use>1</use>
<logicalDatatype>LOGDT019</logicalDatatype>
<dataTypePrecision>38</dataTypePrecision>
<delegate>5A6CCD1C-8E71-EF02-1412-8BB6988FCFDE</delegate>
<autoIncrementCycle>false</autoIncrementCycle>
<associations>
<colAssociation fkAssociation="62F60633-1C42-A3AE-4F44-E46D0BBA8930" referredColumn="5A6CCD1C-8E71-EF02-1412-8BB6988FCFDE"/>
</associations>
</Column>
<Column name="CONFIG" id="B870F3A7-F458-618C-7A31-79E56A9EE174">
<sourceConnName>deepthought</sourceConnName>
<sourceObjSchema>RECIPIENT</sourceObjSchema>
<sourceObjName>CONFIG</sourceObjName>
<createdBy>calittle</createdBy>
<createdTime>2019-04-17 17:26:43 UTC</createdTime>
<ownerDesignName>ODEE_1262_Design</ownerDesignName>
<nullsAllowed>true</nullsAllowed>
<useDomainConstraints>false</useDomainConstraints>
<use>1</use>
<logicalDatatype>LOGDT037</logicalDatatype>
<dataTypeSize>512</dataTypeSize>
<autoIncrementCycle>false</autoIncrementCycle>
</Column>
<Column name="EFFECTIVESTARTDATE" id="135861B1-60B0-E896-93DF-73A14D789EF0">
<sourceConnName>deepthought</sourceConnName>
<sourceObjSchema>RECIPIENT</sourceObjSchema>
<sourceObjName>EFFECTIVESTARTDATE</sourceObjName>
<createdBy>calittle</createdBy>
<createdTime>2019-04-17 17:26:43 UTC</createdTime>
<ownerDesignName>ODEE_1262_Design</ownerDesignName>
<nullsAllowed>true</nullsAllowed>
<useDomainConstraints>false</useDomainConstraints>
<use>1</use>
<logicalDatatype>LOGDT015</logicalDatatype>
<dataTypePrecision>6</dataTypePrecision>
<autoIncrementCycle>false</autoIncrementCycle>
</Column>
<Column name="EFFECTIVEENDDATE" id="2038D79C-12BD-42DC-94F4-D74B68AC554D">
<sourceConnName>deepthought</sourceConnName>
<sourceObjSchema>RECIPIENT</sourceObjSchema>
<sourceObjName>EFFECTIVEENDDATE</sourceObjName>
<createdBy>calittle</createdBy>
<createdTime>2019-04-17 17:26:43 UTC</createdTime>
<ownerDesignName>ODEE_1262_Design</ownerDesignName>
<nullsAllowed>true</nullsAllowed>
<useDomainConstraints>false</useDomainConstraints>
<use>1</use>
<logicalDatatype>LOGDT015</logicalDatatype>
<dataTypePrecision>6</dataTypePrecision>
<autoIncrementCycle>false</autoIncrementCycle>
</Column>
<Column name="MRLVERSION" id="200DB495-20D8-4733-3759-D1BEE1530C41">
<sourceConnName>deepthought</sourceConnName>
<sourceObjSchema>RECIPIENT</sourceObjSchema>
<sourceObjName>MRLVERSION</sourceObjName>
<createdBy>calittle</createdBy>
<createdTime>2019-04-17 17:26:43 UTC</createdTime>
<ownerDesignName>ODEE_1262_Design</ownerDesignName>
<nullsAllowed>true</nullsAllowed>
<useDomainConstraints>false</useDomainConstraints>
<use>1</use>
<logicalDatatype>LOGDT019</logicalDatatype>
<dataTypePrecision>10</dataTypePrecision>
<autoIncrementCycle>false</autoIncrementCycle>
</Column>
<Column name="MRLREVISION" id="5EB512E4-27A5-D216-8EA6-F2D0DDE191C0">
<sourceConnName>deepthought</sourceConnName>
<sourceObjSchema>RECIPIENT</sourceObjSchema>
<sourceObjName>MRLREVISION</sourceObjName>
<createdBy>calittle</createdBy>
<createdTime>2019-04-17 17:26:43 UTC</createdTime>
<ownerDesignName>ODEE_1262_Design</ownerDesignName>
<nullsAllowed>true</nullsAllowed>
<useDomainConstraints>false</useDomainConstraints>
<use>1</use>
<logicalDatatype>LOGDT019</logicalDatatype>
<dataTypePrecision>10</dataTypePrecision>
<autoIncrementCycle>false</autoIncrementCycle>
</Column>
</columns>
<indexes itemClass="oracle.dbtools.crest.model.design.relational.Index">
<ind_PK_UK id="846CE8C2-E364-88F0-D3A8-4E43DDF0C4E1" name="PK_RECIPIENT">
<sourceConnName>deepthought</sourceConnName>
<sourceObjSchema>DMKR_ASLINE</sourceObjSchema>
<sourceObjName>PK_RECIPIENT</sourceObjName>
<createdBy>calittle</createdBy>
<createdTime>2019-04-17 17:26:51 UTC</createdTime>
<ownerDesignName>ODEE_1262_Design</ownerDesignName>
<pk>true</pk>
<indexState>Primary Constraint</indexState>
<isSurrogateKey>false</isSurrogateKey>
<indexColumnUsage>
<colUsage columnID="5AD6076D-5787-59BE-6029-FA3972CAE379"/>
</indexColumnUsage>
</ind_PK_UK>
<ind_PK_UK id="BD371851-0291-1AAE-AD56-EC6AB0C22406" name="PK_RECIPIENT">
<sourceConnName>deepthought</sourceConnName>
<sourceObjSchema>DMKR_ASLINE</sourceObjSchema>
<sourceObjName>PK_RECIPIENT</sourceObjName>
<createdBy>calittle</createdBy>
<createdTime>2019-04-17 17:26:49 UTC</createdTime>
<ownerDesignName>ODEE_1262_Design</ownerDesignName>
<indexState>Unique Plain Index</indexState>
<schemaObject>8FC895A7-E0A2-11C9-AE90-BEF4CA704C97</schemaObject>
<isSurrogateKey>false</isSurrogateKey>
<indexColumnUsage>
<colUsage columnID="5AD6076D-5787-59BE-6029-FA3972CAE379"/>
</indexColumnUsage>
</ind_PK_UK>
<ind_PK_UK id="E4545288-BFCE-7130-1F9E-EEB7D0C80347" name="RECIPIENT_FORM_REL1">
<createdBy>calittle</createdBy>
<createdTime>2019-04-17 17:26:52 UTC</createdTime>
<ownerDesignName>ODEE_1262_Design</ownerDesignName>
<indexState>Foreign Key</indexState>
<isSurrogateKey>false</isSurrogateKey>
<indexColumnUsage>
<colUsage columnID="EC911200-9E04-3CF9-5879-3176F673CB80"/>
</indexColumnUsage>
</ind_PK_UK>
</indexes>
</Table>