<?xml version = '1.0' encoding = 'UTF-8'?>
<Table class="oracle.dbtools.crest.model.design.relational.Table" directorySegmentName="seg_0" id="9144893F-8AC7-0738-8114-1495E60E93FC" name="DMKR_ENTITY_ABILITYSET">
<sourceConnName>deepthought</sourceConnName>
<sourceObjSchema>DMKR_ADMIN</sourceObjSchema>
<sourceObjName>DMKR_ENTITY_ABILITYSET</sourceObjName>
<createdBy>calittle</createdBy>
<createdTime>2019-04-17 17:25:10 UTC</createdTime>
<ownerDesignName>ODEE_1262_Design</ownerDesignName>
<schemaObject>0323F05B-A91A-E5F5-C386-B3516E1DFCEB</schemaObject>
<allowColumnReorder>false</allowColumnReorder>
<existDependencyGenerateInDDl>true</existDependencyGenerateInDDl>
<columns itemClass="oracle.dbtools.crest.model.design.relational.Column">
<Column name="ENTITYID" id="FB0D81A3-C747-2D7F-196A-E38564CF65ED">
<sourceConnName>deepthought</sourceConnName>
<sourceObjSchema>DMKR_ENTITY_ABILITYSET</sourceObjSchema>
<sourceObjName>ENTITYID</sourceObjName>
<createdBy>calittle</createdBy>
<createdTime>2019-04-17 17:26:25 UTC</createdTime>
<ownerDesignName>ODEE_1262_Design</ownerDesignName>
<useDomainConstraints>false</useDomainConstraints>
<use>1</use>
<logicalDatatype>LOGDT019</logicalDatatype>
<dataTypePrecision>38</dataTypePrecision>
<delegate>E186C16D-6B63-B1CD-0962-6F3D80812D52</delegate>
<autoIncrementCycle>false</autoIncrementCycle>
<associations>
<colAssociation fkAssociation="AE0F3399-F0C4-D0A8-94D6-96E239F89CDF" referredColumn="E186C16D-6B63-B1CD-0962-6F3D80812D52"/>
</associations>
</Column>
<Column name="ABILITYSETID" id="60BD86E7-9A49-5C73-CA1A-AEC01EBD6265">
<sourceConnName>deepthought</sourceConnName>
<sourceObjSchema>DMKR_ENTITY_ABILITYSET</sourceObjSchema>
<sourceObjName>ABILITYSETID</sourceObjName>
<createdBy>calittle</createdBy>
<createdTime>2019-04-17 17:26:25 UTC</createdTime>
<ownerDesignName>ODEE_1262_Design</ownerDesignName>
<useDomainConstraints>false</useDomainConstraints>
<use>1</use>
<logicalDatatype>LOGDT019</logicalDatatype>
<dataTypePrecision>38</dataTypePrecision>
<delegate>4173A707-DA78-1AC5-519C-8D73F58DA712</delegate>
<autoIncrementCycle>false</autoIncrementCycle>
<associations>
<colAssociation fkAssociation="22F49285-0D55-AE2B-18DA-B819A05D3619" referredColumn="4173A707-DA78-1AC5-519C-8D73F58DA712"/>
</associations>
</Column>
<Column name="APP_ID" id="3B6BBB67-8F89-9BB5-B3B4-741A2D626918">
<sourceConnName>deepthought</sourceConnName>
<sourceObjSchema>DMKR_ENTITY_ABILITYSET</sourceObjSchema>
<sourceObjName>APP_ID</sourceObjName>
<createdBy>calittle</createdBy>
<createdTime>2019-04-17 17:26:25 UTC</createdTime>
<ownerDesignName>ODEE_1262_Design</ownerDesignName>
<useDomainConstraints>false</useDomainConstraints>
<use>1</use>
<logicalDatatype>LOGDT019</logicalDatatype>
<dataTypePrecision>38</dataTypePrecision>
<delegate>ED3C87BA-B506-4198-C9DE-7BF2C95E10F7</delegate>
<autoIncrementCycle>false</autoIncrementCycle>
<associations>
<colAssociation fkAssociation="22F49285-0D55-AE2B-18DA-B819A05D3619" referredColumn="ED3C87BA-B506-4198-C9DE-7BF2C95E10F7"/>
</associations>
</Column>
</columns>
<indexes itemClass="oracle.dbtools.crest.model.design.relational.Index">
<ind_PK_UK id="5DE71E78-A040-3DE4-1252-C2C3920F3E95" name="DMKR_ENTITY_ABILITYSET_PK">
<sourceConnName>deepthought</sourceConnName>
<sourceObjSchema>DMKR_ADMIN</sourceObjSchema>
<sourceObjName>DMKR_ENTITY_ABILITYSET_PK</sourceObjName>
<createdBy>calittle</createdBy>
<createdTime>2019-04-17 17:26:50 UTC</createdTime>
<ownerDesignName>ODEE_1262_Design</ownerDesignName>
<pk>true</pk>
<indexState>Primary Constraint</indexState>
<isSurrogateKey>false</isSurrogateKey>
<indexColumnUsage>
<colUsage columnID="60BD86E7-9A49-5C73-CA1A-AEC01EBD6265"/>
<colUsage columnID="3B6BBB67-8F89-9BB5-B3B4-741A2D626918"/>
<colUsage columnID="FB0D81A3-C747-2D7F-196A-E38564CF65ED"/>
</indexColumnUsage>
</ind_PK_UK>
<ind_PK_UK id="A9B0FEA4-46F9-AD04-DED6-40A20E3E11AC" name="DMKR_E2AS_ABILITYSETID_INDEX">
<sourceConnName>deepthought</sourceConnName>
<sourceObjSchema>DMKR_ADMIN</sourceObjSchema>
<sourceObjName>DMKR_E2AS_ABILITYSETID_INDEX</sourceObjName>
<createdBy>calittle</createdBy>
<createdTime>2019-04-17 17:26:48 UTC</createdTime>
<ownerDesignName>ODEE_1262_Design</ownerDesignName>
<schemaObject>0323F05B-A91A-E5F5-C386-B3516E1DFCEB</schemaObject>
<isSurrogateKey>false</isSurrogateKey>
<indexColumnUsage>
<colUsage columnID="60BD86E7-9A49-5C73-CA1A-AEC01EBD6265"/>
</indexColumnUsage>
</ind_PK_UK>
<ind_PK_UK id="4A8AF1F8-B5BC-A37A-6277-D5897100F1BE" name="DMKR_E2AS_APPID_INDEX">
<sourceConnName>deepthought</sourceConnName>
<sourceObjSchema>DMKR_ADMIN</sourceObjSchema>
<sourceObjName>DMKR_E2AS_APPID_INDEX</sourceObjName>
<createdBy>calittle</createdBy>
<createdTime>2019-04-17 17:26:48 UTC</createdTime>
<ownerDesignName>ODEE_1262_Design</ownerDesignName>
<schemaObject>0323F05B-A91A-E5F5-C386-B3516E1DFCEB</schemaObject>
<isSurrogateKey>false</isSurrogateKey>
<indexColumnUsage>
<colUsage columnID="3B6BBB67-8F89-9BB5-B3B4-741A2D626918"/>
</indexColumnUsage>
</ind_PK_UK>
<ind_PK_UK id="48E3554A-6EF4-519E-1462-01A24EBD8C0A" name="DMKR_E2AS_ENTITYID_INDEX">
<sourceConnName>deepthought</sourceConnName>
<sourceObjSchema>DMKR_ADMIN</sourceObjSchema>
<sourceObjName>DMKR_E2AS_ENTITYID_INDEX</sourceObjName>
<createdBy>calittle</createdBy>
<createdTime>2019-04-17 17:26:48 UTC</createdTime>
<ownerDesignName>ODEE_1262_Design</ownerDesignName>
<schemaObject>0323F05B-A91A-E5F5-C386-B3516E1DFCEB</schemaObject>
<isSurrogateKey>false</isSurrogateKey>
<indexColumnUsage>
<colUsage columnID="FB0D81A3-C747-2D7F-196A-E38564CF65ED"/>
</indexColumnUsage>
</ind_PK_UK>
<ind_PK_UK id="5E77C0F0-F87B-1F8D-8B0B-10E4A27B4654" name="DMKR_ENTITY_ABILITYSET_PK">
<sourceConnName>deepthought</sourceConnName>
<sourceObjSchema>DMKR_ADMIN</sourceObjSchema>
<sourceObjName>DMKR_ENTITY_ABILITYSET_PK</sourceObjName>
<createdBy>calittle</createdBy>
<createdTime>2019-04-17 17:26:48 UTC</createdTime>
<ownerDesignName>ODEE_1262_Design</ownerDesignName>
<indexState>Unique Plain Index</indexState>
<schemaObject>0323F05B-A91A-E5F5-C386-B3516E1DFCEB</schemaObject>
<isSurrogateKey>false</isSurrogateKey>
<indexColumnUsage>
<colUsage columnID="60BD86E7-9A49-5C73-CA1A-AEC01EBD6265"/>
<colUsage columnID="3B6BBB67-8F89-9BB5-B3B4-741A2D626918"/>
<colUsage columnID="FB0D81A3-C747-2D7F-196A-E38564CF65ED"/>
</indexColumnUsage>
</ind_PK_UK>
<ind_PK_UK id="AD5EF9B6-7A4B-16D3-5467-923EB7262452" name="DMKR_ENTITY_ABILITYSET_FK">
<createdBy>calittle</createdBy>
<createdTime>2019-04-17 17:26:52 UTC</createdTime>
<ownerDesignName>ODEE_1262_Design</ownerDesignName>
<indexState>Foreign Key</indexState>
<isSurrogateKey>false</isSurrogateKey>
<indexColumnUsage>
<colUsage columnID="FB0D81A3-C747-2D7F-196A-E38564CF65ED"/>
</indexColumnUsage>
</ind_PK_UK>
<ind_PK_UK id="528CFEF3-681C-6E1F-AFE0-07A7257807F8" name="DMKR_ENTITY_ABILITYSET_FK2">
<createdBy>calittle</createdBy>
<createdTime>2019-04-17 17:26:52 UTC</createdTime>
<ownerDesignName>ODEE_1262_Design</ownerDesignName>
<indexState>Foreign Key</indexState>
<isSurrogateKey>false</isSurrogateKey>
<indexColumnUsage>
<colUsage columnID="60BD86E7-9A49-5C73-CA1A-AEC01EBD6265"/>
<colUsage columnID="3B6BBB67-8F89-9BB5-B3B4-741A2D626918"/>
</indexColumnUsage>
</ind_PK_UK>
</indexes>
</Table>