<?xml version = '1.0' encoding = 'UTF-8'?>
<Table class="oracle.dbtools.crest.model.design.relational.Table" directorySegmentName="seg_0" id="9156A969-1D96-D2F4-28DB-D24001887235" name="DMKR_ENTITIES">
<sourceConnName>deepthought</sourceConnName>
<sourceObjSchema>DMKR_ADMIN</sourceObjSchema>
<sourceObjName>DMKR_ENTITIES</sourceObjName>
<createdBy>calittle</createdBy>
<createdTime>2019-04-17 17:25:08 UTC</createdTime>
<ownerDesignName>ODEE_1262_Design</ownerDesignName>
<schemaObject>0323F05B-A91A-E5F5-C386-B3516E1DFCEB</schemaObject>
<allowColumnReorder>false</allowColumnReorder>
<existDependencyGenerateInDDl>true</existDependencyGenerateInDDl>
<columns itemClass="oracle.dbtools.crest.model.design.relational.Column">
<Column name="ID" id="E186C16D-6B63-B1CD-0962-6F3D80812D52">
<sourceConnName>deepthought</sourceConnName>
<sourceObjSchema>DMKR_ENTITIES</sourceObjSchema>
<sourceObjName>ID</sourceObjName>
<createdBy>calittle</createdBy>
<createdTime>2019-04-17 17:26:24 UTC</createdTime>
<ownerDesignName>ODEE_1262_Design</ownerDesignName>
<useDomainConstraints>false</useDomainConstraints>
<use>1</use>
<logicalDatatype>LOGDT019</logicalDatatype>
<dataTypePrecision>38</dataTypePrecision>
<autoIncrementCycle>false</autoIncrementCycle>
</Column>
<Column name="ENTITYTYPE" id="0286AEAB-F9CE-E424-A0D9-3986B02B831B">
<sourceConnName>deepthought</sourceConnName>
<sourceObjSchema>DMKR_ENTITIES</sourceObjSchema>
<sourceObjName>ENTITYTYPE</sourceObjName>
<createdBy>calittle</createdBy>
<createdTime>2019-04-17 17:26:24 UTC</createdTime>
<ownerDesignName>ODEE_1262_Design</ownerDesignName>
<constraintName>DMKR_ENTITIES_TYPECHECK</constraintName>
<useDomainConstraints>false</useDomainConstraints>
<use>1</use>
<logicalDatatype>LOGDT019</logicalDatatype>
<dataTypePrecision>38</dataTypePrecision>
<checkConstraint>
<implementationDef dbType="Oracle Database 12c" definition=" ENTITYTYPE = 1 OR ENTITYTYPE = 2"/>
</checkConstraint>
<autoIncrementCycle>false</autoIncrementCycle>
</Column>
<Column name="DISPLAYNAME" id="B1D7499C-18DC-7DB2-7F2A-5629A192C98B">
<sourceConnName>deepthought</sourceConnName>
<sourceObjSchema>DMKR_ENTITIES</sourceObjSchema>
<sourceObjName>DISPLAYNAME</sourceObjName>
<createdBy>calittle</createdBy>
<createdTime>2019-04-17 17:26:24 UTC</createdTime>
<ownerDesignName>ODEE_1262_Design</ownerDesignName>
<useDomainConstraints>false</useDomainConstraints>
<use>1</use>
<logicalDatatype>LOGDT037</logicalDatatype>
<dataTypeSize>500</dataTypeSize>
<autoIncrementCycle>false</autoIncrementCycle>
</Column>
<Column name="REPOSITORYNAME" id="51F116A0-D7B6-C5A0-CCFD-2DEB4BA1D37A">
<sourceConnName>deepthought</sourceConnName>
<sourceObjSchema>DMKR_ENTITIES</sourceObjSchema>
<sourceObjName>REPOSITORYNAME</sourceObjName>
<createdBy>calittle</createdBy>
<createdTime>2019-04-17 17:26:24 UTC</createdTime>
<ownerDesignName>ODEE_1262_Design</ownerDesignName>
<useDomainConstraints>false</useDomainConstraints>
<use>1</use>
<logicalDatatype>LOGDT037</logicalDatatype>
<dataTypeSize>500</dataTypeSize>
<autoIncrementCycle>false</autoIncrementCycle>
</Column>
<Column name="NAME" id="7A0AB5DD-7F59-870F-BAB4-8CCB14B13B3A">
<sourceConnName>deepthought</sourceConnName>
<sourceObjSchema>DMKR_ENTITIES</sourceObjSchema>
<sourceObjName>NAME</sourceObjName>
<createdBy>calittle</createdBy>
<createdTime>2019-04-17 17:26:24 UTC</createdTime>
<ownerDesignName>ODEE_1262_Design</ownerDesignName>
<useDomainConstraints>false</useDomainConstraints>
<use>1</use>
<logicalDatatype>LOGDT037</logicalDatatype>
<dataTypeSize>500</dataTypeSize>
<autoIncrementCycle>false</autoIncrementCycle>
</Column>
<Column name="TITLE" id="E3C847C6-0403-36CA-CCFE-F0461C6DEC33">
<sourceConnName>deepthought</sourceConnName>
<sourceObjSchema>DMKR_ENTITIES</sourceObjSchema>
<sourceObjName>TITLE</sourceObjName>
<createdBy>calittle</createdBy>
<createdTime>2019-04-17 17:26:24 UTC</createdTime>
<ownerDesignName>ODEE_1262_Design</ownerDesignName>
<nullsAllowed>true</nullsAllowed>
<useDomainConstraints>false</useDomainConstraints>
<use>1</use>
<logicalDatatype>LOGDT037</logicalDatatype>
<dataTypeSize>500</dataTypeSize>
<autoIncrementCycle>false</autoIncrementCycle>
</Column>
<Column name="MANAGER" id="AA5D2112-833B-A633-F118-11C66097F327">
<sourceConnName>deepthought</sourceConnName>
<sourceObjSchema>DMKR_ENTITIES</sourceObjSchema>
<sourceObjName>MANAGER</sourceObjName>
<createdBy>calittle</createdBy>
<createdTime>2019-04-17 17:26:24 UTC</createdTime>
<ownerDesignName>ODEE_1262_Design</ownerDesignName>
<nullsAllowed>true</nullsAllowed>
<useDomainConstraints>false</useDomainConstraints>
<use>1</use>
<logicalDatatype>LOGDT037</logicalDatatype>
<dataTypeSize>500</dataTypeSize>
<autoIncrementCycle>false</autoIncrementCycle>
</Column>
<Column name="BUSINESS_EMAIL" id="C202D9EF-043E-C0D9-8172-F382D72205BB">
<sourceConnName>deepthought</sourceConnName>
<sourceObjSchema>DMKR_ENTITIES</sourceObjSchema>
<sourceObjName>BUSINESS_EMAIL</sourceObjName>
<createdBy>calittle</createdBy>
<createdTime>2019-04-17 17:26:24 UTC</createdTime>
<ownerDesignName>ODEE_1262_Design</ownerDesignName>
<nullsAllowed>true</nullsAllowed>
<useDomainConstraints>false</useDomainConstraints>
<use>1</use>
<logicalDatatype>LOGDT037</logicalDatatype>
<dataTypeSize>500</dataTypeSize>
<autoIncrementCycle>false</autoIncrementCycle>
</Column>
<Column name="BUSINESS_PHONE" id="A5B2F02A-53D6-B1A6-6AC0-ACB501D95CE5">
<sourceConnName>deepthought</sourceConnName>
<sourceObjSchema>DMKR_ENTITIES</sourceObjSchema>
<sourceObjName>BUSINESS_PHONE</sourceObjName>
<createdBy>calittle</createdBy>
<createdTime>2019-04-17 17:26:24 UTC</createdTime>
<ownerDesignName>ODEE_1262_Design</ownerDesignName>
<nullsAllowed>true</nullsAllowed>
<useDomainConstraints>false</useDomainConstraints>
<use>1</use>
<logicalDatatype>LOGDT037</logicalDatatype>
<dataTypeSize>20</dataTypeSize>
<autoIncrementCycle>false</autoIncrementCycle>
</Column>
<Column name="BUSINESS_STATE" id="755FB682-A803-CD97-ACB2-3CF03A0E5870">
<sourceConnName>deepthought</sourceConnName>
<sourceObjSchema>DMKR_ENTITIES</sourceObjSchema>
<sourceObjName>BUSINESS_STATE</sourceObjName>
<createdBy>calittle</createdBy>
<createdTime>2019-04-17 17:26:24 UTC</createdTime>
<ownerDesignName>ODEE_1262_Design</ownerDesignName>
<nullsAllowed>true</nullsAllowed>
<useDomainConstraints>false</useDomainConstraints>
<use>1</use>
<logicalDatatype>LOGDT037</logicalDatatype>
<dataTypeSize>100</dataTypeSize>
<autoIncrementCycle>false</autoIncrementCycle>
</Column>
<Column name="BUSINESS_CITY" id="D400E6BE-9807-FC68-1BE5-83675BD89761">
<sourceConnName>deepthought</sourceConnName>
<sourceObjSchema>DMKR_ENTITIES</sourceObjSchema>
<sourceObjName>BUSINESS_CITY</sourceObjName>
<createdBy>calittle</createdBy>
<createdTime>2019-04-17 17:26:24 UTC</createdTime>
<ownerDesignName>ODEE_1262_Design</ownerDesignName>
<nullsAllowed>true</nullsAllowed>
<useDomainConstraints>false</useDomainConstraints>
<use>1</use>
<logicalDatatype>LOGDT037</logicalDatatype>
<dataTypeSize>100</dataTypeSize>
<autoIncrementCycle>false</autoIncrementCycle>
</Column>
<Column name="BUSINESS_COUNTRY" id="747AA860-0B28-1989-F3C1-C43AF0877E2C">
<sourceConnName>deepthought</sourceConnName>
<sourceObjSchema>DMKR_ENTITIES</sourceObjSchema>
<sourceObjName>BUSINESS_COUNTRY</sourceObjName>
<createdBy>calittle</createdBy>
<createdTime>2019-04-17 17:26:24 UTC</createdTime>
<ownerDesignName>ODEE_1262_Design</ownerDesignName>
<nullsAllowed>true</nullsAllowed>
<useDomainConstraints>false</useDomainConstraints>
<use>1</use>
<logicalDatatype>LOGDT037</logicalDatatype>
<dataTypeSize>100</dataTypeSize>
<autoIncrementCycle>false</autoIncrementCycle>
</Column>
<Column name="LAST_UPDATE" id="ABB268D3-A5A0-43C6-C13A-D6F7E55B8A4B">
<sourceConnName>deepthought</sourceConnName>
<sourceObjSchema>DMKR_ENTITIES</sourceObjSchema>
<sourceObjName>LAST_UPDATE</sourceObjName>
<createdBy>calittle</createdBy>
<createdTime>2019-04-17 17:26:24 UTC</createdTime>
<ownerDesignName>ODEE_1262_Design</ownerDesignName>
<nullsAllowed>true</nullsAllowed>
<useDomainConstraints>false</useDomainConstraints>
<use>1</use>
<logicalDatatype>LOGDT015</logicalDatatype>
<dataTypePrecision>6</dataTypePrecision>
<autoIncrementCycle>false</autoIncrementCycle>
</Column>
<Column name="ACTIVE" id="C665CA4F-9822-176E-D8D5-537EBA5D9677">
<sourceConnName>deepthought</sourceConnName>
<sourceObjSchema>DMKR_ENTITIES</sourceObjSchema>
<sourceObjName>ACTIVE</sourceObjName>
<createdBy>calittle</createdBy>
<createdTime>2019-04-17 17:26:24 UTC</createdTime>
<ownerDesignName>ODEE_1262_Design</ownerDesignName>
<constraintName>DMKR_ENTITIES_ACTIVECHECK</constraintName>
<useDomainConstraints>false</useDomainConstraints>
<use>1</use>
<logicalDatatype>LOGDT019</logicalDatatype>
<dataTypePrecision>5</dataTypePrecision>
<checkConstraint>
<implementationDef dbType="Oracle Database 12c" definition=" ACTIVE = 1 OR ACTIVE = 0"/>
</checkConstraint>
<defaultValue>1</defaultValue>
<autoIncrementCycle>false</autoIncrementCycle>
</Column>
</columns>
<indexes itemClass="oracle.dbtools.crest.model.design.relational.Index">
<ind_PK_UK id="2EFE40AC-C5BD-5E52-9AD1-E1FC37B79FCD" name="DMKR_ENTITIES_PK">
<sourceConnName>deepthought</sourceConnName>
<sourceObjSchema>DMKR_ADMIN</sourceObjSchema>
<sourceObjName>DMKR_ENTITIES_PK</sourceObjName>
<createdBy>calittle</createdBy>
<createdTime>2019-04-17 17:26:50 UTC</createdTime>
<ownerDesignName>ODEE_1262_Design</ownerDesignName>
<pk>true</pk>
<indexState>Primary Constraint</indexState>
<isSurrogateKey>false</isSurrogateKey>
<indexColumnUsage>
<colUsage columnID="E186C16D-6B63-B1CD-0962-6F3D80812D52"/>
</indexColumnUsage>
</ind_PK_UK>
<ind_PK_UK id="50FD4837-5E6A-9FF3-6524-40349A2971CA" name="DMKR_ENTITIES_REPONAME_INDEX">
<sourceConnName>deepthought</sourceConnName>
<sourceObjSchema>DMKR_ADMIN</sourceObjSchema>
<sourceObjName>DMKR_ENTITIES_REPONAME_INDEX</sourceObjName>
<createdBy>calittle</createdBy>
<createdTime>2019-04-17 17:26:48 UTC</createdTime>
<ownerDesignName>ODEE_1262_Design</ownerDesignName>
<indexState>Unique Plain Index</indexState>
<schemaObject>0323F05B-A91A-E5F5-C386-B3516E1DFCEB</schemaObject>
<isSurrogateKey>false</isSurrogateKey>
<indexColumnUsage>
<colUsage columnID="51F116A0-D7B6-C5A0-CCFD-2DEB4BA1D37A"/>
</indexColumnUsage>
</ind_PK_UK>
<ind_PK_UK id="2521D1E2-9FCD-EBE9-E4B3-B60296C49AD6" name="DMKR_ENTITIES_PK">
<sourceConnName>deepthought</sourceConnName>
<sourceObjSchema>DMKR_ADMIN</sourceObjSchema>
<sourceObjName>DMKR_ENTITIES_PK</sourceObjName>
<createdBy>calittle</createdBy>
<createdTime>2019-04-17 17:26:48 UTC</createdTime>
<ownerDesignName>ODEE_1262_Design</ownerDesignName>
<indexState>Unique Plain Index</indexState>
<schemaObject>0323F05B-A91A-E5F5-C386-B3516E1DFCEB</schemaObject>
<isSurrogateKey>false</isSurrogateKey>
<indexColumnUsage>
<colUsage columnID="E186C16D-6B63-B1CD-0962-6F3D80812D52"/>
</indexColumnUsage>
</ind_PK_UK>
</indexes>
</Table>