<?xml version = '1.0' encoding = 'UTF-8'?>
<Table class="oracle.dbtools.crest.model.design.relational.Table" directorySegmentName="seg_0" id="924B5EE5-C7B9-58C9-0B16-7DC096D58A79" name="ALCONFIGCONTEXT">
<sourceConnName>deepthought</sourceConnName>
<sourceObjSchema>DMKR_ADMIN</sourceObjSchema>
<sourceObjName>ALCONFIGCONTEXT</sourceObjName>
<createdBy>calittle</createdBy>
<createdTime>2019-04-17 17:24:52 UTC</createdTime>
<commentInRDBMS>Assembly Line Configuration Context</commentInRDBMS>
<ownerDesignName>ODEE_1262_Design</ownerDesignName>
<schemaObject>0323F05B-A91A-E5F5-C386-B3516E1DFCEB</schemaObject>
<allowColumnReorder>false</allowColumnReorder>
<existDependencyGenerateInDDl>true</existDependencyGenerateInDDl>
<columns itemClass="oracle.dbtools.crest.model.design.relational.Column">
<Column name="SYS_ID" id="8AC8E3EE-8CA0-FFCB-A570-E3C8BE64C469">
<sourceConnName>deepthought</sourceConnName>
<sourceObjSchema>ALCONFIGCONTEXT</sourceObjSchema>
<sourceObjName>SYS_ID</sourceObjName>
<createdBy>calittle</createdBy>
<createdTime>2019-04-17 17:26:20 UTC</createdTime>
<ownerDesignName>ODEE_1262_Design</ownerDesignName>
<useDomainConstraints>false</useDomainConstraints>
<use>1</use>
<logicalDatatype>LOGDT019</logicalDatatype>
<dataTypePrecision>38</dataTypePrecision>
<delegate>F748C7A3-310D-4815-6743-5DF464BAC126</delegate>
<autoIncrementCycle>false</autoIncrementCycle>
<associations>
<colAssociation fkAssociation="DEA13A1B-BF86-33AD-403C-222172A20211" referredColumn="F748C7A3-310D-4815-6743-5DF464BAC126"/>
</associations>
</Column>
<Column name="AL_ID" id="9C683ACC-D87E-0A82-FA9E-324A6AC8A0DD">
<sourceConnName>deepthought</sourceConnName>
<sourceObjSchema>ALCONFIGCONTEXT</sourceObjSchema>
<sourceObjName>AL_ID</sourceObjName>
<createdBy>calittle</createdBy>
<createdTime>2019-04-17 17:26:20 UTC</createdTime>
<ownerDesignName>ODEE_1262_Design</ownerDesignName>
<useDomainConstraints>false</useDomainConstraints>
<use>1</use>
<logicalDatatype>LOGDT019</logicalDatatype>
<dataTypePrecision>38</dataTypePrecision>
<delegate>BF175901-B2E1-9625-5B02-F610BD26B567</delegate>
<autoIncrementCycle>false</autoIncrementCycle>
<associations>
<colAssociation fkAssociation="DEA13A1B-BF86-33AD-403C-222172A20211" referredColumn="BF175901-B2E1-9625-5B02-F610BD26B567"/>
</associations>
</Column>
<Column name="CTX_ID" id="2F1B6201-9799-8745-DC22-7A05B927CF84">
<sourceConnName>deepthought</sourceConnName>
<sourceObjSchema>ALCONFIGCONTEXT</sourceObjSchema>
<sourceObjName>CTX_ID</sourceObjName>
<createdBy>calittle</createdBy>
<createdTime>2019-04-17 17:26:20 UTC</createdTime>
<commentInRDBMS>Context ID primary key</commentInRDBMS>
<ownerDesignName>ODEE_1262_Design</ownerDesignName>
<useDomainConstraints>false</useDomainConstraints>
<use>1</use>
<logicalDatatype>LOGDT019</logicalDatatype>
<dataTypePrecision>38</dataTypePrecision>
<autoIncrementCycle>false</autoIncrementCycle>
</Column>
<Column name="CONTEXT_NAME" id="2CEB6A33-45C6-5BC6-9B88-808220DD0ADD">
<sourceConnName>deepthought</sourceConnName>
<sourceObjSchema>ALCONFIGCONTEXT</sourceObjSchema>
<sourceObjName>CONTEXT_NAME</sourceObjName>
<createdBy>calittle</createdBy>
<createdTime>2019-04-17 17:26:20 UTC</createdTime>
<commentInRDBMS>Context grouping of associated GROUP_NAMEs.  </commentInRDBMS>
<ownerDesignName>ODEE_1262_Design</ownerDesignName>
<nullsAllowed>true</nullsAllowed>
<useDomainConstraints>false</useDomainConstraints>
<use>1</use>
<logicalDatatype>LOGDT037</logicalDatatype>
<dataTypeSize>256</dataTypeSize>
<autoIncrementCycle>false</autoIncrementCycle>
</Column>
<Column name="GROUP_NAME" id="34C1F83B-EBC8-1136-DFA6-3BD7F1C19AF2">
<sourceConnName>deepthought</sourceConnName>
<sourceObjSchema>ALCONFIGCONTEXT</sourceObjSchema>
<sourceObjName>GROUP_NAME</sourceObjName>
<createdBy>calittle</createdBy>
<createdTime>2019-04-17 17:26:20 UTC</createdTime>
<ownerDesignName>ODEE_1262_Design</ownerDesignName>
<useDomainConstraints>false</useDomainConstraints>
<use>1</use>
<logicalDatatype>LOGDT037</logicalDatatype>
<dataTypeSize>256</dataTypeSize>
<autoIncrementCycle>false</autoIncrementCycle>
</Column>
<Column name="PROPERTY" id="5D69856D-B71C-8838-CFC3-077DB9716DAE">
<sourceConnName>deepthought</sourceConnName>
<sourceObjSchema>ALCONFIGCONTEXT</sourceObjSchema>
<sourceObjName>PROPERTY</sourceObjName>
<createdBy>calittle</createdBy>
<createdTime>2019-04-17 17:26:20 UTC</createdTime>
<commentInRDBMS>Property Name</commentInRDBMS>
<ownerDesignName>ODEE_1262_Design</ownerDesignName>
<useDomainConstraints>false</useDomainConstraints>
<use>1</use>
<logicalDatatype>LOGDT037</logicalDatatype>
<dataTypeSize>256</dataTypeSize>
<autoIncrementCycle>false</autoIncrementCycle>
</Column>
<Column name="VALUE" id="2A50401B-2186-5CA4-03C3-DC33DF17D784">
<sourceConnName>deepthought</sourceConnName>
<sourceObjSchema>ALCONFIGCONTEXT</sourceObjSchema>
<sourceObjName>VALUE</sourceObjName>
<createdBy>calittle</createdBy>
<createdTime>2019-04-17 17:26:20 UTC</createdTime>
<commentInRDBMS>Value of the Property</commentInRDBMS>
<ownerDesignName>ODEE_1262_Design</ownerDesignName>
<nullsAllowed>true</nullsAllowed>
<useDomainConstraints>false</useDomainConstraints>
<use>1</use>
<logicalDatatype>LOGDT037</logicalDatatype>
<dataTypeSize>1000</dataTypeSize>
<autoIncrementCycle>false</autoIncrementCycle>
</Column>
<Column name="VALUE_TYPE" id="BE8CFE05-8E60-D60E-2E6C-92D24FE8036E">
<sourceConnName>deepthought</sourceConnName>
<sourceObjSchema>ALCONFIGCONTEXT</sourceObjSchema>
<sourceObjName>VALUE_TYPE</sourceObjName>
<createdBy>calittle</createdBy>
<createdTime>2019-04-17 17:26:20 UTC</createdTime>
<commentInRDBMS>Value type of the Property:&lt;br/&gt;0=Alphanumeric (default)&lt;br/&gt;1=Alphanumeric Multiline&lt;br/&gt;2=Numeric&lt;br/&gt;3=Alpha&lt;br/&gt;4=PickList&lt;br/&gt;5=Boolean&lt;br/&gt;6=Schedule&lt;br/&gt;7=Date Time</commentInRDBMS>
<ownerDesignName>ODEE_1262_Design</ownerDesignName>
<nullsAllowed>true</nullsAllowed>
<useDomainConstraints>false</useDomainConstraints>
<use>1</use>
<logicalDatatype>LOGDT019</logicalDatatype>
<dataTypePrecision>10</dataTypePrecision>
<defaultValue>0</defaultValue>
<autoIncrementCycle>false</autoIncrementCycle>
</Column>
<Column name="VALUE_REF" id="A81888B2-AD3E-5F8C-9ADB-36A2FA16D5A7">
<sourceConnName>deepthought</sourceConnName>
<sourceObjSchema>ALCONFIGCONTEXT</sourceObjSchema>
<sourceObjName>VALUE_REF</sourceObjName>
<createdBy>calittle</createdBy>
<createdTime>2019-04-17 17:26:20 UTC</createdTime>
<commentInRDBMS>Additional reference for value types. Example, used for PickList lookups from DMKR_TRANSLAT.</commentInRDBMS>
<ownerDesignName>ODEE_1262_Design</ownerDesignName>
<nullsAllowed>true</nullsAllowed>
<useDomainConstraints>false</useDomainConstraints>
<use>1</use>
<logicalDatatype>LOGDT037</logicalDatatype>
<dataTypeSize>256</dataTypeSize>
<autoIncrementCycle>false</autoIncrementCycle>
</Column>
<Column name="GROUPSEQ" id="911F0775-7012-3538-A7E5-79F47B398179">
<sourceConnName>deepthought</sourceConnName>
<sourceObjSchema>ALCONFIGCONTEXT</sourceObjSchema>
<sourceObjName>GROUPSEQ</sourceObjName>
<createdBy>calittle</createdBy>
<createdTime>2019-04-17 17:26:20 UTC</createdTime>
<commentInRDBMS>Sequence of order of Properties under a Group_Name.&lt;br/&gt;Important if Properties are repeated and make a listing of values.</commentInRDBMS>
<ownerDesignName>ODEE_1262_Design</ownerDesignName>
<nullsAllowed>true</nullsAllowed>
<useDomainConstraints>false</useDomainConstraints>
<use>1</use>
<logicalDatatype>LOGDT019</logicalDatatype>
<dataTypePrecision>10</dataTypePrecision>
<defaultValue>1</defaultValue>
<autoIncrementCycle>false</autoIncrementCycle>
</Column>
<Column name="CATEGORY" id="1AEF11BF-CB32-DBD3-4E51-2368E9AD3ED4">
<sourceConnName>deepthought</sourceConnName>
<sourceObjSchema>ALCONFIGCONTEXT</sourceObjSchema>
<sourceObjName>CATEGORY</sourceObjName>
<createdBy>calittle</createdBy>
<createdTime>2019-04-17 17:26:20 UTC</createdTime>
<commentInRDBMS>Category of the Property</commentInRDBMS>
<ownerDesignName>ODEE_1262_Design</ownerDesignName>
<nullsAllowed>true</nullsAllowed>
<useDomainConstraints>false</useDomainConstraints>
<use>1</use>
<logicalDatatype>LOGDT037</logicalDatatype>
<dataTypeSize>50</dataTypeSize>
<autoIncrementCycle>false</autoIncrementCycle>
</Column>
<Column name="ACTIVE" id="D61FAFEE-A7B0-AB3D-EE13-7382DEEA7FCE">
<sourceConnName>deepthought</sourceConnName>
<sourceObjSchema>ALCONFIGCONTEXT</sourceObjSchema>
<sourceObjName>ACTIVE</sourceObjName>
<createdBy>calittle</createdBy>
<createdTime>2019-04-17 17:26:20 UTC</createdTime>
<commentInRDBMS>Denotes if the configuration row is active (TRUE=1) or inactive (FALSE=0).&lt;br/&gt;Inactive will not be evaluated by the processes using the setting. </commentInRDBMS>
<ownerDesignName>ODEE_1262_Design</ownerDesignName>
<nullsAllowed>true</nullsAllowed>
<useDomainConstraints>false</useDomainConstraints>
<use>1</use>
<logicalDatatype>LOGDT019</logicalDatatype>
<dataTypePrecision>5</dataTypePrecision>
<defaultValue>1</defaultValue>
<autoIncrementCycle>false</autoIncrementCycle>
</Column>
<Column name="IS_SECRET" id="5018299D-482F-8547-D9A6-22D54E3070BB">
<sourceConnName>deepthought</sourceConnName>
<sourceObjSchema>ALCONFIGCONTEXT</sourceObjSchema>
<sourceObjName>IS_SECRET</sourceObjName>
<createdBy>calittle</createdBy>
<createdTime>2019-04-17 17:26:20 UTC</createdTime>
<commentInRDBMS>Value is secret and should not be displayed.</commentInRDBMS>
<ownerDesignName>ODEE_1262_Design</ownerDesignName>
<nullsAllowed>true</nullsAllowed>
<useDomainConstraints>false</useDomainConstraints>
<use>1</use>
<logicalDatatype>LOGDT019</logicalDatatype>
<dataTypePrecision>5</dataTypePrecision>
<defaultValue>0</defaultValue>
<autoIncrementCycle>false</autoIncrementCycle>
</Column>
<Column name="IS_ENCRYPT" id="88805E39-1E37-E8F7-E5EE-D42F74EBA808">
<sourceConnName>deepthought</sourceConnName>
<sourceObjSchema>ALCONFIGCONTEXT</sourceObjSchema>
<sourceObjName>IS_ENCRYPT</sourceObjName>
<createdBy>calittle</createdBy>
<createdTime>2019-04-17 17:26:20 UTC</createdTime>
<commentInRDBMS>Value is to be Encrypted. </commentInRDBMS>
<ownerDesignName>ODEE_1262_Design</ownerDesignName>
<nullsAllowed>true</nullsAllowed>
<useDomainConstraints>false</useDomainConstraints>
<use>1</use>
<logicalDatatype>LOGDT019</logicalDatatype>
<dataTypePrecision>5</dataTypePrecision>
<defaultValue>0</defaultValue>
<autoIncrementCycle>false</autoIncrementCycle>
</Column>
<Column name="CREATETIME" id="23350817-3C69-3E08-8545-3EDE96BD84B3">
<sourceConnName>deepthought</sourceConnName>
<sourceObjSchema>ALCONFIGCONTEXT</sourceObjSchema>
<sourceObjName>CREATETIME</sourceObjName>
<createdBy>calittle</createdBy>
<createdTime>2019-04-17 17:26:20 UTC</createdTime>
<commentInRDBMS>UTC time for when the entry was inserted.</commentInRDBMS>
<ownerDesignName>ODEE_1262_Design</ownerDesignName>
<nullsAllowed>true</nullsAllowed>
<useDomainConstraints>false</useDomainConstraints>
<use>1</use>
<logicalDatatype>LOGDT015</logicalDatatype>
<dataTypePrecision>6</dataTypePrecision>
<autoIncrementCycle>false</autoIncrementCycle>
</Column>
<Column name="MODIFYTIME" id="8BEA8BE4-3C4F-F99E-EA09-A77A59492F68">
<sourceConnName>deepthought</sourceConnName>
<sourceObjSchema>ALCONFIGCONTEXT</sourceObjSchema>
<sourceObjName>MODIFYTIME</sourceObjName>
<createdBy>calittle</createdBy>
<createdTime>2019-04-17 17:26:20 UTC</createdTime>
<commentInRDBMS>UTC time for when the entry was last modified.</commentInRDBMS>
<ownerDesignName>ODEE_1262_Design</ownerDesignName>
<nullsAllowed>true</nullsAllowed>
<useDomainConstraints>false</useDomainConstraints>
<use>1</use>
<logicalDatatype>LOGDT015</logicalDatatype>
<dataTypePrecision>6</dataTypePrecision>
<autoIncrementCycle>false</autoIncrementCycle>
</Column>
<Column name="USERTAG1" id="0A7B28B7-D553-5086-DC3E-9AAE08FD3104">
<sourceConnName>deepthought</sourceConnName>
<sourceObjSchema>ALCONFIGCONTEXT</sourceObjSchema>
<sourceObjName>USERTAG1</sourceObjName>
<createdBy>calittle</createdBy>
<createdTime>2019-04-17 17:26:20 UTC</createdTime>
<commentInRDBMS>Tag column to allow for comma delimited user tags for searching.</commentInRDBMS>
<ownerDesignName>ODEE_1262_Design</ownerDesignName>
<nullsAllowed>true</nullsAllowed>
<useDomainConstraints>false</useDomainConstraints>
<use>1</use>
<logicalDatatype>LOGDT037</logicalDatatype>
<dataTypeSize>256</dataTypeSize>
<autoIncrementCycle>false</autoIncrementCycle>
</Column>
<Column name="NOTES" id="06092605-E57C-3F4D-5C01-4C514E0B80E8">
<sourceConnName>deepthought</sourceConnName>
<sourceObjSchema>ALCONFIGCONTEXT</sourceObjSchema>
<sourceObjName>NOTES</sourceObjName>
<createdBy>calittle</createdBy>
<createdTime>2019-04-17 17:26:20 UTC</createdTime>
<commentInRDBMS>Notes about configuration option row. </commentInRDBMS>
<ownerDesignName>ODEE_1262_Design</ownerDesignName>
<nullsAllowed>true</nullsAllowed>
<useDomainConstraints>false</useDomainConstraints>
<use>1</use>
<logicalDatatype>LOGDT037</logicalDatatype>
<dataTypeSize>2000</dataTypeSize>
<autoIncrementCycle>false</autoIncrementCycle>
</Column>
<Column name="USER_ID" id="117A60C8-1AED-A6E5-3470-18E91DC41D21">
<sourceConnName>deepthought</sourceConnName>
<sourceObjSchema>ALCONFIGCONTEXT</sourceObjSchema>
<sourceObjName>USER_ID</sourceObjName>
<createdBy>calittle</createdBy>
<createdTime>2019-04-17 17:26:20 UTC</createdTime>
<commentInRDBMS>Last User_Id to modify the row.</commentInRDBMS>
<ownerDesignName>ODEE_1262_Design</ownerDesignName>
<nullsAllowed>true</nullsAllowed>
<useDomainConstraints>false</useDomainConstraints>
<use>1</use>
<logicalDatatype>LOGDT019</logicalDatatype>
<dataTypePrecision>38</dataTypePrecision>
<autoIncrementCycle>false</autoIncrementCycle>
</Column>
<Column name="USER_NAME" id="81770D33-10EC-3988-305F-761721A554A9">
<sourceConnName>deepthought</sourceConnName>
<sourceObjSchema>ALCONFIGCONTEXT</sourceObjSchema>
<sourceObjName>USER_NAME</sourceObjName>
<createdBy>calittle</createdBy>
<createdTime>2019-04-17 17:26:20 UTC</createdTime>
<commentInRDBMS>User Name that created or last changed the configuration option.</commentInRDBMS>
<ownerDesignName>ODEE_1262_Design</ownerDesignName>
<nullsAllowed>true</nullsAllowed>
<useDomainConstraints>false</useDomainConstraints>
<use>1</use>
<logicalDatatype>LOGDT037</logicalDatatype>
<dataTypeSize>256</dataTypeSize>
<autoIncrementCycle>false</autoIncrementCycle>
</Column>
</columns>
<indexes itemClass="oracle.dbtools.crest.model.design.relational.Index">
<ind_PK_UK id="444FE54A-282F-BFBA-1632-FDF5057E6DDA" name="ALCFGCTX_PK">
<sourceConnName>deepthought</sourceConnName>
<sourceObjSchema>DMKR_ADMIN</sourceObjSchema>
<sourceObjName>ALCFGCTX_PK</sourceObjName>
<createdBy>calittle</createdBy>
<createdTime>2019-04-17 17:26:49 UTC</createdTime>
<ownerDesignName>ODEE_1262_Design</ownerDesignName>
<pk>true</pk>
<indexState>Primary Constraint</indexState>
<isSurrogateKey>false</isSurrogateKey>
<indexColumnUsage>
<colUsage columnID="2F1B6201-9799-8745-DC22-7A05B927CF84"/>
<colUsage columnID="9C683ACC-D87E-0A82-FA9E-324A6AC8A0DD"/>
<colUsage columnID="8AC8E3EE-8CA0-FFCB-A570-E3C8BE64C469"/>
</indexColumnUsage>
</ind_PK_UK>
<ind_PK_UK id="7158576C-1FB4-5066-FB1C-02BF66BFDB7C" name="ALCFGCTX_PK">
<sourceConnName>deepthought</sourceConnName>
<sourceObjSchema>DMKR_ADMIN</sourceObjSchema>
<sourceObjName>ALCFGCTX_PK</sourceObjName>
<createdBy>calittle</createdBy>
<createdTime>2019-04-17 17:26:48 UTC</createdTime>
<ownerDesignName>ODEE_1262_Design</ownerDesignName>
<indexState>Unique Plain Index</indexState>
<schemaObject>0323F05B-A91A-E5F5-C386-B3516E1DFCEB</schemaObject>
<isSurrogateKey>false</isSurrogateKey>
<indexColumnUsage>
<colUsage columnID="2F1B6201-9799-8745-DC22-7A05B927CF84"/>
<colUsage columnID="9C683ACC-D87E-0A82-FA9E-324A6AC8A0DD"/>
<colUsage columnID="8AC8E3EE-8CA0-FFCB-A570-E3C8BE64C469"/>
</indexColumnUsage>
</ind_PK_UK>
<ind_PK_UK id="5910EADE-C7EE-8E54-21D1-CA9A60CF08E6" name="ALCFG_IDX1">
<sourceConnName>deepthought</sourceConnName>
<sourceObjSchema>DMKR_ADMIN</sourceObjSchema>
<sourceObjName>ALCFG_IDX1</sourceObjName>
<createdBy>calittle</createdBy>
<createdTime>2019-04-17 17:26:48 UTC</createdTime>
<ownerDesignName>ODEE_1262_Design</ownerDesignName>
<schemaObject>0323F05B-A91A-E5F5-C386-B3516E1DFCEB</schemaObject>
<isSurrogateKey>false</isSurrogateKey>
<indexColumnUsage>
<colUsage columnID="34C1F83B-EBC8-1136-DFA6-3BD7F1C19AF2"/>
<colUsage columnID="5D69856D-B71C-8838-CFC3-077DB9716DAE"/>
<colUsage columnID="D61FAFEE-A7B0-AB3D-EE13-7382DEEA7FCE"/>
<colUsage columnID="8AC8E3EE-8CA0-FFCB-A570-E3C8BE64C469"/>
<colUsage columnID="9C683ACC-D87E-0A82-FA9E-324A6AC8A0DD"/>
<colUsage columnID="2F1B6201-9799-8745-DC22-7A05B927CF84"/>
</indexColumnUsage>
</ind_PK_UK>
<ind_PK_UK id="C6E069C7-D4E0-1794-081E-BE2015F820B7" name="ALCFG_IDX2">
<sourceConnName>deepthought</sourceConnName>
<sourceObjSchema>DMKR_ADMIN</sourceObjSchema>
<sourceObjName>ALCFG_IDX2</sourceObjName>
<createdBy>calittle</createdBy>
<createdTime>2019-04-17 17:26:48 UTC</createdTime>
<ownerDesignName>ODEE_1262_Design</ownerDesignName>
<schemaObject>0323F05B-A91A-E5F5-C386-B3516E1DFCEB</schemaObject>
<isSurrogateKey>false</isSurrogateKey>
<indexColumnUsage>
<colUsage columnID="34C1F83B-EBC8-1136-DFA6-3BD7F1C19AF2"/>
<colUsage columnID="2CEB6A33-45C6-5BC6-9B88-808220DD0ADD"/>
<colUsage columnID="D61FAFEE-A7B0-AB3D-EE13-7382DEEA7FCE"/>
<colUsage columnID="8AC8E3EE-8CA0-FFCB-A570-E3C8BE64C469"/>
<colUsage columnID="9C683ACC-D87E-0A82-FA9E-324A6AC8A0DD"/>
<colUsage columnID="2F1B6201-9799-8745-DC22-7A05B927CF84"/>
</indexColumnUsage>
</ind_PK_UK>
<ind_PK_UK id="AF8C7D63-DADA-2088-8A1D-91EDC73755CA" name="ALCFG_IDX3">
<sourceConnName>deepthought</sourceConnName>
<sourceObjSchema>DMKR_ADMIN</sourceObjSchema>
<sourceObjName>ALCFG_IDX3</sourceObjName>
<createdBy>calittle</createdBy>
<createdTime>2019-04-17 17:26:48 UTC</createdTime>
<ownerDesignName>ODEE_1262_Design</ownerDesignName>
<schemaObject>0323F05B-A91A-E5F5-C386-B3516E1DFCEB</schemaObject>
<isSurrogateKey>false</isSurrogateKey>
<indexColumnUsage>
<colUsage columnID="34C1F83B-EBC8-1136-DFA6-3BD7F1C19AF2"/>
<colUsage columnID="2CEB6A33-45C6-5BC6-9B88-808220DD0ADD"/>
<colUsage columnID="D61FAFEE-A7B0-AB3D-EE13-7382DEEA7FCE"/>
<colUsage columnID="8AC8E3EE-8CA0-FFCB-A570-E3C8BE64C469"/>
<colUsage columnID="9C683ACC-D87E-0A82-FA9E-324A6AC8A0DD"/>
<colUsage columnID="5D69856D-B71C-8838-CFC3-077DB9716DAE"/>
<colUsage columnID="2F1B6201-9799-8745-DC22-7A05B927CF84"/>
</indexColumnUsage>
</ind_PK_UK>
<ind_PK_UK id="AE62E3CC-9749-143C-4CB4-6881A95CE5F5" name="ALCFG_IDX4">
<sourceConnName>deepthought</sourceConnName>
<sourceObjSchema>DMKR_ADMIN</sourceObjSchema>
<sourceObjName>ALCFG_IDX4</sourceObjName>
<createdBy>calittle</createdBy>
<createdTime>2019-04-17 17:26:48 UTC</createdTime>
<ownerDesignName>ODEE_1262_Design</ownerDesignName>
<schemaObject>0323F05B-A91A-E5F5-C386-B3516E1DFCEB</schemaObject>
<isSurrogateKey>false</isSurrogateKey>
<indexColumnUsage>
<colUsage columnID="2CEB6A33-45C6-5BC6-9B88-808220DD0ADD"/>
<colUsage columnID="1AEF11BF-CB32-DBD3-4E51-2368E9AD3ED4"/>
<colUsage columnID="34C1F83B-EBC8-1136-DFA6-3BD7F1C19AF2"/>
<colUsage columnID="8AC8E3EE-8CA0-FFCB-A570-E3C8BE64C469"/>
<colUsage columnID="9C683ACC-D87E-0A82-FA9E-324A6AC8A0DD"/>
<colUsage columnID="D61FAFEE-A7B0-AB3D-EE13-7382DEEA7FCE"/>
</indexColumnUsage>
</ind_PK_UK>
<ind_PK_UK id="1E46DC54-7A83-2754-FA2F-EF9AAA6A20EF" name="ALCFG_IDX5">
<sourceConnName>deepthought</sourceConnName>
<sourceObjSchema>DMKR_ADMIN</sourceObjSchema>
<sourceObjName>ALCFG_IDX5</sourceObjName>
<createdBy>calittle</createdBy>
<createdTime>2019-04-17 17:26:48 UTC</createdTime>
<ownerDesignName>ODEE_1262_Design</ownerDesignName>
<schemaObject>0323F05B-A91A-E5F5-C386-B3516E1DFCEB</schemaObject>
<isSurrogateKey>false</isSurrogateKey>
<indexColumnUsage>
<colUsage columnID="8AC8E3EE-8CA0-FFCB-A570-E3C8BE64C469"/>
<colUsage columnID="9C683ACC-D87E-0A82-FA9E-324A6AC8A0DD"/>
<colUsage columnID="D61FAFEE-A7B0-AB3D-EE13-7382DEEA7FCE"/>
<colUsage columnID="34C1F83B-EBC8-1136-DFA6-3BD7F1C19AF2"/>
</indexColumnUsage>
</ind_PK_UK>
<ind_PK_UK id="BFF123FF-A2E3-8202-AB30-5067C3EA9DEC" name="ALS_ALCFGCTX">
<createdBy>calittle</createdBy>
<createdTime>2019-04-17 17:26:52 UTC</createdTime>
<ownerDesignName>ODEE_1262_Design</ownerDesignName>
<indexState>Foreign Key</indexState>
<isSurrogateKey>false</isSurrogateKey>
<indexColumnUsage>
<colUsage columnID="9C683ACC-D87E-0A82-FA9E-324A6AC8A0DD"/>
<colUsage columnID="8AC8E3EE-8CA0-FFCB-A570-E3C8BE64C469"/>
</indexColumnUsage>
</ind_PK_UK>
</indexes>
</Table>