<?xml version = '1.0' encoding = 'UTF-8'?>
<Table class="oracle.dbtools.crest.model.design.relational.Table" directorySegmentName="seg_0" id="935AEA45-FB1C-2DF6-3662-5E361F83B476" name="BCHINGS">
<sourceConnName>deepthought</sourceConnName>
<sourceObjSchema>DMKR_ASLINE</sourceObjSchema>
<sourceObjName>BCHINGS</sourceObjName>
<createdBy>calittle</createdBy>
<createdTime>2019-04-17 17:25:27 UTC</createdTime>
<commentInRDBMS>Batchings table, defines one or more BCHS.BCHNAMEs for a RCPS.BATCHNAME as well as immediate vs. schedule print and the scheduling info.  </commentInRDBMS>
<ownerDesignName>ODEE_1262_Design</ownerDesignName>
<schemaObject>8FC895A7-E0A2-11C9-AE90-BEF4CA704C97</schemaObject>
<allowColumnReorder>false</allowColumnReorder>
<existDependencyGenerateInDDl>true</existDependencyGenerateInDDl>
<columns itemClass="oracle.dbtools.crest.model.design.relational.Column">
<Column name="BCHING_ID" id="1C22732C-8466-FD90-57DA-DAA1E93DB1FC">
<sourceConnName>deepthought</sourceConnName>
<sourceObjSchema>BCHINGS</sourceObjSchema>
<sourceObjName>BCHING_ID</sourceObjName>
<createdBy>calittle</createdBy>
<createdTime>2019-04-17 17:26:31 UTC</createdTime>
<commentInRDBMS>Batching Unique Identifier auto populated primary key.</commentInRDBMS>
<ownerDesignName>ODEE_1262_Design</ownerDesignName>
<useDomainConstraints>false</useDomainConstraints>
<use>1</use>
<logicalDatatype>LOGDT019</logicalDatatype>
<dataTypePrecision>38</dataTypePrecision>
<autoIncrementCycle>false</autoIncrementCycle>
</Column>
<Column name="BATCHNAME" id="46137FE4-7CE9-F794-6B02-BFF5D1B8E0E8">
<sourceConnName>deepthought</sourceConnName>
<sourceObjSchema>BCHINGS</sourceObjSchema>
<sourceObjName>BATCHNAME</sourceObjName>
<createdBy>calittle</createdBy>
<createdTime>2019-04-17 17:26:31 UTC</createdTime>
<commentInRDBMS>Batch Name associated to the RCPS.BATCHNAME column</commentInRDBMS>
<ownerDesignName>ODEE_1262_Design</ownerDesignName>
<nullsAllowed>true</nullsAllowed>
<useDomainConstraints>false</useDomainConstraints>
<use>1</use>
<logicalDatatype>LOGDT037</logicalDatatype>
<dataTypeSize>256</dataTypeSize>
<autoIncrementCycle>false</autoIncrementCycle>
</Column>
<Column name="BATCHTYPE" id="781D4AD9-95B7-1A9C-4A89-33A20D47D286">
<sourceConnName>deepthought</sourceConnName>
<sourceObjSchema>BCHINGS</sourceObjSchema>
<sourceObjName>BATCHTYPE</sourceObjName>
<createdBy>calittle</createdBy>
<createdTime>2019-04-17 17:26:31 UTC</createdTime>
<commentInRDBMS>Batch Type associated to the RCPS.BATCHTYPE column</commentInRDBMS>
<ownerDesignName>ODEE_1262_Design</ownerDesignName>
<nullsAllowed>true</nullsAllowed>
<useDomainConstraints>false</useDomainConstraints>
<use>1</use>
<logicalDatatype>LOGDT037</logicalDatatype>
<dataTypeSize>256</dataTypeSize>
<autoIncrementCycle>false</autoIncrementCycle>
</Column>
<Column name="BCHINGNAME" id="FC6E3CCC-5A85-A1A4-8D76-614EE862699A">
<sourceConnName>deepthought</sourceConnName>
<sourceObjSchema>BCHINGS</sourceObjSchema>
<sourceObjName>BCHINGNAME</sourceObjName>
<createdBy>calittle</createdBy>
<createdTime>2019-04-17 17:26:31 UTC</createdTime>
<commentInRDBMS>Batching Names used to name the BCHS rows for BCHNAME to give the batch&lt;br/&gt;record a identifiable name</commentInRDBMS>
<ownerDesignName>ODEE_1262_Design</ownerDesignName>
<useDomainConstraints>false</useDomainConstraints>
<use>1</use>
<logicalDatatype>LOGDT037</logicalDatatype>
<dataTypeSize>256</dataTypeSize>
<autoIncrementCycle>false</autoIncrementCycle>
</Column>
<Column name="BCHINGACTIVE" id="6545A84A-3C90-19AB-20C4-A87B6B022D6E">
<sourceConnName>deepthought</sourceConnName>
<sourceObjSchema>BCHINGS</sourceObjSchema>
<sourceObjName>BCHINGACTIVE</sourceObjName>
<createdBy>calittle</createdBy>
<createdTime>2019-04-17 17:26:31 UTC</createdTime>
<commentInRDBMS>Batching is Active or inactive&lt;br/&gt;0=Inactive&lt;br/&gt;1=Active (default)</commentInRDBMS>
<ownerDesignName>ODEE_1262_Design</ownerDesignName>
<nullsAllowed>true</nullsAllowed>
<useDomainConstraints>false</useDomainConstraints>
<use>1</use>
<logicalDatatype>LOGDT019</logicalDatatype>
<dataTypePrecision>5</dataTypePrecision>
<defaultValue>1</defaultValue>
<autoIncrementCycle>false</autoIncrementCycle>
</Column>
<Column name="BCHINGTYPE" id="AA45C857-EA33-A36C-8AD8-C561B0EA5A14">
<sourceConnName>deepthought</sourceConnName>
<sourceObjSchema>BCHINGS</sourceObjSchema>
<sourceObjName>BCHINGTYPE</sourceObjName>
<createdBy>calittle</createdBy>
<createdTime>2019-04-17 17:26:31 UTC</createdTime>
<commentInRDBMS>0=Immediate Batch (default)&lt;br/&gt;1=Scheduled Batch</commentInRDBMS>
<ownerDesignName>ODEE_1262_Design</ownerDesignName>
<nullsAllowed>true</nullsAllowed>
<useDomainConstraints>false</useDomainConstraints>
<use>1</use>
<logicalDatatype>LOGDT019</logicalDatatype>
<dataTypePrecision>10</dataTypePrecision>
<defaultValue>0</defaultValue>
<autoIncrementCycle>false</autoIncrementCycle>
</Column>
<Column name="BCHINGSELECTRULE" id="54AA17AD-0185-6054-99A9-E7763AA94736">
<sourceConnName>deepthought</sourceConnName>
<sourceObjSchema>BCHINGS</sourceObjSchema>
<sourceObjName>BCHINGSELECTRULE</sourceObjName>
<createdBy>calittle</createdBy>
<createdTime>2019-04-17 17:26:31 UTC</createdTime>
<commentInRDBMS>Selection for batch rule. typically a WHERE clause on the RCPS table.&lt;br/&gt;Has to have the table name in it to qualify it so it can use TRNS and RCPS.&lt;br/&gt;Used for additional SELECT criteria for associating a RCPS&lt;br/&gt;with a Batch BCH_ID.  If not NULL gets run by the Batcher when&lt;br/&gt;adding records to the batch.&lt;br/&gt;</commentInRDBMS>
<ownerDesignName>ODEE_1262_Design</ownerDesignName>
<nullsAllowed>true</nullsAllowed>
<useDomainConstraints>false</useDomainConstraints>
<use>1</use>
<logicalDatatype>LOGDT037</logicalDatatype>
<dataTypeSize>2000</dataTypeSize>
<autoIncrementCycle>false</autoIncrementCycle>
</Column>
<Column name="BCHINGPRTTYPE" id="DD22D0F2-A6FF-6B73-9EE2-3121ED7D3AC7">
<sourceConnName>deepthought</sourceConnName>
<sourceObjSchema>BCHINGS</sourceObjSchema>
<sourceObjName>BCHINGPRTTYPE</sourceObjName>
<createdBy>calittle</createdBy>
<createdTime>2019-04-17 17:26:31 UTC</createdTime>
<commentInRDBMS>Output Type for the Batch (PDF, PS, AFP, XER, TXT, HTML, EPT (HTML email), VPP, ...)</commentInRDBMS>
<ownerDesignName>ODEE_1262_Design</ownerDesignName>
<nullsAllowed>true</nullsAllowed>
<useDomainConstraints>false</useDomainConstraints>
<use>1</use>
<logicalDatatype>LOGDT037</logicalDatatype>
<dataTypeSize>30</dataTypeSize>
<autoIncrementCycle>false</autoIncrementCycle>
</Column>
<Column name="BCHINGPRTTYPERULE" id="55CE1013-B11C-88BA-3584-5FF490E446D7">
<sourceConnName>deepthought</sourceConnName>
<sourceObjSchema>BCHINGS</sourceObjSchema>
<sourceObjName>BCHINGPRTTYPERULE</sourceObjName>
<createdBy>calittle</createdBy>
<createdTime>2019-04-17 17:26:31 UTC</createdTime>
<commentInRDBMS>Selection of the PRTTYPE for a BCHS batch.&lt;br/&gt;Typically a column in RCPS or TRNS where the value defines the print type.&lt;br/&gt;Has to have the table name in it to qualify it so it can use JOBS,TRNS or RCPS.&lt;br/&gt;NULL or empty implies BCHINGPRTTYPE decides.&lt;br/&gt;Default is Batcher configuration if BCHINGPRTTYPE and this column are NULL or empty.&lt;br/&gt;when the BCHS.BCHPRTTYPE is set.  </commentInRDBMS>
<ownerDesignName>ODEE_1262_Design</ownerDesignName>
<nullsAllowed>true</nullsAllowed>
<useDomainConstraints>false</useDomainConstraints>
<use>1</use>
<logicalDatatype>LOGDT037</logicalDatatype>
<dataTypeSize>256</dataTypeSize>
<autoIncrementCycle>false</autoIncrementCycle>
</Column>
<Column name="BCHINGSORTRULE" id="93C40992-2727-447B-C054-BE08273CBB7B">
<sourceConnName>deepthought</sourceConnName>
<sourceObjSchema>BCHINGS</sourceObjSchema>
<sourceObjName>BCHINGSORTRULE</sourceObjName>
<createdBy>calittle</createdBy>
<createdTime>2019-04-17 17:26:31 UTC</createdTime>
<commentInRDBMS>Rule to be run by the Batcher to sequence the BCHS_RCPS in a sorting order&lt;br/&gt;that the admin chooses for the batch.&lt;br/&gt;Typically a RCPS column name like RCPS.ADR_POSTALCODE is set to sort a&lt;br/&gt;scheduled batch by the postal code.&lt;br/&gt;Should be a table qualified name so that other tables&lt;br/&gt;are candidates in a multitable select call, e.g. FROM BCHS,JOBS,TRNS,RCPS.&lt;br/&gt;This becomes a ORDER BY clause in the select statement if provided to override&lt;br/&gt;any sorting the system does normally.  A comma delmiited list of columns and&lt;br/&gt;ASC and DEC key words can be used to as in a ORDER BY clause.</commentInRDBMS>
<ownerDesignName>ODEE_1262_Design</ownerDesignName>
<nullsAllowed>true</nullsAllowed>
<useDomainConstraints>false</useDomainConstraints>
<use>1</use>
<logicalDatatype>LOGDT037</logicalDatatype>
<dataTypeSize>2000</dataTypeSize>
<autoIncrementCycle>false</autoIncrementCycle>
</Column>
<Column name="BCHINGDOY" id="8A28FEE3-2C4C-746F-5F7F-2E2F193D11FE">
<sourceConnName>deepthought</sourceConnName>
<sourceObjSchema>BCHINGS</sourceObjSchema>
<sourceObjName>BCHINGDOY</sourceObjName>
<createdBy>calittle</createdBy>
<createdTime>2019-04-17 17:26:31 UTC</createdTime>
<commentInRDBMS>Day of Year, null or 0 means not using DOY</commentInRDBMS>
<ownerDesignName>ODEE_1262_Design</ownerDesignName>
<nullsAllowed>true</nullsAllowed>
<useDomainConstraints>false</useDomainConstraints>
<use>1</use>
<logicalDatatype>LOGDT019</logicalDatatype>
<dataTypePrecision>10</dataTypePrecision>
<defaultValue>0</defaultValue>
<autoIncrementCycle>false</autoIncrementCycle>
</Column>
<Column name="BCHINGMOY" id="0AF84EBC-A98D-E4B1-49BE-D1E4E9A45AA7">
<sourceConnName>deepthought</sourceConnName>
<sourceObjSchema>BCHINGS</sourceObjSchema>
<sourceObjName>BCHINGMOY</sourceObjName>
<createdBy>calittle</createdBy>
<createdTime>2019-04-17 17:26:31 UTC</createdTime>
<commentInRDBMS>Month of Year, null or 0 means not using MOY</commentInRDBMS>
<ownerDesignName>ODEE_1262_Design</ownerDesignName>
<nullsAllowed>true</nullsAllowed>
<useDomainConstraints>false</useDomainConstraints>
<use>1</use>
<logicalDatatype>LOGDT019</logicalDatatype>
<dataTypePrecision>10</dataTypePrecision>
<defaultValue>0</defaultValue>
<autoIncrementCycle>false</autoIncrementCycle>
</Column>
<Column name="BCHINGDOM" id="598EC0F4-F60A-B8B2-D88D-A4B3E254B551">
<sourceConnName>deepthought</sourceConnName>
<sourceObjSchema>BCHINGS</sourceObjSchema>
<sourceObjName>BCHINGDOM</sourceObjName>
<createdBy>calittle</createdBy>
<createdTime>2019-04-17 17:26:31 UTC</createdTime>
<commentInRDBMS>Day of Month, 0 or null meaning not used.&lt;br/&gt;1-28,29,30 or 31&lt;br/&gt;Use with MOY to specify a specific month and day,&lt;br/&gt;Example:&lt;br/&gt;BCHINGMOY=4&lt;br/&gt;BCHINGDOM=15&lt;br/&gt;April 15th every year</commentInRDBMS>
<ownerDesignName>ODEE_1262_Design</ownerDesignName>
<nullsAllowed>true</nullsAllowed>
<useDomainConstraints>false</useDomainConstraints>
<use>1</use>
<logicalDatatype>LOGDT019</logicalDatatype>
<dataTypePrecision>10</dataTypePrecision>
<defaultValue>0</defaultValue>
<autoIncrementCycle>false</autoIncrementCycle>
</Column>
<Column name="BCHINGMON" id="55F37725-3069-1CCA-DAB1-A083D5A08B96">
<sourceConnName>deepthought</sourceConnName>
<sourceObjSchema>BCHINGS</sourceObjSchema>
<sourceObjName>BCHINGMON</sourceObjName>
<createdBy>calittle</createdBy>
<createdTime>2019-04-17 17:26:31 UTC</createdTime>
<commentInRDBMS>Monday, null or 0 means not using Monday</commentInRDBMS>
<ownerDesignName>ODEE_1262_Design</ownerDesignName>
<nullsAllowed>true</nullsAllowed>
<useDomainConstraints>false</useDomainConstraints>
<use>1</use>
<logicalDatatype>LOGDT019</logicalDatatype>
<dataTypePrecision>5</dataTypePrecision>
<defaultValue>0</defaultValue>
<autoIncrementCycle>false</autoIncrementCycle>
</Column>
<Column name="BCHINGTUE" id="F9C70EBF-A4D2-8593-76B4-BF93BD6D32DD">
<sourceConnName>deepthought</sourceConnName>
<sourceObjSchema>BCHINGS</sourceObjSchema>
<sourceObjName>BCHINGTUE</sourceObjName>
<createdBy>calittle</createdBy>
<createdTime>2019-04-17 17:26:31 UTC</createdTime>
<commentInRDBMS>Tuesday, null or 0 means not using Tuesday</commentInRDBMS>
<ownerDesignName>ODEE_1262_Design</ownerDesignName>
<nullsAllowed>true</nullsAllowed>
<useDomainConstraints>false</useDomainConstraints>
<use>1</use>
<logicalDatatype>LOGDT019</logicalDatatype>
<dataTypePrecision>5</dataTypePrecision>
<defaultValue>0</defaultValue>
<autoIncrementCycle>false</autoIncrementCycle>
</Column>
<Column name="BCHINGWEN" id="14993ECE-99CE-2824-3648-6B32EF7094E8">
<sourceConnName>deepthought</sourceConnName>
<sourceObjSchema>BCHINGS</sourceObjSchema>
<sourceObjName>BCHINGWEN</sourceObjName>
<createdBy>calittle</createdBy>
<createdTime>2019-04-17 17:26:31 UTC</createdTime>
<commentInRDBMS>Wednesday, null or 0 means not using Wednesday</commentInRDBMS>
<ownerDesignName>ODEE_1262_Design</ownerDesignName>
<nullsAllowed>true</nullsAllowed>
<useDomainConstraints>false</useDomainConstraints>
<use>1</use>
<logicalDatatype>LOGDT019</logicalDatatype>
<dataTypePrecision>5</dataTypePrecision>
<defaultValue>0</defaultValue>
<autoIncrementCycle>false</autoIncrementCycle>
</Column>
<Column name="BCHINGTHUR" id="5AA6210C-D6ED-049F-91D7-9EC676343DF1">
<sourceConnName>deepthought</sourceConnName>
<sourceObjSchema>BCHINGS</sourceObjSchema>
<sourceObjName>BCHINGTHUR</sourceObjName>
<createdBy>calittle</createdBy>
<createdTime>2019-04-17 17:26:31 UTC</createdTime>
<commentInRDBMS>Thursday, null or 0 means not using Thursday</commentInRDBMS>
<ownerDesignName>ODEE_1262_Design</ownerDesignName>
<nullsAllowed>true</nullsAllowed>
<useDomainConstraints>false</useDomainConstraints>
<use>1</use>
<logicalDatatype>LOGDT019</logicalDatatype>
<dataTypePrecision>5</dataTypePrecision>
<defaultValue>0</defaultValue>
<autoIncrementCycle>false</autoIncrementCycle>
</Column>
<Column name="BCHINGFRI" id="E2FF8CC8-0492-B2BA-7449-0FDD933765D6">
<sourceConnName>deepthought</sourceConnName>
<sourceObjSchema>BCHINGS</sourceObjSchema>
<sourceObjName>BCHINGFRI</sourceObjName>
<createdBy>calittle</createdBy>
<createdTime>2019-04-17 17:26:31 UTC</createdTime>
<commentInRDBMS>Friday, null or 0 means not using Friday</commentInRDBMS>
<ownerDesignName>ODEE_1262_Design</ownerDesignName>
<nullsAllowed>true</nullsAllowed>
<useDomainConstraints>false</useDomainConstraints>
<use>1</use>
<logicalDatatype>LOGDT019</logicalDatatype>
<dataTypePrecision>5</dataTypePrecision>
<defaultValue>0</defaultValue>
<autoIncrementCycle>false</autoIncrementCycle>
</Column>
<Column name="BCHINGSAT" id="2D341050-C0C7-D96D-EFA9-08B75495D9C3">
<sourceConnName>deepthought</sourceConnName>
<sourceObjSchema>BCHINGS</sourceObjSchema>
<sourceObjName>BCHINGSAT</sourceObjName>
<createdBy>calittle</createdBy>
<createdTime>2019-04-17 17:26:31 UTC</createdTime>
<commentInRDBMS>Saturday, null or 0 means not using Saturday</commentInRDBMS>
<ownerDesignName>ODEE_1262_Design</ownerDesignName>
<nullsAllowed>true</nullsAllowed>
<useDomainConstraints>false</useDomainConstraints>
<use>1</use>
<logicalDatatype>LOGDT019</logicalDatatype>
<dataTypePrecision>5</dataTypePrecision>
<defaultValue>0</defaultValue>
<autoIncrementCycle>false</autoIncrementCycle>
</Column>
<Column name="BCHINGSUN" id="326A6235-6C5B-F4FD-6B52-6C7273735043">
<sourceConnName>deepthought</sourceConnName>
<sourceObjSchema>BCHINGS</sourceObjSchema>
<sourceObjName>BCHINGSUN</sourceObjName>
<createdBy>calittle</createdBy>
<createdTime>2019-04-17 17:26:31 UTC</createdTime>
<commentInRDBMS>Sunday, null or 0 means not using Sunday</commentInRDBMS>
<ownerDesignName>ODEE_1262_Design</ownerDesignName>
<nullsAllowed>true</nullsAllowed>
<useDomainConstraints>false</useDomainConstraints>
<use>1</use>
<logicalDatatype>LOGDT019</logicalDatatype>
<dataTypePrecision>5</dataTypePrecision>
<defaultValue>0</defaultValue>
<autoIncrementCycle>false</autoIncrementCycle>
</Column>
<Column name="BCHINGSTARTYEAR" id="C1443978-5C65-DB87-C26C-ECAE2458BDF1">
<sourceConnName>deepthought</sourceConnName>
<sourceObjSchema>BCHINGS</sourceObjSchema>
<sourceObjName>BCHINGSTARTYEAR</sourceObjName>
<createdBy>calittle</createdBy>
<createdTime>2019-04-17 17:26:31 UTC</createdTime>
<commentInRDBMS>Starting Year of Batch.&lt;br/&gt;0 or null means no delay on year to start.&lt;br/&gt;Otherwise controls when the batcher will start using the batch.&lt;br/&gt;Only applies if the BCHINGACTIVE is set to True.&lt;br/&gt;Usually combined with BCHINGSTARTMONTH and BCHINGSTARTDAY to&lt;br/&gt;specify when the batch starts getting processed in the future so it can be setup&lt;br/&gt;sooner and not activated by the system until it is time. </commentInRDBMS>
<ownerDesignName>ODEE_1262_Design</ownerDesignName>
<nullsAllowed>true</nullsAllowed>
<useDomainConstraints>false</useDomainConstraints>
<use>1</use>
<logicalDatatype>LOGDT019</logicalDatatype>
<dataTypePrecision>5</dataTypePrecision>
<defaultValue>0</defaultValue>
<autoIncrementCycle>false</autoIncrementCycle>
</Column>
<Column name="BCHINGSTARTMONTH" id="B835DEA9-E6F9-9DFE-8B34-62CD7022CA70">
<sourceConnName>deepthought</sourceConnName>
<sourceObjSchema>BCHINGS</sourceObjSchema>
<sourceObjName>BCHINGSTARTMONTH</sourceObjName>
<createdBy>calittle</createdBy>
<createdTime>2019-04-17 17:26:31 UTC</createdTime>
<commentInRDBMS>Starting Month of Batch.&lt;br/&gt;0 or null means no delay on month to start.&lt;br/&gt;Otherwise controls when the batcherwill start using the batch.&lt;br/&gt;Only applies if the BCHINGACTIVE is set to True.&lt;br/&gt;Usually combined with BCHINGSTARTYEAR and BCHINGSTARTDAY to&lt;br/&gt;specify when the batch starts getting processed in the future so it can be setup&lt;br/&gt;sooner and not activated by the system until it is time. </commentInRDBMS>
<ownerDesignName>ODEE_1262_Design</ownerDesignName>
<constraintName>SYS_C0063899</constraintName>
<nullsAllowed>true</nullsAllowed>
<useDomainConstraints>false</useDomainConstraints>
<use>1</use>
<logicalDatatype>LOGDT019</logicalDatatype>
<dataTypePrecision>2</dataTypePrecision>
<defaultValue>0</defaultValue>
<autoIncrementCycle>false</autoIncrementCycle>
<listOfRanges>
<rangeDef class="oracle.dbtools.crest.model.design.constraint.AVT">
<beginValue>0</beginValue>
<endValue>12</endValue>
</rangeDef>
</listOfRanges>
</Column>
<Column name="BCHINGSTARTDAY" id="E39B7457-61AA-32C3-DA14-FE552770D8CC">
<sourceConnName>deepthought</sourceConnName>
<sourceObjSchema>BCHINGS</sourceObjSchema>
<sourceObjName>BCHINGSTARTDAY</sourceObjName>
<createdBy>calittle</createdBy>
<createdTime>2019-04-17 17:26:31 UTC</createdTime>
<commentInRDBMS>Starting Day of Batch.&lt;br/&gt;0 or null means no delay on day to start.&lt;br/&gt;Otherwise controls when the batcherwill start using the batch.&lt;br/&gt;Only applies if the BCHINGACTIVE is set to True.&lt;br/&gt;Usually combined with BCHINGSTARTYEAR and BCHINGSTARTMONTH to&lt;br/&gt;specify when the batch starts getting processed in the future so it can be setup&lt;br/&gt;sooner and not activated by the system until it is time. </commentInRDBMS>
<ownerDesignName>ODEE_1262_Design</ownerDesignName>
<constraintName>SYS_C0063900</constraintName>
<nullsAllowed>true</nullsAllowed>
<useDomainConstraints>false</useDomainConstraints>
<use>1</use>
<logicalDatatype>LOGDT019</logicalDatatype>
<dataTypePrecision>2</dataTypePrecision>
<defaultValue>0</defaultValue>
<autoIncrementCycle>false</autoIncrementCycle>
<listOfRanges>
<rangeDef class="oracle.dbtools.crest.model.design.constraint.AVT">
<beginValue>0</beginValue>
<endValue>31</endValue>
</rangeDef>
</listOfRanges>
</Column>
<Column name="BCHINGSTARTHOURS" id="DCA4E606-C6EE-778E-DBDE-C11B7AF105AB">
<sourceConnName>deepthought</sourceConnName>
<sourceObjSchema>BCHINGS</sourceObjSchema>
<sourceObjName>BCHINGSTARTHOURS</sourceObjName>
<createdBy>calittle</createdBy>
<createdTime>2019-04-17 17:26:31 UTC</createdTime>
<commentInRDBMS>Starting hours of the Batch.&lt;br/&gt;NULL=No starting hours.&lt;br/&gt;Typically used with BCHINGSTARTDAY  to&lt;br/&gt;indicate the time of day a batch scheduled to start.   </commentInRDBMS>
<ownerDesignName>ODEE_1262_Design</ownerDesignName>
<nullsAllowed>true</nullsAllowed>
<useDomainConstraints>false</useDomainConstraints>
<use>1</use>
<logicalDatatype>LOGDT019</logicalDatatype>
<dataTypePrecision>2</dataTypePrecision>
<autoIncrementCycle>false</autoIncrementCycle>
</Column>
<Column name="BCHINGSTARTMINUTES" id="52B9E073-A909-98D6-8BFE-485176DEEB53">
<sourceConnName>deepthought</sourceConnName>
<sourceObjSchema>BCHINGS</sourceObjSchema>
<sourceObjName>BCHINGSTARTMINUTES</sourceObjName>
<createdBy>calittle</createdBy>
<createdTime>2019-04-17 17:26:31 UTC</createdTime>
<commentInRDBMS>Starting minutes of the Batch.&lt;br/&gt;NULL=No starting minutes.&lt;br/&gt;Typically used with BCHINGSTARTHOURS  to&lt;br/&gt;indicate the time of day a batch scheduled to start.   </commentInRDBMS>
<ownerDesignName>ODEE_1262_Design</ownerDesignName>
<nullsAllowed>true</nullsAllowed>
<useDomainConstraints>false</useDomainConstraints>
<use>1</use>
<logicalDatatype>LOGDT019</logicalDatatype>
<dataTypePrecision>2</dataTypePrecision>
<autoIncrementCycle>false</autoIncrementCycle>
</Column>
<Column name="BCHINGSTARTSECONDS" id="F808583D-D8F2-3892-1C04-074994AF07B7">
<sourceConnName>deepthought</sourceConnName>
<sourceObjSchema>BCHINGS</sourceObjSchema>
<sourceObjName>BCHINGSTARTSECONDS</sourceObjName>
<createdBy>calittle</createdBy>
<createdTime>2019-04-17 17:26:31 UTC</createdTime>
<commentInRDBMS>Starting seconds of the Batch.&lt;br/&gt;NULL=No starting seconds.&lt;br/&gt;Typically used with BCHINGSTARTHOURS and BCHINGSTARTMINUTES to&lt;br/&gt;indicate the time of day a batch scheduled to start.   </commentInRDBMS>
<ownerDesignName>ODEE_1262_Design</ownerDesignName>
<nullsAllowed>true</nullsAllowed>
<useDomainConstraints>false</useDomainConstraints>
<use>1</use>
<logicalDatatype>LOGDT019</logicalDatatype>
<dataTypePrecision>2</dataTypePrecision>
<autoIncrementCycle>false</autoIncrementCycle>
</Column>
<Column name="BCHINGENDDATE" id="2667B027-30D5-E528-FA1C-0D8CE73C9698">
<sourceConnName>deepthought</sourceConnName>
<sourceObjSchema>BCHINGS</sourceObjSchema>
<sourceObjName>BCHINGENDDATE</sourceObjName>
<createdBy>calittle</createdBy>
<createdTime>2019-04-17 17:26:31 UTC</createdTime>
<commentInRDBMS>Ending Date of Batch, null means no end.&lt;br/&gt;System will typically mark batch as inactive via the BCHINGACTIVE flag&lt;br/&gt;once the Ending date has been reached so that the batch no longer has to be&lt;br/&gt;evaluated after it has passed its ending date.</commentInRDBMS>
<ownerDesignName>ODEE_1262_Design</ownerDesignName>
<nullsAllowed>true</nullsAllowed>
<useDomainConstraints>false</useDomainConstraints>
<use>1</use>
<logicalDatatype>LOGDT015</logicalDatatype>
<dataTypePrecision>6</dataTypePrecision>
<autoIncrementCycle>false</autoIncrementCycle>
</Column>
<Column name="BCHINGBREAKTYPE" id="90E4F6F8-085D-D763-B8A1-8C52083DE306">
<sourceConnName>deepthought</sourceConnName>
<sourceObjSchema>BCHINGS</sourceObjSchema>
<sourceObjName>BCHINGBREAKTYPE</sourceObjName>
<createdBy>calittle</createdBy>
<createdTime>2019-04-17 17:26:31 UTC</createdTime>
<commentInRDBMS>Break batch, output type indicator, copied to BCHS for processing.&lt;br/&gt;0,null=None&lt;br/&gt;1=by sheet count&lt;br/&gt;2=by rcp count&lt;br/&gt;3=by page count&lt;br/&gt;4=by transaction count&lt;br/&gt;5=by custom script based</commentInRDBMS>
<ownerDesignName>ODEE_1262_Design</ownerDesignName>
<nullsAllowed>true</nullsAllowed>
<useDomainConstraints>false</useDomainConstraints>
<use>1</use>
<logicalDatatype>LOGDT019</logicalDatatype>
<dataTypePrecision>10</dataTypePrecision>
<autoIncrementCycle>false</autoIncrementCycle>
</Column>
<Column name="BCHINGBREAKVALUE" id="03306411-905B-B110-7906-36D8C3D9823C">
<sourceConnName>deepthought</sourceConnName>
<sourceObjSchema>BCHINGS</sourceObjSchema>
<sourceObjName>BCHINGBREAKVALUE</sourceObjName>
<createdBy>calittle</createdBy>
<createdTime>2019-04-17 17:26:31 UTC</createdTime>
<commentInRDBMS>Break batch to new output pubs row value indicator.&lt;br/&gt;When break type is:&lt;br/&gt;0 or null then not applicable&lt;br/&gt;1 then use this sheet count static value or GVM variable or DAL value to compare against the running sheet count to break the batch&lt;br/&gt;2 then use this rcp count static value or GVM variable or DAL value to compare against the running rcp count to break the batch&lt;br/&gt;3 then use this page count static value or GVM variable or DAL value to compare against the running page count to break the batch&lt;br/&gt;4 thenuse this transaction count static value or GVM variable or DAL value to compare against the running transaction count to break the batch transaction count value to break the batch&lt;br/&gt;5 then use a script and when the return value is TRUE then break the batch</commentInRDBMS>
<ownerDesignName>ODEE_1262_Design</ownerDesignName>
<nullsAllowed>true</nullsAllowed>
<useDomainConstraints>false</useDomainConstraints>
<use>1</use>
<logicalDatatype>LOGDT037</logicalDatatype>
<dataTypeSize>256</dataTypeSize>
<autoIncrementCycle>false</autoIncrementCycle>
</Column>
<Column name="BCHINGARCHIVE" id="EED0B68E-056B-34A5-50F7-A3ACCD01C3FC">
<sourceConnName>deepthought</sourceConnName>
<sourceObjSchema>BCHINGS</sourceObjSchema>
<sourceObjName>BCHINGARCHIVE</sourceObjName>
<createdBy>calittle</createdBy>
<createdTime>2019-04-17 17:26:31 UTC</createdTime>
<commentInRDBMS>This boolean indicates that the Batch will have PUBS rows that are for Archive.&lt;br/&gt;0=Not a Archive Batch (default)&lt;br/&gt;1=Archive Batch&lt;br/&gt;BCHS row will inherit the BCHARCHIVE value that is the same.&lt;br/&gt;</commentInRDBMS>
<ownerDesignName>ODEE_1262_Design</ownerDesignName>
<nullsAllowed>true</nullsAllowed>
<useDomainConstraints>false</useDomainConstraints>
<use>1</use>
<logicalDatatype>LOGDT019</logicalDatatype>
<dataTypePrecision>5</dataTypePrecision>
<defaultValue>0</defaultValue>
<autoIncrementCycle>false</autoIncrementCycle>
</Column>
<Column name="BCHINGARCDEST" id="816FA920-0693-9BFC-1436-1A8EAF04AC2D">
<sourceConnName>deepthought</sourceConnName>
<sourceObjSchema>BCHINGS</sourceObjSchema>
<sourceObjName>BCHINGARCDEST</sourceObjName>
<createdBy>calittle</createdBy>
<createdTime>2019-04-17 17:26:31 UTC</createdTime>
<commentInRDBMS>Archive Destiniation class which allows for a different archive destination per batch.</commentInRDBMS>
<ownerDesignName>ODEE_1262_Design</ownerDesignName>
<nullsAllowed>true</nullsAllowed>
<useDomainConstraints>false</useDomainConstraints>
<use>1</use>
<logicalDatatype>LOGDT037</logicalDatatype>
<dataTypeSize>512</dataTypeSize>
<autoIncrementCycle>false</autoIncrementCycle>
</Column>
<Column name="BCHINGSIGNING" id="2CDAF3EE-6F53-07AE-91EE-DFDAEF3E4B9B">
<sourceConnName>deepthought</sourceConnName>
<sourceObjSchema>BCHINGS</sourceObjSchema>
<sourceObjName>BCHINGSIGNING</sourceObjName>
<createdBy>calittle</createdBy>
<createdTime>2019-04-17 17:26:31 UTC</createdTime>
<commentInRDBMS>This boolean indicates that the Batch will have PUBS rows that are for Signing.&lt;br/&gt;0=Not a Signing Batch (default)&lt;br/&gt;1=Signing Batch&lt;br/&gt;BCHS row will inherit the BCHSIGNING value that is the same.&lt;br/&gt;</commentInRDBMS>
<ownerDesignName>ODEE_1262_Design</ownerDesignName>
<nullsAllowed>true</nullsAllowed>
<useDomainConstraints>false</useDomainConstraints>
<use>1</use>
<logicalDatatype>LOGDT019</logicalDatatype>
<dataTypePrecision>5</dataTypePrecision>
<defaultValue>0</defaultValue>
<autoIncrementCycle>false</autoIncrementCycle>
</Column>
<Column name="BCHINGSGNDEST" id="EF599C80-9E3C-3A52-A195-318AD36A98EF">
<sourceConnName>deepthought</sourceConnName>
<sourceObjSchema>BCHINGS</sourceObjSchema>
<sourceObjName>BCHINGSGNDEST</sourceObjName>
<createdBy>calittle</createdBy>
<createdTime>2019-04-17 17:26:31 UTC</createdTime>
<commentInRDBMS>Signing Destiniation class which allows for a different signing destination per batch.</commentInRDBMS>
<ownerDesignName>ODEE_1262_Design</ownerDesignName>
<nullsAllowed>true</nullsAllowed>
<useDomainConstraints>false</useDomainConstraints>
<use>1</use>
<logicalDatatype>LOGDT037</logicalDatatype>
<dataTypeSize>512</dataTypeSize>
<autoIncrementCycle>false</autoIncrementCycle>
</Column>
<Column name="BCHINGSGNTMPL" id="486E7CE0-8104-3243-1B2A-42F048CC38CB">
<sourceConnName>deepthought</sourceConnName>
<sourceObjSchema>BCHINGS</sourceObjSchema>
<sourceObjName>BCHINGSGNTMPL</sourceObjName>
<createdBy>calittle</createdBy>
<createdTime>2019-04-17 17:26:31 UTC</createdTime>
<commentInRDBMS>Signing template which allows for a different signing data per batch.</commentInRDBMS>
<ownerDesignName>ODEE_1262_Design</ownerDesignName>
<nullsAllowed>true</nullsAllowed>
<useDomainConstraints>false</useDomainConstraints>
<use>1</use>
<logicalDatatype>LOGDT037</logicalDatatype>
<dataTypeSize>256</dataTypeSize>
<autoIncrementCycle>false</autoIncrementCycle>
</Column>
<Column name="BCHINGPUBLISH" id="56D66627-19CD-BA8F-2116-344ABCEE0074">
<sourceConnName>deepthought</sourceConnName>
<sourceObjSchema>BCHINGS</sourceObjSchema>
<sourceObjName>BCHINGPUBLISH</sourceObjName>
<createdBy>calittle</createdBy>
<createdTime>2019-04-17 17:26:31 UTC</createdTime>
<commentInRDBMS>Boolean to indicate that a batch is actually for publication&lt;br/&gt;with this value set to True, 1, the batch created will go to the&lt;br/&gt;Output Publisher for distribution to printers or other targets.&lt;br/&gt;Typically set to False, 0, when the output, spool data, in the&lt;br/&gt;PUB rows is for archive (with or without notification)&lt;br/&gt;but not for actual publication printing or any Publisher actions.</commentInRDBMS>
<ownerDesignName>ODEE_1262_Design</ownerDesignName>
<nullsAllowed>true</nullsAllowed>
<useDomainConstraints>false</useDomainConstraints>
<use>1</use>
<logicalDatatype>LOGDT019</logicalDatatype>
<dataTypePrecision>5</dataTypePrecision>
<defaultValue>0</defaultValue>
<autoIncrementCycle>false</autoIncrementCycle>
</Column>
<Column name="BCHINGMIMETYPE" id="853D0265-8AEB-04DC-F350-96705E081C48">
<sourceConnName>deepthought</sourceConnName>
<sourceObjSchema>BCHINGS</sourceObjSchema>
<sourceObjName>BCHINGMIMETYPE</sourceObjName>
<createdBy>calittle</createdBy>
<createdTime>2019-04-17 17:26:31 UTC</createdTime>
<commentInRDBMS>MIME type indicator for the batch that gets propagated to the&lt;br/&gt;PUBS rows to define the MIME type of the print spool or other&lt;br/&gt;output stored in the row.  Ususally used for printing by the&lt;br/&gt;Output Publisher for print device routing.  </commentInRDBMS>
<ownerDesignName>ODEE_1262_Design</ownerDesignName>
<nullsAllowed>true</nullsAllowed>
<useDomainConstraints>false</useDomainConstraints>
<use>1</use>
<logicalDatatype>LOGDT037</logicalDatatype>
<dataTypeSize>256</dataTypeSize>
<autoIncrementCycle>false</autoIncrementCycle>
</Column>
<Column name="BCHINGPRTLOGNAME" id="6EDE08C4-9BD4-40AB-557C-B9028F77FC82">
<sourceConnName>deepthought</sourceConnName>
<sourceObjSchema>BCHINGS</sourceObjSchema>
<sourceObjName>BCHINGPRTLOGNAME</sourceObjName>
<createdBy>calittle</createdBy>
<createdTime>2019-04-17 17:26:31 UTC</createdTime>
<commentInRDBMS>Logical Printer Name</commentInRDBMS>
<ownerDesignName>ODEE_1262_Design</ownerDesignName>
<nullsAllowed>true</nullsAllowed>
<useDomainConstraints>false</useDomainConstraints>
<use>1</use>
<logicalDatatype>LOGDT037</logicalDatatype>
<dataTypeSize>256</dataTypeSize>
<autoIncrementCycle>false</autoIncrementCycle>
</Column>
<Column name="BCHINGPUBEMAIL" id="F304B38D-7F7A-CE68-CAF8-E9593DDDDE82">
<sourceConnName>deepthought</sourceConnName>
<sourceObjSchema>BCHINGS</sourceObjSchema>
<sourceObjName>BCHINGPUBEMAIL</sourceObjName>
<createdBy>calittle</createdBy>
<createdTime>2019-04-17 17:26:31 UTC</createdTime>
<commentInRDBMS>If set to true (1) will send the published output as an attachment to a email.&lt;br/&gt;Email rule can override this value by being not null and returning 1 or 0 when evaluated allowing input data to override the&lt;br/&gt;batch level setting.</commentInRDBMS>
<ownerDesignName>ODEE_1262_Design</ownerDesignName>
<nullsAllowed>true</nullsAllowed>
<useDomainConstraints>false</useDomainConstraints>
<use>1</use>
<logicalDatatype>LOGDT019</logicalDatatype>
<dataTypePrecision>5</dataTypePrecision>
<defaultValue>0</defaultValue>
<autoIncrementCycle>false</autoIncrementCycle>
</Column>
<Column name="BCHINGPUBEMAILRULE" id="7C4782AF-F59B-D2FF-FDBC-7D5205A41200">
<sourceConnName>deepthought</sourceConnName>
<sourceObjSchema>BCHINGS</sourceObjSchema>
<sourceObjName>BCHINGPUBEMAILRULE</sourceObjName>
<createdBy>calittle</createdBy>
<createdTime>2019-04-17 17:26:31 UTC</createdTime>
<commentInRDBMS>If defined then must return a numerical value.  Numerical value but 0&lt;br/&gt;evaluates as true and will send the published output as an attachment to an email.</commentInRDBMS>
<ownerDesignName>ODEE_1262_Design</ownerDesignName>
<nullsAllowed>true</nullsAllowed>
<useDomainConstraints>false</useDomainConstraints>
<use>1</use>
<logicalDatatype>LOGDT037</logicalDatatype>
<dataTypeSize>2000</dataTypeSize>
<autoIncrementCycle>false</autoIncrementCycle>
</Column>
<Column name="BCHINGPUBEMAILPROP" id="60051D28-E401-5F73-0B21-EE1D7CB89A5E">
<sourceConnName>deepthought</sourceConnName>
<sourceObjSchema>BCHINGS</sourceObjSchema>
<sourceObjName>BCHINGPUBEMAILPROP</sourceObjName>
<createdBy>calittle</createdBy>
<createdTime>2019-04-17 17:26:31 UTC</createdTime>
<commentInRDBMS>If defined should contain static email name=value message property string or dynamic name=value message property from table.column reference&lt;br/&gt;for a Batch definition Publication email delivery.</commentInRDBMS>
<ownerDesignName>ODEE_1262_Design</ownerDesignName>
<nullsAllowed>true</nullsAllowed>
<useDomainConstraints>false</useDomainConstraints>
<use>1</use>
<logicalDatatype>LOGDT037</logicalDatatype>
<dataTypeSize>256</dataTypeSize>
<autoIncrementCycle>false</autoIncrementCycle>
</Column>
<Column name="BCHINGPUBEMAILSUBJECT" id="D1DFADCD-BD48-B2B8-49E4-EAA977007228">
<sourceConnName>deepthought</sourceConnName>
<sourceObjSchema>BCHINGS</sourceObjSchema>
<sourceObjName>BCHINGPUBEMAILSUBJECT</sourceObjName>
<createdBy>calittle</createdBy>
<createdTime>2019-04-17 17:26:31 UTC</createdTime>
<commentInRDBMS>If defined should contain static email subject string or dynamic subject table.column reference&lt;br/&gt;for a Batch definition Publication email delivery.</commentInRDBMS>
<ownerDesignName>ODEE_1262_Design</ownerDesignName>
<nullsAllowed>true</nullsAllowed>
<useDomainConstraints>false</useDomainConstraints>
<use>1</use>
<logicalDatatype>LOGDT037</logicalDatatype>
<dataTypeSize>256</dataTypeSize>
<autoIncrementCycle>false</autoIncrementCycle>
</Column>
<Column name="BCHINGPUBEMAILFROM" id="451E8464-E049-4E87-63E1-58EBD28147BA">
<sourceConnName>deepthought</sourceConnName>
<sourceObjSchema>BCHINGS</sourceObjSchema>
<sourceObjName>BCHINGPUBEMAILFROM</sourceObjName>
<createdBy>calittle</createdBy>
<createdTime>2019-04-17 17:26:31 UTC</createdTime>
<commentInRDBMS>If defined should contain static email Sender string or dynamic Sender table.column reference&lt;br/&gt;for a Batch definition Publication email delivery.</commentInRDBMS>
<ownerDesignName>ODEE_1262_Design</ownerDesignName>
<nullsAllowed>true</nullsAllowed>
<useDomainConstraints>false</useDomainConstraints>
<use>1</use>
<logicalDatatype>LOGDT037</logicalDatatype>
<dataTypeSize>256</dataTypeSize>
<autoIncrementCycle>false</autoIncrementCycle>
</Column>
<Column name="BCHINGPUBEMAILTO" id="BA8FFC62-8FF2-BA0D-D1D3-EB3A96A27D6F">
<sourceConnName>deepthought</sourceConnName>
<sourceObjSchema>BCHINGS</sourceObjSchema>
<sourceObjName>BCHINGPUBEMAILTO</sourceObjName>
<createdBy>calittle</createdBy>
<createdTime>2019-04-17 17:26:31 UTC</createdTime>
<commentInRDBMS>If defined should contain static email Recipient To string or dynamic Recipient To table.column reference&lt;br/&gt;for a Batch definition Publication email delivery.</commentInRDBMS>
<ownerDesignName>ODEE_1262_Design</ownerDesignName>
<nullsAllowed>true</nullsAllowed>
<useDomainConstraints>false</useDomainConstraints>
<use>1</use>
<logicalDatatype>LOGDT037</logicalDatatype>
<dataTypeSize>256</dataTypeSize>
<defaultValue>&apos;${RCPS.ADR_EMAIL}&apos;</defaultValue>
<autoIncrementCycle>false</autoIncrementCycle>
</Column>
<Column name="BCHINGPUBEMAILREPLYTO" id="E72D833D-0D03-93EE-D5B9-E23841766495">
<sourceConnName>deepthought</sourceConnName>
<sourceObjSchema>BCHINGS</sourceObjSchema>
<sourceObjName>BCHINGPUBEMAILREPLYTO</sourceObjName>
<createdBy>calittle</createdBy>
<createdTime>2019-04-17 17:26:31 UTC</createdTime>
<commentInRDBMS>If defined should contain static email Reply To string or dynamic Reply To table.column reference&lt;br/&gt;for a Batch definition Publication email delivery.</commentInRDBMS>
<ownerDesignName>ODEE_1262_Design</ownerDesignName>
<nullsAllowed>true</nullsAllowed>
<useDomainConstraints>false</useDomainConstraints>
<use>1</use>
<logicalDatatype>LOGDT037</logicalDatatype>
<dataTypeSize>256</dataTypeSize>
<autoIncrementCycle>false</autoIncrementCycle>
</Column>
<Column name="BCHINGPUBEMAILCC" id="C5D44A0D-70B4-C435-4928-0C5DF81CA47C">
<sourceConnName>deepthought</sourceConnName>
<sourceObjSchema>BCHINGS</sourceObjSchema>
<sourceObjName>BCHINGPUBEMAILCC</sourceObjName>
<createdBy>calittle</createdBy>
<createdTime>2019-04-17 17:26:31 UTC</createdTime>
<commentInRDBMS>If defined should contain a static email Blind Carbon Copy semi-colon email list string or dynamic Blind Carbon Copy table.column reference&lt;br/&gt;for a Batch definition Publication email delivery.</commentInRDBMS>
<ownerDesignName>ODEE_1262_Design</ownerDesignName>
<nullsAllowed>true</nullsAllowed>
<useDomainConstraints>false</useDomainConstraints>
<use>1</use>
<logicalDatatype>LOGDT037</logicalDatatype>
<dataTypeSize>256</dataTypeSize>
<autoIncrementCycle>false</autoIncrementCycle>
</Column>
<Column name="BCHINGPUBEMAILBCC" id="D85125CB-C4C1-2124-3069-C83F9A3A3E4E">
<sourceConnName>deepthought</sourceConnName>
<sourceObjSchema>BCHINGS</sourceObjSchema>
<sourceObjName>BCHINGPUBEMAILBCC</sourceObjName>
<createdBy>calittle</createdBy>
<createdTime>2019-04-17 17:26:31 UTC</createdTime>
<ownerDesignName>ODEE_1262_Design</ownerDesignName>
<nullsAllowed>true</nullsAllowed>
<useDomainConstraints>false</useDomainConstraints>
<use>1</use>
<logicalDatatype>LOGDT037</logicalDatatype>
<dataTypeSize>256</dataTypeSize>
<autoIncrementCycle>false</autoIncrementCycle>
</Column>
<Column name="BCHINGPUBLANGRULE" id="FD885BD0-555E-75E8-63FD-8D25AF216CA7">
<sourceConnName>deepthought</sourceConnName>
<sourceObjSchema>BCHINGS</sourceObjSchema>
<sourceObjName>BCHINGPUBLANGRULE</sourceObjName>
<createdBy>calittle</createdBy>
<createdTime>2019-04-17 17:26:31 UTC</createdTime>
<commentInRDBMS>Rule to be run by the Publisher to determine the language of the&lt;br/&gt;email message text and HTML when one is selected.  Typically a RCPS column name like&lt;br/&gt;RCPS.ADR_LANGUAGE.  Should be a table qualified name so that other tables&lt;br/&gt;are candidates in a multitable select call, e.g. FROM TRNS,RCPS ...</commentInRDBMS>
<ownerDesignName>ODEE_1262_Design</ownerDesignName>
<nullsAllowed>true</nullsAllowed>
<useDomainConstraints>false</useDomainConstraints>
<use>1</use>
<logicalDatatype>LOGDT037</logicalDatatype>
<dataTypeSize>256</dataTypeSize>
<defaultValue>&apos;${RCPS.ADR_LANGUAGE}&apos;</defaultValue>
<autoIncrementCycle>false</autoIncrementCycle>
</Column>
<Column name="BCHINGPUBMSGTYPRULE" id="E1BAB349-2A4C-3397-7731-4DC330CF29EC">
<sourceConnName>deepthought</sourceConnName>
<sourceObjSchema>BCHINGS</sourceObjSchema>
<sourceObjName>BCHINGPUBMSGTYPRULE</sourceObjName>
<createdBy>calittle</createdBy>
<createdTime>2019-04-17 17:26:31 UTC</createdTime>
<commentInRDBMS>Message type selection rule&lt;br/&gt;for the text and HTML part of the mime email to send with the attached published output.&lt;br/&gt;The value returned from this column is used to select the template by&lt;br/&gt;the PUBNTFS.PUBNTFMSGTYP value.  Either a static value or a column from JOBS, TRNS, RCPS can be used. </commentInRDBMS>
<ownerDesignName>ODEE_1262_Design</ownerDesignName>
<nullsAllowed>true</nullsAllowed>
<useDomainConstraints>false</useDomainConstraints>
<use>1</use>
<logicalDatatype>LOGDT037</logicalDatatype>
<dataTypeSize>2000</dataTypeSize>
<autoIncrementCycle>false</autoIncrementCycle>
</Column>
<Column name="BCHINGENABLENTF" id="04B38F04-3967-E591-E227-7E2075626D8B">
<sourceConnName>deepthought</sourceConnName>
<sourceObjSchema>BCHINGS</sourceObjSchema>
<sourceObjName>BCHINGENABLENTF</sourceObjName>
<createdBy>calittle</createdBy>
<createdTime>2019-04-17 17:26:31 UTC</createdTime>
<commentInRDBMS>This boolean indicates that the Batch can have Notification ability (SMS or EMAIL).&lt;br/&gt;0=Not a candidate for Notification (default)&lt;br/&gt;1=Allows Notification&lt;br/&gt;This value will be populated into the BCHS.BCHNOTIFY column when it is created.</commentInRDBMS>
<ownerDesignName>ODEE_1262_Design</ownerDesignName>
<nullsAllowed>true</nullsAllowed>
<useDomainConstraints>false</useDomainConstraints>
<use>1</use>
<logicalDatatype>LOGDT019</logicalDatatype>
<dataTypePrecision>5</dataTypePrecision>
<defaultValue>0</defaultValue>
<autoIncrementCycle>false</autoIncrementCycle>
</Column>
<Column name="BCHINGNTFRULE" id="BE866C0A-B709-1DEA-9622-61EB572D1583">
<sourceConnName>deepthought</sourceConnName>
<sourceObjSchema>BCHINGS</sourceObjSchema>
<sourceObjName>BCHINGNTFRULE</sourceObjName>
<createdBy>calittle</createdBy>
<createdTime>2019-04-17 17:26:31 UTC</createdTime>
<commentInRDBMS>Notification rule run when the BCHINGENABLENTF=1 is set by the Publisher for Notifications&lt;br/&gt;the BCH_ID passed to determine if a Recipient has requested a Notification.&lt;br/&gt;Should return rows in the RCPS tables that are associated with the batch that have requested a Notification&lt;br/&gt;by returning a notification type if Notification type IN SMS, MMS, OR EMAIL.&lt;br/&gt;Typically a column or a where clause on the RCPS table.&lt;br/&gt;The publisher for notification will check to see if the RCPS.RCPOUTBLOB is NULL.&lt;br/&gt;If it is it will generate the message from the message template for the&lt;br/&gt;language specified by the RCPS.ADR_LANGUAGE and store it in the RCPS.RCPOUTBLOB column&lt;br/&gt;for the row for the RCP_ID.  If the RCPS.RCPPUTBLOB is not NULL then a notification&lt;br/&gt;for the TRN_ID,RCP_ID has already been sent so no need to send it again.</commentInRDBMS>
<ownerDesignName>ODEE_1262_Design</ownerDesignName>
<nullsAllowed>true</nullsAllowed>
<useDomainConstraints>false</useDomainConstraints>
<use>1</use>
<logicalDatatype>LOGDT037</logicalDatatype>
<dataTypeSize>2000</dataTypeSize>
<autoIncrementCycle>false</autoIncrementCycle>
</Column>
<Column name="BCHINGLANGRULE" id="C29C6EF3-2488-132E-FFC2-65441AC873A9">
<sourceConnName>deepthought</sourceConnName>
<sourceObjSchema>BCHINGS</sourceObjSchema>
<sourceObjName>BCHINGLANGRULE</sourceObjName>
<createdBy>calittle</createdBy>
<createdTime>2019-04-17 17:26:31 UTC</createdTime>
<commentInRDBMS>Rule to be run by the Publisher for Notification to determine the language of the&lt;br/&gt;Notification when one is selected.  Typically a RCPS column name like&lt;br/&gt;RCPS.ADR_LANGUAGE.  Should be a table qualified name so that other tables&lt;br/&gt;are candidates in a multitable select call, e.g. FROM TRNS,RCPS ...</commentInRDBMS>
<ownerDesignName>ODEE_1262_Design</ownerDesignName>
<nullsAllowed>true</nullsAllowed>
<useDomainConstraints>false</useDomainConstraints>
<use>1</use>
<logicalDatatype>LOGDT037</logicalDatatype>
<dataTypeSize>256</dataTypeSize>
<defaultValue>&apos;RCPS.ADR_LANGUAGE&apos;</defaultValue>
<autoIncrementCycle>false</autoIncrementCycle>
</Column>
<Column name="BCHINGNTFMSGTYPRULE" id="FA51C55D-7E72-B57F-4BFE-93857EFD3F3C">
<sourceConnName>deepthought</sourceConnName>
<sourceObjSchema>BCHINGS</sourceObjSchema>
<sourceObjName>BCHINGNTFMSGTYPRULE</sourceObjName>
<createdBy>calittle</createdBy>
<createdTime>2019-04-17 17:26:31 UTC</createdTime>
<commentInRDBMS>Message type selection rule.&lt;br/&gt;The value returned from this column is used to select the template by&lt;br/&gt;the PUBNTFS.PUBNTFMSGTYP value.&lt;br/&gt;Either a static value or a column from JOBS, TRNS, RCPS can be used. </commentInRDBMS>
<ownerDesignName>ODEE_1262_Design</ownerDesignName>
<nullsAllowed>true</nullsAllowed>
<useDomainConstraints>false</useDomainConstraints>
<use>1</use>
<logicalDatatype>LOGDT037</logicalDatatype>
<dataTypeSize>2000</dataTypeSize>
<autoIncrementCycle>false</autoIncrementCycle>
</Column>
<Column name="CALLBACK" id="62CA4810-4110-AA0B-7FC5-B18E22EB8629">
<sourceConnName>deepthought</sourceConnName>
<sourceObjSchema>BCHINGS</sourceObjSchema>
<sourceObjName>CALLBACK</sourceObjName>
<createdBy>calittle</createdBy>
<createdTime>2019-04-17 17:26:31 UTC</createdTime>
<commentInRDBMS>Print Callback function for the batch.</commentInRDBMS>
<ownerDesignName>ODEE_1262_Design</ownerDesignName>
<nullsAllowed>true</nullsAllowed>
<useDomainConstraints>false</useDomainConstraints>
<use>1</use>
<logicalDatatype>LOGDT037</logicalDatatype>
<dataTypeSize>256</dataTypeSize>
<autoIncrementCycle>false</autoIncrementCycle>
</Column>
<Column name="BATCHBANNERBEGINSCRIPT" id="FE190D14-B32B-4C1A-6391-41367DCDFCC8">
<sourceConnName>deepthought</sourceConnName>
<sourceObjSchema>BCHINGS</sourceObjSchema>
<sourceObjName>BATCHBANNERBEGINSCRIPT</sourceObjName>
<createdBy>calittle</createdBy>
<createdTime>2019-04-17 17:26:31 UTC</createdTime>
<commentInRDBMS>Batch Banner Begin Script DAL to run upon a printing the Batch BCH_ID.</commentInRDBMS>
<ownerDesignName>ODEE_1262_Design</ownerDesignName>
<nullsAllowed>true</nullsAllowed>
<useDomainConstraints>false</useDomainConstraints>
<use>1</use>
<logicalDatatype>LOGDT037</logicalDatatype>
<dataTypeSize>256</dataTypeSize>
<autoIncrementCycle>false</autoIncrementCycle>
</Column>
<Column name="BATCHBANNERENDSCRIPT" id="37550AD8-91F2-AC9C-4451-A0502D7A9F34">
<sourceConnName>deepthought</sourceConnName>
<sourceObjSchema>BCHINGS</sourceObjSchema>
<sourceObjName>BATCHBANNERENDSCRIPT</sourceObjName>
<createdBy>calittle</createdBy>
<createdTime>2019-04-17 17:26:31 UTC</createdTime>
<commentInRDBMS>Batch Banner End Script DAL to run upon finalization of printing the Batch BCH_ID.</commentInRDBMS>
<ownerDesignName>ODEE_1262_Design</ownerDesignName>
<nullsAllowed>true</nullsAllowed>
<useDomainConstraints>false</useDomainConstraints>
<use>1</use>
<logicalDatatype>LOGDT037</logicalDatatype>
<dataTypeSize>256</dataTypeSize>
<autoIncrementCycle>false</autoIncrementCycle>
</Column>
<Column name="BATCHBANNERBEGINFORM" id="766B9175-116D-8AE7-C1A7-F5D2DAC8824A">
<sourceConnName>deepthought</sourceConnName>
<sourceObjSchema>BCHINGS</sourceObjSchema>
<sourceObjName>BATCHBANNERBEGINFORM</sourceObjName>
<createdBy>calittle</createdBy>
<createdTime>2019-04-17 17:26:31 UTC</createdTime>
<commentInRDBMS>Batch Banner start Form to use for the printing for the Batch BCH_ID.</commentInRDBMS>
<ownerDesignName>ODEE_1262_Design</ownerDesignName>
<nullsAllowed>true</nullsAllowed>
<useDomainConstraints>false</useDomainConstraints>
<use>1</use>
<logicalDatatype>LOGDT037</logicalDatatype>
<dataTypeSize>256</dataTypeSize>
<autoIncrementCycle>false</autoIncrementCycle>
</Column>
<Column name="BATCHBANNERENDFORM" id="41549BBE-ECE5-7924-F335-1CA5F29D5940">
<sourceConnName>deepthought</sourceConnName>
<sourceObjSchema>BCHINGS</sourceObjSchema>
<sourceObjName>BATCHBANNERENDFORM</sourceObjName>
<createdBy>calittle</createdBy>
<createdTime>2019-04-17 17:26:31 UTC</createdTime>
<commentInRDBMS>Batch Banner ending Form to use for the printing for the Batch BCH_ID.</commentInRDBMS>
<ownerDesignName>ODEE_1262_Design</ownerDesignName>
<nullsAllowed>true</nullsAllowed>
<useDomainConstraints>false</useDomainConstraints>
<use>1</use>
<logicalDatatype>LOGDT037</logicalDatatype>
<dataTypeSize>256</dataTypeSize>
<autoIncrementCycle>false</autoIncrementCycle>
</Column>
<Column name="TRANSBANNERBEGINSCRIPT" id="25112F72-553F-12EC-B76F-04C95FFC9E41">
<sourceConnName>deepthought</sourceConnName>
<sourceObjSchema>BCHINGS</sourceObjSchema>
<sourceObjName>TRANSBANNERBEGINSCRIPT</sourceObjName>
<createdBy>calittle</createdBy>
<createdTime>2019-04-17 17:26:31 UTC</createdTime>
<commentInRDBMS>Batch Transaction Banner Begin Script DAL to run upon a printing the Transaction for the Batch BCH_ID.</commentInRDBMS>
<ownerDesignName>ODEE_1262_Design</ownerDesignName>
<nullsAllowed>true</nullsAllowed>
<useDomainConstraints>false</useDomainConstraints>
<use>1</use>
<logicalDatatype>LOGDT037</logicalDatatype>
<dataTypeSize>256</dataTypeSize>
<autoIncrementCycle>false</autoIncrementCycle>
</Column>
<Column name="TRANSBANNERENDSCRIPT" id="648C01B7-62FF-F00F-A83A-923CB736CB6B">
<sourceConnName>deepthought</sourceConnName>
<sourceObjSchema>BCHINGS</sourceObjSchema>
<sourceObjName>TRANSBANNERENDSCRIPT</sourceObjName>
<createdBy>calittle</createdBy>
<createdTime>2019-04-17 17:26:31 UTC</createdTime>
<commentInRDBMS>Batch Transaction Banner End Script DAL to run upon final printing the Transaction for the Batch BCH_ID.</commentInRDBMS>
<ownerDesignName>ODEE_1262_Design</ownerDesignName>
<nullsAllowed>true</nullsAllowed>
<useDomainConstraints>false</useDomainConstraints>
<use>1</use>
<logicalDatatype>LOGDT037</logicalDatatype>
<dataTypeSize>256</dataTypeSize>
<autoIncrementCycle>false</autoIncrementCycle>
</Column>
<Column name="TRANSBANNERBEGINFORM" id="23F21844-30A0-BA9E-BA47-FE5D38535879">
<sourceConnName>deepthought</sourceConnName>
<sourceObjSchema>BCHINGS</sourceObjSchema>
<sourceObjName>TRANSBANNERBEGINFORM</sourceObjName>
<createdBy>calittle</createdBy>
<createdTime>2019-04-17 17:26:31 UTC</createdTime>
<commentInRDBMS>Batch Transaction Banner start Form to use upon a printing the Transaction for the Batch BCH_ID.</commentInRDBMS>
<ownerDesignName>ODEE_1262_Design</ownerDesignName>
<nullsAllowed>true</nullsAllowed>
<useDomainConstraints>false</useDomainConstraints>
<use>1</use>
<logicalDatatype>LOGDT037</logicalDatatype>
<dataTypeSize>256</dataTypeSize>
<autoIncrementCycle>false</autoIncrementCycle>
</Column>
<Column name="TRANSBANNERENDFORM" id="CDA83D73-BD55-F1BF-3520-5293B797BCC3">
<sourceConnName>deepthought</sourceConnName>
<sourceObjSchema>BCHINGS</sourceObjSchema>
<sourceObjName>TRANSBANNERENDFORM</sourceObjName>
<createdBy>calittle</createdBy>
<createdTime>2019-04-17 17:26:31 UTC</createdTime>
<commentInRDBMS>Batch Transaction Banner end Form to use upon final printing the Transaction for the Batch BCH_ID.</commentInRDBMS>
<ownerDesignName>ODEE_1262_Design</ownerDesignName>
<nullsAllowed>true</nullsAllowed>
<useDomainConstraints>false</useDomainConstraints>
<use>1</use>
<logicalDatatype>LOGDT037</logicalDatatype>
<dataTypeSize>256</dataTypeSize>
<autoIncrementCycle>false</autoIncrementCycle>
</Column>
</columns>
<indexes itemClass="oracle.dbtools.crest.model.design.relational.Index">
<ind_PK_UK id="590EE442-F711-E852-99FE-6130E7188B33" name="BCHINGS_PK">
<sourceConnName>deepthought</sourceConnName>
<sourceObjSchema>DMKR_ASLINE</sourceObjSchema>
<sourceObjName>BCHINGS_PK</sourceObjName>
<createdBy>calittle</createdBy>
<createdTime>2019-04-17 17:26:50 UTC</createdTime>
<ownerDesignName>ODEE_1262_Design</ownerDesignName>
<pk>true</pk>
<indexState>Primary Constraint</indexState>
<isSurrogateKey>false</isSurrogateKey>
<indexColumnUsage>
<colUsage columnID="1C22732C-8466-FD90-57DA-DAA1E93DB1FC"/>
</indexColumnUsage>
</ind_PK_UK>
<ind_PK_UK id="BE51F0EA-EE3D-E28E-06A5-E35908C24262" name="BCHINGS_NAMETYPE">
<sourceConnName>deepthought</sourceConnName>
<sourceObjSchema>DMKR_ASLINE</sourceObjSchema>
<sourceObjName>BCHINGS_NAMETYPE</sourceObjName>
<createdBy>calittle</createdBy>
<createdTime>2019-04-17 17:26:48 UTC</createdTime>
<ownerDesignName>ODEE_1262_Design</ownerDesignName>
<schemaObject>8FC895A7-E0A2-11C9-AE90-BEF4CA704C97</schemaObject>
<isSurrogateKey>false</isSurrogateKey>
<indexColumnUsage>
<colUsage columnID="46137FE4-7CE9-F794-6B02-BFF5D1B8E0E8"/>
<colUsage columnID="781D4AD9-95B7-1A9C-4A89-33A20D47D286"/>
</indexColumnUsage>
</ind_PK_UK>
<ind_PK_UK id="62E97933-B7DF-5925-4B40-F0FA80F3C470" name="BCHINGS_PK">
<sourceConnName>deepthought</sourceConnName>
<sourceObjSchema>DMKR_ASLINE</sourceObjSchema>
<sourceObjName>BCHINGS_PK</sourceObjName>
<createdBy>calittle</createdBy>
<createdTime>2019-04-17 17:26:48 UTC</createdTime>
<ownerDesignName>ODEE_1262_Design</ownerDesignName>
<indexState>Unique Plain Index</indexState>
<schemaObject>8FC895A7-E0A2-11C9-AE90-BEF4CA704C97</schemaObject>
<isSurrogateKey>false</isSurrogateKey>
<indexColumnUsage>
<colUsage columnID="1C22732C-8466-FD90-57DA-DAA1E93DB1FC"/>
</indexColumnUsage>
</ind_PK_UK>
</indexes>
</Table>