<?xml version = '1.0' encoding = 'UTF-8'?>
<Table class="oracle.dbtools.crest.model.design.relational.Table" directorySegmentName="seg_0" id="976AEC43-91DC-2B53-1334-27354590DFC6" name="DMKR_APPROVERLEVELS">
<sourceConnName>deepthought</sourceConnName>
<sourceObjSchema>DMKR_ADMIN</sourceObjSchema>
<sourceObjName>DMKR_APPROVERLEVELS</sourceObjName>
<createdBy>calittle</createdBy>
<createdTime>2019-04-17 17:25:07 UTC</createdTime>
<ownerDesignName>ODEE_1262_Design</ownerDesignName>
<schemaObject>0323F05B-A91A-E5F5-C386-B3516E1DFCEB</schemaObject>
<allowColumnReorder>false</allowColumnReorder>
<existDependencyGenerateInDDl>true</existDependencyGenerateInDDl>
<columns itemClass="oracle.dbtools.crest.model.design.relational.Column">
<Column name="APP_ID" id="CA330B31-6C8F-AC6F-4646-D23F3E921D40">
<sourceConnName>deepthought</sourceConnName>
<sourceObjSchema>DMKR_APPROVERLEVELS</sourceObjSchema>
<sourceObjName>APP_ID</sourceObjName>
<createdBy>calittle</createdBy>
<createdTime>2019-04-17 17:26:24 UTC</createdTime>
<ownerDesignName>ODEE_1262_Design</ownerDesignName>
<useDomainConstraints>false</useDomainConstraints>
<use>1</use>
<logicalDatatype>LOGDT019</logicalDatatype>
<dataTypePrecision>38</dataTypePrecision>
<autoIncrementCycle>false</autoIncrementCycle>
</Column>
<Column name="LEVELNUM" id="336E83FB-8806-8A48-B0FE-517CB15AE894">
<sourceConnName>deepthought</sourceConnName>
<sourceObjSchema>DMKR_APPROVERLEVELS</sourceObjSchema>
<sourceObjName>LEVELNUM</sourceObjName>
<createdBy>calittle</createdBy>
<createdTime>2019-04-17 17:26:24 UTC</createdTime>
<ownerDesignName>ODEE_1262_Design</ownerDesignName>
<useDomainConstraints>false</useDomainConstraints>
<use>1</use>
<logicalDatatype>LOGDT019</logicalDatatype>
<dataTypePrecision>20</dataTypePrecision>
<autoIncrementCycle>false</autoIncrementCycle>
</Column>
<Column name="DESCRIPTION" id="BE9652DB-34F3-F809-99C6-BEB4B5875180">
<sourceConnName>deepthought</sourceConnName>
<sourceObjSchema>DMKR_APPROVERLEVELS</sourceObjSchema>
<sourceObjName>DESCRIPTION</sourceObjName>
<createdBy>calittle</createdBy>
<createdTime>2019-04-17 17:26:24 UTC</createdTime>
<ownerDesignName>ODEE_1262_Design</ownerDesignName>
<nullsAllowed>true</nullsAllowed>
<useDomainConstraints>false</useDomainConstraints>
<use>1</use>
<logicalDatatype>LOGDT037</logicalDatatype>
<dataTypeSize>500</dataTypeSize>
<autoIncrementCycle>false</autoIncrementCycle>
</Column>
</columns>
<indexes itemClass="oracle.dbtools.crest.model.design.relational.Index">
<ind_PK_UK id="D4694D3C-142F-8670-BFFE-0E2584D22460" name="DMKR_APPROVERLEVELS_PK">
<sourceConnName>deepthought</sourceConnName>
<sourceObjSchema>DMKR_ADMIN</sourceObjSchema>
<sourceObjName>DMKR_APPROVERLEVELS_PK</sourceObjName>
<createdBy>calittle</createdBy>
<createdTime>2019-04-17 17:26:50 UTC</createdTime>
<ownerDesignName>ODEE_1262_Design</ownerDesignName>
<pk>true</pk>
<indexState>Primary Constraint</indexState>
<isSurrogateKey>false</isSurrogateKey>
<indexColumnUsage>
<colUsage columnID="336E83FB-8806-8A48-B0FE-517CB15AE894"/>
<colUsage columnID="CA330B31-6C8F-AC6F-4646-D23F3E921D40"/>
</indexColumnUsage>
</ind_PK_UK>
<ind_PK_UK id="995B72FB-4751-8822-BCCA-FE82E67063D5" name="DMKR_APPROVERLEVELS_PK">
<sourceConnName>deepthought</sourceConnName>
<sourceObjSchema>DMKR_ADMIN</sourceObjSchema>
<sourceObjName>DMKR_APPROVERLEVELS_PK</sourceObjName>
<createdBy>calittle</createdBy>
<createdTime>2019-04-17 17:26:48 UTC</createdTime>
<ownerDesignName>ODEE_1262_Design</ownerDesignName>
<indexState>Unique Plain Index</indexState>
<schemaObject>0323F05B-A91A-E5F5-C386-B3516E1DFCEB</schemaObject>
<isSurrogateKey>false</isSurrogateKey>
<indexColumnUsage>
<colUsage columnID="336E83FB-8806-8A48-B0FE-517CB15AE894"/>
<colUsage columnID="CA330B31-6C8F-AC6F-4646-D23F3E921D40"/>
</indexColumnUsage>
</ind_PK_UK>
</indexes>
</Table>