<?xml version = '1.0' encoding = 'UTF-8'?>
<Table class="oracle.dbtools.crest.model.design.relational.Table" directorySegmentName="seg_0" id="98ED6A7C-350C-9BC5-7C07-EF9C71B1B8A8" name="ALS">
<sourceConnName>deepthought</sourceConnName>
<sourceObjSchema>DMKR_ADMIN</sourceObjSchema>
<sourceObjName>ALS</sourceObjName>
<createdBy>calittle</createdBy>
<createdTime>2019-04-17 17:24:54 UTC</createdTime>
<commentInRDBMS>Document Factory Assembly Lines</commentInRDBMS>
<ownerDesignName>ODEE_1262_Design</ownerDesignName>
<schemaObject>0323F05B-A91A-E5F5-C386-B3516E1DFCEB</schemaObject>
<allowColumnReorder>false</allowColumnReorder>
<existDependencyGenerateInDDl>true</existDependencyGenerateInDDl>
<columns itemClass="oracle.dbtools.crest.model.design.relational.Column">
<Column name="SYS_ID" id="F748C7A3-310D-4815-6743-5DF464BAC126">
<sourceConnName>deepthought</sourceConnName>
<sourceObjSchema>ALS</sourceObjSchema>
<sourceObjName>SYS_ID</sourceObjName>
<createdBy>calittle</createdBy>
<createdTime>2019-04-17 17:26:20 UTC</createdTime>
<commentInRDBMS>Foreign key for the System </commentInRDBMS>
<ownerDesignName>ODEE_1262_Design</ownerDesignName>
<useDomainConstraints>false</useDomainConstraints>
<use>1</use>
<logicalDatatype>LOGDT019</logicalDatatype>
<dataTypePrecision>38</dataTypePrecision>
<delegate>87536D0F-2C4A-6855-7C6A-9A9296AA0F6C</delegate>
<autoIncrementCycle>false</autoIncrementCycle>
<associations>
<colAssociation fkAssociation="5217AC1F-49B4-311B-3A8C-B6F58442AE15" referredColumn="87536D0F-2C4A-6855-7C6A-9A9296AA0F6C"/>
</associations>
</Column>
<Column name="AL_ID" id="BF175901-B2E1-9625-5B02-F610BD26B567">
<sourceConnName>deepthought</sourceConnName>
<sourceObjSchema>ALS</sourceObjSchema>
<sourceObjName>AL_ID</sourceObjName>
<createdBy>calittle</createdBy>
<createdTime>2019-04-17 17:26:20 UTC</createdTime>
<commentInRDBMS>Auto Assigned primary key for the Assembly Line</commentInRDBMS>
<ownerDesignName>ODEE_1262_Design</ownerDesignName>
<useDomainConstraints>false</useDomainConstraints>
<use>1</use>
<logicalDatatype>LOGDT019</logicalDatatype>
<dataTypePrecision>38</dataTypePrecision>
<autoIncrementCycle>false</autoIncrementCycle>
</Column>
<Column name="ALNAME" id="334E7F4F-A557-EE8D-20B0-161033F3AD68">
<sourceConnName>deepthought</sourceConnName>
<sourceObjSchema>ALS</sourceObjSchema>
<sourceObjName>ALNAME</sourceObjName>
<createdBy>calittle</createdBy>
<createdTime>2019-04-17 17:26:20 UTC</createdTime>
<commentInRDBMS>Deployment time assigned Name of the Assembly Line</commentInRDBMS>
<ownerDesignName>ODEE_1262_Design</ownerDesignName>
<useDomainConstraints>false</useDomainConstraints>
<use>1</use>
<logicalDatatype>LOGDT037</logicalDatatype>
<dataTypeSize>256</dataTypeSize>
<autoIncrementCycle>false</autoIncrementCycle>
</Column>
<Column name="ALTYPE" id="E7C3FB50-6A4C-0F63-03EB-0BC2F4976234">
<sourceConnName>deepthought</sourceConnName>
<sourceObjSchema>ALS</sourceObjSchema>
<sourceObjName>ALTYPE</sourceObjName>
<createdBy>calittle</createdBy>
<createdTime>2019-04-17 17:26:20 UTC</createdTime>
<commentInRDBMS>Classification Type of the Assembly Line</commentInRDBMS>
<ownerDesignName>ODEE_1262_Design</ownerDesignName>
<nullsAllowed>true</nullsAllowed>
<useDomainConstraints>false</useDomainConstraints>
<use>1</use>
<logicalDatatype>LOGDT019</logicalDatatype>
<dataTypePrecision>5</dataTypePrecision>
<autoIncrementCycle>false</autoIncrementCycle>
</Column>
<Column name="ALDESCR" id="632E516F-0EB5-2BAB-8B42-8B1AF92BB7B9">
<sourceConnName>deepthought</sourceConnName>
<sourceObjSchema>ALS</sourceObjSchema>
<sourceObjName>ALDESCR</sourceObjName>
<createdBy>calittle</createdBy>
<createdTime>2019-04-17 17:26:20 UTC</createdTime>
<commentInRDBMS>Deployment time assigned description for the Assembly Line</commentInRDBMS>
<ownerDesignName>ODEE_1262_Design</ownerDesignName>
<nullsAllowed>true</nullsAllowed>
<useDomainConstraints>false</useDomainConstraints>
<use>1</use>
<logicalDatatype>LOGDT037</logicalDatatype>
<dataTypeSize>256</dataTypeSize>
<autoIncrementCycle>false</autoIncrementCycle>
</Column>
<Column name="ALUNIQUE_ID" id="F889C561-9F6A-4565-4718-59C870901DFB">
<sourceConnName>deepthought</sourceConnName>
<sourceObjSchema>ALS</sourceObjSchema>
<sourceObjName>ALUNIQUE_ID</sourceObjName>
<createdBy>calittle</createdBy>
<createdTime>2019-04-17 17:26:20 UTC</createdTime>
<commentInRDBMS>Deployment time assigned guid for the Assembly Line.&lt;br/&gt;Used to obtain the AL_ID from the insert.</commentInRDBMS>
<ownerDesignName>ODEE_1262_Design</ownerDesignName>
<useDomainConstraints>false</useDomainConstraints>
<use>1</use>
<logicalDatatype>LOGDT037</logicalDatatype>
<dataTypeSize>47</dataTypeSize>
<autoIncrementCycle>false</autoIncrementCycle>
</Column>
<Column name="ALCREATED" id="A809BEBB-640B-6429-AED8-31E34EA42F09">
<sourceConnName>deepthought</sourceConnName>
<sourceObjSchema>ALS</sourceObjSchema>
<sourceObjName>ALCREATED</sourceObjName>
<createdBy>calittle</createdBy>
<createdTime>2019-04-17 17:26:20 UTC</createdTime>
<commentInRDBMS>UTC date time deployment of the Assembly Line</commentInRDBMS>
<ownerDesignName>ODEE_1262_Design</ownerDesignName>
<nullsAllowed>true</nullsAllowed>
<useDomainConstraints>false</useDomainConstraints>
<use>1</use>
<logicalDatatype>LOGDT015</logicalDatatype>
<dataTypePrecision>6</dataTypePrecision>
<autoIncrementCycle>false</autoIncrementCycle>
</Column>
</columns>
<indexes itemClass="oracle.dbtools.crest.model.design.relational.Index">
<ind_PK_UK id="3B67CC47-F060-7F40-E91A-6CC70957A981" name="ALS_PK">
<sourceConnName>deepthought</sourceConnName>
<sourceObjSchema>DMKR_ADMIN</sourceObjSchema>
<sourceObjName>ALS_PK</sourceObjName>
<createdBy>calittle</createdBy>
<createdTime>2019-04-17 17:26:49 UTC</createdTime>
<ownerDesignName>ODEE_1262_Design</ownerDesignName>
<pk>true</pk>
<indexState>Primary Constraint</indexState>
<isSurrogateKey>false</isSurrogateKey>
<indexColumnUsage>
<colUsage columnID="BF175901-B2E1-9625-5B02-F610BD26B567"/>
<colUsage columnID="F748C7A3-310D-4815-6743-5DF464BAC126"/>
</indexColumnUsage>
</ind_PK_UK>
<ind_PK_UK id="DEBAD233-2939-C913-9DEF-F6AE42EC0DA5" name="ALS_PK">
<sourceConnName>deepthought</sourceConnName>
<sourceObjSchema>DMKR_ADMIN</sourceObjSchema>
<sourceObjName>ALS_PK</sourceObjName>
<createdBy>calittle</createdBy>
<createdTime>2019-04-17 17:26:48 UTC</createdTime>
<ownerDesignName>ODEE_1262_Design</ownerDesignName>
<indexState>Unique Plain Index</indexState>
<schemaObject>0323F05B-A91A-E5F5-C386-B3516E1DFCEB</schemaObject>
<isSurrogateKey>false</isSurrogateKey>
<indexColumnUsage>
<colUsage columnID="BF175901-B2E1-9625-5B02-F610BD26B567"/>
<colUsage columnID="F748C7A3-310D-4815-6743-5DF464BAC126"/>
</indexColumnUsage>
</ind_PK_UK>
<ind_PK_UK id="C02235D9-691A-C0BE-D581-1122399B04CB" name="SYSS_ALS">
<createdBy>calittle</createdBy>
<createdTime>2019-04-17 17:26:52 UTC</createdTime>
<ownerDesignName>ODEE_1262_Design</ownerDesignName>
<indexState>Foreign Key</indexState>
<isSurrogateKey>false</isSurrogateKey>
<indexColumnUsage>
<colUsage columnID="F748C7A3-310D-4815-6743-5DF464BAC126"/>
</indexColumnUsage>
</ind_PK_UK>
</indexes>
</Table>