<?xml version = '1.0' encoding = 'UTF-8'?>
<Table class="oracle.dbtools.crest.model.design.relational.Table" directorySegmentName="seg_0" id="A40A7876-0F05-B548-BCF7-2B8C1BB411BA" name="DMKR_ENTITY_TO_ENTITY">
<sourceConnName>deepthought</sourceConnName>
<sourceObjSchema>DMKR_ADMIN</sourceObjSchema>
<sourceObjName>DMKR_ENTITY_TO_ENTITY</sourceObjName>
<createdBy>calittle</createdBy>
<createdTime>2019-04-17 17:25:12 UTC</createdTime>
<ownerDesignName>ODEE_1262_Design</ownerDesignName>
<schemaObject>0323F05B-A91A-E5F5-C386-B3516E1DFCEB</schemaObject>
<allowColumnReorder>false</allowColumnReorder>
<existDependencyGenerateInDDl>true</existDependencyGenerateInDDl>
<columns itemClass="oracle.dbtools.crest.model.design.relational.Column">
<Column name="GROUP_ID" id="898BC439-5CDC-D29F-37E6-E1069401737B">
<sourceConnName>deepthought</sourceConnName>
<sourceObjSchema>DMKR_ENTITY_TO_ENTITY</sourceObjSchema>
<sourceObjName>GROUP_ID</sourceObjName>
<createdBy>calittle</createdBy>
<createdTime>2019-04-17 17:26:27 UTC</createdTime>
<ownerDesignName>ODEE_1262_Design</ownerDesignName>
<useDomainConstraints>false</useDomainConstraints>
<use>1</use>
<logicalDatatype>LOGDT019</logicalDatatype>
<dataTypePrecision>38</dataTypePrecision>
<delegate>E186C16D-6B63-B1CD-0962-6F3D80812D52</delegate>
<autoIncrementCycle>false</autoIncrementCycle>
<associations>
<colAssociation fkAssociation="A9BD75EB-36DC-56C8-26EC-B69D52362B4F" referredColumn="E186C16D-6B63-B1CD-0962-6F3D80812D52"/>
</associations>
</Column>
<Column name="USER_ID" id="7B0DDFDD-175E-A582-0B2C-C5436E213A3B">
<sourceConnName>deepthought</sourceConnName>
<sourceObjSchema>DMKR_ENTITY_TO_ENTITY</sourceObjSchema>
<sourceObjName>USER_ID</sourceObjName>
<createdBy>calittle</createdBy>
<createdTime>2019-04-17 17:26:27 UTC</createdTime>
<ownerDesignName>ODEE_1262_Design</ownerDesignName>
<useDomainConstraints>false</useDomainConstraints>
<use>1</use>
<logicalDatatype>LOGDT019</logicalDatatype>
<dataTypePrecision>38</dataTypePrecision>
<delegate>E186C16D-6B63-B1CD-0962-6F3D80812D52</delegate>
<autoIncrementCycle>false</autoIncrementCycle>
<associations>
<colAssociation fkAssociation="A009E8CF-743F-A778-98CB-392054062750" referredColumn="E186C16D-6B63-B1CD-0962-6F3D80812D52"/>
</associations>
</Column>
</columns>
<indexes itemClass="oracle.dbtools.crest.model.design.relational.Index">
<ind_PK_UK id="48555677-62F4-CB07-3998-B4DE1A5856FA" name="DMKR_ENTITY_TO_ENTITY_PK">
<sourceConnName>deepthought</sourceConnName>
<sourceObjSchema>DMKR_ADMIN</sourceObjSchema>
<sourceObjName>DMKR_ENTITY_TO_ENTITY_PK</sourceObjName>
<createdBy>calittle</createdBy>
<createdTime>2019-04-17 17:26:50 UTC</createdTime>
<ownerDesignName>ODEE_1262_Design</ownerDesignName>
<pk>true</pk>
<indexState>Primary Constraint</indexState>
<isSurrogateKey>false</isSurrogateKey>
<indexColumnUsage>
<colUsage columnID="898BC439-5CDC-D29F-37E6-E1069401737B"/>
<colUsage columnID="7B0DDFDD-175E-A582-0B2C-C5436E213A3B"/>
</indexColumnUsage>
</ind_PK_UK>
<ind_PK_UK id="F6A3BABF-E2CB-9335-99B7-32A7F47884BE" name="DMKR_ENTITY_TO_ENTITY_PK">
<sourceConnName>deepthought</sourceConnName>
<sourceObjSchema>DMKR_ADMIN</sourceObjSchema>
<sourceObjName>DMKR_ENTITY_TO_ENTITY_PK</sourceObjName>
<createdBy>calittle</createdBy>
<createdTime>2019-04-17 17:26:48 UTC</createdTime>
<ownerDesignName>ODEE_1262_Design</ownerDesignName>
<indexState>Unique Plain Index</indexState>
<schemaObject>0323F05B-A91A-E5F5-C386-B3516E1DFCEB</schemaObject>
<isSurrogateKey>false</isSurrogateKey>
<indexColumnUsage>
<colUsage columnID="898BC439-5CDC-D29F-37E6-E1069401737B"/>
<colUsage columnID="7B0DDFDD-175E-A582-0B2C-C5436E213A3B"/>
</indexColumnUsage>
</ind_PK_UK>
<ind_PK_UK id="3045A4CB-99D5-9973-7ACA-20B5841A0B22" name="DMKR_ENTITY_TO_ENTITY_IDS2">
<sourceConnName>deepthought</sourceConnName>
<sourceObjSchema>DMKR_ADMIN</sourceObjSchema>
<sourceObjName>DMKR_ENTITY_TO_ENTITY_IDS2</sourceObjName>
<createdBy>calittle</createdBy>
<createdTime>2019-04-17 17:26:48 UTC</createdTime>
<ownerDesignName>ODEE_1262_Design</ownerDesignName>
<schemaObject>0323F05B-A91A-E5F5-C386-B3516E1DFCEB</schemaObject>
<isSurrogateKey>false</isSurrogateKey>
<indexColumnUsage>
<colUsage columnID="7B0DDFDD-175E-A582-0B2C-C5436E213A3B"/>
<colUsage columnID="898BC439-5CDC-D29F-37E6-E1069401737B"/>
</indexColumnUsage>
</ind_PK_UK>
<ind_PK_UK id="BE1E0738-D355-A097-FD35-89E360493CEB" name="DMKR_ENTITY_TO_ENTITY_FK1">
<createdBy>calittle</createdBy>
<createdTime>2019-04-17 17:26:52 UTC</createdTime>
<ownerDesignName>ODEE_1262_Design</ownerDesignName>
<indexState>Foreign Key</indexState>
<isSurrogateKey>false</isSurrogateKey>
<indexColumnUsage>
<colUsage columnID="898BC439-5CDC-D29F-37E6-E1069401737B"/>
</indexColumnUsage>
</ind_PK_UK>
<ind_PK_UK id="F888C1FA-F686-4F1A-E100-C6C15DD552F6" name="DMKR_ENTITY_TO_ENTITY_FK2">
<createdBy>calittle</createdBy>
<createdTime>2019-04-17 17:26:52 UTC</createdTime>
<ownerDesignName>ODEE_1262_Design</ownerDesignName>
<indexState>Foreign Key</indexState>
<isSurrogateKey>false</isSurrogateKey>
<indexColumnUsage>
<colUsage columnID="7B0DDFDD-175E-A582-0B2C-C5436E213A3B"/>
</indexColumnUsage>
</ind_PK_UK>
</indexes>
</Table>