<?xml version = '1.0' encoding = 'UTF-8'?>
<Table class="oracle.dbtools.crest.model.design.relational.Table" directorySegmentName="seg_0" id="AD6A03EB-BD86-466E-38A8-41B1C4E1EAF4" name="APPS">
<sourceConnName>deepthought</sourceConnName>
<sourceObjSchema>DMKR_ADMIN</sourceObjSchema>
<sourceObjName>APPS</sourceObjName>
<createdBy>calittle</createdBy>
<createdTime>2019-04-17 17:24:56 UTC</createdTime>
<commentInRDBMS>Document Factory Applications</commentInRDBMS>
<ownerDesignName>ODEE_1262_Design</ownerDesignName>
<schemaObject>0323F05B-A91A-E5F5-C386-B3516E1DFCEB</schemaObject>
<allowColumnReorder>false</allowColumnReorder>
<existDependencyGenerateInDDl>true</existDependencyGenerateInDDl>
<columns itemClass="oracle.dbtools.crest.model.design.relational.Column">
<Column name="SYS_ID" id="34119862-7C3C-5C54-C240-43A8E0E54CEE">
<sourceConnName>deepthought</sourceConnName>
<sourceObjSchema>APPS</sourceObjSchema>
<sourceObjName>SYS_ID</sourceObjName>
<createdBy>calittle</createdBy>
<createdTime>2019-04-17 17:26:21 UTC</createdTime>
<commentInRDBMS>Foreign key for the System </commentInRDBMS>
<ownerDesignName>ODEE_1262_Design</ownerDesignName>
<useDomainConstraints>false</useDomainConstraints>
<use>1</use>
<logicalDatatype>LOGDT019</logicalDatatype>
<dataTypePrecision>38</dataTypePrecision>
<delegate>F748C7A3-310D-4815-6743-5DF464BAC126</delegate>
<autoIncrementCycle>false</autoIncrementCycle>
<associations>
<colAssociation fkAssociation="3AB7E103-FEED-A749-CB7D-45F857190AB5" referredColumn="F748C7A3-310D-4815-6743-5DF464BAC126"/>
</associations>
</Column>
<Column name="AL_ID" id="8770BF31-8B62-E7A7-7761-00C308D55DB0">
<sourceConnName>deepthought</sourceConnName>
<sourceObjSchema>APPS</sourceObjSchema>
<sourceObjName>AL_ID</sourceObjName>
<createdBy>calittle</createdBy>
<createdTime>2019-04-17 17:26:21 UTC</createdTime>
<commentInRDBMS>Foreign key for the Assembly Line</commentInRDBMS>
<ownerDesignName>ODEE_1262_Design</ownerDesignName>
<useDomainConstraints>false</useDomainConstraints>
<use>1</use>
<logicalDatatype>LOGDT019</logicalDatatype>
<dataTypePrecision>38</dataTypePrecision>
<delegate>BF175901-B2E1-9625-5B02-F610BD26B567</delegate>
<autoIncrementCycle>false</autoIncrementCycle>
<associations>
<colAssociation fkAssociation="3AB7E103-FEED-A749-CB7D-45F857190AB5" referredColumn="BF175901-B2E1-9625-5B02-F610BD26B567"/>
</associations>
</Column>
<Column name="APP_ID" id="9A049F3B-E458-CBBB-A312-70EDFE1E48FA">
<sourceConnName>deepthought</sourceConnName>
<sourceObjSchema>APPS</sourceObjSchema>
<sourceObjName>APP_ID</sourceObjName>
<createdBy>calittle</createdBy>
<createdTime>2019-04-17 17:26:21 UTC</createdTime>
<commentInRDBMS>Auto Assigned primary key for the Application</commentInRDBMS>
<ownerDesignName>ODEE_1262_Design</ownerDesignName>
<useDomainConstraints>false</useDomainConstraints>
<use>1</use>
<logicalDatatype>LOGDT019</logicalDatatype>
<dataTypePrecision>38</dataTypePrecision>
<autoIncrementCycle>false</autoIncrementCycle>
</Column>
<Column name="APPNAME" id="BAFE99DC-F6A9-2D25-2EF3-D935776221EB">
<sourceConnName>deepthought</sourceConnName>
<sourceObjSchema>APPS</sourceObjSchema>
<sourceObjName>APPNAME</sourceObjName>
<createdBy>calittle</createdBy>
<createdTime>2019-04-17 17:26:21 UTC</createdTime>
<commentInRDBMS>Deployment time assigned Name of the Application</commentInRDBMS>
<ownerDesignName>ODEE_1262_Design</ownerDesignName>
<useDomainConstraints>false</useDomainConstraints>
<use>1</use>
<logicalDatatype>LOGDT037</logicalDatatype>
<dataTypeSize>256</dataTypeSize>
<autoIncrementCycle>false</autoIncrementCycle>
</Column>
<Column name="APPTYPE" id="78EE6069-34DA-9FB0-BE6F-A591F0536696">
<sourceConnName>deepthought</sourceConnName>
<sourceObjSchema>APPS</sourceObjSchema>
<sourceObjName>APPTYPE</sourceObjName>
<createdBy>calittle</createdBy>
<createdTime>2019-04-17 17:26:21 UTC</createdTime>
<commentInRDBMS>Application Type used for associating approprate ability sets per application.</commentInRDBMS>
<ownerDesignName>ODEE_1262_Design</ownerDesignName>
<nullsAllowed>true</nullsAllowed>
<useDomainConstraints>false</useDomainConstraints>
<use>1</use>
<logicalDatatype>LOGDT019</logicalDatatype>
<dataTypePrecision>5</dataTypePrecision>
<autoIncrementCycle>false</autoIncrementCycle>
</Column>
<Column name="APPDESCR" id="B697B5A1-0F84-902E-3975-1CC1FE170C14">
<sourceConnName>deepthought</sourceConnName>
<sourceObjSchema>APPS</sourceObjSchema>
<sourceObjName>APPDESCR</sourceObjName>
<createdBy>calittle</createdBy>
<createdTime>2019-04-17 17:26:21 UTC</createdTime>
<commentInRDBMS>Deployment time assigned description for the Application</commentInRDBMS>
<ownerDesignName>ODEE_1262_Design</ownerDesignName>
<nullsAllowed>true</nullsAllowed>
<useDomainConstraints>false</useDomainConstraints>
<use>1</use>
<logicalDatatype>LOGDT037</logicalDatatype>
<dataTypeSize>256</dataTypeSize>
<autoIncrementCycle>false</autoIncrementCycle>
</Column>
<Column name="APPUNIQUE_ID" id="5D24591E-9B4B-D5ED-2C9E-0CCC6C38315C">
<sourceConnName>deepthought</sourceConnName>
<sourceObjSchema>APPS</sourceObjSchema>
<sourceObjName>APPUNIQUE_ID</sourceObjName>
<createdBy>calittle</createdBy>
<createdTime>2019-04-17 17:26:21 UTC</createdTime>
<commentInRDBMS>Deployment time assigned guid for the Assembly Line.&lt;br/&gt;Used to obtain the AL_ID from the insert.</commentInRDBMS>
<ownerDesignName>ODEE_1262_Design</ownerDesignName>
<useDomainConstraints>false</useDomainConstraints>
<use>1</use>
<logicalDatatype>LOGDT037</logicalDatatype>
<dataTypeSize>47</dataTypeSize>
<autoIncrementCycle>false</autoIncrementCycle>
</Column>
<Column name="APPCREATED" id="AB746C97-ED1F-ECC3-6A5D-2F8306818E5E">
<sourceConnName>deepthought</sourceConnName>
<sourceObjSchema>APPS</sourceObjSchema>
<sourceObjName>APPCREATED</sourceObjName>
<createdBy>calittle</createdBy>
<createdTime>2019-04-17 17:26:21 UTC</createdTime>
<commentInRDBMS>UTC date time deployment of the Application</commentInRDBMS>
<ownerDesignName>ODEE_1262_Design</ownerDesignName>
<nullsAllowed>true</nullsAllowed>
<useDomainConstraints>false</useDomainConstraints>
<use>1</use>
<logicalDatatype>LOGDT015</logicalDatatype>
<dataTypePrecision>6</dataTypePrecision>
<autoIncrementCycle>false</autoIncrementCycle>
</Column>
</columns>
<indexes itemClass="oracle.dbtools.crest.model.design.relational.Index">
<ind_PK_UK id="8425EC15-A313-ECC5-3698-0FBCBAC364BA" name="APPS_PK">
<sourceConnName>deepthought</sourceConnName>
<sourceObjSchema>DMKR_ADMIN</sourceObjSchema>
<sourceObjName>APPS_PK</sourceObjName>
<createdBy>calittle</createdBy>
<createdTime>2019-04-17 17:26:49 UTC</createdTime>
<ownerDesignName>ODEE_1262_Design</ownerDesignName>
<pk>true</pk>
<indexState>Primary Constraint</indexState>
<isSurrogateKey>false</isSurrogateKey>
<indexColumnUsage>
<colUsage columnID="9A049F3B-E458-CBBB-A312-70EDFE1E48FA"/>
<colUsage columnID="8770BF31-8B62-E7A7-7761-00C308D55DB0"/>
<colUsage columnID="34119862-7C3C-5C54-C240-43A8E0E54CEE"/>
</indexColumnUsage>
</ind_PK_UK>
<ind_PK_UK id="7C367984-6B95-D5C2-C3A9-981C995A4A94" name="APPS_PK">
<sourceConnName>deepthought</sourceConnName>
<sourceObjSchema>DMKR_ADMIN</sourceObjSchema>
<sourceObjName>APPS_PK</sourceObjName>
<createdBy>calittle</createdBy>
<createdTime>2019-04-17 17:26:48 UTC</createdTime>
<ownerDesignName>ODEE_1262_Design</ownerDesignName>
<indexState>Unique Plain Index</indexState>
<schemaObject>0323F05B-A91A-E5F5-C386-B3516E1DFCEB</schemaObject>
<isSurrogateKey>false</isSurrogateKey>
<indexColumnUsage>
<colUsage columnID="9A049F3B-E458-CBBB-A312-70EDFE1E48FA"/>
<colUsage columnID="8770BF31-8B62-E7A7-7761-00C308D55DB0"/>
<colUsage columnID="34119862-7C3C-5C54-C240-43A8E0E54CEE"/>
</indexColumnUsage>
</ind_PK_UK>
<ind_PK_UK id="F0262CCE-19CF-E7F1-3E58-4748D73AB008" name="ALS_APPS">
<createdBy>calittle</createdBy>
<createdTime>2019-04-17 17:26:52 UTC</createdTime>
<ownerDesignName>ODEE_1262_Design</ownerDesignName>
<indexState>Foreign Key</indexState>
<isSurrogateKey>false</isSurrogateKey>
<indexColumnUsage>
<colUsage columnID="8770BF31-8B62-E7A7-7761-00C308D55DB0"/>
<colUsage columnID="34119862-7C3C-5C54-C240-43A8E0E54CEE"/>
</indexColumnUsage>
</ind_PK_UK>
</indexes>
</Table>