<?xml version = '1.0' encoding = 'UTF-8'?>
<Table class="oracle.dbtools.crest.model.design.relational.Table" directorySegmentName="seg_0" id="B702D8BD-2553-CF9D-D51F-47960FD0370B" name="BCHSHIST">
<sourceConnName>deepthought</sourceConnName>
<sourceObjSchema>DMKR_ASLINE</sourceObjSchema>
<sourceObjName>BCHSHIST</sourceObjName>
<createdBy>calittle</createdBy>
<createdTime>2019-04-17 17:25:29 UTC</createdTime>
<commentInRDBMS>Batching table history</commentInRDBMS>
<ownerDesignName>ODEE_1262_Design</ownerDesignName>
<schemaObject>8FC895A7-E0A2-11C9-AE90-BEF4CA704C97</schemaObject>
<allowColumnReorder>false</allowColumnReorder>
<existDependencyGenerateInDDl>true</existDependencyGenerateInDDl>
<columns itemClass="oracle.dbtools.crest.model.design.relational.Column">
<Column name="BCH_ID" id="7F999DD4-E8B5-252B-810E-1D9989BCEDC7">
<sourceConnName>deepthought</sourceConnName>
<sourceObjSchema>BCHSHIST</sourceObjSchema>
<sourceObjName>BCH_ID</sourceObjName>
<createdBy>calittle</createdBy>
<createdTime>2019-04-17 17:26:32 UTC</createdTime>
<ownerDesignName>ODEE_1262_Design</ownerDesignName>
<useDomainConstraints>false</useDomainConstraints>
<use>1</use>
<logicalDatatype>LOGDT019</logicalDatatype>
<dataTypePrecision>38</dataTypePrecision>
<autoIncrementCycle>false</autoIncrementCycle>
</Column>
<Column name="BCHNAME" id="043CAB76-FA1B-D668-87E3-A1A1D6925469">
<sourceConnName>deepthought</sourceConnName>
<sourceObjSchema>BCHSHIST</sourceObjSchema>
<sourceObjName>BCHNAME</sourceObjName>
<createdBy>calittle</createdBy>
<createdTime>2019-04-17 17:26:32 UTC</createdTime>
<ownerDesignName>ODEE_1262_Design</ownerDesignName>
<nullsAllowed>true</nullsAllowed>
<useDomainConstraints>false</useDomainConstraints>
<use>1</use>
<logicalDatatype>LOGDT037</logicalDatatype>
<dataTypeSize>256</dataTypeSize>
<autoIncrementCycle>false</autoIncrementCycle>
</Column>
<Column name="BCHUNIQUE_ID" id="49048F07-9C11-068D-0C56-E0CC045B9463">
<sourceConnName>deepthought</sourceConnName>
<sourceObjSchema>BCHSHIST</sourceObjSchema>
<sourceObjName>BCHUNIQUE_ID</sourceObjName>
<createdBy>calittle</createdBy>
<createdTime>2019-04-17 17:26:32 UTC</createdTime>
<ownerDesignName>ODEE_1262_Design</ownerDesignName>
<nullsAllowed>true</nullsAllowed>
<useDomainConstraints>false</useDomainConstraints>
<use>1</use>
<logicalDatatype>LOGDT037</logicalDatatype>
<dataTypeSize>47</dataTypeSize>
<autoIncrementCycle>false</autoIncrementCycle>
</Column>
<Column name="BCHSTARTINGTIME" id="CE8DD987-1BB7-6914-F544-2CFA0F63E17A">
<sourceConnName>deepthought</sourceConnName>
<sourceObjSchema>BCHSHIST</sourceObjSchema>
<sourceObjName>BCHSTARTINGTIME</sourceObjName>
<createdBy>calittle</createdBy>
<createdTime>2019-04-17 17:26:32 UTC</createdTime>
<ownerDesignName>ODEE_1262_Design</ownerDesignName>
<nullsAllowed>true</nullsAllowed>
<useDomainConstraints>false</useDomainConstraints>
<use>1</use>
<logicalDatatype>LOGDT015</logicalDatatype>
<dataTypePrecision>6</dataTypePrecision>
<autoIncrementCycle>false</autoIncrementCycle>
</Column>
<Column name="BCHSTATUS" id="86AC1C41-8CB4-976C-F5E5-37A8536E5071">
<sourceConnName>deepthought</sourceConnName>
<sourceObjSchema>BCHSHIST</sourceObjSchema>
<sourceObjName>BCHSTATUS</sourceObjName>
<createdBy>calittle</createdBy>
<createdTime>2019-04-17 17:26:32 UTC</createdTime>
<ownerDesignName>ODEE_1262_Design</ownerDesignName>
<nullsAllowed>true</nullsAllowed>
<useDomainConstraints>false</useDomainConstraints>
<use>1</use>
<logicalDatatype>LOGDT019</logicalDatatype>
<dataTypePrecision>10</dataTypePrecision>
<autoIncrementCycle>false</autoIncrementCycle>
</Column>
<Column name="BCHSEQ" id="4D7A772A-D1CC-57BA-2C80-741FA9F17E40">
<sourceConnName>deepthought</sourceConnName>
<sourceObjSchema>BCHSHIST</sourceObjSchema>
<sourceObjName>BCHSEQ</sourceObjName>
<createdBy>calittle</createdBy>
<createdTime>2019-04-17 17:26:32 UTC</createdTime>
<ownerDesignName>ODEE_1262_Design</ownerDesignName>
<nullsAllowed>true</nullsAllowed>
<useDomainConstraints>false</useDomainConstraints>
<use>1</use>
<logicalDatatype>LOGDT019</logicalDatatype>
<dataTypePrecision>10</dataTypePrecision>
<autoIncrementCycle>false</autoIncrementCycle>
</Column>
<Column name="BCHTYPE" id="A9B247DA-98EF-3915-DD70-26BA44A8E40B">
<sourceConnName>deepthought</sourceConnName>
<sourceObjSchema>BCHSHIST</sourceObjSchema>
<sourceObjName>BCHTYPE</sourceObjName>
<createdBy>calittle</createdBy>
<createdTime>2019-04-17 17:26:32 UTC</createdTime>
<ownerDesignName>ODEE_1262_Design</ownerDesignName>
<nullsAllowed>true</nullsAllowed>
<useDomainConstraints>false</useDomainConstraints>
<use>1</use>
<logicalDatatype>LOGDT019</logicalDatatype>
<dataTypePrecision>10</dataTypePrecision>
<autoIncrementCycle>false</autoIncrementCycle>
</Column>
<Column name="BCHBATCHNAME" id="69C82D71-1E6B-8C7E-D5F9-F3405044BBB2">
<sourceConnName>deepthought</sourceConnName>
<sourceObjSchema>BCHSHIST</sourceObjSchema>
<sourceObjName>BCHBATCHNAME</sourceObjName>
<createdBy>calittle</createdBy>
<createdTime>2019-04-17 17:26:32 UTC</createdTime>
<ownerDesignName>ODEE_1262_Design</ownerDesignName>
<nullsAllowed>true</nullsAllowed>
<useDomainConstraints>false</useDomainConstraints>
<use>1</use>
<logicalDatatype>LOGDT037</logicalDatatype>
<dataTypeSize>256</dataTypeSize>
<autoIncrementCycle>false</autoIncrementCycle>
</Column>
<Column name="BCHBATCHTYPE" id="C56BD40B-429F-CDBB-1481-2A3C8C5DD16C">
<sourceConnName>deepthought</sourceConnName>
<sourceObjSchema>BCHSHIST</sourceObjSchema>
<sourceObjName>BCHBATCHTYPE</sourceObjName>
<createdBy>calittle</createdBy>
<createdTime>2019-04-17 17:26:32 UTC</createdTime>
<ownerDesignName>ODEE_1262_Design</ownerDesignName>
<nullsAllowed>true</nullsAllowed>
<useDomainConstraints>false</useDomainConstraints>
<use>1</use>
<logicalDatatype>LOGDT037</logicalDatatype>
<dataTypeSize>256</dataTypeSize>
<autoIncrementCycle>false</autoIncrementCycle>
</Column>
<Column name="BCHBY" id="2E503AEF-91DE-1A4F-8E03-72ABB5D07BF1">
<sourceConnName>deepthought</sourceConnName>
<sourceObjSchema>BCHSHIST</sourceObjSchema>
<sourceObjName>BCHBY</sourceObjName>
<createdBy>calittle</createdBy>
<createdTime>2019-04-17 17:26:32 UTC</createdTime>
<ownerDesignName>ODEE_1262_Design</ownerDesignName>
<nullsAllowed>true</nullsAllowed>
<useDomainConstraints>false</useDomainConstraints>
<use>1</use>
<logicalDatatype>LOGDT037</logicalDatatype>
<dataTypeSize>256</dataTypeSize>
<autoIncrementCycle>false</autoIncrementCycle>
</Column>
<Column name="BCHSELECTRULE" id="7AEE2BCD-8BCA-1C91-8A40-2C5B0FE957A3">
<sourceConnName>deepthought</sourceConnName>
<sourceObjSchema>BCHSHIST</sourceObjSchema>
<sourceObjName>BCHSELECTRULE</sourceObjName>
<createdBy>calittle</createdBy>
<createdTime>2019-04-17 17:26:32 UTC</createdTime>
<ownerDesignName>ODEE_1262_Design</ownerDesignName>
<nullsAllowed>true</nullsAllowed>
<useDomainConstraints>false</useDomainConstraints>
<use>1</use>
<logicalDatatype>LOGDT037</logicalDatatype>
<dataTypeSize>2000</dataTypeSize>
<autoIncrementCycle>false</autoIncrementCycle>
</Column>
<Column name="BCHPRTTYPE" id="E72BDC2F-0E09-B333-1BBF-F84A62BA04CA">
<sourceConnName>deepthought</sourceConnName>
<sourceObjSchema>BCHSHIST</sourceObjSchema>
<sourceObjName>BCHPRTTYPE</sourceObjName>
<createdBy>calittle</createdBy>
<createdTime>2019-04-17 17:26:32 UTC</createdTime>
<ownerDesignName>ODEE_1262_Design</ownerDesignName>
<nullsAllowed>true</nullsAllowed>
<useDomainConstraints>false</useDomainConstraints>
<use>1</use>
<logicalDatatype>LOGDT037</logicalDatatype>
<dataTypeSize>30</dataTypeSize>
<autoIncrementCycle>false</autoIncrementCycle>
</Column>
<Column name="BCHPRTTYPERULE" id="79D83109-3CF7-41AE-E504-BA33EBAD477B">
<sourceConnName>deepthought</sourceConnName>
<sourceObjSchema>BCHSHIST</sourceObjSchema>
<sourceObjName>BCHPRTTYPERULE</sourceObjName>
<createdBy>calittle</createdBy>
<createdTime>2019-04-17 17:26:32 UTC</createdTime>
<ownerDesignName>ODEE_1262_Design</ownerDesignName>
<nullsAllowed>true</nullsAllowed>
<useDomainConstraints>false</useDomainConstraints>
<use>1</use>
<logicalDatatype>LOGDT037</logicalDatatype>
<dataTypeSize>256</dataTypeSize>
<autoIncrementCycle>false</autoIncrementCycle>
</Column>
<Column name="BCHSORTRULE" id="63F25C8D-9FF5-7A92-1964-818C2ED776B7">
<sourceConnName>deepthought</sourceConnName>
<sourceObjSchema>BCHSHIST</sourceObjSchema>
<sourceObjName>BCHSORTRULE</sourceObjName>
<createdBy>calittle</createdBy>
<createdTime>2019-04-17 17:26:32 UTC</createdTime>
<ownerDesignName>ODEE_1262_Design</ownerDesignName>
<nullsAllowed>true</nullsAllowed>
<useDomainConstraints>false</useDomainConstraints>
<use>1</use>
<logicalDatatype>LOGDT037</logicalDatatype>
<dataTypeSize>256</dataTypeSize>
<autoIncrementCycle>false</autoIncrementCycle>
</Column>
<Column name="BCHSTARTTIME" id="2E36FEEF-0C15-C21F-F901-37D1A8C6FD76">
<sourceConnName>deepthought</sourceConnName>
<sourceObjSchema>BCHSHIST</sourceObjSchema>
<sourceObjName>BCHSTARTTIME</sourceObjName>
<createdBy>calittle</createdBy>
<createdTime>2019-04-17 17:26:32 UTC</createdTime>
<ownerDesignName>ODEE_1262_Design</ownerDesignName>
<nullsAllowed>true</nullsAllowed>
<useDomainConstraints>false</useDomainConstraints>
<use>1</use>
<logicalDatatype>LOGDT015</logicalDatatype>
<dataTypePrecision>6</dataTypePrecision>
<autoIncrementCycle>false</autoIncrementCycle>
</Column>
<Column name="BCHMODIFYTIME" id="F279FD1E-A50B-CFC2-5024-83482BF00DE6">
<sourceConnName>deepthought</sourceConnName>
<sourceObjSchema>BCHSHIST</sourceObjSchema>
<sourceObjName>BCHMODIFYTIME</sourceObjName>
<createdBy>calittle</createdBy>
<createdTime>2019-04-17 17:26:32 UTC</createdTime>
<ownerDesignName>ODEE_1262_Design</ownerDesignName>
<nullsAllowed>true</nullsAllowed>
<useDomainConstraints>false</useDomainConstraints>
<use>1</use>
<logicalDatatype>LOGDT015</logicalDatatype>
<dataTypePrecision>6</dataTypePrecision>
<autoIncrementCycle>false</autoIncrementCycle>
</Column>
<Column name="BCHERRTIME" id="DB0D9D94-17DE-8A99-7787-9ECBE4A00C0F">
<sourceConnName>deepthought</sourceConnName>
<sourceObjSchema>BCHSHIST</sourceObjSchema>
<sourceObjName>BCHERRTIME</sourceObjName>
<createdBy>calittle</createdBy>
<createdTime>2019-04-17 17:26:32 UTC</createdTime>
<ownerDesignName>ODEE_1262_Design</ownerDesignName>
<nullsAllowed>true</nullsAllowed>
<useDomainConstraints>false</useDomainConstraints>
<use>1</use>
<logicalDatatype>LOGDT015</logicalDatatype>
<dataTypePrecision>6</dataTypePrecision>
<autoIncrementCycle>false</autoIncrementCycle>
</Column>
<Column name="BCHENDTIME" id="56D81A52-5924-6E14-0C82-1AF1B9ED3630">
<sourceConnName>deepthought</sourceConnName>
<sourceObjSchema>BCHSHIST</sourceObjSchema>
<sourceObjName>BCHENDTIME</sourceObjName>
<createdBy>calittle</createdBy>
<createdTime>2019-04-17 17:26:32 UTC</createdTime>
<ownerDesignName>ODEE_1262_Design</ownerDesignName>
<nullsAllowed>true</nullsAllowed>
<useDomainConstraints>false</useDomainConstraints>
<use>1</use>
<logicalDatatype>LOGDT015</logicalDatatype>
<dataTypePrecision>6</dataTypePrecision>
<autoIncrementCycle>false</autoIncrementCycle>
</Column>
<Column name="BCHTRNCOUNT" id="D1FE33CC-79B1-A5FB-FE7F-3CBCF2EDC88B">
<sourceConnName>deepthought</sourceConnName>
<sourceObjSchema>BCHSHIST</sourceObjSchema>
<sourceObjName>BCHTRNCOUNT</sourceObjName>
<createdBy>calittle</createdBy>
<createdTime>2019-04-17 17:26:32 UTC</createdTime>
<ownerDesignName>ODEE_1262_Design</ownerDesignName>
<nullsAllowed>true</nullsAllowed>
<useDomainConstraints>false</useDomainConstraints>
<use>1</use>
<logicalDatatype>LOGDT019</logicalDatatype>
<dataTypePrecision>38</dataTypePrecision>
<autoIncrementCycle>false</autoIncrementCycle>
</Column>
<Column name="BCHRCPCOUNT" id="EC14E2A4-C94D-B463-9F03-52D3D20283CA">
<sourceConnName>deepthought</sourceConnName>
<sourceObjSchema>BCHSHIST</sourceObjSchema>
<sourceObjName>BCHRCPCOUNT</sourceObjName>
<createdBy>calittle</createdBy>
<createdTime>2019-04-17 17:26:32 UTC</createdTime>
<ownerDesignName>ODEE_1262_Design</ownerDesignName>
<nullsAllowed>true</nullsAllowed>
<useDomainConstraints>false</useDomainConstraints>
<use>1</use>
<logicalDatatype>LOGDT019</logicalDatatype>
<dataTypePrecision>38</dataTypePrecision>
<autoIncrementCycle>false</autoIncrementCycle>
</Column>
<Column name="BCHPAGECOUNT" id="9166CAA8-156D-372E-E274-238FB23B8F7B">
<sourceConnName>deepthought</sourceConnName>
<sourceObjSchema>BCHSHIST</sourceObjSchema>
<sourceObjName>BCHPAGECOUNT</sourceObjName>
<createdBy>calittle</createdBy>
<createdTime>2019-04-17 17:26:32 UTC</createdTime>
<ownerDesignName>ODEE_1262_Design</ownerDesignName>
<nullsAllowed>true</nullsAllowed>
<useDomainConstraints>false</useDomainConstraints>
<use>1</use>
<logicalDatatype>LOGDT019</logicalDatatype>
<dataTypePrecision>38</dataTypePrecision>
<autoIncrementCycle>false</autoIncrementCycle>
</Column>
<Column name="BCHSHEETCOUNT" id="B5B1B09E-9019-3D57-580E-BAF35015758F">
<sourceConnName>deepthought</sourceConnName>
<sourceObjSchema>BCHSHIST</sourceObjSchema>
<sourceObjName>BCHSHEETCOUNT</sourceObjName>
<createdBy>calittle</createdBy>
<createdTime>2019-04-17 17:26:32 UTC</createdTime>
<ownerDesignName>ODEE_1262_Design</ownerDesignName>
<nullsAllowed>true</nullsAllowed>
<useDomainConstraints>false</useDomainConstraints>
<use>1</use>
<logicalDatatype>LOGDT019</logicalDatatype>
<dataTypePrecision>38</dataTypePrecision>
<autoIncrementCycle>false</autoIncrementCycle>
</Column>
<Column name="BCHWEIGHT" id="0069A129-2B05-BA4C-B3BC-FE7C29A08D3A">
<sourceConnName>deepthought</sourceConnName>
<sourceObjSchema>BCHSHIST</sourceObjSchema>
<sourceObjName>BCHWEIGHT</sourceObjName>
<createdBy>calittle</createdBy>
<createdTime>2019-04-17 17:26:32 UTC</createdTime>
<ownerDesignName>ODEE_1262_Design</ownerDesignName>
<nullsAllowed>true</nullsAllowed>
<useDomainConstraints>false</useDomainConstraints>
<use>1</use>
<logicalDatatype>LOGDT019</logicalDatatype>
<dataTypePrecision>19</dataTypePrecision>
<dataTypeScale>4</dataTypeScale>
<autoIncrementCycle>false</autoIncrementCycle>
</Column>
<Column name="BCHBREAKTYPE" id="1AE82949-AED5-71C2-9C50-ED1E124D1958">
<sourceConnName>deepthought</sourceConnName>
<sourceObjSchema>BCHSHIST</sourceObjSchema>
<sourceObjName>BCHBREAKTYPE</sourceObjName>
<createdBy>calittle</createdBy>
<createdTime>2019-04-17 17:26:32 UTC</createdTime>
<ownerDesignName>ODEE_1262_Design</ownerDesignName>
<nullsAllowed>true</nullsAllowed>
<useDomainConstraints>false</useDomainConstraints>
<use>1</use>
<logicalDatatype>LOGDT019</logicalDatatype>
<dataTypePrecision>10</dataTypePrecision>
<autoIncrementCycle>false</autoIncrementCycle>
</Column>
<Column name="BCHBREAKVALUE" id="EC8F0BD5-0F9E-F10B-10DE-4E01AC7FAF6A">
<sourceConnName>deepthought</sourceConnName>
<sourceObjSchema>BCHSHIST</sourceObjSchema>
<sourceObjName>BCHBREAKVALUE</sourceObjName>
<createdBy>calittle</createdBy>
<createdTime>2019-04-17 17:26:32 UTC</createdTime>
<ownerDesignName>ODEE_1262_Design</ownerDesignName>
<nullsAllowed>true</nullsAllowed>
<useDomainConstraints>false</useDomainConstraints>
<use>1</use>
<logicalDatatype>LOGDT037</logicalDatatype>
<dataTypeSize>256</dataTypeSize>
<autoIncrementCycle>false</autoIncrementCycle>
</Column>
<Column name="BCHARCHIVE" id="671B4A05-A3DE-9AAF-7136-A09738AC951D">
<sourceConnName>deepthought</sourceConnName>
<sourceObjSchema>BCHSHIST</sourceObjSchema>
<sourceObjName>BCHARCHIVE</sourceObjName>
<createdBy>calittle</createdBy>
<createdTime>2019-04-17 17:26:32 UTC</createdTime>
<ownerDesignName>ODEE_1262_Design</ownerDesignName>
<nullsAllowed>true</nullsAllowed>
<useDomainConstraints>false</useDomainConstraints>
<use>1</use>
<logicalDatatype>LOGDT019</logicalDatatype>
<dataTypePrecision>5</dataTypePrecision>
<autoIncrementCycle>false</autoIncrementCycle>
</Column>
<Column name="BCHARCDEST" id="D648ABB7-12A2-8E19-7768-C4C67F35F353">
<sourceConnName>deepthought</sourceConnName>
<sourceObjSchema>BCHSHIST</sourceObjSchema>
<sourceObjName>BCHARCDEST</sourceObjName>
<createdBy>calittle</createdBy>
<createdTime>2019-04-17 17:26:32 UTC</createdTime>
<ownerDesignName>ODEE_1262_Design</ownerDesignName>
<nullsAllowed>true</nullsAllowed>
<useDomainConstraints>false</useDomainConstraints>
<use>1</use>
<logicalDatatype>LOGDT037</logicalDatatype>
<dataTypeSize>512</dataTypeSize>
<autoIncrementCycle>false</autoIncrementCycle>
</Column>
<Column name="BCHPUBTOTALARC" id="84E32FA3-7AB3-E90F-76F3-3D0AE187EA66">
<sourceConnName>deepthought</sourceConnName>
<sourceObjSchema>BCHSHIST</sourceObjSchema>
<sourceObjName>BCHPUBTOTALARC</sourceObjName>
<createdBy>calittle</createdBy>
<createdTime>2019-04-17 17:26:32 UTC</createdTime>
<ownerDesignName>ODEE_1262_Design</ownerDesignName>
<nullsAllowed>true</nullsAllowed>
<useDomainConstraints>false</useDomainConstraints>
<use>1</use>
<logicalDatatype>LOGDT019</logicalDatatype>
<dataTypePrecision>38</dataTypePrecision>
<autoIncrementCycle>false</autoIncrementCycle>
</Column>
<Column name="BCHPUBERRARC" id="6F4140C5-535C-3ED2-2EFD-4B6BDCC8B89B">
<sourceConnName>deepthought</sourceConnName>
<sourceObjSchema>BCHSHIST</sourceObjSchema>
<sourceObjName>BCHPUBERRARC</sourceObjName>
<createdBy>calittle</createdBy>
<createdTime>2019-04-17 17:26:32 UTC</createdTime>
<ownerDesignName>ODEE_1262_Design</ownerDesignName>
<nullsAllowed>true</nullsAllowed>
<useDomainConstraints>false</useDomainConstraints>
<use>1</use>
<logicalDatatype>LOGDT019</logicalDatatype>
<dataTypePrecision>38</dataTypePrecision>
<autoIncrementCycle>false</autoIncrementCycle>
</Column>
<Column name="BCHPUBPROCARC" id="E920874D-08F6-0B7B-AFBE-C0FC6DDD4F93">
<sourceConnName>deepthought</sourceConnName>
<sourceObjSchema>BCHSHIST</sourceObjSchema>
<sourceObjName>BCHPUBPROCARC</sourceObjName>
<createdBy>calittle</createdBy>
<createdTime>2019-04-17 17:26:32 UTC</createdTime>
<ownerDesignName>ODEE_1262_Design</ownerDesignName>
<nullsAllowed>true</nullsAllowed>
<useDomainConstraints>false</useDomainConstraints>
<use>1</use>
<logicalDatatype>LOGDT019</logicalDatatype>
<dataTypePrecision>38</dataTypePrecision>
<autoIncrementCycle>false</autoIncrementCycle>
</Column>
<Column name="BCHSIGNING" id="8F92BE9E-DE19-4D7E-54BB-3EDD27514360">
<sourceConnName>deepthought</sourceConnName>
<sourceObjSchema>BCHSHIST</sourceObjSchema>
<sourceObjName>BCHSIGNING</sourceObjName>
<createdBy>calittle</createdBy>
<createdTime>2019-04-17 17:26:32 UTC</createdTime>
<ownerDesignName>ODEE_1262_Design</ownerDesignName>
<nullsAllowed>true</nullsAllowed>
<useDomainConstraints>false</useDomainConstraints>
<use>1</use>
<logicalDatatype>LOGDT019</logicalDatatype>
<dataTypePrecision>5</dataTypePrecision>
<autoIncrementCycle>false</autoIncrementCycle>
</Column>
<Column name="BCHSGNDEST" id="4F399B98-9F57-1E75-7E96-91D916E0844D">
<sourceConnName>deepthought</sourceConnName>
<sourceObjSchema>BCHSHIST</sourceObjSchema>
<sourceObjName>BCHSGNDEST</sourceObjName>
<createdBy>calittle</createdBy>
<createdTime>2019-04-17 17:26:32 UTC</createdTime>
<ownerDesignName>ODEE_1262_Design</ownerDesignName>
<nullsAllowed>true</nullsAllowed>
<useDomainConstraints>false</useDomainConstraints>
<use>1</use>
<logicalDatatype>LOGDT037</logicalDatatype>
<dataTypeSize>512</dataTypeSize>
<autoIncrementCycle>false</autoIncrementCycle>
</Column>
<Column name="BCHSGNTMPL" id="CB206134-F057-2329-51ED-6920680478D6">
<sourceConnName>deepthought</sourceConnName>
<sourceObjSchema>BCHSHIST</sourceObjSchema>
<sourceObjName>BCHSGNTMPL</sourceObjName>
<createdBy>calittle</createdBy>
<createdTime>2019-04-17 17:26:32 UTC</createdTime>
<ownerDesignName>ODEE_1262_Design</ownerDesignName>
<nullsAllowed>true</nullsAllowed>
<useDomainConstraints>false</useDomainConstraints>
<use>1</use>
<logicalDatatype>LOGDT037</logicalDatatype>
<dataTypeSize>256</dataTypeSize>
<autoIncrementCycle>false</autoIncrementCycle>
</Column>
<Column name="BCHPUBTOTALSGN" id="CB92EEE4-B6AA-A0A4-87A8-67770CF7DAFE">
<sourceConnName>deepthought</sourceConnName>
<sourceObjSchema>BCHSHIST</sourceObjSchema>
<sourceObjName>BCHPUBTOTALSGN</sourceObjName>
<createdBy>calittle</createdBy>
<createdTime>2019-04-17 17:26:32 UTC</createdTime>
<ownerDesignName>ODEE_1262_Design</ownerDesignName>
<nullsAllowed>true</nullsAllowed>
<useDomainConstraints>false</useDomainConstraints>
<use>1</use>
<logicalDatatype>LOGDT019</logicalDatatype>
<dataTypePrecision>38</dataTypePrecision>
<autoIncrementCycle>false</autoIncrementCycle>
</Column>
<Column name="BCHPUBERRSGN" id="F0902E8E-7AF3-F51A-0D60-866477ADDA9D">
<sourceConnName>deepthought</sourceConnName>
<sourceObjSchema>BCHSHIST</sourceObjSchema>
<sourceObjName>BCHPUBERRSGN</sourceObjName>
<createdBy>calittle</createdBy>
<createdTime>2019-04-17 17:26:32 UTC</createdTime>
<ownerDesignName>ODEE_1262_Design</ownerDesignName>
<nullsAllowed>true</nullsAllowed>
<useDomainConstraints>false</useDomainConstraints>
<use>1</use>
<logicalDatatype>LOGDT019</logicalDatatype>
<dataTypePrecision>38</dataTypePrecision>
<autoIncrementCycle>false</autoIncrementCycle>
</Column>
<Column name="BCHPUBPROCSGN" id="CF3C2387-8D62-5CFC-5EE9-C7578CC3E4C5">
<sourceConnName>deepthought</sourceConnName>
<sourceObjSchema>BCHSHIST</sourceObjSchema>
<sourceObjName>BCHPUBPROCSGN</sourceObjName>
<createdBy>calittle</createdBy>
<createdTime>2019-04-17 17:26:32 UTC</createdTime>
<ownerDesignName>ODEE_1262_Design</ownerDesignName>
<nullsAllowed>true</nullsAllowed>
<useDomainConstraints>false</useDomainConstraints>
<use>1</use>
<logicalDatatype>LOGDT019</logicalDatatype>
<dataTypePrecision>38</dataTypePrecision>
<autoIncrementCycle>false</autoIncrementCycle>
</Column>
<Column name="BCHPUBLISH" id="D5F6E1BF-9962-05CF-ADA5-D65B3A828A77">
<sourceConnName>deepthought</sourceConnName>
<sourceObjSchema>BCHSHIST</sourceObjSchema>
<sourceObjName>BCHPUBLISH</sourceObjName>
<createdBy>calittle</createdBy>
<createdTime>2019-04-17 17:26:32 UTC</createdTime>
<ownerDesignName>ODEE_1262_Design</ownerDesignName>
<nullsAllowed>true</nullsAllowed>
<useDomainConstraints>false</useDomainConstraints>
<use>1</use>
<logicalDatatype>LOGDT019</logicalDatatype>
<dataTypePrecision>5</dataTypePrecision>
<autoIncrementCycle>false</autoIncrementCycle>
</Column>
<Column name="BCHMIMETYPE" id="4BDFA8CF-4F68-58D1-FA78-5864B460444C">
<sourceConnName>deepthought</sourceConnName>
<sourceObjSchema>BCHSHIST</sourceObjSchema>
<sourceObjName>BCHMIMETYPE</sourceObjName>
<createdBy>calittle</createdBy>
<createdTime>2019-04-17 17:26:32 UTC</createdTime>
<ownerDesignName>ODEE_1262_Design</ownerDesignName>
<nullsAllowed>true</nullsAllowed>
<useDomainConstraints>false</useDomainConstraints>
<use>1</use>
<logicalDatatype>LOGDT037</logicalDatatype>
<dataTypeSize>256</dataTypeSize>
<autoIncrementCycle>false</autoIncrementCycle>
</Column>
<Column name="BCHPRTLOGNAME" id="4877B567-5A2A-5853-BE13-C35EACC9CC1E">
<sourceConnName>deepthought</sourceConnName>
<sourceObjSchema>BCHSHIST</sourceObjSchema>
<sourceObjName>BCHPRTLOGNAME</sourceObjName>
<createdBy>calittle</createdBy>
<createdTime>2019-04-17 17:26:32 UTC</createdTime>
<ownerDesignName>ODEE_1262_Design</ownerDesignName>
<nullsAllowed>true</nullsAllowed>
<useDomainConstraints>false</useDomainConstraints>
<use>1</use>
<logicalDatatype>LOGDT037</logicalDatatype>
<dataTypeSize>256</dataTypeSize>
<autoIncrementCycle>false</autoIncrementCycle>
</Column>
<Column name="BCHPUBEMAIL" id="44B247BA-1406-F67F-E0F0-1B05496B6F58">
<sourceConnName>deepthought</sourceConnName>
<sourceObjSchema>BCHSHIST</sourceObjSchema>
<sourceObjName>BCHPUBEMAIL</sourceObjName>
<createdBy>calittle</createdBy>
<createdTime>2019-04-17 17:26:32 UTC</createdTime>
<ownerDesignName>ODEE_1262_Design</ownerDesignName>
<nullsAllowed>true</nullsAllowed>
<useDomainConstraints>false</useDomainConstraints>
<use>1</use>
<logicalDatatype>LOGDT019</logicalDatatype>
<dataTypePrecision>5</dataTypePrecision>
<autoIncrementCycle>false</autoIncrementCycle>
</Column>
<Column name="BCHPUBEMAILRULE" id="2DE02C56-B814-42DB-E56D-ADF7BFEABD35">
<sourceConnName>deepthought</sourceConnName>
<sourceObjSchema>BCHSHIST</sourceObjSchema>
<sourceObjName>BCHPUBEMAILRULE</sourceObjName>
<createdBy>calittle</createdBy>
<createdTime>2019-04-17 17:26:32 UTC</createdTime>
<ownerDesignName>ODEE_1262_Design</ownerDesignName>
<nullsAllowed>true</nullsAllowed>
<useDomainConstraints>false</useDomainConstraints>
<use>1</use>
<logicalDatatype>LOGDT037</logicalDatatype>
<dataTypeSize>2000</dataTypeSize>
<autoIncrementCycle>false</autoIncrementCycle>
</Column>
<Column name="BCHPUBEMAILPROP" id="06B666AA-6E63-62E3-3B1C-4200312C17BA">
<sourceConnName>deepthought</sourceConnName>
<sourceObjSchema>BCHSHIST</sourceObjSchema>
<sourceObjName>BCHPUBEMAILPROP</sourceObjName>
<createdBy>calittle</createdBy>
<createdTime>2019-04-17 17:26:32 UTC</createdTime>
<ownerDesignName>ODEE_1262_Design</ownerDesignName>
<nullsAllowed>true</nullsAllowed>
<useDomainConstraints>false</useDomainConstraints>
<use>1</use>
<logicalDatatype>LOGDT037</logicalDatatype>
<dataTypeSize>256</dataTypeSize>
<autoIncrementCycle>false</autoIncrementCycle>
</Column>
<Column name="BCHPUBEMAILSUBJECT" id="3302A365-0691-2B70-57BB-D284AF4247E0">
<sourceConnName>deepthought</sourceConnName>
<sourceObjSchema>BCHSHIST</sourceObjSchema>
<sourceObjName>BCHPUBEMAILSUBJECT</sourceObjName>
<createdBy>calittle</createdBy>
<createdTime>2019-04-17 17:26:32 UTC</createdTime>
<ownerDesignName>ODEE_1262_Design</ownerDesignName>
<nullsAllowed>true</nullsAllowed>
<useDomainConstraints>false</useDomainConstraints>
<use>1</use>
<logicalDatatype>LOGDT037</logicalDatatype>
<dataTypeSize>256</dataTypeSize>
<autoIncrementCycle>false</autoIncrementCycle>
</Column>
<Column name="BCHPUBEMAILFROM" id="26846957-8018-F113-1BDA-706B3F738FC3">
<sourceConnName>deepthought</sourceConnName>
<sourceObjSchema>BCHSHIST</sourceObjSchema>
<sourceObjName>BCHPUBEMAILFROM</sourceObjName>
<createdBy>calittle</createdBy>
<createdTime>2019-04-17 17:26:32 UTC</createdTime>
<ownerDesignName>ODEE_1262_Design</ownerDesignName>
<nullsAllowed>true</nullsAllowed>
<useDomainConstraints>false</useDomainConstraints>
<use>1</use>
<logicalDatatype>LOGDT037</logicalDatatype>
<dataTypeSize>256</dataTypeSize>
<autoIncrementCycle>false</autoIncrementCycle>
</Column>
<Column name="BCHPUBEMAILTO" id="B1F604FC-64D8-D298-5753-2881C829FC2E">
<sourceConnName>deepthought</sourceConnName>
<sourceObjSchema>BCHSHIST</sourceObjSchema>
<sourceObjName>BCHPUBEMAILTO</sourceObjName>
<createdBy>calittle</createdBy>
<createdTime>2019-04-17 17:26:32 UTC</createdTime>
<ownerDesignName>ODEE_1262_Design</ownerDesignName>
<nullsAllowed>true</nullsAllowed>
<useDomainConstraints>false</useDomainConstraints>
<use>1</use>
<logicalDatatype>LOGDT037</logicalDatatype>
<dataTypeSize>256</dataTypeSize>
<autoIncrementCycle>false</autoIncrementCycle>
</Column>
<Column name="BCHPUBEMAILREPLYTO" id="192C910B-D378-6FCE-4C02-5A921FDD6478">
<sourceConnName>deepthought</sourceConnName>
<sourceObjSchema>BCHSHIST</sourceObjSchema>
<sourceObjName>BCHPUBEMAILREPLYTO</sourceObjName>
<createdBy>calittle</createdBy>
<createdTime>2019-04-17 17:26:32 UTC</createdTime>
<ownerDesignName>ODEE_1262_Design</ownerDesignName>
<nullsAllowed>true</nullsAllowed>
<useDomainConstraints>false</useDomainConstraints>
<use>1</use>
<logicalDatatype>LOGDT037</logicalDatatype>
<dataTypeSize>256</dataTypeSize>
<autoIncrementCycle>false</autoIncrementCycle>
</Column>
<Column name="BCHPUBEMAILCC" id="B1A0D8C3-7236-7289-5DC7-ED07C3C4304B">
<sourceConnName>deepthought</sourceConnName>
<sourceObjSchema>BCHSHIST</sourceObjSchema>
<sourceObjName>BCHPUBEMAILCC</sourceObjName>
<createdBy>calittle</createdBy>
<createdTime>2019-04-17 17:26:32 UTC</createdTime>
<ownerDesignName>ODEE_1262_Design</ownerDesignName>
<nullsAllowed>true</nullsAllowed>
<useDomainConstraints>false</useDomainConstraints>
<use>1</use>
<logicalDatatype>LOGDT037</logicalDatatype>
<dataTypeSize>256</dataTypeSize>
<autoIncrementCycle>false</autoIncrementCycle>
</Column>
<Column name="BCHPUBEMAILBCC" id="96A956D1-21F3-8F1D-0054-C45387141B11">
<sourceConnName>deepthought</sourceConnName>
<sourceObjSchema>BCHSHIST</sourceObjSchema>
<sourceObjName>BCHPUBEMAILBCC</sourceObjName>
<createdBy>calittle</createdBy>
<createdTime>2019-04-17 17:26:32 UTC</createdTime>
<ownerDesignName>ODEE_1262_Design</ownerDesignName>
<nullsAllowed>true</nullsAllowed>
<useDomainConstraints>false</useDomainConstraints>
<use>1</use>
<logicalDatatype>LOGDT037</logicalDatatype>
<dataTypeSize>256</dataTypeSize>
<autoIncrementCycle>false</autoIncrementCycle>
</Column>
<Column name="BCHPUBLANGRULE" id="90B69760-8541-9FE5-13EA-F3FF18D33347">
<sourceConnName>deepthought</sourceConnName>
<sourceObjSchema>BCHSHIST</sourceObjSchema>
<sourceObjName>BCHPUBLANGRULE</sourceObjName>
<createdBy>calittle</createdBy>
<createdTime>2019-04-17 17:26:32 UTC</createdTime>
<ownerDesignName>ODEE_1262_Design</ownerDesignName>
<nullsAllowed>true</nullsAllowed>
<useDomainConstraints>false</useDomainConstraints>
<use>1</use>
<logicalDatatype>LOGDT037</logicalDatatype>
<dataTypeSize>256</dataTypeSize>
<autoIncrementCycle>false</autoIncrementCycle>
</Column>
<Column name="BCHPUBMSGTYPRULE" id="DEE35857-43E4-54E3-2B82-E928F1090C28">
<sourceConnName>deepthought</sourceConnName>
<sourceObjSchema>BCHSHIST</sourceObjSchema>
<sourceObjName>BCHPUBMSGTYPRULE</sourceObjName>
<createdBy>calittle</createdBy>
<createdTime>2019-04-17 17:26:32 UTC</createdTime>
<ownerDesignName>ODEE_1262_Design</ownerDesignName>
<nullsAllowed>true</nullsAllowed>
<useDomainConstraints>false</useDomainConstraints>
<use>1</use>
<logicalDatatype>LOGDT037</logicalDatatype>
<dataTypeSize>2000</dataTypeSize>
<autoIncrementCycle>false</autoIncrementCycle>
</Column>
<Column name="BCHPUBTOTALDST" id="9041320A-3F32-6CD7-2648-0CA378A1FEE0">
<sourceConnName>deepthought</sourceConnName>
<sourceObjSchema>BCHSHIST</sourceObjSchema>
<sourceObjName>BCHPUBTOTALDST</sourceObjName>
<createdBy>calittle</createdBy>
<createdTime>2019-04-17 17:26:32 UTC</createdTime>
<ownerDesignName>ODEE_1262_Design</ownerDesignName>
<nullsAllowed>true</nullsAllowed>
<useDomainConstraints>false</useDomainConstraints>
<use>1</use>
<logicalDatatype>LOGDT019</logicalDatatype>
<dataTypePrecision>38</dataTypePrecision>
<autoIncrementCycle>false</autoIncrementCycle>
</Column>
<Column name="BCHPUBERRDST" id="8F836EBC-F6D9-BBBB-DBD5-D5673706843F">
<sourceConnName>deepthought</sourceConnName>
<sourceObjSchema>BCHSHIST</sourceObjSchema>
<sourceObjName>BCHPUBERRDST</sourceObjName>
<createdBy>calittle</createdBy>
<createdTime>2019-04-17 17:26:32 UTC</createdTime>
<ownerDesignName>ODEE_1262_Design</ownerDesignName>
<nullsAllowed>true</nullsAllowed>
<useDomainConstraints>false</useDomainConstraints>
<use>1</use>
<logicalDatatype>LOGDT019</logicalDatatype>
<dataTypePrecision>38</dataTypePrecision>
<autoIncrementCycle>false</autoIncrementCycle>
</Column>
<Column name="BCHPUBPROCDST" id="A72BE826-6525-108E-C31B-AAE3C677F9D3">
<sourceConnName>deepthought</sourceConnName>
<sourceObjSchema>BCHSHIST</sourceObjSchema>
<sourceObjName>BCHPUBPROCDST</sourceObjName>
<createdBy>calittle</createdBy>
<createdTime>2019-04-17 17:26:32 UTC</createdTime>
<ownerDesignName>ODEE_1262_Design</ownerDesignName>
<nullsAllowed>true</nullsAllowed>
<useDomainConstraints>false</useDomainConstraints>
<use>1</use>
<logicalDatatype>LOGDT019</logicalDatatype>
<dataTypePrecision>38</dataTypePrecision>
<autoIncrementCycle>false</autoIncrementCycle>
</Column>
<Column name="BCHENABLENTF" id="479DD6CD-3A7D-E78D-29EE-BAC604FB16D5">
<sourceConnName>deepthought</sourceConnName>
<sourceObjSchema>BCHSHIST</sourceObjSchema>
<sourceObjName>BCHENABLENTF</sourceObjName>
<createdBy>calittle</createdBy>
<createdTime>2019-04-17 17:26:32 UTC</createdTime>
<ownerDesignName>ODEE_1262_Design</ownerDesignName>
<nullsAllowed>true</nullsAllowed>
<useDomainConstraints>false</useDomainConstraints>
<use>1</use>
<logicalDatatype>LOGDT019</logicalDatatype>
<dataTypePrecision>5</dataTypePrecision>
<autoIncrementCycle>false</autoIncrementCycle>
</Column>
<Column name="BCHNTFRULE" id="658F09F4-DCE5-753A-FAFE-E24754CDDD1C">
<sourceConnName>deepthought</sourceConnName>
<sourceObjSchema>BCHSHIST</sourceObjSchema>
<sourceObjName>BCHNTFRULE</sourceObjName>
<createdBy>calittle</createdBy>
<createdTime>2019-04-17 17:26:32 UTC</createdTime>
<ownerDesignName>ODEE_1262_Design</ownerDesignName>
<nullsAllowed>true</nullsAllowed>
<useDomainConstraints>false</useDomainConstraints>
<use>1</use>
<logicalDatatype>LOGDT037</logicalDatatype>
<dataTypeSize>2000</dataTypeSize>
<autoIncrementCycle>false</autoIncrementCycle>
</Column>
<Column name="BCHLANGRULE" id="804D0A7C-1399-1419-3E03-B1B6EE16F780">
<sourceConnName>deepthought</sourceConnName>
<sourceObjSchema>BCHSHIST</sourceObjSchema>
<sourceObjName>BCHLANGRULE</sourceObjName>
<createdBy>calittle</createdBy>
<createdTime>2019-04-17 17:26:32 UTC</createdTime>
<ownerDesignName>ODEE_1262_Design</ownerDesignName>
<nullsAllowed>true</nullsAllowed>
<useDomainConstraints>false</useDomainConstraints>
<use>1</use>
<logicalDatatype>LOGDT037</logicalDatatype>
<dataTypeSize>256</dataTypeSize>
<autoIncrementCycle>false</autoIncrementCycle>
</Column>
<Column name="BCHNTFMSGTYPRULE" id="E1B76C85-A1CC-DE8C-3A33-13DFC4AF1211">
<sourceConnName>deepthought</sourceConnName>
<sourceObjSchema>BCHSHIST</sourceObjSchema>
<sourceObjName>BCHNTFMSGTYPRULE</sourceObjName>
<createdBy>calittle</createdBy>
<createdTime>2019-04-17 17:26:32 UTC</createdTime>
<ownerDesignName>ODEE_1262_Design</ownerDesignName>
<nullsAllowed>true</nullsAllowed>
<useDomainConstraints>false</useDomainConstraints>
<use>1</use>
<logicalDatatype>LOGDT037</logicalDatatype>
<dataTypeSize>256</dataTypeSize>
<autoIncrementCycle>false</autoIncrementCycle>
</Column>
<Column name="BCHPUBTOTALNTF" id="1D9FA241-C96F-19C0-0136-9450ACC7D8BF">
<sourceConnName>deepthought</sourceConnName>
<sourceObjSchema>BCHSHIST</sourceObjSchema>
<sourceObjName>BCHPUBTOTALNTF</sourceObjName>
<createdBy>calittle</createdBy>
<createdTime>2019-04-17 17:26:32 UTC</createdTime>
<ownerDesignName>ODEE_1262_Design</ownerDesignName>
<nullsAllowed>true</nullsAllowed>
<useDomainConstraints>false</useDomainConstraints>
<use>1</use>
<logicalDatatype>LOGDT019</logicalDatatype>
<dataTypePrecision>38</dataTypePrecision>
<autoIncrementCycle>false</autoIncrementCycle>
</Column>
<Column name="BCHPUBERRNTF" id="ABFD8F0F-A802-DFB4-F251-511C36E874EF">
<sourceConnName>deepthought</sourceConnName>
<sourceObjSchema>BCHSHIST</sourceObjSchema>
<sourceObjName>BCHPUBERRNTF</sourceObjName>
<createdBy>calittle</createdBy>
<createdTime>2019-04-17 17:26:32 UTC</createdTime>
<ownerDesignName>ODEE_1262_Design</ownerDesignName>
<nullsAllowed>true</nullsAllowed>
<useDomainConstraints>false</useDomainConstraints>
<use>1</use>
<logicalDatatype>LOGDT019</logicalDatatype>
<dataTypePrecision>38</dataTypePrecision>
<autoIncrementCycle>false</autoIncrementCycle>
</Column>
<Column name="BCHPUBPROCNTF" id="AB2F47EC-8F83-4A05-0E87-A2EDB9A09C94">
<sourceConnName>deepthought</sourceConnName>
<sourceObjSchema>BCHSHIST</sourceObjSchema>
<sourceObjName>BCHPUBPROCNTF</sourceObjName>
<createdBy>calittle</createdBy>
<createdTime>2019-04-17 17:26:32 UTC</createdTime>
<ownerDesignName>ODEE_1262_Design</ownerDesignName>
<nullsAllowed>true</nullsAllowed>
<useDomainConstraints>false</useDomainConstraints>
<use>1</use>
<logicalDatatype>LOGDT019</logicalDatatype>
<dataTypePrecision>38</dataTypePrecision>
<autoIncrementCycle>false</autoIncrementCycle>
</Column>
<Column name="BCHERR_ID" id="6B81AAF8-A297-2213-0315-14FD43EACCE3">
<sourceConnName>deepthought</sourceConnName>
<sourceObjSchema>BCHSHIST</sourceObjSchema>
<sourceObjName>BCHERR_ID</sourceObjName>
<createdBy>calittle</createdBy>
<createdTime>2019-04-17 17:26:32 UTC</createdTime>
<ownerDesignName>ODEE_1262_Design</ownerDesignName>
<nullsAllowed>true</nullsAllowed>
<useDomainConstraints>false</useDomainConstraints>
<use>1</use>
<logicalDatatype>LOGDT019</logicalDatatype>
<dataTypePrecision>38</dataTypePrecision>
<autoIncrementCycle>false</autoIncrementCycle>
</Column>
<Column name="CALLBACK" id="0245D016-1FD6-DF27-94F6-CFC9821432B8">
<sourceConnName>deepthought</sourceConnName>
<sourceObjSchema>BCHSHIST</sourceObjSchema>
<sourceObjName>CALLBACK</sourceObjName>
<createdBy>calittle</createdBy>
<createdTime>2019-04-17 17:26:32 UTC</createdTime>
<ownerDesignName>ODEE_1262_Design</ownerDesignName>
<nullsAllowed>true</nullsAllowed>
<useDomainConstraints>false</useDomainConstraints>
<use>1</use>
<logicalDatatype>LOGDT037</logicalDatatype>
<dataTypeSize>256</dataTypeSize>
<autoIncrementCycle>false</autoIncrementCycle>
</Column>
<Column name="BATCHBANNERBEGINSCRIPT" id="5091FD12-66F6-D070-37CB-2521434BC107">
<sourceConnName>deepthought</sourceConnName>
<sourceObjSchema>BCHSHIST</sourceObjSchema>
<sourceObjName>BATCHBANNERBEGINSCRIPT</sourceObjName>
<createdBy>calittle</createdBy>
<createdTime>2019-04-17 17:26:32 UTC</createdTime>
<ownerDesignName>ODEE_1262_Design</ownerDesignName>
<nullsAllowed>true</nullsAllowed>
<useDomainConstraints>false</useDomainConstraints>
<use>1</use>
<logicalDatatype>LOGDT037</logicalDatatype>
<dataTypeSize>256</dataTypeSize>
<autoIncrementCycle>false</autoIncrementCycle>
</Column>
<Column name="BATCHBANNERENDSCRIPT" id="7F7AEF5A-8F50-32D2-5F79-0D75329835F1">
<sourceConnName>deepthought</sourceConnName>
<sourceObjSchema>BCHSHIST</sourceObjSchema>
<sourceObjName>BATCHBANNERENDSCRIPT</sourceObjName>
<createdBy>calittle</createdBy>
<createdTime>2019-04-17 17:26:32 UTC</createdTime>
<ownerDesignName>ODEE_1262_Design</ownerDesignName>
<nullsAllowed>true</nullsAllowed>
<useDomainConstraints>false</useDomainConstraints>
<use>1</use>
<logicalDatatype>LOGDT037</logicalDatatype>
<dataTypeSize>256</dataTypeSize>
<autoIncrementCycle>false</autoIncrementCycle>
</Column>
<Column name="BATCHBANNERBEGINFORM" id="8E370441-A953-8537-D9C2-DB17BB2D7296">
<sourceConnName>deepthought</sourceConnName>
<sourceObjSchema>BCHSHIST</sourceObjSchema>
<sourceObjName>BATCHBANNERBEGINFORM</sourceObjName>
<createdBy>calittle</createdBy>
<createdTime>2019-04-17 17:26:32 UTC</createdTime>
<ownerDesignName>ODEE_1262_Design</ownerDesignName>
<nullsAllowed>true</nullsAllowed>
<useDomainConstraints>false</useDomainConstraints>
<use>1</use>
<logicalDatatype>LOGDT037</logicalDatatype>
<dataTypeSize>256</dataTypeSize>
<autoIncrementCycle>false</autoIncrementCycle>
</Column>
<Column name="BATCHBANNERENDFORM" id="47DA0009-ACC7-1350-CDAE-095344739D62">
<sourceConnName>deepthought</sourceConnName>
<sourceObjSchema>BCHSHIST</sourceObjSchema>
<sourceObjName>BATCHBANNERENDFORM</sourceObjName>
<createdBy>calittle</createdBy>
<createdTime>2019-04-17 17:26:32 UTC</createdTime>
<ownerDesignName>ODEE_1262_Design</ownerDesignName>
<nullsAllowed>true</nullsAllowed>
<useDomainConstraints>false</useDomainConstraints>
<use>1</use>
<logicalDatatype>LOGDT037</logicalDatatype>
<dataTypeSize>256</dataTypeSize>
<autoIncrementCycle>false</autoIncrementCycle>
</Column>
<Column name="TRANSBANNERBEGINSCRIPT" id="9041C2FB-EC88-DB69-FD7F-AAC050E679A2">
<sourceConnName>deepthought</sourceConnName>
<sourceObjSchema>BCHSHIST</sourceObjSchema>
<sourceObjName>TRANSBANNERBEGINSCRIPT</sourceObjName>
<createdBy>calittle</createdBy>
<createdTime>2019-04-17 17:26:32 UTC</createdTime>
<ownerDesignName>ODEE_1262_Design</ownerDesignName>
<nullsAllowed>true</nullsAllowed>
<useDomainConstraints>false</useDomainConstraints>
<use>1</use>
<logicalDatatype>LOGDT037</logicalDatatype>
<dataTypeSize>256</dataTypeSize>
<autoIncrementCycle>false</autoIncrementCycle>
</Column>
<Column name="TRANSBANNERENDSCRIPT" id="8DA480E9-4DA3-6C64-E1F4-B3AA53C185D2">
<sourceConnName>deepthought</sourceConnName>
<sourceObjSchema>BCHSHIST</sourceObjSchema>
<sourceObjName>TRANSBANNERENDSCRIPT</sourceObjName>
<createdBy>calittle</createdBy>
<createdTime>2019-04-17 17:26:32 UTC</createdTime>
<ownerDesignName>ODEE_1262_Design</ownerDesignName>
<nullsAllowed>true</nullsAllowed>
<useDomainConstraints>false</useDomainConstraints>
<use>1</use>
<logicalDatatype>LOGDT037</logicalDatatype>
<dataTypeSize>256</dataTypeSize>
<autoIncrementCycle>false</autoIncrementCycle>
</Column>
<Column name="TRANSBANNERBEGINFORM" id="BFC4F36E-8F44-3720-D3FE-83855E4400F7">
<sourceConnName>deepthought</sourceConnName>
<sourceObjSchema>BCHSHIST</sourceObjSchema>
<sourceObjName>TRANSBANNERBEGINFORM</sourceObjName>
<createdBy>calittle</createdBy>
<createdTime>2019-04-17 17:26:32 UTC</createdTime>
<ownerDesignName>ODEE_1262_Design</ownerDesignName>
<nullsAllowed>true</nullsAllowed>
<useDomainConstraints>false</useDomainConstraints>
<use>1</use>
<logicalDatatype>LOGDT037</logicalDatatype>
<dataTypeSize>256</dataTypeSize>
<autoIncrementCycle>false</autoIncrementCycle>
</Column>
<Column name="TRANSBANNERENDFORM" id="F8734E99-FF2F-D7F1-C99C-B8EAA74B8207">
<sourceConnName>deepthought</sourceConnName>
<sourceObjSchema>BCHSHIST</sourceObjSchema>
<sourceObjName>TRANSBANNERENDFORM</sourceObjName>
<createdBy>calittle</createdBy>
<createdTime>2019-04-17 17:26:32 UTC</createdTime>
<ownerDesignName>ODEE_1262_Design</ownerDesignName>
<nullsAllowed>true</nullsAllowed>
<useDomainConstraints>false</useDomainConstraints>
<use>1</use>
<logicalDatatype>LOGDT037</logicalDatatype>
<dataTypeSize>256</dataTypeSize>
<autoIncrementCycle>false</autoIncrementCycle>
</Column>
<Column name="BCHAPPDATE001" id="CC23DD1B-E860-C344-BD10-E4C811EAD872">
<sourceConnName>deepthought</sourceConnName>
<sourceObjSchema>BCHSHIST</sourceObjSchema>
<sourceObjName>BCHAPPDATE001</sourceObjName>
<createdBy>calittle</createdBy>
<createdTime>2019-04-17 17:26:32 UTC</createdTime>
<ownerDesignName>ODEE_1262_Design</ownerDesignName>
<nullsAllowed>true</nullsAllowed>
<useDomainConstraints>false</useDomainConstraints>
<use>1</use>
<logicalDatatype>LOGDT015</logicalDatatype>
<dataTypePrecision>6</dataTypePrecision>
<autoIncrementCycle>false</autoIncrementCycle>
</Column>
<Column name="BCHAPPDATE002" id="CAF0DD98-BCF3-DA7C-5DBE-60CA920B66BE">
<sourceConnName>deepthought</sourceConnName>
<sourceObjSchema>BCHSHIST</sourceObjSchema>
<sourceObjName>BCHAPPDATE002</sourceObjName>
<createdBy>calittle</createdBy>
<createdTime>2019-04-17 17:26:32 UTC</createdTime>
<ownerDesignName>ODEE_1262_Design</ownerDesignName>
<nullsAllowed>true</nullsAllowed>
<useDomainConstraints>false</useDomainConstraints>
<use>1</use>
<logicalDatatype>LOGDT015</logicalDatatype>
<dataTypePrecision>6</dataTypePrecision>
<autoIncrementCycle>false</autoIncrementCycle>
</Column>
<Column name="BCHAPPDATE003" id="F139F7F9-F799-8D42-8120-87EC96CD7471">
<sourceConnName>deepthought</sourceConnName>
<sourceObjSchema>BCHSHIST</sourceObjSchema>
<sourceObjName>BCHAPPDATE003</sourceObjName>
<createdBy>calittle</createdBy>
<createdTime>2019-04-17 17:26:32 UTC</createdTime>
<ownerDesignName>ODEE_1262_Design</ownerDesignName>
<nullsAllowed>true</nullsAllowed>
<useDomainConstraints>false</useDomainConstraints>
<use>1</use>
<logicalDatatype>LOGDT015</logicalDatatype>
<dataTypePrecision>6</dataTypePrecision>
<autoIncrementCycle>false</autoIncrementCycle>
</Column>
<Column name="BCHAPPDATE004" id="E76FCF07-AB16-689B-D423-73476F87605F">
<sourceConnName>deepthought</sourceConnName>
<sourceObjSchema>BCHSHIST</sourceObjSchema>
<sourceObjName>BCHAPPDATE004</sourceObjName>
<createdBy>calittle</createdBy>
<createdTime>2019-04-17 17:26:32 UTC</createdTime>
<ownerDesignName>ODEE_1262_Design</ownerDesignName>
<nullsAllowed>true</nullsAllowed>
<useDomainConstraints>false</useDomainConstraints>
<use>1</use>
<logicalDatatype>LOGDT015</logicalDatatype>
<dataTypePrecision>6</dataTypePrecision>
<autoIncrementCycle>false</autoIncrementCycle>
</Column>
<Column name="BCHAPPDATE005" id="DF547E40-2B57-70B0-5ADA-323218FB1EC4">
<sourceConnName>deepthought</sourceConnName>
<sourceObjSchema>BCHSHIST</sourceObjSchema>
<sourceObjName>BCHAPPDATE005</sourceObjName>
<createdBy>calittle</createdBy>
<createdTime>2019-04-17 17:26:32 UTC</createdTime>
<ownerDesignName>ODEE_1262_Design</ownerDesignName>
<nullsAllowed>true</nullsAllowed>
<useDomainConstraints>false</useDomainConstraints>
<use>1</use>
<logicalDatatype>LOGDT015</logicalDatatype>
<dataTypePrecision>6</dataTypePrecision>
<autoIncrementCycle>false</autoIncrementCycle>
</Column>
<Column name="BCHAPPDEC001" id="D17711DF-0BBC-C5A9-557C-22BD586D04EA">
<sourceConnName>deepthought</sourceConnName>
<sourceObjSchema>BCHSHIST</sourceObjSchema>
<sourceObjName>BCHAPPDEC001</sourceObjName>
<createdBy>calittle</createdBy>
<createdTime>2019-04-17 17:26:32 UTC</createdTime>
<ownerDesignName>ODEE_1262_Design</ownerDesignName>
<nullsAllowed>true</nullsAllowed>
<useDomainConstraints>false</useDomainConstraints>
<use>1</use>
<logicalDatatype>LOGDT019</logicalDatatype>
<dataTypePrecision>19</dataTypePrecision>
<dataTypeScale>4</dataTypeScale>
<autoIncrementCycle>false</autoIncrementCycle>
</Column>
<Column name="BCHAPPDEC002" id="67E52824-5BDF-EE21-4DD4-10527ACAE28B">
<sourceConnName>deepthought</sourceConnName>
<sourceObjSchema>BCHSHIST</sourceObjSchema>
<sourceObjName>BCHAPPDEC002</sourceObjName>
<createdBy>calittle</createdBy>
<createdTime>2019-04-17 17:26:32 UTC</createdTime>
<ownerDesignName>ODEE_1262_Design</ownerDesignName>
<nullsAllowed>true</nullsAllowed>
<useDomainConstraints>false</useDomainConstraints>
<use>1</use>
<logicalDatatype>LOGDT019</logicalDatatype>
<dataTypePrecision>19</dataTypePrecision>
<dataTypeScale>4</dataTypeScale>
<autoIncrementCycle>false</autoIncrementCycle>
</Column>
<Column name="BCHAPPDEC003" id="826F9733-27BB-4DD5-8B2C-4E9876D25C18">
<sourceConnName>deepthought</sourceConnName>
<sourceObjSchema>BCHSHIST</sourceObjSchema>
<sourceObjName>BCHAPPDEC003</sourceObjName>
<createdBy>calittle</createdBy>
<createdTime>2019-04-17 17:26:32 UTC</createdTime>
<ownerDesignName>ODEE_1262_Design</ownerDesignName>
<nullsAllowed>true</nullsAllowed>
<useDomainConstraints>false</useDomainConstraints>
<use>1</use>
<logicalDatatype>LOGDT019</logicalDatatype>
<dataTypePrecision>19</dataTypePrecision>
<dataTypeScale>4</dataTypeScale>
<autoIncrementCycle>false</autoIncrementCycle>
</Column>
<Column name="BCHAPPDEC004" id="16145C9D-4BF1-1DBB-9687-F15974D5F97E">
<sourceConnName>deepthought</sourceConnName>
<sourceObjSchema>BCHSHIST</sourceObjSchema>
<sourceObjName>BCHAPPDEC004</sourceObjName>
<createdBy>calittle</createdBy>
<createdTime>2019-04-17 17:26:32 UTC</createdTime>
<ownerDesignName>ODEE_1262_Design</ownerDesignName>
<nullsAllowed>true</nullsAllowed>
<useDomainConstraints>false</useDomainConstraints>
<use>1</use>
<logicalDatatype>LOGDT019</logicalDatatype>
<dataTypePrecision>19</dataTypePrecision>
<dataTypeScale>4</dataTypeScale>
<autoIncrementCycle>false</autoIncrementCycle>
</Column>
<Column name="BCHAPPDEC005" id="B660DE2A-1778-DC30-1A54-42974AB23CF4">
<sourceConnName>deepthought</sourceConnName>
<sourceObjSchema>BCHSHIST</sourceObjSchema>
<sourceObjName>BCHAPPDEC005</sourceObjName>
<createdBy>calittle</createdBy>
<createdTime>2019-04-17 17:26:32 UTC</createdTime>
<ownerDesignName>ODEE_1262_Design</ownerDesignName>
<nullsAllowed>true</nullsAllowed>
<useDomainConstraints>false</useDomainConstraints>
<use>1</use>
<logicalDatatype>LOGDT019</logicalDatatype>
<dataTypePrecision>19</dataTypePrecision>
<dataTypeScale>4</dataTypeScale>
<autoIncrementCycle>false</autoIncrementCycle>
</Column>
<Column name="BCHAPPINT001" id="87FA400D-5D40-9849-C4EA-0C9B0F14D97A">
<sourceConnName>deepthought</sourceConnName>
<sourceObjSchema>BCHSHIST</sourceObjSchema>
<sourceObjName>BCHAPPINT001</sourceObjName>
<createdBy>calittle</createdBy>
<createdTime>2019-04-17 17:26:32 UTC</createdTime>
<ownerDesignName>ODEE_1262_Design</ownerDesignName>
<nullsAllowed>true</nullsAllowed>
<useDomainConstraints>false</useDomainConstraints>
<use>1</use>
<logicalDatatype>LOGDT019</logicalDatatype>
<dataTypePrecision>20</dataTypePrecision>
<autoIncrementCycle>false</autoIncrementCycle>
</Column>
<Column name="BCHAPPINT002" id="94524506-74DF-F372-0819-099FA09B6D26">
<sourceConnName>deepthought</sourceConnName>
<sourceObjSchema>BCHSHIST</sourceObjSchema>
<sourceObjName>BCHAPPINT002</sourceObjName>
<createdBy>calittle</createdBy>
<createdTime>2019-04-17 17:26:32 UTC</createdTime>
<ownerDesignName>ODEE_1262_Design</ownerDesignName>
<nullsAllowed>true</nullsAllowed>
<useDomainConstraints>false</useDomainConstraints>
<use>1</use>
<logicalDatatype>LOGDT019</logicalDatatype>
<dataTypePrecision>20</dataTypePrecision>
<autoIncrementCycle>false</autoIncrementCycle>
</Column>
<Column name="BCHAPPINT003" id="03DC7D5D-F8CF-3F2E-5FE2-B00B42836BA1">
<sourceConnName>deepthought</sourceConnName>
<sourceObjSchema>BCHSHIST</sourceObjSchema>
<sourceObjName>BCHAPPINT003</sourceObjName>
<createdBy>calittle</createdBy>
<createdTime>2019-04-17 17:26:32 UTC</createdTime>
<ownerDesignName>ODEE_1262_Design</ownerDesignName>
<nullsAllowed>true</nullsAllowed>
<useDomainConstraints>false</useDomainConstraints>
<use>1</use>
<logicalDatatype>LOGDT019</logicalDatatype>
<dataTypePrecision>20</dataTypePrecision>
<autoIncrementCycle>false</autoIncrementCycle>
</Column>
<Column name="BCHAPPINT004" id="B9FEC32E-D1D1-7600-B5F7-7A89EBF5E87C">
<sourceConnName>deepthought</sourceConnName>
<sourceObjSchema>BCHSHIST</sourceObjSchema>
<sourceObjName>BCHAPPINT004</sourceObjName>
<createdBy>calittle</createdBy>
<createdTime>2019-04-17 17:26:32 UTC</createdTime>
<ownerDesignName>ODEE_1262_Design</ownerDesignName>
<nullsAllowed>true</nullsAllowed>
<useDomainConstraints>false</useDomainConstraints>
<use>1</use>
<logicalDatatype>LOGDT019</logicalDatatype>
<dataTypePrecision>20</dataTypePrecision>
<autoIncrementCycle>false</autoIncrementCycle>
</Column>
<Column name="BCHAPPINT005" id="CE10D4C2-7703-4C39-DF5F-DB4FA7957F7A">
<sourceConnName>deepthought</sourceConnName>
<sourceObjSchema>BCHSHIST</sourceObjSchema>
<sourceObjName>BCHAPPINT005</sourceObjName>
<createdBy>calittle</createdBy>
<createdTime>2019-04-17 17:26:32 UTC</createdTime>
<ownerDesignName>ODEE_1262_Design</ownerDesignName>
<nullsAllowed>true</nullsAllowed>
<useDomainConstraints>false</useDomainConstraints>
<use>1</use>
<logicalDatatype>LOGDT019</logicalDatatype>
<dataTypePrecision>20</dataTypePrecision>
<autoIncrementCycle>false</autoIncrementCycle>
</Column>
<Column name="BCHAPPSTR001" id="9AE557AA-120F-B677-376E-1B138F3B77CF">
<sourceConnName>deepthought</sourceConnName>
<sourceObjSchema>BCHSHIST</sourceObjSchema>
<sourceObjName>BCHAPPSTR001</sourceObjName>
<createdBy>calittle</createdBy>
<createdTime>2019-04-17 17:26:32 UTC</createdTime>
<ownerDesignName>ODEE_1262_Design</ownerDesignName>
<nullsAllowed>true</nullsAllowed>
<useDomainConstraints>false</useDomainConstraints>
<use>1</use>
<logicalDatatype>LOGDT037</logicalDatatype>
<dataTypeSize>256</dataTypeSize>
<autoIncrementCycle>false</autoIncrementCycle>
</Column>
<Column name="BCHAPPSTR002" id="400E1F4C-A05A-472E-5255-09D47EBFF3BD">
<sourceConnName>deepthought</sourceConnName>
<sourceObjSchema>BCHSHIST</sourceObjSchema>
<sourceObjName>BCHAPPSTR002</sourceObjName>
<createdBy>calittle</createdBy>
<createdTime>2019-04-17 17:26:32 UTC</createdTime>
<ownerDesignName>ODEE_1262_Design</ownerDesignName>
<nullsAllowed>true</nullsAllowed>
<useDomainConstraints>false</useDomainConstraints>
<use>1</use>
<logicalDatatype>LOGDT037</logicalDatatype>
<dataTypeSize>256</dataTypeSize>
<autoIncrementCycle>false</autoIncrementCycle>
</Column>
<Column name="BCHAPPSTR003" id="508A9847-5EC3-9CA4-D184-660DB208D0E8">
<sourceConnName>deepthought</sourceConnName>
<sourceObjSchema>BCHSHIST</sourceObjSchema>
<sourceObjName>BCHAPPSTR003</sourceObjName>
<createdBy>calittle</createdBy>
<createdTime>2019-04-17 17:26:32 UTC</createdTime>
<ownerDesignName>ODEE_1262_Design</ownerDesignName>
<nullsAllowed>true</nullsAllowed>
<useDomainConstraints>false</useDomainConstraints>
<use>1</use>
<logicalDatatype>LOGDT037</logicalDatatype>
<dataTypeSize>256</dataTypeSize>
<autoIncrementCycle>false</autoIncrementCycle>
</Column>
<Column name="BCHAPPSTR004" id="AD78CAA7-ABAD-38B9-8852-2DEE84EA43ED">
<sourceConnName>deepthought</sourceConnName>
<sourceObjSchema>BCHSHIST</sourceObjSchema>
<sourceObjName>BCHAPPSTR004</sourceObjName>
<createdBy>calittle</createdBy>
<createdTime>2019-04-17 17:26:32 UTC</createdTime>
<ownerDesignName>ODEE_1262_Design</ownerDesignName>
<nullsAllowed>true</nullsAllowed>
<useDomainConstraints>false</useDomainConstraints>
<use>1</use>
<logicalDatatype>LOGDT037</logicalDatatype>
<dataTypeSize>256</dataTypeSize>
<autoIncrementCycle>false</autoIncrementCycle>
</Column>
<Column name="BCHAPPSTR005" id="866C2A9F-2AE3-00AB-F3AA-80A960854C24">
<sourceConnName>deepthought</sourceConnName>
<sourceObjSchema>BCHSHIST</sourceObjSchema>
<sourceObjName>BCHAPPSTR005</sourceObjName>
<createdBy>calittle</createdBy>
<createdTime>2019-04-17 17:26:32 UTC</createdTime>
<ownerDesignName>ODEE_1262_Design</ownerDesignName>
<nullsAllowed>true</nullsAllowed>
<useDomainConstraints>false</useDomainConstraints>
<use>1</use>
<logicalDatatype>LOGDT037</logicalDatatype>
<dataTypeSize>256</dataTypeSize>
<autoIncrementCycle>false</autoIncrementCycle>
</Column>
<Column name="BCHAPPSTR006" id="A592D0B0-7D32-D29E-A5D4-B0B9DD407F1E">
<sourceConnName>deepthought</sourceConnName>
<sourceObjSchema>BCHSHIST</sourceObjSchema>
<sourceObjName>BCHAPPSTR006</sourceObjName>
<createdBy>calittle</createdBy>
<createdTime>2019-04-17 17:26:32 UTC</createdTime>
<ownerDesignName>ODEE_1262_Design</ownerDesignName>
<nullsAllowed>true</nullsAllowed>
<useDomainConstraints>false</useDomainConstraints>
<use>1</use>
<logicalDatatype>LOGDT037</logicalDatatype>
<dataTypeSize>256</dataTypeSize>
<autoIncrementCycle>false</autoIncrementCycle>
</Column>
<Column name="BCHAPPSTR007" id="A3FD4836-DED1-12F4-588E-C0D7C004092D">
<sourceConnName>deepthought</sourceConnName>
<sourceObjSchema>BCHSHIST</sourceObjSchema>
<sourceObjName>BCHAPPSTR007</sourceObjName>
<createdBy>calittle</createdBy>
<createdTime>2019-04-17 17:26:32 UTC</createdTime>
<ownerDesignName>ODEE_1262_Design</ownerDesignName>
<nullsAllowed>true</nullsAllowed>
<useDomainConstraints>false</useDomainConstraints>
<use>1</use>
<logicalDatatype>LOGDT037</logicalDatatype>
<dataTypeSize>256</dataTypeSize>
<autoIncrementCycle>false</autoIncrementCycle>
</Column>
<Column name="BCHAPPSTR008" id="2926F29A-E2E1-FEEA-B87C-66F1D027A610">
<sourceConnName>deepthought</sourceConnName>
<sourceObjSchema>BCHSHIST</sourceObjSchema>
<sourceObjName>BCHAPPSTR008</sourceObjName>
<createdBy>calittle</createdBy>
<createdTime>2019-04-17 17:26:32 UTC</createdTime>
<ownerDesignName>ODEE_1262_Design</ownerDesignName>
<nullsAllowed>true</nullsAllowed>
<useDomainConstraints>false</useDomainConstraints>
<use>1</use>
<logicalDatatype>LOGDT037</logicalDatatype>
<dataTypeSize>256</dataTypeSize>
<autoIncrementCycle>false</autoIncrementCycle>
</Column>
<Column name="BCHAPPSTR009" id="11B4E94C-9142-2197-9774-661891458818">
<sourceConnName>deepthought</sourceConnName>
<sourceObjSchema>BCHSHIST</sourceObjSchema>
<sourceObjName>BCHAPPSTR009</sourceObjName>
<createdBy>calittle</createdBy>
<createdTime>2019-04-17 17:26:32 UTC</createdTime>
<ownerDesignName>ODEE_1262_Design</ownerDesignName>
<nullsAllowed>true</nullsAllowed>
<useDomainConstraints>false</useDomainConstraints>
<use>1</use>
<logicalDatatype>LOGDT037</logicalDatatype>
<dataTypeSize>256</dataTypeSize>
<autoIncrementCycle>false</autoIncrementCycle>
</Column>
<Column name="BCHAPPSTR010" id="F52F7E91-4387-652E-4F62-BCBA6219DD06">
<sourceConnName>deepthought</sourceConnName>
<sourceObjSchema>BCHSHIST</sourceObjSchema>
<sourceObjName>BCHAPPSTR010</sourceObjName>
<createdBy>calittle</createdBy>
<createdTime>2019-04-17 17:26:32 UTC</createdTime>
<ownerDesignName>ODEE_1262_Design</ownerDesignName>
<nullsAllowed>true</nullsAllowed>
<useDomainConstraints>false</useDomainConstraints>
<use>1</use>
<logicalDatatype>LOGDT037</logicalDatatype>
<dataTypeSize>256</dataTypeSize>
<autoIncrementCycle>false</autoIncrementCycle>
</Column>
<Column name="BCHCUSDATE001" id="328047A3-AD96-7328-1339-663230B25857">
<sourceConnName>deepthought</sourceConnName>
<sourceObjSchema>BCHSHIST</sourceObjSchema>
<sourceObjName>BCHCUSDATE001</sourceObjName>
<createdBy>calittle</createdBy>
<createdTime>2019-04-17 17:26:32 UTC</createdTime>
<ownerDesignName>ODEE_1262_Design</ownerDesignName>
<nullsAllowed>true</nullsAllowed>
<useDomainConstraints>false</useDomainConstraints>
<use>1</use>
<logicalDatatype>LOGDT015</logicalDatatype>
<dataTypePrecision>6</dataTypePrecision>
<autoIncrementCycle>false</autoIncrementCycle>
</Column>
<Column name="BCHCUSDATE002" id="AFDCEC24-D71C-8743-5400-9F346CAA3454">
<sourceConnName>deepthought</sourceConnName>
<sourceObjSchema>BCHSHIST</sourceObjSchema>
<sourceObjName>BCHCUSDATE002</sourceObjName>
<createdBy>calittle</createdBy>
<createdTime>2019-04-17 17:26:32 UTC</createdTime>
<ownerDesignName>ODEE_1262_Design</ownerDesignName>
<nullsAllowed>true</nullsAllowed>
<useDomainConstraints>false</useDomainConstraints>
<use>1</use>
<logicalDatatype>LOGDT015</logicalDatatype>
<dataTypePrecision>6</dataTypePrecision>
<autoIncrementCycle>false</autoIncrementCycle>
</Column>
<Column name="BCHCUSDATE003" id="17DF487D-0E67-0B95-B26A-CE747F1FF757">
<sourceConnName>deepthought</sourceConnName>
<sourceObjSchema>BCHSHIST</sourceObjSchema>
<sourceObjName>BCHCUSDATE003</sourceObjName>
<createdBy>calittle</createdBy>
<createdTime>2019-04-17 17:26:32 UTC</createdTime>
<ownerDesignName>ODEE_1262_Design</ownerDesignName>
<nullsAllowed>true</nullsAllowed>
<useDomainConstraints>false</useDomainConstraints>
<use>1</use>
<logicalDatatype>LOGDT015</logicalDatatype>
<dataTypePrecision>6</dataTypePrecision>
<autoIncrementCycle>false</autoIncrementCycle>
</Column>
<Column name="BCHCUSDATE004" id="82BE057B-4EAB-9081-E4B2-031EFE6D1E14">
<sourceConnName>deepthought</sourceConnName>
<sourceObjSchema>BCHSHIST</sourceObjSchema>
<sourceObjName>BCHCUSDATE004</sourceObjName>
<createdBy>calittle</createdBy>
<createdTime>2019-04-17 17:26:32 UTC</createdTime>
<ownerDesignName>ODEE_1262_Design</ownerDesignName>
<nullsAllowed>true</nullsAllowed>
<useDomainConstraints>false</useDomainConstraints>
<use>1</use>
<logicalDatatype>LOGDT015</logicalDatatype>
<dataTypePrecision>6</dataTypePrecision>
<autoIncrementCycle>false</autoIncrementCycle>
</Column>
<Column name="BCHCUSDATE005" id="C603E947-312A-A91C-E5FC-84A371817B63">
<sourceConnName>deepthought</sourceConnName>
<sourceObjSchema>BCHSHIST</sourceObjSchema>
<sourceObjName>BCHCUSDATE005</sourceObjName>
<createdBy>calittle</createdBy>
<createdTime>2019-04-17 17:26:32 UTC</createdTime>
<ownerDesignName>ODEE_1262_Design</ownerDesignName>
<nullsAllowed>true</nullsAllowed>
<useDomainConstraints>false</useDomainConstraints>
<use>1</use>
<logicalDatatype>LOGDT015</logicalDatatype>
<dataTypePrecision>6</dataTypePrecision>
<autoIncrementCycle>false</autoIncrementCycle>
</Column>
<Column name="BCHCUSDEC001" id="BFB12970-1F1A-7C2C-9690-AFF61827AB59">
<sourceConnName>deepthought</sourceConnName>
<sourceObjSchema>BCHSHIST</sourceObjSchema>
<sourceObjName>BCHCUSDEC001</sourceObjName>
<createdBy>calittle</createdBy>
<createdTime>2019-04-17 17:26:32 UTC</createdTime>
<ownerDesignName>ODEE_1262_Design</ownerDesignName>
<nullsAllowed>true</nullsAllowed>
<useDomainConstraints>false</useDomainConstraints>
<use>1</use>
<logicalDatatype>LOGDT019</logicalDatatype>
<dataTypePrecision>19</dataTypePrecision>
<dataTypeScale>4</dataTypeScale>
<autoIncrementCycle>false</autoIncrementCycle>
</Column>
<Column name="BCHCUSDEC002" id="B833E1E3-D1F0-4969-776A-1C0EF2C1867F">
<sourceConnName>deepthought</sourceConnName>
<sourceObjSchema>BCHSHIST</sourceObjSchema>
<sourceObjName>BCHCUSDEC002</sourceObjName>
<createdBy>calittle</createdBy>
<createdTime>2019-04-17 17:26:32 UTC</createdTime>
<ownerDesignName>ODEE_1262_Design</ownerDesignName>
<nullsAllowed>true</nullsAllowed>
<useDomainConstraints>false</useDomainConstraints>
<use>1</use>
<logicalDatatype>LOGDT019</logicalDatatype>
<dataTypePrecision>19</dataTypePrecision>
<dataTypeScale>4</dataTypeScale>
<autoIncrementCycle>false</autoIncrementCycle>
</Column>
<Column name="BCHCUSDEC003" id="46F8467B-5CF6-B601-2AE9-0628481FA200">
<sourceConnName>deepthought</sourceConnName>
<sourceObjSchema>BCHSHIST</sourceObjSchema>
<sourceObjName>BCHCUSDEC003</sourceObjName>
<createdBy>calittle</createdBy>
<createdTime>2019-04-17 17:26:32 UTC</createdTime>
<ownerDesignName>ODEE_1262_Design</ownerDesignName>
<nullsAllowed>true</nullsAllowed>
<useDomainConstraints>false</useDomainConstraints>
<use>1</use>
<logicalDatatype>LOGDT019</logicalDatatype>
<dataTypePrecision>19</dataTypePrecision>
<dataTypeScale>4</dataTypeScale>
<autoIncrementCycle>false</autoIncrementCycle>
</Column>
<Column name="BCHCUSDEC004" id="D128533A-505B-12C8-E726-3CF218F3EECA">
<sourceConnName>deepthought</sourceConnName>
<sourceObjSchema>BCHSHIST</sourceObjSchema>
<sourceObjName>BCHCUSDEC004</sourceObjName>
<createdBy>calittle</createdBy>
<createdTime>2019-04-17 17:26:32 UTC</createdTime>
<ownerDesignName>ODEE_1262_Design</ownerDesignName>
<nullsAllowed>true</nullsAllowed>
<useDomainConstraints>false</useDomainConstraints>
<use>1</use>
<logicalDatatype>LOGDT019</logicalDatatype>
<dataTypePrecision>19</dataTypePrecision>
<dataTypeScale>4</dataTypeScale>
<autoIncrementCycle>false</autoIncrementCycle>
</Column>
<Column name="BCHCUSDEC005" id="F779B620-DAB6-B736-6C16-83F0B91D217C">
<sourceConnName>deepthought</sourceConnName>
<sourceObjSchema>BCHSHIST</sourceObjSchema>
<sourceObjName>BCHCUSDEC005</sourceObjName>
<createdBy>calittle</createdBy>
<createdTime>2019-04-17 17:26:32 UTC</createdTime>
<ownerDesignName>ODEE_1262_Design</ownerDesignName>
<nullsAllowed>true</nullsAllowed>
<useDomainConstraints>false</useDomainConstraints>
<use>1</use>
<logicalDatatype>LOGDT019</logicalDatatype>
<dataTypePrecision>19</dataTypePrecision>
<dataTypeScale>4</dataTypeScale>
<autoIncrementCycle>false</autoIncrementCycle>
</Column>
<Column name="BCHCUSINT001" id="4664596E-44A0-12AB-3D71-1B35C968FEBD">
<sourceConnName>deepthought</sourceConnName>
<sourceObjSchema>BCHSHIST</sourceObjSchema>
<sourceObjName>BCHCUSINT001</sourceObjName>
<createdBy>calittle</createdBy>
<createdTime>2019-04-17 17:26:32 UTC</createdTime>
<ownerDesignName>ODEE_1262_Design</ownerDesignName>
<nullsAllowed>true</nullsAllowed>
<useDomainConstraints>false</useDomainConstraints>
<use>1</use>
<logicalDatatype>LOGDT019</logicalDatatype>
<dataTypePrecision>20</dataTypePrecision>
<autoIncrementCycle>false</autoIncrementCycle>
</Column>
<Column name="BCHCUSINT002" id="1490F977-F069-826A-A3BB-DFCCF4AC25B4">
<sourceConnName>deepthought</sourceConnName>
<sourceObjSchema>BCHSHIST</sourceObjSchema>
<sourceObjName>BCHCUSINT002</sourceObjName>
<createdBy>calittle</createdBy>
<createdTime>2019-04-17 17:26:32 UTC</createdTime>
<ownerDesignName>ODEE_1262_Design</ownerDesignName>
<nullsAllowed>true</nullsAllowed>
<useDomainConstraints>false</useDomainConstraints>
<use>1</use>
<logicalDatatype>LOGDT019</logicalDatatype>
<dataTypePrecision>20</dataTypePrecision>
<autoIncrementCycle>false</autoIncrementCycle>
</Column>
<Column name="BCHCUSINT003" id="0824C946-24E7-CA99-3287-559B3DAF0B89">
<sourceConnName>deepthought</sourceConnName>
<sourceObjSchema>BCHSHIST</sourceObjSchema>
<sourceObjName>BCHCUSINT003</sourceObjName>
<createdBy>calittle</createdBy>
<createdTime>2019-04-17 17:26:32 UTC</createdTime>
<ownerDesignName>ODEE_1262_Design</ownerDesignName>
<nullsAllowed>true</nullsAllowed>
<useDomainConstraints>false</useDomainConstraints>
<use>1</use>
<logicalDatatype>LOGDT019</logicalDatatype>
<dataTypePrecision>20</dataTypePrecision>
<autoIncrementCycle>false</autoIncrementCycle>
</Column>
<Column name="BCHCUSINT004" id="5293A8FA-CBF9-B828-8076-CDCC306AE561">
<sourceConnName>deepthought</sourceConnName>
<sourceObjSchema>BCHSHIST</sourceObjSchema>
<sourceObjName>BCHCUSINT004</sourceObjName>
<createdBy>calittle</createdBy>
<createdTime>2019-04-17 17:26:32 UTC</createdTime>
<ownerDesignName>ODEE_1262_Design</ownerDesignName>
<nullsAllowed>true</nullsAllowed>
<useDomainConstraints>false</useDomainConstraints>
<use>1</use>
<logicalDatatype>LOGDT019</logicalDatatype>
<dataTypePrecision>20</dataTypePrecision>
<autoIncrementCycle>false</autoIncrementCycle>
</Column>
<Column name="BCHCUSINT005" id="85D4D38A-31A1-310D-91E6-51C1A6E1A970">
<sourceConnName>deepthought</sourceConnName>
<sourceObjSchema>BCHSHIST</sourceObjSchema>
<sourceObjName>BCHCUSINT005</sourceObjName>
<createdBy>calittle</createdBy>
<createdTime>2019-04-17 17:26:32 UTC</createdTime>
<ownerDesignName>ODEE_1262_Design</ownerDesignName>
<nullsAllowed>true</nullsAllowed>
<useDomainConstraints>false</useDomainConstraints>
<use>1</use>
<logicalDatatype>LOGDT019</logicalDatatype>
<dataTypePrecision>20</dataTypePrecision>
<autoIncrementCycle>false</autoIncrementCycle>
</Column>
<Column name="BCHCUSSTR001" id="87DC32AB-60F0-3D13-058A-50648B9660CA">
<sourceConnName>deepthought</sourceConnName>
<sourceObjSchema>BCHSHIST</sourceObjSchema>
<sourceObjName>BCHCUSSTR001</sourceObjName>
<createdBy>calittle</createdBy>
<createdTime>2019-04-17 17:26:32 UTC</createdTime>
<ownerDesignName>ODEE_1262_Design</ownerDesignName>
<nullsAllowed>true</nullsAllowed>
<useDomainConstraints>false</useDomainConstraints>
<use>1</use>
<logicalDatatype>LOGDT037</logicalDatatype>
<dataTypeSize>256</dataTypeSize>
<autoIncrementCycle>false</autoIncrementCycle>
</Column>
<Column name="BCHCUSSTR002" id="601F9E3A-4A31-F264-AC5E-20F5AFB524CE">
<sourceConnName>deepthought</sourceConnName>
<sourceObjSchema>BCHSHIST</sourceObjSchema>
<sourceObjName>BCHCUSSTR002</sourceObjName>
<createdBy>calittle</createdBy>
<createdTime>2019-04-17 17:26:32 UTC</createdTime>
<ownerDesignName>ODEE_1262_Design</ownerDesignName>
<nullsAllowed>true</nullsAllowed>
<useDomainConstraints>false</useDomainConstraints>
<use>1</use>
<logicalDatatype>LOGDT037</logicalDatatype>
<dataTypeSize>256</dataTypeSize>
<autoIncrementCycle>false</autoIncrementCycle>
</Column>
<Column name="BCHCUSSTR003" id="640AFF35-A4AF-FB0A-B51D-2DF7A81B8BD2">
<sourceConnName>deepthought</sourceConnName>
<sourceObjSchema>BCHSHIST</sourceObjSchema>
<sourceObjName>BCHCUSSTR003</sourceObjName>
<createdBy>calittle</createdBy>
<createdTime>2019-04-17 17:26:32 UTC</createdTime>
<ownerDesignName>ODEE_1262_Design</ownerDesignName>
<nullsAllowed>true</nullsAllowed>
<useDomainConstraints>false</useDomainConstraints>
<use>1</use>
<logicalDatatype>LOGDT037</logicalDatatype>
<dataTypeSize>256</dataTypeSize>
<autoIncrementCycle>false</autoIncrementCycle>
</Column>
<Column name="BCHCUSSTR004" id="698B7099-0C14-EA16-3173-05DF4D4B06F8">
<sourceConnName>deepthought</sourceConnName>
<sourceObjSchema>BCHSHIST</sourceObjSchema>
<sourceObjName>BCHCUSSTR004</sourceObjName>
<createdBy>calittle</createdBy>
<createdTime>2019-04-17 17:26:32 UTC</createdTime>
<ownerDesignName>ODEE_1262_Design</ownerDesignName>
<nullsAllowed>true</nullsAllowed>
<useDomainConstraints>false</useDomainConstraints>
<use>1</use>
<logicalDatatype>LOGDT037</logicalDatatype>
<dataTypeSize>256</dataTypeSize>
<autoIncrementCycle>false</autoIncrementCycle>
</Column>
<Column name="BCHCUSSTR005" id="7D2B8C54-DD9A-A3A2-D38A-6B846C7D256C">
<sourceConnName>deepthought</sourceConnName>
<sourceObjSchema>BCHSHIST</sourceObjSchema>
<sourceObjName>BCHCUSSTR005</sourceObjName>
<createdBy>calittle</createdBy>
<createdTime>2019-04-17 17:26:32 UTC</createdTime>
<ownerDesignName>ODEE_1262_Design</ownerDesignName>
<nullsAllowed>true</nullsAllowed>
<useDomainConstraints>false</useDomainConstraints>
<use>1</use>
<logicalDatatype>LOGDT037</logicalDatatype>
<dataTypeSize>256</dataTypeSize>
<autoIncrementCycle>false</autoIncrementCycle>
</Column>
<Column name="BCHCUSSTR006" id="4D2726BC-A69F-E8C2-9A71-C9C3BE9CAC05">
<sourceConnName>deepthought</sourceConnName>
<sourceObjSchema>BCHSHIST</sourceObjSchema>
<sourceObjName>BCHCUSSTR006</sourceObjName>
<createdBy>calittle</createdBy>
<createdTime>2019-04-17 17:26:32 UTC</createdTime>
<ownerDesignName>ODEE_1262_Design</ownerDesignName>
<nullsAllowed>true</nullsAllowed>
<useDomainConstraints>false</useDomainConstraints>
<use>1</use>
<logicalDatatype>LOGDT037</logicalDatatype>
<dataTypeSize>256</dataTypeSize>
<autoIncrementCycle>false</autoIncrementCycle>
</Column>
<Column name="BCHCUSSTR007" id="EB1741CE-0064-48AA-422F-1D645CD4463D">
<sourceConnName>deepthought</sourceConnName>
<sourceObjSchema>BCHSHIST</sourceObjSchema>
<sourceObjName>BCHCUSSTR007</sourceObjName>
<createdBy>calittle</createdBy>
<createdTime>2019-04-17 17:26:32 UTC</createdTime>
<ownerDesignName>ODEE_1262_Design</ownerDesignName>
<nullsAllowed>true</nullsAllowed>
<useDomainConstraints>false</useDomainConstraints>
<use>1</use>
<logicalDatatype>LOGDT037</logicalDatatype>
<dataTypeSize>256</dataTypeSize>
<autoIncrementCycle>false</autoIncrementCycle>
</Column>
<Column name="BCHCUSSTR008" id="B6745F92-9724-6F2B-5400-4B06236A5E05">
<sourceConnName>deepthought</sourceConnName>
<sourceObjSchema>BCHSHIST</sourceObjSchema>
<sourceObjName>BCHCUSSTR008</sourceObjName>
<createdBy>calittle</createdBy>
<createdTime>2019-04-17 17:26:32 UTC</createdTime>
<ownerDesignName>ODEE_1262_Design</ownerDesignName>
<nullsAllowed>true</nullsAllowed>
<useDomainConstraints>false</useDomainConstraints>
<use>1</use>
<logicalDatatype>LOGDT037</logicalDatatype>
<dataTypeSize>256</dataTypeSize>
<autoIncrementCycle>false</autoIncrementCycle>
</Column>
<Column name="BCHCUSSTR009" id="56362DE3-7705-C2F9-C3FF-7ED56C75C3EB">
<sourceConnName>deepthought</sourceConnName>
<sourceObjSchema>BCHSHIST</sourceObjSchema>
<sourceObjName>BCHCUSSTR009</sourceObjName>
<createdBy>calittle</createdBy>
<createdTime>2019-04-17 17:26:32 UTC</createdTime>
<ownerDesignName>ODEE_1262_Design</ownerDesignName>
<nullsAllowed>true</nullsAllowed>
<useDomainConstraints>false</useDomainConstraints>
<use>1</use>
<logicalDatatype>LOGDT037</logicalDatatype>
<dataTypeSize>256</dataTypeSize>
<autoIncrementCycle>false</autoIncrementCycle>
</Column>
<Column name="BCHCUSSTR010" id="A4FD1F0C-9188-35C0-0559-E5C3B73F0E04">
<sourceConnName>deepthought</sourceConnName>
<sourceObjSchema>BCHSHIST</sourceObjSchema>
<sourceObjName>BCHCUSSTR010</sourceObjName>
<createdBy>calittle</createdBy>
<createdTime>2019-04-17 17:26:32 UTC</createdTime>
<ownerDesignName>ODEE_1262_Design</ownerDesignName>
<nullsAllowed>true</nullsAllowed>
<useDomainConstraints>false</useDomainConstraints>
<use>1</use>
<logicalDatatype>LOGDT037</logicalDatatype>
<dataTypeSize>256</dataTypeSize>
<autoIncrementCycle>false</autoIncrementCycle>
</Column>
<Column name="BCHRETENTION" id="0085BDA5-FA49-0578-E887-E27F6AE319BB">
<sourceConnName>deepthought</sourceConnName>
<sourceObjSchema>BCHSHIST</sourceObjSchema>
<sourceObjName>BCHRETENTION</sourceObjName>
<createdBy>calittle</createdBy>
<createdTime>2019-04-17 17:26:32 UTC</createdTime>
<ownerDesignName>ODEE_1262_Design</ownerDesignName>
<nullsAllowed>true</nullsAllowed>
<useDomainConstraints>false</useDomainConstraints>
<use>1</use>
<logicalDatatype>LOGDT015</logicalDatatype>
<dataTypePrecision>6</dataTypePrecision>
<autoIncrementCycle>false</autoIncrementCycle>
</Column>
<Column name="BCHRETHOLD" id="D4105BAD-FC93-07CF-C1C0-4D2E47F8D140">
<sourceConnName>deepthought</sourceConnName>
<sourceObjSchema>BCHSHIST</sourceObjSchema>
<sourceObjName>BCHRETHOLD</sourceObjName>
<createdBy>calittle</createdBy>
<createdTime>2019-04-17 17:26:32 UTC</createdTime>
<ownerDesignName>ODEE_1262_Design</ownerDesignName>
<nullsAllowed>true</nullsAllowed>
<useDomainConstraints>false</useDomainConstraints>
<use>1</use>
<logicalDatatype>LOGDT019</logicalDatatype>
<dataTypePrecision>5</dataTypePrecision>
<defaultValue>0</defaultValue>
<autoIncrementCycle>false</autoIncrementCycle>
</Column>
<Column name="BCHHISTORY" id="0930AE96-5C35-BC78-4885-BF4B1BEF6933">
<sourceConnName>deepthought</sourceConnName>
<sourceObjSchema>BCHSHIST</sourceObjSchema>
<sourceObjName>BCHHISTORY</sourceObjName>
<createdBy>calittle</createdBy>
<createdTime>2019-04-17 17:26:32 UTC</createdTime>
<ownerDesignName>ODEE_1262_Design</ownerDesignName>
<nullsAllowed>true</nullsAllowed>
<useDomainConstraints>false</useDomainConstraints>
<use>1</use>
<logicalDatatype>LOGDT019</logicalDatatype>
<dataTypePrecision>5</dataTypePrecision>
<autoIncrementCycle>false</autoIncrementCycle>
</Column>
<Column name="BCHHISTORICAL" id="EAD1B9AD-5D5D-9194-A2B3-E362E19A12D7">
<sourceConnName>deepthought</sourceConnName>
<sourceObjSchema>BCHSHIST</sourceObjSchema>
<sourceObjName>BCHHISTORICAL</sourceObjName>
<createdBy>calittle</createdBy>
<createdTime>2019-04-17 17:26:32 UTC</createdTime>
<ownerDesignName>ODEE_1262_Design</ownerDesignName>
<nullsAllowed>true</nullsAllowed>
<useDomainConstraints>false</useDomainConstraints>
<use>1</use>
<logicalDatatype>LOGDT019</logicalDatatype>
<dataTypePrecision>5</dataTypePrecision>
<defaultValue>1</defaultValue>
<autoIncrementCycle>false</autoIncrementCycle>
</Column>
</columns>
<indexes itemClass="oracle.dbtools.crest.model.design.relational.Index">
<ind_PK_UK id="DB096B56-3CA6-4576-5FB5-33A37F1016A4" name="BCHSHIST_PK">
<sourceConnName>deepthought</sourceConnName>
<sourceObjSchema>DMKR_ASLINE</sourceObjSchema>
<sourceObjName>BCHSHIST_PK</sourceObjName>
<createdBy>calittle</createdBy>
<createdTime>2019-04-17 17:26:50 UTC</createdTime>
<ownerDesignName>ODEE_1262_Design</ownerDesignName>
<pk>true</pk>
<indexState>Primary Constraint</indexState>
<isSurrogateKey>false</isSurrogateKey>
<indexColumnUsage>
<colUsage columnID="7F999DD4-E8B5-252B-810E-1D9989BCEDC7"/>
</indexColumnUsage>
</ind_PK_UK>
<ind_PK_UK id="9913E901-C186-9B38-2A5E-FCFDA24A99BD" name="BCHSHIST_UNIQUE_ID">
<sourceConnName>deepthought</sourceConnName>
<sourceObjSchema>DMKR_ASLINE</sourceObjSchema>
<sourceObjName>BCHSHIST_UNIQUE_ID</sourceObjName>
<createdBy>calittle</createdBy>
<createdTime>2019-04-17 17:26:50 UTC</createdTime>
<ownerDesignName>ODEE_1262_Design</ownerDesignName>
<indexState>Unique Constraint</indexState>
<isSurrogateKey>false</isSurrogateKey>
<indexColumnUsage>
<colUsage columnID="49048F07-9C11-068D-0C56-E0CC045B9463"/>
</indexColumnUsage>
</ind_PK_UK>
<ind_PK_UK id="734725F2-11FF-BEB5-C8CD-2EBEBD75724D" name="BCHSHIST_TYPE">
<sourceConnName>deepthought</sourceConnName>
<sourceObjSchema>DMKR_ASLINE</sourceObjSchema>
<sourceObjName>BCHSHIST_TYPE</sourceObjName>
<createdBy>calittle</createdBy>
<createdTime>2019-04-17 17:26:48 UTC</createdTime>
<ownerDesignName>ODEE_1262_Design</ownerDesignName>
<schemaObject>8FC895A7-E0A2-11C9-AE90-BEF4CA704C97</schemaObject>
<isSurrogateKey>false</isSurrogateKey>
<indexColumnUsage>
<colUsage columnID="A9B247DA-98EF-3915-DD70-26BA44A8E40B"/>
</indexColumnUsage>
</ind_PK_UK>
<ind_PK_UK id="0B94FD5F-D0A5-C3DC-25C4-B392CE182B49" name="BCHSHIST_STATUS">
<sourceConnName>deepthought</sourceConnName>
<sourceObjSchema>DMKR_ASLINE</sourceObjSchema>
<sourceObjName>BCHSHIST_STATUS</sourceObjName>
<createdBy>calittle</createdBy>
<createdTime>2019-04-17 17:26:48 UTC</createdTime>
<ownerDesignName>ODEE_1262_Design</ownerDesignName>
<schemaObject>8FC895A7-E0A2-11C9-AE90-BEF4CA704C97</schemaObject>
<isSurrogateKey>false</isSurrogateKey>
<indexColumnUsage>
<colUsage columnID="86AC1C41-8CB4-976C-F5E5-37A8536E5071"/>
</indexColumnUsage>
</ind_PK_UK>
<ind_PK_UK id="B1C9E418-3A97-EE20-2217-24B45E0D792E" name="BCHSHIST_NAME">
<sourceConnName>deepthought</sourceConnName>
<sourceObjSchema>DMKR_ASLINE</sourceObjSchema>
<sourceObjName>BCHSHIST_NAME</sourceObjName>
<createdBy>calittle</createdBy>
<createdTime>2019-04-17 17:26:48 UTC</createdTime>
<ownerDesignName>ODEE_1262_Design</ownerDesignName>
<schemaObject>8FC895A7-E0A2-11C9-AE90-BEF4CA704C97</schemaObject>
<isSurrogateKey>false</isSurrogateKey>
<indexColumnUsage>
<colUsage columnID="043CAB76-FA1B-D668-87E3-A1A1D6925469"/>
</indexColumnUsage>
</ind_PK_UK>
<ind_PK_UK id="BF8AEC70-F61F-370F-A7AB-0E94CC07168F" name="BCHSHIST_STATSTARTING">
<sourceConnName>deepthought</sourceConnName>
<sourceObjSchema>DMKR_ASLINE</sourceObjSchema>
<sourceObjName>BCHSHIST_STATSTARTING</sourceObjName>
<createdBy>calittle</createdBy>
<createdTime>2019-04-17 17:26:48 UTC</createdTime>
<ownerDesignName>ODEE_1262_Design</ownerDesignName>
<schemaObject>8FC895A7-E0A2-11C9-AE90-BEF4CA704C97</schemaObject>
<isSurrogateKey>false</isSurrogateKey>
<indexColumnUsage>
<colUsage columnID="86AC1C41-8CB4-976C-F5E5-37A8536E5071"/>
<colUsage columnID="CE8DD987-1BB7-6914-F544-2CFA0F63E17A"/>
</indexColumnUsage>
</ind_PK_UK>
<ind_PK_UK id="4A756A37-910E-5458-3DF4-5D3A30ADE797" name="BCHSHIST_PK">
<sourceConnName>deepthought</sourceConnName>
<sourceObjSchema>DMKR_ASLINE</sourceObjSchema>
<sourceObjName>BCHSHIST_PK</sourceObjName>
<createdBy>calittle</createdBy>
<createdTime>2019-04-17 17:26:48 UTC</createdTime>
<ownerDesignName>ODEE_1262_Design</ownerDesignName>
<indexState>Unique Plain Index</indexState>
<schemaObject>8FC895A7-E0A2-11C9-AE90-BEF4CA704C97</schemaObject>
<isSurrogateKey>false</isSurrogateKey>
<indexColumnUsage>
<colUsage columnID="7F999DD4-E8B5-252B-810E-1D9989BCEDC7"/>
</indexColumnUsage>
</ind_PK_UK>
<ind_PK_UK id="9A12653B-487F-7837-5E40-98B5B3D5E492" name="BCHSHIST_UNIQUE_ID">
<sourceConnName>deepthought</sourceConnName>
<sourceObjSchema>DMKR_ASLINE</sourceObjSchema>
<sourceObjName>BCHSHIST_UNIQUE_ID</sourceObjName>
<createdBy>calittle</createdBy>
<createdTime>2019-04-17 17:26:48 UTC</createdTime>
<ownerDesignName>ODEE_1262_Design</ownerDesignName>
<indexState>Unique Plain Index</indexState>
<schemaObject>8FC895A7-E0A2-11C9-AE90-BEF4CA704C97</schemaObject>
<isSurrogateKey>false</isSurrogateKey>
<indexColumnUsage>
<colUsage columnID="49048F07-9C11-068D-0C56-E0CC045B9463"/>
</indexColumnUsage>
</ind_PK_UK>
</indexes>
</Table>