<?xml version = '1.0' encoding = 'UTF-8'?>
<Table class="oracle.dbtools.crest.model.design.relational.Table" directorySegmentName="seg_0" id="B7C1C50A-B635-98EC-F920-D20319D7AEFB" name="DMKR_ABILITYSETS">
<sourceConnName>deepthought</sourceConnName>
<sourceObjSchema>DMKR_ADMIN</sourceObjSchema>
<sourceObjName>DMKR_ABILITYSETS</sourceObjName>
<createdBy>calittle</createdBy>
<createdTime>2019-04-17 17:25:01 UTC</createdTime>
<ownerDesignName>ODEE_1262_Design</ownerDesignName>
<schemaObject>0323F05B-A91A-E5F5-C386-B3516E1DFCEB</schemaObject>
<allowColumnReorder>false</allowColumnReorder>
<existDependencyGenerateInDDl>true</existDependencyGenerateInDDl>
<columns itemClass="oracle.dbtools.crest.model.design.relational.Column">
<Column name="ID" id="4173A707-DA78-1AC5-519C-8D73F58DA712">
<sourceConnName>deepthought</sourceConnName>
<sourceObjSchema>DMKR_ABILITYSETS</sourceObjSchema>
<sourceObjName>ID</sourceObjName>
<createdBy>calittle</createdBy>
<createdTime>2019-04-17 17:26:22 UTC</createdTime>
<ownerDesignName>ODEE_1262_Design</ownerDesignName>
<useDomainConstraints>false</useDomainConstraints>
<use>1</use>
<logicalDatatype>LOGDT019</logicalDatatype>
<dataTypePrecision>38</dataTypePrecision>
<autoIncrementCycle>false</autoIncrementCycle>
</Column>
<Column name="APP_ID" id="ED3C87BA-B506-4198-C9DE-7BF2C95E10F7">
<sourceConnName>deepthought</sourceConnName>
<sourceObjSchema>DMKR_ABILITYSETS</sourceObjSchema>
<sourceObjName>APP_ID</sourceObjName>
<createdBy>calittle</createdBy>
<createdTime>2019-04-17 17:26:22 UTC</createdTime>
<ownerDesignName>ODEE_1262_Design</ownerDesignName>
<useDomainConstraints>false</useDomainConstraints>
<use>1</use>
<logicalDatatype>LOGDT019</logicalDatatype>
<dataTypePrecision>38</dataTypePrecision>
<autoIncrementCycle>false</autoIncrementCycle>
</Column>
<Column name="NAME" id="EDB0FB62-2E5F-0446-B1EA-21CC8603C882">
<sourceConnName>deepthought</sourceConnName>
<sourceObjSchema>DMKR_ABILITYSETS</sourceObjSchema>
<sourceObjName>NAME</sourceObjName>
<createdBy>calittle</createdBy>
<createdTime>2019-04-17 17:26:22 UTC</createdTime>
<ownerDesignName>ODEE_1262_Design</ownerDesignName>
<useDomainConstraints>false</useDomainConstraints>
<use>1</use>
<logicalDatatype>LOGDT037</logicalDatatype>
<dataTypeSize>500</dataTypeSize>
<autoIncrementCycle>false</autoIncrementCycle>
</Column>
<Column name="DESCRIPTION" id="74B04761-5A6A-002A-AA34-31762523080F">
<sourceConnName>deepthought</sourceConnName>
<sourceObjSchema>DMKR_ABILITYSETS</sourceObjSchema>
<sourceObjName>DESCRIPTION</sourceObjName>
<createdBy>calittle</createdBy>
<createdTime>2019-04-17 17:26:22 UTC</createdTime>
<ownerDesignName>ODEE_1262_Design</ownerDesignName>
<useDomainConstraints>false</useDomainConstraints>
<use>1</use>
<logicalDatatype>LOGDT037</logicalDatatype>
<dataTypeSize>2000</dataTypeSize>
<autoIncrementCycle>false</autoIncrementCycle>
</Column>
<Column name="EDITABLE" id="69B3F624-5A71-694E-A5AE-FBAE86C57E2B">
<sourceConnName>deepthought</sourceConnName>
<sourceObjSchema>DMKR_ABILITYSETS</sourceObjSchema>
<sourceObjName>EDITABLE</sourceObjName>
<createdBy>calittle</createdBy>
<createdTime>2019-04-17 17:26:22 UTC</createdTime>
<ownerDesignName>ODEE_1262_Design</ownerDesignName>
<nullsAllowed>true</nullsAllowed>
<useDomainConstraints>false</useDomainConstraints>
<use>1</use>
<logicalDatatype>LOGDT019</logicalDatatype>
<dataTypePrecision>5</dataTypePrecision>
<defaultValue>1</defaultValue>
<autoIncrementCycle>false</autoIncrementCycle>
</Column>
</columns>
<indexes itemClass="oracle.dbtools.crest.model.design.relational.Index">
<ind_PK_UK id="C0879477-3A58-337C-6770-9036D3E58A48" name="DMKR_ABILITYSETS_PK">
<sourceConnName>deepthought</sourceConnName>
<sourceObjSchema>DMKR_ADMIN</sourceObjSchema>
<sourceObjName>DMKR_ABILITYSETS_PK</sourceObjName>
<createdBy>calittle</createdBy>
<createdTime>2019-04-17 17:26:49 UTC</createdTime>
<ownerDesignName>ODEE_1262_Design</ownerDesignName>
<pk>true</pk>
<indexState>Primary Constraint</indexState>
<isSurrogateKey>false</isSurrogateKey>
<indexColumnUsage>
<colUsage columnID="4173A707-DA78-1AC5-519C-8D73F58DA712"/>
<colUsage columnID="ED3C87BA-B506-4198-C9DE-7BF2C95E10F7"/>
</indexColumnUsage>
</ind_PK_UK>
<ind_PK_UK id="FAD1BE50-6528-B317-FC24-AC0FB64F1037" name="DMKR_ABILITYSETS_PK">
<sourceConnName>deepthought</sourceConnName>
<sourceObjSchema>DMKR_ADMIN</sourceObjSchema>
<sourceObjName>DMKR_ABILITYSETS_PK</sourceObjName>
<createdBy>calittle</createdBy>
<createdTime>2019-04-17 17:26:48 UTC</createdTime>
<ownerDesignName>ODEE_1262_Design</ownerDesignName>
<indexState>Unique Plain Index</indexState>
<schemaObject>0323F05B-A91A-E5F5-C386-B3516E1DFCEB</schemaObject>
<isSurrogateKey>false</isSurrogateKey>
<indexColumnUsage>
<colUsage columnID="4173A707-DA78-1AC5-519C-8D73F58DA712"/>
<colUsage columnID="ED3C87BA-B506-4198-C9DE-7BF2C95E10F7"/>
</indexColumnUsage>
</ind_PK_UK>
</indexes>
</Table>