<?xml version = '1.0' encoding = 'UTF-8'?>
<Table class="oracle.dbtools.crest.model.design.relational.Table" directorySegmentName="seg_0" id="B9A9110B-9B89-B49F-EC9B-1F2F12A12C5E" name="TRANAPPROVALSTATES">
<sourceConnName>deepthought</sourceConnName>
<sourceObjSchema>DMKR_ASLINE</sourceObjSchema>
<sourceObjName>TRANAPPROVALSTATES</sourceObjName>
<createdBy>calittle</createdBy>
<createdTime>2019-04-17 17:26:13 UTC</createdTime>
<ownerDesignName>ODEE_1262_Design</ownerDesignName>
<schemaObject>8FC895A7-E0A2-11C9-AE90-BEF4CA704C97</schemaObject>
<allowColumnReorder>false</allowColumnReorder>
<existDependencyGenerateInDDl>true</existDependencyGenerateInDDl>
<columns itemClass="oracle.dbtools.crest.model.design.relational.Column">
<Column name="APPROVALSTATE" id="57824F22-4B37-6AAC-296E-154DA36354E8">
<sourceConnName>deepthought</sourceConnName>
<sourceObjSchema>TRANAPPROVALSTATES</sourceObjSchema>
<sourceObjName>APPROVALSTATE</sourceObjName>
<createdBy>calittle</createdBy>
<createdTime>2019-04-17 17:26:45 UTC</createdTime>
<ownerDesignName>ODEE_1262_Design</ownerDesignName>
<useDomainConstraints>false</useDomainConstraints>
<use>1</use>
<logicalDatatype>LOGDT037</logicalDatatype>
<dataTypeSize>10</dataTypeSize>
<autoIncrementCycle>false</autoIncrementCycle>
</Column>
<Column name="NAME" id="FA4ECDF8-CD60-178E-DA30-BC1BFB9E4786">
<sourceConnName>deepthought</sourceConnName>
<sourceObjSchema>TRANAPPROVALSTATES</sourceObjSchema>
<sourceObjName>NAME</sourceObjName>
<createdBy>calittle</createdBy>
<createdTime>2019-04-17 17:26:45 UTC</createdTime>
<ownerDesignName>ODEE_1262_Design</ownerDesignName>
<useDomainConstraints>false</useDomainConstraints>
<use>1</use>
<logicalDatatype>LOGDT037</logicalDatatype>
<dataTypeSize>30</dataTypeSize>
<autoIncrementCycle>false</autoIncrementCycle>
</Column>
</columns>
<indexes itemClass="oracle.dbtools.crest.model.design.relational.Index">
<ind_PK_UK id="139B815E-FC4E-ED38-F408-48F900C82A1D" name="TRANAPPROVALSTATES_PK">
<sourceConnName>deepthought</sourceConnName>
<sourceObjSchema>DMKR_ASLINE</sourceObjSchema>
<sourceObjName>TRANAPPROVALSTATES_PK</sourceObjName>
<createdBy>calittle</createdBy>
<createdTime>2019-04-17 17:26:51 UTC</createdTime>
<ownerDesignName>ODEE_1262_Design</ownerDesignName>
<pk>true</pk>
<indexState>Primary Constraint</indexState>
<isSurrogateKey>false</isSurrogateKey>
<indexColumnUsage>
<colUsage columnID="57824F22-4B37-6AAC-296E-154DA36354E8"/>
</indexColumnUsage>
</ind_PK_UK>
<ind_PK_UK id="0A5A5175-C7E9-7F65-1B98-9AF4052094B9" name="TRANAPPROVALSTATES_PK">
<sourceConnName>deepthought</sourceConnName>
<sourceObjSchema>DMKR_ASLINE</sourceObjSchema>
<sourceObjName>TRANAPPROVALSTATES_PK</sourceObjName>
<createdBy>calittle</createdBy>
<createdTime>2019-04-17 17:26:49 UTC</createdTime>
<ownerDesignName>ODEE_1262_Design</ownerDesignName>
<indexState>Unique Plain Index</indexState>
<schemaObject>8FC895A7-E0A2-11C9-AE90-BEF4CA704C97</schemaObject>
<isSurrogateKey>false</isSurrogateKey>
<indexColumnUsage>
<colUsage columnID="57824F22-4B37-6AAC-296E-154DA36354E8"/>
</indexColumnUsage>
</ind_PK_UK>
</indexes>
</Table>