<?xml version = '1.0' encoding = 'UTF-8'?>
<Table class="oracle.dbtools.crest.model.design.relational.Table" directorySegmentName="seg_0" id="BA650273-A63E-DC6A-E95B-D870828B4316" name="DMKR_STAT_INFO">
<sourceConnName>deepthought</sourceConnName>
<sourceObjSchema>DMKR_ADMIN</sourceObjSchema>
<sourceObjName>DMKR_STAT_INFO</sourceObjName>
<createdBy>calittle</createdBy>
<createdTime>2019-04-17 17:25:14 UTC</createdTime>
<ownerDesignName>ODEE_1262_Design</ownerDesignName>
<schemaObject>0323F05B-A91A-E5F5-C386-B3516E1DFCEB</schemaObject>
<allowColumnReorder>false</allowColumnReorder>
<existDependencyGenerateInDDl>true</existDependencyGenerateInDDl>
<columns itemClass="oracle.dbtools.crest.model.design.relational.Column">
<Column name="STATNAME" id="C7C5EEBB-BC46-2F09-99EE-5F6DF9A0F0AF">
<sourceConnName>deepthought</sourceConnName>
<sourceObjSchema>DMKR_STAT_INFO</sourceObjSchema>
<sourceObjName>STATNAME</sourceObjName>
<createdBy>calittle</createdBy>
<createdTime>2019-04-17 17:26:27 UTC</createdTime>
<ownerDesignName>ODEE_1262_Design</ownerDesignName>
<useDomainConstraints>false</useDomainConstraints>
<use>1</use>
<logicalDatatype>LOGDT037</logicalDatatype>
<dataTypeSize>256</dataTypeSize>
<autoIncrementCycle>false</autoIncrementCycle>
</Column>
<Column name="STATTIME" id="BDF01E68-D6F2-3156-D95D-6DF8A54FD2D5">
<sourceConnName>deepthought</sourceConnName>
<sourceObjSchema>DMKR_STAT_INFO</sourceObjSchema>
<sourceObjName>STATTIME</sourceObjName>
<createdBy>calittle</createdBy>
<createdTime>2019-04-17 17:26:27 UTC</createdTime>
<ownerDesignName>ODEE_1262_Design</ownerDesignName>
<nullsAllowed>true</nullsAllowed>
<useDomainConstraints>false</useDomainConstraints>
<use>1</use>
<logicalDatatype>LOGDT015</logicalDatatype>
<dataTypePrecision>6</dataTypePrecision>
<autoIncrementCycle>false</autoIncrementCycle>
</Column>
<Column name="STATACTION" id="A8E027D7-7A34-7A05-8BCB-CD7C1F032DCC">
<sourceConnName>deepthought</sourceConnName>
<sourceObjSchema>DMKR_STAT_INFO</sourceObjSchema>
<sourceObjName>STATACTION</sourceObjName>
<createdBy>calittle</createdBy>
<createdTime>2019-04-17 17:26:27 UTC</createdTime>
<ownerDesignName>ODEE_1262_Design</ownerDesignName>
<nullsAllowed>true</nullsAllowed>
<useDomainConstraints>false</useDomainConstraints>
<use>1</use>
<logicalDatatype>LOGDT019</logicalDatatype>
<dataTypePrecision>10</dataTypePrecision>
<autoIncrementCycle>false</autoIncrementCycle>
</Column>
</columns>
<indexes itemClass="oracle.dbtools.crest.model.design.relational.Index">
<ind_PK_UK id="BD57139D-ED55-418B-7434-D561A1EFD94B" name="DMKRSTATINFO_PK">
<sourceConnName>deepthought</sourceConnName>
<sourceObjSchema>DMKR_ADMIN</sourceObjSchema>
<sourceObjName>DMKRSTATINFO_PK</sourceObjName>
<createdBy>calittle</createdBy>
<createdTime>2019-04-17 17:26:50 UTC</createdTime>
<ownerDesignName>ODEE_1262_Design</ownerDesignName>
<pk>true</pk>
<indexState>Primary Constraint</indexState>
<isSurrogateKey>false</isSurrogateKey>
<indexColumnUsage>
<colUsage columnID="C7C5EEBB-BC46-2F09-99EE-5F6DF9A0F0AF"/>
</indexColumnUsage>
</ind_PK_UK>
<ind_PK_UK id="30FF59AC-AEA8-6225-221F-90872D45A13A" name="DMKRSTATINFO_PK">
<sourceConnName>deepthought</sourceConnName>
<sourceObjSchema>DMKR_ADMIN</sourceObjSchema>
<sourceObjName>DMKRSTATINFO_PK</sourceObjName>
<createdBy>calittle</createdBy>
<createdTime>2019-04-17 17:26:48 UTC</createdTime>
<ownerDesignName>ODEE_1262_Design</ownerDesignName>
<indexState>Unique Plain Index</indexState>
<schemaObject>0323F05B-A91A-E5F5-C386-B3516E1DFCEB</schemaObject>
<isSurrogateKey>false</isSurrogateKey>
<indexColumnUsage>
<colUsage columnID="C7C5EEBB-BC46-2F09-99EE-5F6DF9A0F0AF"/>
</indexColumnUsage>
</ind_PK_UK>
</indexes>
</Table>