<?xml version = '1.0' encoding = 'UTF-8'?>
<Table class="oracle.dbtools.crest.model.design.relational.Table" directorySegmentName="seg_0" id="D2307F6B-3968-449A-604C-37FB73DD79D7" name="GENERATE_CONTENT">
<sourceConnName>deepthought</sourceConnName>
<sourceObjSchema>DMKR_ASLINE</sourceObjSchema>
<sourceObjName>GENERATE_CONTENT</sourceObjName>
<createdBy>calittle</createdBy>
<createdTime>2019-04-17 17:25:45 UTC</createdTime>
<ownerDesignName>ODEE_1262_Design</ownerDesignName>
<schemaObject>8FC895A7-E0A2-11C9-AE90-BEF4CA704C97</schemaObject>
<allowColumnReorder>false</allowColumnReorder>
<existDependencyGenerateInDDl>true</existDependencyGenerateInDDl>
<columns itemClass="oracle.dbtools.crest.model.design.relational.Column">
<Column name="GENERATEDUNIQUE_ID" id="9CFC5173-41BE-3419-67E7-F1632798C7EE">
<sourceConnName>deepthought</sourceConnName>
<sourceObjSchema>GENERATE_CONTENT</sourceObjSchema>
<sourceObjName>GENERATEDUNIQUE_ID</sourceObjName>
<createdBy>calittle</createdBy>
<createdTime>2019-04-17 17:26:36 UTC</createdTime>
<ownerDesignName>ODEE_1262_Design</ownerDesignName>
<useDomainConstraints>false</useDomainConstraints>
<use>1</use>
<logicalDatatype>LOGDT019</logicalDatatype>
<dataTypePrecision>38</dataTypePrecision>
<autoIncrementCycle>false</autoIncrementCycle>
</Column>
<Column name="FRIENDLYNAME" id="9C776674-9AB2-E564-850D-79A3EF399AF8">
<sourceConnName>deepthought</sourceConnName>
<sourceObjSchema>GENERATE_CONTENT</sourceObjSchema>
<sourceObjName>FRIENDLYNAME</sourceObjName>
<createdBy>calittle</createdBy>
<createdTime>2019-04-17 17:26:36 UTC</createdTime>
<ownerDesignName>ODEE_1262_Design</ownerDesignName>
<nullsAllowed>true</nullsAllowed>
<useDomainConstraints>false</useDomainConstraints>
<use>1</use>
<logicalDatatype>LOGDT037</logicalDatatype>
<dataTypeSize>256</dataTypeSize>
<autoIncrementCycle>false</autoIncrementCycle>
</Column>
<Column name="GENPRINCIPAL" id="E9B3A215-FEC6-2C3B-7E41-A98102005660">
<sourceConnName>deepthought</sourceConnName>
<sourceObjSchema>GENERATE_CONTENT</sourceObjSchema>
<sourceObjName>GENPRINCIPAL</sourceObjName>
<createdBy>calittle</createdBy>
<createdTime>2019-04-17 17:26:36 UTC</createdTime>
<ownerDesignName>ODEE_1262_Design</ownerDesignName>
<nullsAllowed>true</nullsAllowed>
<useDomainConstraints>false</useDomainConstraints>
<use>1</use>
<logicalDatatype>LOGDT037</logicalDatatype>
<dataTypeSize>256</dataTypeSize>
<autoIncrementCycle>false</autoIncrementCycle>
</Column>
<Column name="CREATION_TIMESTAMP" id="601660D3-44DC-5E63-7562-A6704EF2044E">
<sourceConnName>deepthought</sourceConnName>
<sourceObjSchema>GENERATE_CONTENT</sourceObjSchema>
<sourceObjName>CREATION_TIMESTAMP</sourceObjName>
<createdBy>calittle</createdBy>
<createdTime>2019-04-17 17:26:36 UTC</createdTime>
<ownerDesignName>ODEE_1262_Design</ownerDesignName>
<nullsAllowed>true</nullsAllowed>
<useDomainConstraints>false</useDomainConstraints>
<use>1</use>
<logicalDatatype>LOGDT015</logicalDatatype>
<dataTypePrecision>6</dataTypePrecision>
<autoIncrementCycle>false</autoIncrementCycle>
</Column>
<Column name="GENBLOB" id="96E46422-56D2-4930-760D-E0A04CD96A3F">
<sourceConnName>deepthought</sourceConnName>
<sourceObjSchema>GENERATE_CONTENT</sourceObjSchema>
<sourceObjName>GENBLOB</sourceObjName>
<createdBy>calittle</createdBy>
<createdTime>2019-04-17 17:26:36 UTC</createdTime>
<ownerDesignName>ODEE_1262_Design</ownerDesignName>
<nullsAllowed>true</nullsAllowed>
<useDomainConstraints>false</useDomainConstraints>
<use>1</use>
<logicalDatatype>LOGDT029</logicalDatatype>
<dataTypeSize>4000</dataTypeSize>
<autoIncrementCycle>false</autoIncrementCycle>
</Column>
<Column name="GENMIMETYPE" id="9690432A-49C3-6712-E466-A0F9C979DE0F">
<sourceConnName>deepthought</sourceConnName>
<sourceObjSchema>GENERATE_CONTENT</sourceObjSchema>
<sourceObjName>GENMIMETYPE</sourceObjName>
<createdBy>calittle</createdBy>
<createdTime>2019-04-17 17:26:36 UTC</createdTime>
<ownerDesignName>ODEE_1262_Design</ownerDesignName>
<nullsAllowed>true</nullsAllowed>
<useDomainConstraints>false</useDomainConstraints>
<use>1</use>
<logicalDatatype>LOGDT037</logicalDatatype>
<dataTypeSize>256</dataTypeSize>
<autoIncrementCycle>false</autoIncrementCycle>
</Column>
<Column name="ITEM_ACTIVE" id="AF0CC185-5010-4EB6-E1EC-FC2C56DE8090">
<sourceConnName>deepthought</sourceConnName>
<sourceObjSchema>GENERATE_CONTENT</sourceObjSchema>
<sourceObjName>ITEM_ACTIVE</sourceObjName>
<createdBy>calittle</createdBy>
<createdTime>2019-04-17 17:26:36 UTC</createdTime>
<ownerDesignName>ODEE_1262_Design</ownerDesignName>
<nullsAllowed>true</nullsAllowed>
<useDomainConstraints>false</useDomainConstraints>
<use>1</use>
<logicalDatatype>LOGDT019</logicalDatatype>
<dataTypePrecision>5</dataTypePrecision>
<defaultValue>1</defaultValue>
<autoIncrementCycle>false</autoIncrementCycle>
</Column>
</columns>
<indexes itemClass="oracle.dbtools.crest.model.design.relational.Index">
<ind_PK_UK id="C2A11087-01EC-FEC6-C4B1-F6BB5371C35B" name="GENDCONTENT_PK">
<sourceConnName>deepthought</sourceConnName>
<sourceObjSchema>DMKR_ASLINE</sourceObjSchema>
<sourceObjName>GENDCONTENT_PK</sourceObjName>
<createdBy>calittle</createdBy>
<createdTime>2019-04-17 17:26:50 UTC</createdTime>
<ownerDesignName>ODEE_1262_Design</ownerDesignName>
<pk>true</pk>
<indexState>Primary Constraint</indexState>
<isSurrogateKey>false</isSurrogateKey>
<indexColumnUsage>
<colUsage columnID="9CFC5173-41BE-3419-67E7-F1632798C7EE"/>
</indexColumnUsage>
</ind_PK_UK>
<ind_PK_UK id="BF0EAE50-669C-EBA4-0B06-592076B2FB56" name="GENDCONTENT_PK">
<sourceConnName>deepthought</sourceConnName>
<sourceObjSchema>DMKR_ASLINE</sourceObjSchema>
<sourceObjName>GENDCONTENT_PK</sourceObjName>
<createdBy>calittle</createdBy>
<createdTime>2019-04-17 17:26:48 UTC</createdTime>
<ownerDesignName>ODEE_1262_Design</ownerDesignName>
<indexState>Unique Plain Index</indexState>
<schemaObject>8FC895A7-E0A2-11C9-AE90-BEF4CA704C97</schemaObject>
<isSurrogateKey>false</isSurrogateKey>
<indexColumnUsage>
<colUsage columnID="9CFC5173-41BE-3419-67E7-F1632798C7EE"/>
</indexColumnUsage>
</ind_PK_UK>
</indexes>
</Table>