<?xml version = '1.0' encoding = 'UTF-8'?>
<Table class="oracle.dbtools.crest.model.design.relational.Table" directorySegmentName="seg_0" id="D3185649-826C-B625-42E7-4BDE840F2666" name="RCPS">
<sourceConnName>deepthought</sourceConnName>
<sourceObjSchema>DMKR_ASLINE</sourceObjSchema>
<sourceObjName>RCPS</sourceObjName>
<createdBy>calittle</createdBy>
<createdTime>2019-04-17 17:26:04 UTC</createdTime>
<commentInRDBMS>Recipient data created from Transactions</commentInRDBMS>
<ownerDesignName>ODEE_1262_Design</ownerDesignName>
<schemaObject>8FC895A7-E0A2-11C9-AE90-BEF4CA704C97</schemaObject>
<allowColumnReorder>false</allowColumnReorder>
<existDependencyGenerateInDDl>true</existDependencyGenerateInDDl>
<columns itemClass="oracle.dbtools.crest.model.design.relational.Column">
<Column name="RCP_ID" id="6E16B190-F6C0-2E0F-FFC5-C054EB843719">
<sourceConnName>deepthought</sourceConnName>
<sourceObjSchema>RCPS</sourceObjSchema>
<sourceObjName>RCP_ID</sourceObjName>
<createdBy>calittle</createdBy>
<createdTime>2019-04-17 17:26:42 UTC</createdTime>
<commentInRDBMS>Recipient Record ID</commentInRDBMS>
<ownerDesignName>ODEE_1262_Design</ownerDesignName>
<useDomainConstraints>false</useDomainConstraints>
<use>1</use>
<logicalDatatype>LOGDT019</logicalDatatype>
<dataTypePrecision>38</dataTypePrecision>
<autoIncrementCycle>false</autoIncrementCycle>
</Column>
<Column name="TRN_ID" id="0ABC2C28-08FE-5D1F-4626-CA98D25B7CA2">
<sourceConnName>deepthought</sourceConnName>
<sourceObjSchema>RCPS</sourceObjSchema>
<sourceObjName>TRN_ID</sourceObjName>
<createdBy>calittle</createdBy>
<createdTime>2019-04-17 17:26:42 UTC</createdTime>
<commentInRDBMS>Transaction Identification Foreign Key</commentInRDBMS>
<ownerDesignName>ODEE_1262_Design</ownerDesignName>
<useDomainConstraints>false</useDomainConstraints>
<use>1</use>
<logicalDatatype>LOGDT019</logicalDatatype>
<dataTypePrecision>38</dataTypePrecision>
<delegate>A2074060-5DA5-2947-0F4B-929580A8B856</delegate>
<autoIncrementCycle>false</autoIncrementCycle>
<associations>
<colAssociation fkAssociation="0F47BBE3-3264-8633-FAAE-D67467C3E00D" referredColumn="A2074060-5DA5-2947-0F4B-929580A8B856"/>
</associations>
</Column>
<Column name="RCPUNIQUE_ID" id="CE13B7D7-397A-F7C8-182C-7AE9BA869A7C">
<sourceConnName>deepthought</sourceConnName>
<sourceObjSchema>RCPS</sourceObjSchema>
<sourceObjName>RCPUNIQUE_ID</sourceObjName>
<createdBy>calittle</createdBy>
<createdTime>2019-04-17 17:26:42 UTC</createdTime>
<commentInRDBMS>Unique GUID for application lookup</commentInRDBMS>
<ownerDesignName>ODEE_1262_Design</ownerDesignName>
<useDomainConstraints>false</useDomainConstraints>
<use>1</use>
<logicalDatatype>LOGDT037</logicalDatatype>
<dataTypeSize>47</dataTypeSize>
<autoIncrementCycle>false</autoIncrementCycle>
</Column>
<Column name="BATCHNAME" id="6D342EC9-CBBF-BE1A-96B4-90D20AEFF8B0">
<sourceConnName>deepthought</sourceConnName>
<sourceObjSchema>RCPS</sourceObjSchema>
<sourceObjName>BATCHNAME</sourceObjName>
<createdBy>calittle</createdBy>
<createdTime>2019-04-17 17:26:42 UTC</createdTime>
<ownerDesignName>ODEE_1262_Design</ownerDesignName>
<nullsAllowed>true</nullsAllowed>
<useDomainConstraints>false</useDomainConstraints>
<use>1</use>
<logicalDatatype>LOGDT037</logicalDatatype>
<dataTypeSize>256</dataTypeSize>
<autoIncrementCycle>false</autoIncrementCycle>
</Column>
<Column name="BATCHTYPE" id="30A8DDCA-1116-C864-A593-C267C7BA4A34">
<sourceConnName>deepthought</sourceConnName>
<sourceObjSchema>RCPS</sourceObjSchema>
<sourceObjName>BATCHTYPE</sourceObjName>
<createdBy>calittle</createdBy>
<createdTime>2019-04-17 17:26:42 UTC</createdTime>
<commentInRDBMS>Further classification of the Batch for the batching rules</commentInRDBMS>
<ownerDesignName>ODEE_1262_Design</ownerDesignName>
<nullsAllowed>true</nullsAllowed>
<useDomainConstraints>false</useDomainConstraints>
<use>1</use>
<logicalDatatype>LOGDT037</logicalDatatype>
<dataTypeSize>256</dataTypeSize>
<autoIncrementCycle>false</autoIncrementCycle>
</Column>
<Column name="RCPSTATUS" id="FB3AA996-C7D1-EF48-E2E1-6147950F1B9D">
<sourceConnName>deepthought</sourceConnName>
<sourceObjSchema>RCPS</sourceObjSchema>
<sourceObjName>RCPSTATUS</sourceObjName>
<createdBy>calittle</createdBy>
<createdTime>2019-04-17 17:26:42 UTC</createdTime>
<commentInRDBMS>Status of the RCPS record.  Relates to JobStatus.&lt;br/&gt;Indicator of the status of a RCPS row in relation to processing by the factory </commentInRDBMS>
<ownerDesignName>ODEE_1262_Design</ownerDesignName>
<nullsAllowed>true</nullsAllowed>
<useDomainConstraints>false</useDomainConstraints>
<use>1</use>
<logicalDatatype>LOGDT019</logicalDatatype>
<dataTypePrecision>10</dataTypePrecision>
<defaultValue>411</defaultValue>
<autoIncrementCycle>false</autoIncrementCycle>
</Column>
<Column name="RCPBCHTOTAL" id="3528F6C8-D517-4B3E-391C-D58E87AB8C75">
<sourceConnName>deepthought</sourceConnName>
<sourceObjSchema>RCPS</sourceObjSchema>
<sourceObjName>RCPBCHTOTAL</sourceObjName>
<createdBy>calittle</createdBy>
<createdTime>2019-04-17 17:26:42 UTC</createdTime>
<commentInRDBMS>Batches that include this Recipient Record.  Set by the batcher when it takes&lt;br/&gt;the recipent and assignes it to one or more batches</commentInRDBMS>
<ownerDesignName>ODEE_1262_Design</ownerDesignName>
<nullsAllowed>true</nullsAllowed>
<useDomainConstraints>false</useDomainConstraints>
<use>1</use>
<logicalDatatype>LOGDT019</logicalDatatype>
<dataTypePrecision>38</dataTypePrecision>
<defaultValue>0</defaultValue>
<autoIncrementCycle>false</autoIncrementCycle>
</Column>
<Column name="RCPBCHERR" id="4C9E4CC7-5621-7393-9603-94FD97874462">
<sourceConnName>deepthought</sourceConnName>
<sourceObjSchema>RCPS</sourceObjSchema>
<sourceObjName>RCPBCHERR</sourceObjName>
<createdBy>calittle</createdBy>
<createdTime>2019-04-17 17:26:42 UTC</createdTime>
<commentInRDBMS>Batches that include this Recipient Record with an error.</commentInRDBMS>
<ownerDesignName>ODEE_1262_Design</ownerDesignName>
<nullsAllowed>true</nullsAllowed>
<useDomainConstraints>false</useDomainConstraints>
<use>1</use>
<logicalDatatype>LOGDT019</logicalDatatype>
<dataTypePrecision>38</dataTypePrecision>
<defaultValue>0</defaultValue>
<autoIncrementCycle>false</autoIncrementCycle>
</Column>
<Column name="RCPBCHPROC" id="50F78271-E43F-27A6-CAEB-A4CDFDA4F59E">
<sourceConnName>deepthought</sourceConnName>
<sourceObjSchema>RCPS</sourceObjSchema>
<sourceObjName>RCPBCHPROC</sourceObjName>
<createdBy>calittle</createdBy>
<createdTime>2019-04-17 17:26:42 UTC</createdTime>
<commentInRDBMS>Currently processed batches that recipient is included in.&lt;br/&gt;Incremented by the Presenter during the procesing of the print.</commentInRDBMS>
<ownerDesignName>ODEE_1262_Design</ownerDesignName>
<nullsAllowed>true</nullsAllowed>
<useDomainConstraints>false</useDomainConstraints>
<use>1</use>
<logicalDatatype>LOGDT019</logicalDatatype>
<dataTypePrecision>38</dataTypePrecision>
<defaultValue>0</defaultValue>
<autoIncrementCycle>false</autoIncrementCycle>
</Column>
<Column name="RCPBCHSCH" id="B6DCB81D-DB00-6F5E-1F29-09A025A43F2D">
<sourceConnName>deepthought</sourceConnName>
<sourceObjSchema>RCPS</sourceObjSchema>
<sourceObjName>RCPBCHSCH</sourceObjName>
<createdBy>calittle</createdBy>
<createdTime>2019-04-17 17:26:42 UTC</createdTime>
<ownerDesignName>ODEE_1262_Design</ownerDesignName>
<nullsAllowed>true</nullsAllowed>
<useDomainConstraints>false</useDomainConstraints>
<use>1</use>
<logicalDatatype>LOGDT019</logicalDatatype>
<dataTypePrecision>38</dataTypePrecision>
<defaultValue>0</defaultValue>
<autoIncrementCycle>false</autoIncrementCycle>
</Column>
<Column name="RCPDATATYPE" id="01EE22FF-ABB1-C6FB-107A-73CFFB7FC99C">
<sourceConnName>deepthought</sourceConnName>
<sourceObjSchema>RCPS</sourceObjSchema>
<sourceObjName>RCPDATATYPE</sourceObjName>
<createdBy>calittle</createdBy>
<createdTime>2019-04-17 17:26:42 UTC</createdTime>
<commentInRDBMS>Detail of the actual type of Notification output data,&lt;br/&gt;e.g. TXT, HTML </commentInRDBMS>
<ownerDesignName>ODEE_1262_Design</ownerDesignName>
<nullsAllowed>true</nullsAllowed>
<useDomainConstraints>false</useDomainConstraints>
<use>1</use>
<logicalDatatype>LOGDT037</logicalDatatype>
<dataTypeSize>30</dataTypeSize>
<autoIncrementCycle>false</autoIncrementCycle>
</Column>
<Column name="RCPOUTTYPE" id="29373633-621F-81AD-225A-CEA9B5B6B873">
<sourceConnName>deepthought</sourceConnName>
<sourceObjSchema>RCPS</sourceObjSchema>
<sourceObjName>RCPOUTTYPE</sourceObjName>
<createdBy>calittle</createdBy>
<createdTime>2019-04-17 17:26:42 UTC</createdTime>
<commentInRDBMS>Identifies which RCPOUT column contains the date type for the Notification output: </commentInRDBMS>
<ownerDesignName>ODEE_1262_Design</ownerDesignName>
<nullsAllowed>true</nullsAllowed>
<useDomainConstraints>false</useDomainConstraints>
<use>1</use>
<logicalDatatype>LOGDT019</logicalDatatype>
<dataTypePrecision>10</dataTypePrecision>
<defaultValue>0</defaultValue>
<autoIncrementCycle>false</autoIncrementCycle>
</Column>
<Column name="RCPOUTBLOB" id="CD8FCF43-CB2D-5D4B-5FFF-8C471AD8E7FF">
<sourceConnName>deepthought</sourceConnName>
<sourceObjSchema>RCPS</sourceObjSchema>
<sourceObjName>RCPOUTBLOB</sourceObjName>
<createdBy>calittle</createdBy>
<createdTime>2019-04-17 17:26:42 UTC</createdTime>
<commentInRDBMS>When RCPOUTTYPE is a BLOB this type is populated with the Notification content directly.  </commentInRDBMS>
<ownerDesignName>ODEE_1262_Design</ownerDesignName>
<nullsAllowed>true</nullsAllowed>
<useDomainConstraints>false</useDomainConstraints>
<use>1</use>
<logicalDatatype>LOGDT029</logicalDatatype>
<dataTypeSize>4000</dataTypeSize>
<autoIncrementCycle>false</autoIncrementCycle>
</Column>
<Column name="RCPOUTREF" id="914262A5-B75B-5827-A71D-D17C9DDC0F4A">
<sourceConnName>deepthought</sourceConnName>
<sourceObjSchema>RCPS</sourceObjSchema>
<sourceObjName>RCPOUTREF</sourceObjName>
<createdBy>calittle</createdBy>
<createdTime>2019-04-17 17:26:42 UTC</createdTime>
<commentInRDBMS>When RCPOUTTYPE is a file reference this type is populated with a fully qualified URL or UNC or file reference for the Notification content.</commentInRDBMS>
<ownerDesignName>ODEE_1262_Design</ownerDesignName>
<nullsAllowed>true</nullsAllowed>
<useDomainConstraints>false</useDomainConstraints>
<use>1</use>
<logicalDatatype>LOGDT037</logicalDatatype>
<dataTypeSize>512</dataTypeSize>
<autoIncrementCycle>false</autoIncrementCycle>
</Column>
<Column name="RCPOUTSIZE" id="36CF0B8F-AFD9-C8DC-D195-0DE4E28DA942">
<sourceConnName>deepthought</sourceConnName>
<sourceObjSchema>RCPS</sourceObjSchema>
<sourceObjName>RCPOUTSIZE</sourceObjName>
<createdBy>calittle</createdBy>
<createdTime>2019-04-17 17:26:42 UTC</createdTime>
<commentInRDBMS>The size of the recipient notification content.</commentInRDBMS>
<ownerDesignName>ODEE_1262_Design</ownerDesignName>
<nullsAllowed>true</nullsAllowed>
<useDomainConstraints>false</useDomainConstraints>
<use>1</use>
<logicalDatatype>LOGDT019</logicalDatatype>
<dataTypePrecision>20</dataTypePrecision>
<defaultValue>0</defaultValue>
<autoIncrementCycle>false</autoIncrementCycle>
</Column>
<Column name="RCPSTARTTIME" id="62022040-1639-6A7B-908F-244FA4F7E1AF">
<sourceConnName>deepthought</sourceConnName>
<sourceObjSchema>RCPS</sourceObjSchema>
<sourceObjName>RCPSTARTTIME</sourceObjName>
<createdBy>calittle</createdBy>
<createdTime>2019-04-17 17:26:42 UTC</createdTime>
<commentInRDBMS>When this recipient record started processing, statistical</commentInRDBMS>
<ownerDesignName>ODEE_1262_Design</ownerDesignName>
<nullsAllowed>true</nullsAllowed>
<useDomainConstraints>false</useDomainConstraints>
<use>1</use>
<logicalDatatype>LOGDT015</logicalDatatype>
<dataTypePrecision>6</dataTypePrecision>
<autoIncrementCycle>false</autoIncrementCycle>
</Column>
<Column name="RCPENDTIME" id="D8350EBE-549E-286C-3689-04506DF31725">
<sourceConnName>deepthought</sourceConnName>
<sourceObjSchema>RCPS</sourceObjSchema>
<sourceObjName>RCPENDTIME</sourceObjName>
<createdBy>calittle</createdBy>
<createdTime>2019-04-17 17:26:42 UTC</createdTime>
<commentInRDBMS>When this recipient record processing was completed, statistical</commentInRDBMS>
<ownerDesignName>ODEE_1262_Design</ownerDesignName>
<nullsAllowed>true</nullsAllowed>
<useDomainConstraints>false</useDomainConstraints>
<use>1</use>
<logicalDatatype>LOGDT015</logicalDatatype>
<dataTypePrecision>6</dataTypePrecision>
<autoIncrementCycle>false</autoIncrementCycle>
</Column>
<Column name="RCPPAGECOUNT" id="85791709-AD0C-D7B5-9391-3F3D5F589E43">
<sourceConnName>deepthought</sourceConnName>
<sourceObjSchema>RCPS</sourceObjSchema>
<sourceObjName>RCPPAGECOUNT</sourceObjName>
<createdBy>calittle</createdBy>
<createdTime>2019-04-17 17:26:42 UTC</createdTime>
<commentInRDBMS>Total Page Count for this recipient output, statistical</commentInRDBMS>
<ownerDesignName>ODEE_1262_Design</ownerDesignName>
<nullsAllowed>true</nullsAllowed>
<useDomainConstraints>false</useDomainConstraints>
<use>1</use>
<logicalDatatype>LOGDT019</logicalDatatype>
<dataTypePrecision>38</dataTypePrecision>
<autoIncrementCycle>false</autoIncrementCycle>
</Column>
<Column name="RCPSHEETCOUNT" id="27C3D2F4-5100-F70C-3784-85BB18F1B951">
<sourceConnName>deepthought</sourceConnName>
<sourceObjSchema>RCPS</sourceObjSchema>
<sourceObjName>RCPSHEETCOUNT</sourceObjName>
<createdBy>calittle</createdBy>
<createdTime>2019-04-17 17:26:42 UTC</createdTime>
<commentInRDBMS>Total Sheet Count for this recipient output, statistical</commentInRDBMS>
<ownerDesignName>ODEE_1262_Design</ownerDesignName>
<nullsAllowed>true</nullsAllowed>
<useDomainConstraints>false</useDomainConstraints>
<use>1</use>
<logicalDatatype>LOGDT019</logicalDatatype>
<dataTypePrecision>38</dataTypePrecision>
<autoIncrementCycle>false</autoIncrementCycle>
</Column>
<Column name="RCPWEIGHT" id="08835ED5-AE65-3C51-6F2D-339136F93F53">
<sourceConnName>deepthought</sourceConnName>
<sourceObjSchema>RCPS</sourceObjSchema>
<sourceObjName>RCPWEIGHT</sourceObjName>
<createdBy>calittle</createdBy>
<createdTime>2019-04-17 17:26:42 UTC</createdTime>
<commentInRDBMS>Calculated weight based on sheet count and stock per tray in NA POL&lt;br/&gt;document data. </commentInRDBMS>
<ownerDesignName>ODEE_1262_Design</ownerDesignName>
<nullsAllowed>true</nullsAllowed>
<useDomainConstraints>false</useDomainConstraints>
<use>1</use>
<logicalDatatype>LOGDT019</logicalDatatype>
<dataTypePrecision>19</dataTypePrecision>
<dataTypeScale>4</dataTypeScale>
<autoIncrementCycle>false</autoIncrementCycle>
</Column>
<Column name="RCPTRAY1" id="EA3685A6-708C-9087-DCEE-EAEECAC75965">
<sourceConnName>deepthought</sourceConnName>
<sourceObjSchema>RCPS</sourceObjSchema>
<sourceObjName>RCPTRAY1</sourceObjName>
<createdBy>calittle</createdBy>
<createdTime>2019-04-17 17:26:42 UTC</createdTime>
<commentInRDBMS>Tray 1 Calcuated Sheet Count</commentInRDBMS>
<ownerDesignName>ODEE_1262_Design</ownerDesignName>
<nullsAllowed>true</nullsAllowed>
<useDomainConstraints>false</useDomainConstraints>
<use>1</use>
<logicalDatatype>LOGDT019</logicalDatatype>
<dataTypePrecision>38</dataTypePrecision>
<defaultValue>0</defaultValue>
<autoIncrementCycle>false</autoIncrementCycle>
</Column>
<Column name="RCPTRAY2" id="CA7A1F8A-D7DD-6090-D7E3-DE3FE70C4F11">
<sourceConnName>deepthought</sourceConnName>
<sourceObjSchema>RCPS</sourceObjSchema>
<sourceObjName>RCPTRAY2</sourceObjName>
<createdBy>calittle</createdBy>
<createdTime>2019-04-17 17:26:42 UTC</createdTime>
<commentInRDBMS>Tray 2 Calcuated Sheet Count</commentInRDBMS>
<ownerDesignName>ODEE_1262_Design</ownerDesignName>
<nullsAllowed>true</nullsAllowed>
<useDomainConstraints>false</useDomainConstraints>
<use>1</use>
<logicalDatatype>LOGDT019</logicalDatatype>
<dataTypePrecision>38</dataTypePrecision>
<defaultValue>0</defaultValue>
<autoIncrementCycle>false</autoIncrementCycle>
</Column>
<Column name="RCPTRAY3" id="1C01D76C-D7DB-A3BD-9A07-5D02CB4EB5C4">
<sourceConnName>deepthought</sourceConnName>
<sourceObjSchema>RCPS</sourceObjSchema>
<sourceObjName>RCPTRAY3</sourceObjName>
<createdBy>calittle</createdBy>
<createdTime>2019-04-17 17:26:42 UTC</createdTime>
<commentInRDBMS>Tray 3 Calcuated Sheet Count</commentInRDBMS>
<ownerDesignName>ODEE_1262_Design</ownerDesignName>
<nullsAllowed>true</nullsAllowed>
<useDomainConstraints>false</useDomainConstraints>
<use>1</use>
<logicalDatatype>LOGDT019</logicalDatatype>
<dataTypePrecision>38</dataTypePrecision>
<defaultValue>0</defaultValue>
<autoIncrementCycle>false</autoIncrementCycle>
</Column>
<Column name="RCPTRAY4" id="CCC90411-DB58-A459-B239-244FBA96A1AF">
<sourceConnName>deepthought</sourceConnName>
<sourceObjSchema>RCPS</sourceObjSchema>
<sourceObjName>RCPTRAY4</sourceObjName>
<createdBy>calittle</createdBy>
<createdTime>2019-04-17 17:26:42 UTC</createdTime>
<commentInRDBMS>Tray 4 Calcuated Sheet Count</commentInRDBMS>
<ownerDesignName>ODEE_1262_Design</ownerDesignName>
<nullsAllowed>true</nullsAllowed>
<useDomainConstraints>false</useDomainConstraints>
<use>1</use>
<logicalDatatype>LOGDT019</logicalDatatype>
<dataTypePrecision>38</dataTypePrecision>
<defaultValue>0</defaultValue>
<autoIncrementCycle>false</autoIncrementCycle>
</Column>
<Column name="RCPTRAY5" id="BF15F843-8F74-CEEB-310C-41E4D2A5CED9">
<sourceConnName>deepthought</sourceConnName>
<sourceObjSchema>RCPS</sourceObjSchema>
<sourceObjName>RCPTRAY5</sourceObjName>
<createdBy>calittle</createdBy>
<createdTime>2019-04-17 17:26:42 UTC</createdTime>
<commentInRDBMS>Tray 5 Calcuated Sheet Count</commentInRDBMS>
<ownerDesignName>ODEE_1262_Design</ownerDesignName>
<nullsAllowed>true</nullsAllowed>
<useDomainConstraints>false</useDomainConstraints>
<use>1</use>
<logicalDatatype>LOGDT019</logicalDatatype>
<dataTypePrecision>38</dataTypePrecision>
<defaultValue>0</defaultValue>
<autoIncrementCycle>false</autoIncrementCycle>
</Column>
<Column name="RCPTRAY6" id="C69F2218-2F2F-04EE-5825-E27283F534A1">
<sourceConnName>deepthought</sourceConnName>
<sourceObjSchema>RCPS</sourceObjSchema>
<sourceObjName>RCPTRAY6</sourceObjName>
<createdBy>calittle</createdBy>
<createdTime>2019-04-17 17:26:42 UTC</createdTime>
<commentInRDBMS>Tray 6 Calcuated Sheet Count</commentInRDBMS>
<ownerDesignName>ODEE_1262_Design</ownerDesignName>
<nullsAllowed>true</nullsAllowed>
<useDomainConstraints>false</useDomainConstraints>
<use>1</use>
<logicalDatatype>LOGDT019</logicalDatatype>
<dataTypePrecision>38</dataTypePrecision>
<defaultValue>0</defaultValue>
<autoIncrementCycle>false</autoIncrementCycle>
</Column>
<Column name="RCPTRAY7" id="C037CA52-0C47-F432-72DB-AB5E06D53B14">
<sourceConnName>deepthought</sourceConnName>
<sourceObjSchema>RCPS</sourceObjSchema>
<sourceObjName>RCPTRAY7</sourceObjName>
<createdBy>calittle</createdBy>
<createdTime>2019-04-17 17:26:42 UTC</createdTime>
<commentInRDBMS>Tray 7 Calcuated Sheet Count</commentInRDBMS>
<ownerDesignName>ODEE_1262_Design</ownerDesignName>
<nullsAllowed>true</nullsAllowed>
<useDomainConstraints>false</useDomainConstraints>
<use>1</use>
<logicalDatatype>LOGDT019</logicalDatatype>
<dataTypePrecision>38</dataTypePrecision>
<defaultValue>0</defaultValue>
<autoIncrementCycle>false</autoIncrementCycle>
</Column>
<Column name="RCPTRAY8" id="32AB66E5-C7F8-6297-71C1-455D6D013E39">
<sourceConnName>deepthought</sourceConnName>
<sourceObjSchema>RCPS</sourceObjSchema>
<sourceObjName>RCPTRAY8</sourceObjName>
<createdBy>calittle</createdBy>
<createdTime>2019-04-17 17:26:42 UTC</createdTime>
<commentInRDBMS>Tray 8 Calcuated Sheet Count</commentInRDBMS>
<ownerDesignName>ODEE_1262_Design</ownerDesignName>
<nullsAllowed>true</nullsAllowed>
<useDomainConstraints>false</useDomainConstraints>
<use>1</use>
<logicalDatatype>LOGDT019</logicalDatatype>
<dataTypePrecision>38</dataTypePrecision>
<defaultValue>0</defaultValue>
<autoIncrementCycle>false</autoIncrementCycle>
</Column>
<Column name="RCPTRAY9" id="C5AB9190-1E14-373A-0DE3-30B6876B60FC">
<sourceConnName>deepthought</sourceConnName>
<sourceObjSchema>RCPS</sourceObjSchema>
<sourceObjName>RCPTRAY9</sourceObjName>
<createdBy>calittle</createdBy>
<createdTime>2019-04-17 17:26:42 UTC</createdTime>
<commentInRDBMS>Tray 9 Calcuated Sheet Count</commentInRDBMS>
<ownerDesignName>ODEE_1262_Design</ownerDesignName>
<nullsAllowed>true</nullsAllowed>
<useDomainConstraints>false</useDomainConstraints>
<use>1</use>
<logicalDatatype>LOGDT019</logicalDatatype>
<dataTypePrecision>38</dataTypePrecision>
<defaultValue>0</defaultValue>
<autoIncrementCycle>false</autoIncrementCycle>
</Column>
<Column name="ADR_INDEX" id="EEF169B5-CDF1-84AB-4D65-2AABBB93998F">
<sourceConnName>deepthought</sourceConnName>
<sourceObjSchema>RCPS</sourceObjSchema>
<sourceObjName>ADR_INDEX</sourceObjName>
<createdBy>calittle</createdBy>
<createdTime>2019-04-17 17:26:42 UTC</createdTime>
<ownerDesignName>ODEE_1262_Design</ownerDesignName>
<nullsAllowed>true</nullsAllowed>
<useDomainConstraints>false</useDomainConstraints>
<use>1</use>
<logicalDatatype>LOGDT037</logicalDatatype>
<dataTypeSize>10</dataTypeSize>
<autoIncrementCycle>false</autoIncrementCycle>
</Column>
<Column name="ADR_CODE" id="F4DBA009-DDB2-2143-6B58-50B546C5EA4E">
<sourceConnName>deepthought</sourceConnName>
<sourceObjSchema>RCPS</sourceObjSchema>
<sourceObjName>ADR_CODE</sourceObjName>
<createdBy>calittle</createdBy>
<createdTime>2019-04-17 17:26:42 UTC</createdTime>
<ownerDesignName>ODEE_1262_Design</ownerDesignName>
<nullsAllowed>true</nullsAllowed>
<useDomainConstraints>false</useDomainConstraints>
<use>1</use>
<logicalDatatype>LOGDT037</logicalDatatype>
<dataTypeSize>10</dataTypeSize>
<autoIncrementCycle>false</autoIncrementCycle>
</Column>
<Column name="ADR_NAME" id="EAE22043-337D-E749-9B39-097A93F2FEED">
<sourceConnName>deepthought</sourceConnName>
<sourceObjSchema>RCPS</sourceObjSchema>
<sourceObjName>ADR_NAME</sourceObjName>
<createdBy>calittle</createdBy>
<createdTime>2019-04-17 17:26:42 UTC</createdTime>
<ownerDesignName>ODEE_1262_Design</ownerDesignName>
<nullsAllowed>true</nullsAllowed>
<useDomainConstraints>false</useDomainConstraints>
<use>1</use>
<logicalDatatype>LOGDT037</logicalDatatype>
<dataTypeSize>256</dataTypeSize>
<autoIncrementCycle>false</autoIncrementCycle>
</Column>
<Column name="ADR_NAME2" id="918F8138-811E-32E8-F11B-7918FEBDC62F">
<sourceConnName>deepthought</sourceConnName>
<sourceObjSchema>RCPS</sourceObjSchema>
<sourceObjName>ADR_NAME2</sourceObjName>
<createdBy>calittle</createdBy>
<createdTime>2019-04-17 17:26:42 UTC</createdTime>
<ownerDesignName>ODEE_1262_Design</ownerDesignName>
<nullsAllowed>true</nullsAllowed>
<useDomainConstraints>false</useDomainConstraints>
<use>1</use>
<logicalDatatype>LOGDT037</logicalDatatype>
<dataTypeSize>256</dataTypeSize>
<autoIncrementCycle>false</autoIncrementCycle>
</Column>
<Column name="ADR_ADDRESS1" id="536BC77A-6AAD-6303-9F46-A64A8E7F2F47">
<sourceConnName>deepthought</sourceConnName>
<sourceObjSchema>RCPS</sourceObjSchema>
<sourceObjName>ADR_ADDRESS1</sourceObjName>
<createdBy>calittle</createdBy>
<createdTime>2019-04-17 17:26:42 UTC</createdTime>
<ownerDesignName>ODEE_1262_Design</ownerDesignName>
<nullsAllowed>true</nullsAllowed>
<useDomainConstraints>false</useDomainConstraints>
<use>1</use>
<logicalDatatype>LOGDT037</logicalDatatype>
<dataTypeSize>256</dataTypeSize>
<autoIncrementCycle>false</autoIncrementCycle>
</Column>
<Column name="ADR_ADDRESS2" id="8E96E570-77B0-2302-D340-E9E920C472CA">
<sourceConnName>deepthought</sourceConnName>
<sourceObjSchema>RCPS</sourceObjSchema>
<sourceObjName>ADR_ADDRESS2</sourceObjName>
<createdBy>calittle</createdBy>
<createdTime>2019-04-17 17:26:42 UTC</createdTime>
<ownerDesignName>ODEE_1262_Design</ownerDesignName>
<nullsAllowed>true</nullsAllowed>
<useDomainConstraints>false</useDomainConstraints>
<use>1</use>
<logicalDatatype>LOGDT037</logicalDatatype>
<dataTypeSize>256</dataTypeSize>
<autoIncrementCycle>false</autoIncrementCycle>
</Column>
<Column name="ADR_CITY" id="E86410DC-68F6-33CD-A59D-5B20B02AD71B">
<sourceConnName>deepthought</sourceConnName>
<sourceObjSchema>RCPS</sourceObjSchema>
<sourceObjName>ADR_CITY</sourceObjName>
<createdBy>calittle</createdBy>
<createdTime>2019-04-17 17:26:42 UTC</createdTime>
<ownerDesignName>ODEE_1262_Design</ownerDesignName>
<nullsAllowed>true</nullsAllowed>
<useDomainConstraints>false</useDomainConstraints>
<use>1</use>
<logicalDatatype>LOGDT037</logicalDatatype>
<dataTypeSize>256</dataTypeSize>
<autoIncrementCycle>false</autoIncrementCycle>
</Column>
<Column name="ADR_STATE" id="114B2159-DF76-88BD-55E7-28590D9534C7">
<sourceConnName>deepthought</sourceConnName>
<sourceObjSchema>RCPS</sourceObjSchema>
<sourceObjName>ADR_STATE</sourceObjName>
<createdBy>calittle</createdBy>
<createdTime>2019-04-17 17:26:42 UTC</createdTime>
<ownerDesignName>ODEE_1262_Design</ownerDesignName>
<nullsAllowed>true</nullsAllowed>
<useDomainConstraints>false</useDomainConstraints>
<use>1</use>
<logicalDatatype>LOGDT037</logicalDatatype>
<dataTypeSize>256</dataTypeSize>
<autoIncrementCycle>false</autoIncrementCycle>
</Column>
<Column name="ADR_COUNTRY" id="AB8DE2AC-6BC7-2B64-ED28-1D316E82F3FA">
<sourceConnName>deepthought</sourceConnName>
<sourceObjSchema>RCPS</sourceObjSchema>
<sourceObjName>ADR_COUNTRY</sourceObjName>
<createdBy>calittle</createdBy>
<createdTime>2019-04-17 17:26:42 UTC</createdTime>
<ownerDesignName>ODEE_1262_Design</ownerDesignName>
<nullsAllowed>true</nullsAllowed>
<useDomainConstraints>false</useDomainConstraints>
<use>1</use>
<logicalDatatype>LOGDT037</logicalDatatype>
<dataTypeSize>256</dataTypeSize>
<autoIncrementCycle>false</autoIncrementCycle>
</Column>
<Column name="ADR_POSTALCODE" id="0C60BE52-47B4-8C09-C5B7-7C96F7BC092A">
<sourceConnName>deepthought</sourceConnName>
<sourceObjSchema>RCPS</sourceObjSchema>
<sourceObjName>ADR_POSTALCODE</sourceObjName>
<createdBy>calittle</createdBy>
<createdTime>2019-04-17 17:26:42 UTC</createdTime>
<ownerDesignName>ODEE_1262_Design</ownerDesignName>
<nullsAllowed>true</nullsAllowed>
<useDomainConstraints>false</useDomainConstraints>
<use>1</use>
<logicalDatatype>LOGDT037</logicalDatatype>
<dataTypeSize>20</dataTypeSize>
<autoIncrementCycle>false</autoIncrementCycle>
</Column>
<Column name="ADR_EMAIL" id="AD37D8A7-08F9-2B74-5C8D-16150537322E">
<sourceConnName>deepthought</sourceConnName>
<sourceObjSchema>RCPS</sourceObjSchema>
<sourceObjName>ADR_EMAIL</sourceObjName>
<createdBy>calittle</createdBy>
<createdTime>2019-04-17 17:26:42 UTC</createdTime>
<ownerDesignName>ODEE_1262_Design</ownerDesignName>
<nullsAllowed>true</nullsAllowed>
<useDomainConstraints>false</useDomainConstraints>
<use>1</use>
<logicalDatatype>LOGDT037</logicalDatatype>
<dataTypeSize>256</dataTypeSize>
<autoIncrementCycle>false</autoIncrementCycle>
</Column>
<Column name="ADR_ENCLOSURES" id="2601C173-7689-319F-E37A-CD38F2985C3D">
<sourceConnName>deepthought</sourceConnName>
<sourceObjSchema>RCPS</sourceObjSchema>
<sourceObjName>ADR_ENCLOSURES</sourceObjName>
<createdBy>calittle</createdBy>
<createdTime>2019-04-17 17:26:42 UTC</createdTime>
<ownerDesignName>ODEE_1262_Design</ownerDesignName>
<nullsAllowed>true</nullsAllowed>
<useDomainConstraints>false</useDomainConstraints>
<use>1</use>
<logicalDatatype>LOGDT037</logicalDatatype>
<dataTypeSize>5</dataTypeSize>
<autoIncrementCycle>false</autoIncrementCycle>
</Column>
<Column name="ADR_FAX" id="05BE90B1-85A4-520A-D492-E4A15699140D">
<sourceConnName>deepthought</sourceConnName>
<sourceObjSchema>RCPS</sourceObjSchema>
<sourceObjName>ADR_FAX</sourceObjName>
<createdBy>calittle</createdBy>
<createdTime>2019-04-17 17:26:42 UTC</createdTime>
<ownerDesignName>ODEE_1262_Design</ownerDesignName>
<nullsAllowed>true</nullsAllowed>
<useDomainConstraints>false</useDomainConstraints>
<use>1</use>
<logicalDatatype>LOGDT037</logicalDatatype>
<dataTypeSize>20</dataTypeSize>
<autoIncrementCycle>false</autoIncrementCycle>
</Column>
<Column name="ADR_PHONE" id="0E0DC729-486B-E95D-DB19-EF6D90263043">
<sourceConnName>deepthought</sourceConnName>
<sourceObjSchema>RCPS</sourceObjSchema>
<sourceObjName>ADR_PHONE</sourceObjName>
<createdBy>calittle</createdBy>
<createdTime>2019-04-17 17:26:42 UTC</createdTime>
<ownerDesignName>ODEE_1262_Design</ownerDesignName>
<nullsAllowed>true</nullsAllowed>
<useDomainConstraints>false</useDomainConstraints>
<use>1</use>
<logicalDatatype>LOGDT037</logicalDatatype>
<dataTypeSize>20</dataTypeSize>
<autoIncrementCycle>false</autoIncrementCycle>
</Column>
<Column name="ADR_HOMEPHONE" id="295EC37B-B9A4-77B9-2BC9-06ACAE9BAA63">
<sourceConnName>deepthought</sourceConnName>
<sourceObjSchema>RCPS</sourceObjSchema>
<sourceObjName>ADR_HOMEPHONE</sourceObjName>
<createdBy>calittle</createdBy>
<createdTime>2019-04-17 17:26:42 UTC</createdTime>
<commentInRDBMS>LandLine Phone number.  Useful for sending automated text to speach messages&lt;br/&gt;from UMS as an alternative when a SMS can&apos;t be sent because no mobile&lt;br/&gt;phone listed.</commentInRDBMS>
<ownerDesignName>ODEE_1262_Design</ownerDesignName>
<nullsAllowed>true</nullsAllowed>
<useDomainConstraints>false</useDomainConstraints>
<use>1</use>
<logicalDatatype>LOGDT037</logicalDatatype>
<dataTypeSize>20</dataTypeSize>
<autoIncrementCycle>false</autoIncrementCycle>
</Column>
<Column name="ADR_PREFERRED" id="C29BAAF0-FA4C-0A19-4EA3-57B4320BA166">
<sourceConnName>deepthought</sourceConnName>
<sourceObjSchema>RCPS</sourceObjSchema>
<sourceObjName>ADR_PREFERRED</sourceObjName>
<createdBy>calittle</createdBy>
<createdTime>2019-04-17 17:26:42 UTC</createdTime>
<commentInRDBMS>Prefered Distribution.&lt;br/&gt;Hex for bitmask values used internally to enable any combination of these&lt;br/&gt;options:&lt;br/&gt; 0=(Hex 0) None&lt;br/&gt; 1=(Hex 1) BATCH&lt;br/&gt; 2=(Hex 2) LOCAL&lt;br/&gt; 4=(Hex 4) EMAIL&lt;br/&gt; 8=(Hex 8) MMS&lt;br/&gt;16=(Hex 10) SMS&lt;br/&gt;32=(Hex 20) FAX</commentInRDBMS>
<ownerDesignName>ODEE_1262_Design</ownerDesignName>
<nullsAllowed>true</nullsAllowed>
<useDomainConstraints>false</useDomainConstraints>
<use>1</use>
<logicalDatatype>LOGDT019</logicalDatatype>
<dataTypePrecision>10</dataTypePrecision>
<autoIncrementCycle>false</autoIncrementCycle>
</Column>
<Column name="ADR_SELECTED" id="E1E9C8EE-076F-29D3-D352-C2887ECBF128">
<sourceConnName>deepthought</sourceConnName>
<sourceObjSchema>RCPS</sourceObjSchema>
<sourceObjName>ADR_SELECTED</sourceObjName>
<createdBy>calittle</createdBy>
<createdTime>2019-04-17 17:26:42 UTC</createdTime>
<commentInRDBMS>Selected Distribution.&lt;br/&gt;Hex for bitmask values used internally to enable any combination of these&lt;br/&gt;options:&lt;br/&gt; 0=(Hex 0) None&lt;br/&gt; 1=(Hex 1) BATCH&lt;br/&gt; 2=(Hex 2) LOCAL&lt;br/&gt; 4=(Hex 4) EMAIL&lt;br/&gt; 8=(Hex 8) MMS&lt;br/&gt;16=(Hex 10) SMS&lt;br/&gt;32=(Hex 20) FAX</commentInRDBMS>
<ownerDesignName>ODEE_1262_Design</ownerDesignName>
<nullsAllowed>true</nullsAllowed>
<useDomainConstraints>false</useDomainConstraints>
<use>1</use>
<logicalDatatype>LOGDT019</logicalDatatype>
<dataTypePrecision>10</dataTypePrecision>
<autoIncrementCycle>false</autoIncrementCycle>
</Column>
<Column name="ADR_RFU" id="15B5883C-150E-622A-87AA-19B9AF18DBA0">
<sourceConnName>deepthought</sourceConnName>
<sourceObjSchema>RCPS</sourceObjSchema>
<sourceObjName>ADR_RFU</sourceObjName>
<createdBy>calittle</createdBy>
<createdTime>2019-04-17 17:26:42 UTC</createdTime>
<ownerDesignName>ODEE_1262_Design</ownerDesignName>
<nullsAllowed>true</nullsAllowed>
<useDomainConstraints>false</useDomainConstraints>
<use>1</use>
<logicalDatatype>LOGDT037</logicalDatatype>
<dataTypeSize>256</dataTypeSize>
<autoIncrementCycle>false</autoIncrementCycle>
</Column>
<Column name="ADR_ROLE" id="B47FACAF-26EE-F8B3-0187-81F3E7648250">
<sourceConnName>deepthought</sourceConnName>
<sourceObjSchema>RCPS</sourceObjSchema>
<sourceObjName>ADR_ROLE</sourceObjName>
<createdBy>calittle</createdBy>
<createdTime>2019-04-17 17:26:42 UTC</createdTime>
<ownerDesignName>ODEE_1262_Design</ownerDesignName>
<nullsAllowed>true</nullsAllowed>
<useDomainConstraints>false</useDomainConstraints>
<use>1</use>
<logicalDatatype>LOGDT037</logicalDatatype>
<dataTypeSize>256</dataTypeSize>
<autoIncrementCycle>false</autoIncrementCycle>
</Column>
<Column name="ADR_SIGNINGROLE" id="6FD61E00-82E9-E83D-3539-2D63E6AE6346">
<sourceConnName>deepthought</sourceConnName>
<sourceObjSchema>RCPS</sourceObjSchema>
<sourceObjName>ADR_SIGNINGROLE</sourceObjName>
<createdBy>calittle</createdBy>
<createdTime>2019-04-17 17:26:42 UTC</createdTime>
<ownerDesignName>ODEE_1262_Design</ownerDesignName>
<nullsAllowed>true</nullsAllowed>
<useDomainConstraints>false</useDomainConstraints>
<use>1</use>
<logicalDatatype>LOGDT037</logicalDatatype>
<dataTypeSize>256</dataTypeSize>
<autoIncrementCycle>false</autoIncrementCycle>
</Column>
<Column name="ADR_TRACKING" id="7EE30BB2-9367-3CD5-5009-D1428DE6ED18">
<sourceConnName>deepthought</sourceConnName>
<sourceObjSchema>RCPS</sourceObjSchema>
<sourceObjName>ADR_TRACKING</sourceObjName>
<createdBy>calittle</createdBy>
<createdTime>2019-04-17 17:26:42 UTC</createdTime>
<ownerDesignName>ODEE_1262_Design</ownerDesignName>
<nullsAllowed>true</nullsAllowed>
<useDomainConstraints>false</useDomainConstraints>
<use>1</use>
<logicalDatatype>LOGDT037</logicalDatatype>
<dataTypeSize>256</dataTypeSize>
<autoIncrementCycle>false</autoIncrementCycle>
</Column>
<Column name="ADR_TYPE" id="25E2323E-EAD5-C193-6ACA-C54E59D26804">
<sourceConnName>deepthought</sourceConnName>
<sourceObjSchema>RCPS</sourceObjSchema>
<sourceObjName>ADR_TYPE</sourceObjName>
<createdBy>calittle</createdBy>
<createdTime>2019-04-17 17:26:42 UTC</createdTime>
<ownerDesignName>ODEE_1262_Design</ownerDesignName>
<nullsAllowed>true</nullsAllowed>
<useDomainConstraints>false</useDomainConstraints>
<use>1</use>
<logicalDatatype>LOGDT037</logicalDatatype>
<dataTypeSize>10</dataTypeSize>
<autoIncrementCycle>false</autoIncrementCycle>
</Column>
<Column name="ADR_LANGUAGE" id="35341C85-85D9-9711-7D33-FFF18070C2B4">
<sourceConnName>deepthought</sourceConnName>
<sourceObjSchema>RCPS</sourceObjSchema>
<sourceObjName>ADR_LANGUAGE</sourceObjName>
<createdBy>calittle</createdBy>
<createdTime>2019-04-17 17:26:42 UTC</createdTime>
<ownerDesignName>ODEE_1262_Design</ownerDesignName>
<nullsAllowed>true</nullsAllowed>
<useDomainConstraints>false</useDomainConstraints>
<use>1</use>
<logicalDatatype>LOGDT037</logicalDatatype>
<dataTypeSize>20</dataTypeSize>
<autoIncrementCycle>false</autoIncrementCycle>
</Column>
<Column name="ADR_HOUSEHOLD" id="27BDA42A-151A-042C-6924-38249AC26DAC">
<sourceConnName>deepthought</sourceConnName>
<sourceObjSchema>RCPS</sourceObjSchema>
<sourceObjName>ADR_HOUSEHOLD</sourceObjName>
<createdBy>calittle</createdBy>
<createdTime>2019-04-17 17:26:42 UTC</createdTime>
<commentInRDBMS>Recipient or Addressee has opted in for allowing house holding</commentInRDBMS>
<ownerDesignName>ODEE_1262_Design</ownerDesignName>
<nullsAllowed>true</nullsAllowed>
<useDomainConstraints>false</useDomainConstraints>
<use>1</use>
<logicalDatatype>LOGDT037</logicalDatatype>
<dataTypeSize>5</dataTypeSize>
<autoIncrementCycle>false</autoIncrementCycle>
</Column>
<Column name="RCPERR_ID" id="ADCC9D21-B22A-75AB-BE12-FB50BE69CF72">
<sourceConnName>deepthought</sourceConnName>
<sourceObjSchema>RCPS</sourceObjSchema>
<sourceObjName>RCPERR_ID</sourceObjName>
<createdBy>calittle</createdBy>
<createdTime>2019-04-17 17:26:42 UTC</createdTime>
<commentInRDBMS>Last Error Record Identifier when exception occurred</commentInRDBMS>
<ownerDesignName>ODEE_1262_Design</ownerDesignName>
<nullsAllowed>true</nullsAllowed>
<useDomainConstraints>false</useDomainConstraints>
<use>1</use>
<logicalDatatype>LOGDT019</logicalDatatype>
<dataTypePrecision>38</dataTypePrecision>
<autoIncrementCycle>false</autoIncrementCycle>
</Column>
<Column name="RCPAPPDATE001" id="A98BC9C3-CB0C-6974-5760-7DE0E98205A7">
<sourceConnName>deepthought</sourceConnName>
<sourceObjSchema>RCPS</sourceObjSchema>
<sourceObjName>RCPAPPDATE001</sourceObjName>
<createdBy>calittle</createdBy>
<createdTime>2019-04-17 17:26:42 UTC</createdTime>
<commentInRDBMS>An application defined date and time column.</commentInRDBMS>
<ownerDesignName>ODEE_1262_Design</ownerDesignName>
<nullsAllowed>true</nullsAllowed>
<useDomainConstraints>false</useDomainConstraints>
<use>1</use>
<logicalDatatype>LOGDT015</logicalDatatype>
<dataTypePrecision>6</dataTypePrecision>
<autoIncrementCycle>false</autoIncrementCycle>
</Column>
<Column name="RCPAPPDATE002" id="CBBD3145-456A-1E3F-5B01-BA92B0EEB1C0">
<sourceConnName>deepthought</sourceConnName>
<sourceObjSchema>RCPS</sourceObjSchema>
<sourceObjName>RCPAPPDATE002</sourceObjName>
<createdBy>calittle</createdBy>
<createdTime>2019-04-17 17:26:42 UTC</createdTime>
<commentInRDBMS>An application defined date and time column.</commentInRDBMS>
<ownerDesignName>ODEE_1262_Design</ownerDesignName>
<nullsAllowed>true</nullsAllowed>
<useDomainConstraints>false</useDomainConstraints>
<use>1</use>
<logicalDatatype>LOGDT015</logicalDatatype>
<dataTypePrecision>6</dataTypePrecision>
<autoIncrementCycle>false</autoIncrementCycle>
</Column>
<Column name="RCPAPPDATE003" id="AE123F01-54BF-0409-8233-873852FA065E">
<sourceConnName>deepthought</sourceConnName>
<sourceObjSchema>RCPS</sourceObjSchema>
<sourceObjName>RCPAPPDATE003</sourceObjName>
<createdBy>calittle</createdBy>
<createdTime>2019-04-17 17:26:42 UTC</createdTime>
<commentInRDBMS>An application defined date and time column.</commentInRDBMS>
<ownerDesignName>ODEE_1262_Design</ownerDesignName>
<nullsAllowed>true</nullsAllowed>
<useDomainConstraints>false</useDomainConstraints>
<use>1</use>
<logicalDatatype>LOGDT015</logicalDatatype>
<dataTypePrecision>6</dataTypePrecision>
<autoIncrementCycle>false</autoIncrementCycle>
</Column>
<Column name="RCPAPPDATE004" id="E47016A3-342D-57EC-43AB-C97B9A55652F">
<sourceConnName>deepthought</sourceConnName>
<sourceObjSchema>RCPS</sourceObjSchema>
<sourceObjName>RCPAPPDATE004</sourceObjName>
<createdBy>calittle</createdBy>
<createdTime>2019-04-17 17:26:42 UTC</createdTime>
<commentInRDBMS>An application defined date and time column.</commentInRDBMS>
<ownerDesignName>ODEE_1262_Design</ownerDesignName>
<nullsAllowed>true</nullsAllowed>
<useDomainConstraints>false</useDomainConstraints>
<use>1</use>
<logicalDatatype>LOGDT015</logicalDatatype>
<dataTypePrecision>6</dataTypePrecision>
<autoIncrementCycle>false</autoIncrementCycle>
</Column>
<Column name="RCPAPPDATE005" id="AC145A09-79F9-2A36-277C-4284F18B7DC2">
<sourceConnName>deepthought</sourceConnName>
<sourceObjSchema>RCPS</sourceObjSchema>
<sourceObjName>RCPAPPDATE005</sourceObjName>
<createdBy>calittle</createdBy>
<createdTime>2019-04-17 17:26:42 UTC</createdTime>
<commentInRDBMS>An application defined date and time column.</commentInRDBMS>
<ownerDesignName>ODEE_1262_Design</ownerDesignName>
<nullsAllowed>true</nullsAllowed>
<useDomainConstraints>false</useDomainConstraints>
<use>1</use>
<logicalDatatype>LOGDT015</logicalDatatype>
<dataTypePrecision>6</dataTypePrecision>
<autoIncrementCycle>false</autoIncrementCycle>
</Column>
<Column name="RCPAPPDEC001" id="9509E931-D251-B6C1-BB59-D7281C348167">
<sourceConnName>deepthought</sourceConnName>
<sourceObjSchema>RCPS</sourceObjSchema>
<sourceObjName>RCPAPPDEC001</sourceObjName>
<createdBy>calittle</createdBy>
<createdTime>2019-04-17 17:26:42 UTC</createdTime>
<commentInRDBMS>An application defined decimal column.</commentInRDBMS>
<ownerDesignName>ODEE_1262_Design</ownerDesignName>
<nullsAllowed>true</nullsAllowed>
<useDomainConstraints>false</useDomainConstraints>
<use>1</use>
<logicalDatatype>LOGDT019</logicalDatatype>
<dataTypePrecision>19</dataTypePrecision>
<dataTypeScale>4</dataTypeScale>
<autoIncrementCycle>false</autoIncrementCycle>
</Column>
<Column name="RCPAPPDEC002" id="E181BF7B-2D24-1269-B14A-6A4256EF1B73">
<sourceConnName>deepthought</sourceConnName>
<sourceObjSchema>RCPS</sourceObjSchema>
<sourceObjName>RCPAPPDEC002</sourceObjName>
<createdBy>calittle</createdBy>
<createdTime>2019-04-17 17:26:42 UTC</createdTime>
<commentInRDBMS>An application defined decimal column.</commentInRDBMS>
<ownerDesignName>ODEE_1262_Design</ownerDesignName>
<nullsAllowed>true</nullsAllowed>
<useDomainConstraints>false</useDomainConstraints>
<use>1</use>
<logicalDatatype>LOGDT019</logicalDatatype>
<dataTypePrecision>19</dataTypePrecision>
<dataTypeScale>4</dataTypeScale>
<autoIncrementCycle>false</autoIncrementCycle>
</Column>
<Column name="RCPAPPDEC003" id="15EB54E7-32B8-E8F3-BD12-59DF17AB3A48">
<sourceConnName>deepthought</sourceConnName>
<sourceObjSchema>RCPS</sourceObjSchema>
<sourceObjName>RCPAPPDEC003</sourceObjName>
<createdBy>calittle</createdBy>
<createdTime>2019-04-17 17:26:42 UTC</createdTime>
<commentInRDBMS>An application defined decimal column.</commentInRDBMS>
<ownerDesignName>ODEE_1262_Design</ownerDesignName>
<nullsAllowed>true</nullsAllowed>
<useDomainConstraints>false</useDomainConstraints>
<use>1</use>
<logicalDatatype>LOGDT019</logicalDatatype>
<dataTypePrecision>19</dataTypePrecision>
<dataTypeScale>4</dataTypeScale>
<autoIncrementCycle>false</autoIncrementCycle>
</Column>
<Column name="RCPAPPDEC004" id="D1878386-575B-01FB-AECF-1FA8785760BC">
<sourceConnName>deepthought</sourceConnName>
<sourceObjSchema>RCPS</sourceObjSchema>
<sourceObjName>RCPAPPDEC004</sourceObjName>
<createdBy>calittle</createdBy>
<createdTime>2019-04-17 17:26:42 UTC</createdTime>
<commentInRDBMS>An application defined decimal column.</commentInRDBMS>
<ownerDesignName>ODEE_1262_Design</ownerDesignName>
<nullsAllowed>true</nullsAllowed>
<useDomainConstraints>false</useDomainConstraints>
<use>1</use>
<logicalDatatype>LOGDT019</logicalDatatype>
<dataTypePrecision>19</dataTypePrecision>
<dataTypeScale>4</dataTypeScale>
<autoIncrementCycle>false</autoIncrementCycle>
</Column>
<Column name="RCPAPPDEC005" id="56F5B5DE-5482-02B8-103E-CCC465CE9047">
<sourceConnName>deepthought</sourceConnName>
<sourceObjSchema>RCPS</sourceObjSchema>
<sourceObjName>RCPAPPDEC005</sourceObjName>
<createdBy>calittle</createdBy>
<createdTime>2019-04-17 17:26:42 UTC</createdTime>
<commentInRDBMS>An application defined decimal column.</commentInRDBMS>
<ownerDesignName>ODEE_1262_Design</ownerDesignName>
<nullsAllowed>true</nullsAllowed>
<useDomainConstraints>false</useDomainConstraints>
<use>1</use>
<logicalDatatype>LOGDT019</logicalDatatype>
<dataTypePrecision>19</dataTypePrecision>
<dataTypeScale>4</dataTypeScale>
<autoIncrementCycle>false</autoIncrementCycle>
</Column>
<Column name="RCPAPPINT001" id="839488BC-6212-D280-383E-A1E611BC6CD0">
<sourceConnName>deepthought</sourceConnName>
<sourceObjSchema>RCPS</sourceObjSchema>
<sourceObjName>RCPAPPINT001</sourceObjName>
<createdBy>calittle</createdBy>
<createdTime>2019-04-17 17:26:42 UTC</createdTime>
<commentInRDBMS>An application defined signed integer column.</commentInRDBMS>
<ownerDesignName>ODEE_1262_Design</ownerDesignName>
<nullsAllowed>true</nullsAllowed>
<useDomainConstraints>false</useDomainConstraints>
<use>1</use>
<logicalDatatype>LOGDT019</logicalDatatype>
<dataTypePrecision>20</dataTypePrecision>
<autoIncrementCycle>false</autoIncrementCycle>
</Column>
<Column name="RCPAPPINT002" id="026CA929-7D31-753B-EBAA-7F16412B27C1">
<sourceConnName>deepthought</sourceConnName>
<sourceObjSchema>RCPS</sourceObjSchema>
<sourceObjName>RCPAPPINT002</sourceObjName>
<createdBy>calittle</createdBy>
<createdTime>2019-04-17 17:26:42 UTC</createdTime>
<commentInRDBMS>An application defined signed integer column.</commentInRDBMS>
<ownerDesignName>ODEE_1262_Design</ownerDesignName>
<nullsAllowed>true</nullsAllowed>
<useDomainConstraints>false</useDomainConstraints>
<use>1</use>
<logicalDatatype>LOGDT019</logicalDatatype>
<dataTypePrecision>20</dataTypePrecision>
<autoIncrementCycle>false</autoIncrementCycle>
</Column>
<Column name="RCPAPPINT003" id="D3650278-86D3-7AB8-D8D2-EC53B2806185">
<sourceConnName>deepthought</sourceConnName>
<sourceObjSchema>RCPS</sourceObjSchema>
<sourceObjName>RCPAPPINT003</sourceObjName>
<createdBy>calittle</createdBy>
<createdTime>2019-04-17 17:26:42 UTC</createdTime>
<commentInRDBMS>An application defined signed integer column.</commentInRDBMS>
<ownerDesignName>ODEE_1262_Design</ownerDesignName>
<nullsAllowed>true</nullsAllowed>
<useDomainConstraints>false</useDomainConstraints>
<use>1</use>
<logicalDatatype>LOGDT019</logicalDatatype>
<dataTypePrecision>20</dataTypePrecision>
<autoIncrementCycle>false</autoIncrementCycle>
</Column>
<Column name="RCPAPPINT004" id="68F26777-2D09-E46C-2042-0C9A87D942F1">
<sourceConnName>deepthought</sourceConnName>
<sourceObjSchema>RCPS</sourceObjSchema>
<sourceObjName>RCPAPPINT004</sourceObjName>
<createdBy>calittle</createdBy>
<createdTime>2019-04-17 17:26:42 UTC</createdTime>
<commentInRDBMS>An application defined signed integer column.</commentInRDBMS>
<ownerDesignName>ODEE_1262_Design</ownerDesignName>
<nullsAllowed>true</nullsAllowed>
<useDomainConstraints>false</useDomainConstraints>
<use>1</use>
<logicalDatatype>LOGDT019</logicalDatatype>
<dataTypePrecision>20</dataTypePrecision>
<autoIncrementCycle>false</autoIncrementCycle>
</Column>
<Column name="RCPAPPINT005" id="420D4C33-C1C3-9F58-82FE-1224AAE19EC0">
<sourceConnName>deepthought</sourceConnName>
<sourceObjSchema>RCPS</sourceObjSchema>
<sourceObjName>RCPAPPINT005</sourceObjName>
<createdBy>calittle</createdBy>
<createdTime>2019-04-17 17:26:42 UTC</createdTime>
<commentInRDBMS>An application defined signed integer column.</commentInRDBMS>
<ownerDesignName>ODEE_1262_Design</ownerDesignName>
<nullsAllowed>true</nullsAllowed>
<useDomainConstraints>false</useDomainConstraints>
<use>1</use>
<logicalDatatype>LOGDT019</logicalDatatype>
<dataTypePrecision>20</dataTypePrecision>
<autoIncrementCycle>false</autoIncrementCycle>
</Column>
<Column name="RCPAPPSTR001" id="9F670063-6FAF-D54B-2528-DB1117E93009">
<sourceConnName>deepthought</sourceConnName>
<sourceObjSchema>RCPS</sourceObjSchema>
<sourceObjName>RCPAPPSTR001</sourceObjName>
<createdBy>calittle</createdBy>
<createdTime>2019-04-17 17:26:42 UTC</createdTime>
<commentInRDBMS>An application defined string column.</commentInRDBMS>
<ownerDesignName>ODEE_1262_Design</ownerDesignName>
<nullsAllowed>true</nullsAllowed>
<useDomainConstraints>false</useDomainConstraints>
<use>1</use>
<logicalDatatype>LOGDT037</logicalDatatype>
<dataTypeSize>256</dataTypeSize>
<autoIncrementCycle>false</autoIncrementCycle>
</Column>
<Column name="RCPAPPSTR002" id="11AE16B8-2BD8-FDF5-008B-92CF841AD32F">
<sourceConnName>deepthought</sourceConnName>
<sourceObjSchema>RCPS</sourceObjSchema>
<sourceObjName>RCPAPPSTR002</sourceObjName>
<createdBy>calittle</createdBy>
<createdTime>2019-04-17 17:26:42 UTC</createdTime>
<commentInRDBMS>An application defined string column.</commentInRDBMS>
<ownerDesignName>ODEE_1262_Design</ownerDesignName>
<nullsAllowed>true</nullsAllowed>
<useDomainConstraints>false</useDomainConstraints>
<use>1</use>
<logicalDatatype>LOGDT037</logicalDatatype>
<dataTypeSize>256</dataTypeSize>
<autoIncrementCycle>false</autoIncrementCycle>
</Column>
<Column name="RCPAPPSTR003" id="9FA8539E-6EE7-0777-EF11-22EEC9F15432">
<sourceConnName>deepthought</sourceConnName>
<sourceObjSchema>RCPS</sourceObjSchema>
<sourceObjName>RCPAPPSTR003</sourceObjName>
<createdBy>calittle</createdBy>
<createdTime>2019-04-17 17:26:42 UTC</createdTime>
<commentInRDBMS>An application defined string column.</commentInRDBMS>
<ownerDesignName>ODEE_1262_Design</ownerDesignName>
<nullsAllowed>true</nullsAllowed>
<useDomainConstraints>false</useDomainConstraints>
<use>1</use>
<logicalDatatype>LOGDT037</logicalDatatype>
<dataTypeSize>256</dataTypeSize>
<autoIncrementCycle>false</autoIncrementCycle>
</Column>
<Column name="RCPAPPSTR004" id="B9F35BF2-C811-4CBE-FF56-1235C6FF35BA">
<sourceConnName>deepthought</sourceConnName>
<sourceObjSchema>RCPS</sourceObjSchema>
<sourceObjName>RCPAPPSTR004</sourceObjName>
<createdBy>calittle</createdBy>
<createdTime>2019-04-17 17:26:42 UTC</createdTime>
<commentInRDBMS>An application defined string column.</commentInRDBMS>
<ownerDesignName>ODEE_1262_Design</ownerDesignName>
<nullsAllowed>true</nullsAllowed>
<useDomainConstraints>false</useDomainConstraints>
<use>1</use>
<logicalDatatype>LOGDT037</logicalDatatype>
<dataTypeSize>256</dataTypeSize>
<autoIncrementCycle>false</autoIncrementCycle>
</Column>
<Column name="RCPAPPSTR005" id="6ADB7033-EF6D-BAA1-3D09-44189E883A28">
<sourceConnName>deepthought</sourceConnName>
<sourceObjSchema>RCPS</sourceObjSchema>
<sourceObjName>RCPAPPSTR005</sourceObjName>
<createdBy>calittle</createdBy>
<createdTime>2019-04-17 17:26:42 UTC</createdTime>
<commentInRDBMS>An application defined string column.</commentInRDBMS>
<ownerDesignName>ODEE_1262_Design</ownerDesignName>
<nullsAllowed>true</nullsAllowed>
<useDomainConstraints>false</useDomainConstraints>
<use>1</use>
<logicalDatatype>LOGDT037</logicalDatatype>
<dataTypeSize>256</dataTypeSize>
<autoIncrementCycle>false</autoIncrementCycle>
</Column>
<Column name="RCPAPPSTR006" id="737FB1A9-7C07-4354-394D-F9A704DEFA93">
<sourceConnName>deepthought</sourceConnName>
<sourceObjSchema>RCPS</sourceObjSchema>
<sourceObjName>RCPAPPSTR006</sourceObjName>
<createdBy>calittle</createdBy>
<createdTime>2019-04-17 17:26:42 UTC</createdTime>
<commentInRDBMS>An application defined string column.</commentInRDBMS>
<ownerDesignName>ODEE_1262_Design</ownerDesignName>
<nullsAllowed>true</nullsAllowed>
<useDomainConstraints>false</useDomainConstraints>
<use>1</use>
<logicalDatatype>LOGDT037</logicalDatatype>
<dataTypeSize>256</dataTypeSize>
<autoIncrementCycle>false</autoIncrementCycle>
</Column>
<Column name="RCPAPPSTR007" id="F1D4BCFF-A920-562E-6270-4ABDFE0A7978">
<sourceConnName>deepthought</sourceConnName>
<sourceObjSchema>RCPS</sourceObjSchema>
<sourceObjName>RCPAPPSTR007</sourceObjName>
<createdBy>calittle</createdBy>
<createdTime>2019-04-17 17:26:42 UTC</createdTime>
<commentInRDBMS>An application defined string column.</commentInRDBMS>
<ownerDesignName>ODEE_1262_Design</ownerDesignName>
<nullsAllowed>true</nullsAllowed>
<useDomainConstraints>false</useDomainConstraints>
<use>1</use>
<logicalDatatype>LOGDT037</logicalDatatype>
<dataTypeSize>256</dataTypeSize>
<autoIncrementCycle>false</autoIncrementCycle>
</Column>
<Column name="RCPAPPSTR008" id="EB9D2957-1CD2-6B6B-3D58-073F0D3032E9">
<sourceConnName>deepthought</sourceConnName>
<sourceObjSchema>RCPS</sourceObjSchema>
<sourceObjName>RCPAPPSTR008</sourceObjName>
<createdBy>calittle</createdBy>
<createdTime>2019-04-17 17:26:42 UTC</createdTime>
<commentInRDBMS>An application defined string column.</commentInRDBMS>
<ownerDesignName>ODEE_1262_Design</ownerDesignName>
<nullsAllowed>true</nullsAllowed>
<useDomainConstraints>false</useDomainConstraints>
<use>1</use>
<logicalDatatype>LOGDT037</logicalDatatype>
<dataTypeSize>256</dataTypeSize>
<autoIncrementCycle>false</autoIncrementCycle>
</Column>
<Column name="RCPAPPSTR009" id="1B900373-4E67-77C2-6B9A-D0FCE90D862A">
<sourceConnName>deepthought</sourceConnName>
<sourceObjSchema>RCPS</sourceObjSchema>
<sourceObjName>RCPAPPSTR009</sourceObjName>
<createdBy>calittle</createdBy>
<createdTime>2019-04-17 17:26:42 UTC</createdTime>
<commentInRDBMS>An application defined string column.</commentInRDBMS>
<ownerDesignName>ODEE_1262_Design</ownerDesignName>
<nullsAllowed>true</nullsAllowed>
<useDomainConstraints>false</useDomainConstraints>
<use>1</use>
<logicalDatatype>LOGDT037</logicalDatatype>
<dataTypeSize>256</dataTypeSize>
<autoIncrementCycle>false</autoIncrementCycle>
</Column>
<Column name="RCPAPPSTR010" id="58E8B995-57DF-694A-323D-D2860D5213F2">
<sourceConnName>deepthought</sourceConnName>
<sourceObjSchema>RCPS</sourceObjSchema>
<sourceObjName>RCPAPPSTR010</sourceObjName>
<createdBy>calittle</createdBy>
<createdTime>2019-04-17 17:26:42 UTC</createdTime>
<commentInRDBMS>An application defined string column.</commentInRDBMS>
<ownerDesignName>ODEE_1262_Design</ownerDesignName>
<nullsAllowed>true</nullsAllowed>
<useDomainConstraints>false</useDomainConstraints>
<use>1</use>
<logicalDatatype>LOGDT037</logicalDatatype>
<dataTypeSize>256</dataTypeSize>
<autoIncrementCycle>false</autoIncrementCycle>
</Column>
<Column name="RCPAPPSTR011" id="3703C82D-F2A9-1D03-F1F6-956A1942ED3C">
<sourceConnName>deepthought</sourceConnName>
<sourceObjSchema>RCPS</sourceObjSchema>
<sourceObjName>RCPAPPSTR011</sourceObjName>
<createdBy>calittle</createdBy>
<createdTime>2019-04-17 17:26:42 UTC</createdTime>
<commentInRDBMS>An application defined string column.</commentInRDBMS>
<ownerDesignName>ODEE_1262_Design</ownerDesignName>
<nullsAllowed>true</nullsAllowed>
<useDomainConstraints>false</useDomainConstraints>
<use>1</use>
<logicalDatatype>LOGDT037</logicalDatatype>
<dataTypeSize>256</dataTypeSize>
<autoIncrementCycle>false</autoIncrementCycle>
</Column>
<Column name="RCPAPPSTR012" id="EAC114C0-DF67-C05B-7D8B-4092317DB138">
<sourceConnName>deepthought</sourceConnName>
<sourceObjSchema>RCPS</sourceObjSchema>
<sourceObjName>RCPAPPSTR012</sourceObjName>
<createdBy>calittle</createdBy>
<createdTime>2019-04-17 17:26:42 UTC</createdTime>
<commentInRDBMS>An application defined string column.</commentInRDBMS>
<ownerDesignName>ODEE_1262_Design</ownerDesignName>
<nullsAllowed>true</nullsAllowed>
<useDomainConstraints>false</useDomainConstraints>
<use>1</use>
<logicalDatatype>LOGDT037</logicalDatatype>
<dataTypeSize>256</dataTypeSize>
<autoIncrementCycle>false</autoIncrementCycle>
</Column>
<Column name="RCPAPPSTR013" id="10E15B76-5448-616C-CD2A-AF7DDDE504C6">
<sourceConnName>deepthought</sourceConnName>
<sourceObjSchema>RCPS</sourceObjSchema>
<sourceObjName>RCPAPPSTR013</sourceObjName>
<createdBy>calittle</createdBy>
<createdTime>2019-04-17 17:26:42 UTC</createdTime>
<commentInRDBMS>An application defined string column.</commentInRDBMS>
<ownerDesignName>ODEE_1262_Design</ownerDesignName>
<nullsAllowed>true</nullsAllowed>
<useDomainConstraints>false</useDomainConstraints>
<use>1</use>
<logicalDatatype>LOGDT037</logicalDatatype>
<dataTypeSize>256</dataTypeSize>
<autoIncrementCycle>false</autoIncrementCycle>
</Column>
<Column name="RCPAPPSTR014" id="466F27AC-183F-2A16-77CB-5B736DEDEF0D">
<sourceConnName>deepthought</sourceConnName>
<sourceObjSchema>RCPS</sourceObjSchema>
<sourceObjName>RCPAPPSTR014</sourceObjName>
<createdBy>calittle</createdBy>
<createdTime>2019-04-17 17:26:42 UTC</createdTime>
<commentInRDBMS>An application defined string column.</commentInRDBMS>
<ownerDesignName>ODEE_1262_Design</ownerDesignName>
<nullsAllowed>true</nullsAllowed>
<useDomainConstraints>false</useDomainConstraints>
<use>1</use>
<logicalDatatype>LOGDT037</logicalDatatype>
<dataTypeSize>256</dataTypeSize>
<autoIncrementCycle>false</autoIncrementCycle>
</Column>
<Column name="RCPAPPSTR015" id="1234D9CF-64DD-D15C-0EED-FD3F698C88B1">
<sourceConnName>deepthought</sourceConnName>
<sourceObjSchema>RCPS</sourceObjSchema>
<sourceObjName>RCPAPPSTR015</sourceObjName>
<createdBy>calittle</createdBy>
<createdTime>2019-04-17 17:26:42 UTC</createdTime>
<commentInRDBMS>An application defined string column.</commentInRDBMS>
<ownerDesignName>ODEE_1262_Design</ownerDesignName>
<nullsAllowed>true</nullsAllowed>
<useDomainConstraints>false</useDomainConstraints>
<use>1</use>
<logicalDatatype>LOGDT037</logicalDatatype>
<dataTypeSize>256</dataTypeSize>
<autoIncrementCycle>false</autoIncrementCycle>
</Column>
<Column name="RCPCUSDATE001" id="5550E7E8-53C1-E722-C622-8398848327CE">
<sourceConnName>deepthought</sourceConnName>
<sourceObjSchema>RCPS</sourceObjSchema>
<sourceObjName>RCPCUSDATE001</sourceObjName>
<createdBy>calittle</createdBy>
<createdTime>2019-04-17 17:26:42 UTC</createdTime>
<commentInRDBMS>A custom date and time column.</commentInRDBMS>
<ownerDesignName>ODEE_1262_Design</ownerDesignName>
<nullsAllowed>true</nullsAllowed>
<useDomainConstraints>false</useDomainConstraints>
<use>1</use>
<logicalDatatype>LOGDT015</logicalDatatype>
<dataTypePrecision>6</dataTypePrecision>
<autoIncrementCycle>false</autoIncrementCycle>
</Column>
<Column name="RCPCUSDATE002" id="285C4E87-9C6E-AA65-0001-3ADC00F07FF5">
<sourceConnName>deepthought</sourceConnName>
<sourceObjSchema>RCPS</sourceObjSchema>
<sourceObjName>RCPCUSDATE002</sourceObjName>
<createdBy>calittle</createdBy>
<createdTime>2019-04-17 17:26:42 UTC</createdTime>
<commentInRDBMS>A custom date and time column.</commentInRDBMS>
<ownerDesignName>ODEE_1262_Design</ownerDesignName>
<nullsAllowed>true</nullsAllowed>
<useDomainConstraints>false</useDomainConstraints>
<use>1</use>
<logicalDatatype>LOGDT015</logicalDatatype>
<dataTypePrecision>6</dataTypePrecision>
<autoIncrementCycle>false</autoIncrementCycle>
</Column>
<Column name="RCPCUSDATE003" id="2E196A6A-09BA-031A-682B-5662635117EA">
<sourceConnName>deepthought</sourceConnName>
<sourceObjSchema>RCPS</sourceObjSchema>
<sourceObjName>RCPCUSDATE003</sourceObjName>
<createdBy>calittle</createdBy>
<createdTime>2019-04-17 17:26:42 UTC</createdTime>
<commentInRDBMS>A custom date and time column.</commentInRDBMS>
<ownerDesignName>ODEE_1262_Design</ownerDesignName>
<nullsAllowed>true</nullsAllowed>
<useDomainConstraints>false</useDomainConstraints>
<use>1</use>
<logicalDatatype>LOGDT015</logicalDatatype>
<dataTypePrecision>6</dataTypePrecision>
<autoIncrementCycle>false</autoIncrementCycle>
</Column>
<Column name="RCPCUSDATE004" id="8BDC7A90-905D-2762-4E68-704F5A9875BD">
<sourceConnName>deepthought</sourceConnName>
<sourceObjSchema>RCPS</sourceObjSchema>
<sourceObjName>RCPCUSDATE004</sourceObjName>
<createdBy>calittle</createdBy>
<createdTime>2019-04-17 17:26:42 UTC</createdTime>
<commentInRDBMS>A custom date and time column.</commentInRDBMS>
<ownerDesignName>ODEE_1262_Design</ownerDesignName>
<nullsAllowed>true</nullsAllowed>
<useDomainConstraints>false</useDomainConstraints>
<use>1</use>
<logicalDatatype>LOGDT015</logicalDatatype>
<dataTypePrecision>6</dataTypePrecision>
<autoIncrementCycle>false</autoIncrementCycle>
</Column>
<Column name="RCPCUSDATE005" id="44A1AA9A-C5EB-B920-9935-8BC096EEBF8C">
<sourceConnName>deepthought</sourceConnName>
<sourceObjSchema>RCPS</sourceObjSchema>
<sourceObjName>RCPCUSDATE005</sourceObjName>
<createdBy>calittle</createdBy>
<createdTime>2019-04-17 17:26:42 UTC</createdTime>
<commentInRDBMS>A custom date and time column.</commentInRDBMS>
<ownerDesignName>ODEE_1262_Design</ownerDesignName>
<nullsAllowed>true</nullsAllowed>
<useDomainConstraints>false</useDomainConstraints>
<use>1</use>
<logicalDatatype>LOGDT015</logicalDatatype>
<dataTypePrecision>6</dataTypePrecision>
<autoIncrementCycle>false</autoIncrementCycle>
</Column>
<Column name="RCPCUSDEC001" id="C97E32AA-6C93-8C66-FFD0-A4E0ADE3E055">
<sourceConnName>deepthought</sourceConnName>
<sourceObjSchema>RCPS</sourceObjSchema>
<sourceObjName>RCPCUSDEC001</sourceObjName>
<createdBy>calittle</createdBy>
<createdTime>2019-04-17 17:26:42 UTC</createdTime>
<commentInRDBMS>A custom decimal column.</commentInRDBMS>
<ownerDesignName>ODEE_1262_Design</ownerDesignName>
<nullsAllowed>true</nullsAllowed>
<useDomainConstraints>false</useDomainConstraints>
<use>1</use>
<logicalDatatype>LOGDT019</logicalDatatype>
<dataTypePrecision>19</dataTypePrecision>
<dataTypeScale>4</dataTypeScale>
<autoIncrementCycle>false</autoIncrementCycle>
</Column>
<Column name="RCPCUSDEC002" id="B402407F-B14B-3D65-1022-9993ACC06B92">
<sourceConnName>deepthought</sourceConnName>
<sourceObjSchema>RCPS</sourceObjSchema>
<sourceObjName>RCPCUSDEC002</sourceObjName>
<createdBy>calittle</createdBy>
<createdTime>2019-04-17 17:26:42 UTC</createdTime>
<commentInRDBMS>A custom decimal column.</commentInRDBMS>
<ownerDesignName>ODEE_1262_Design</ownerDesignName>
<nullsAllowed>true</nullsAllowed>
<useDomainConstraints>false</useDomainConstraints>
<use>1</use>
<logicalDatatype>LOGDT019</logicalDatatype>
<dataTypePrecision>19</dataTypePrecision>
<dataTypeScale>4</dataTypeScale>
<autoIncrementCycle>false</autoIncrementCycle>
</Column>
<Column name="RCPCUSDEC003" id="4E276AC7-AE49-5A3E-BBDA-C6A0302C2A6E">
<sourceConnName>deepthought</sourceConnName>
<sourceObjSchema>RCPS</sourceObjSchema>
<sourceObjName>RCPCUSDEC003</sourceObjName>
<createdBy>calittle</createdBy>
<createdTime>2019-04-17 17:26:42 UTC</createdTime>
<commentInRDBMS>A custom decimal column.</commentInRDBMS>
<ownerDesignName>ODEE_1262_Design</ownerDesignName>
<nullsAllowed>true</nullsAllowed>
<useDomainConstraints>false</useDomainConstraints>
<use>1</use>
<logicalDatatype>LOGDT019</logicalDatatype>
<dataTypePrecision>19</dataTypePrecision>
<dataTypeScale>4</dataTypeScale>
<autoIncrementCycle>false</autoIncrementCycle>
</Column>
<Column name="RCPCUSDEC004" id="ED8FEA04-42E0-BFED-3A89-D7642E0FBAB3">
<sourceConnName>deepthought</sourceConnName>
<sourceObjSchema>RCPS</sourceObjSchema>
<sourceObjName>RCPCUSDEC004</sourceObjName>
<createdBy>calittle</createdBy>
<createdTime>2019-04-17 17:26:42 UTC</createdTime>
<commentInRDBMS>A custom decimal column.</commentInRDBMS>
<ownerDesignName>ODEE_1262_Design</ownerDesignName>
<nullsAllowed>true</nullsAllowed>
<useDomainConstraints>false</useDomainConstraints>
<use>1</use>
<logicalDatatype>LOGDT019</logicalDatatype>
<dataTypePrecision>19</dataTypePrecision>
<dataTypeScale>4</dataTypeScale>
<autoIncrementCycle>false</autoIncrementCycle>
</Column>
<Column name="RCPCUSDEC005" id="D39A4937-D478-5746-3ADD-B8B8F9ED48DE">
<sourceConnName>deepthought</sourceConnName>
<sourceObjSchema>RCPS</sourceObjSchema>
<sourceObjName>RCPCUSDEC005</sourceObjName>
<createdBy>calittle</createdBy>
<createdTime>2019-04-17 17:26:42 UTC</createdTime>
<commentInRDBMS>A custom decimal column.</commentInRDBMS>
<ownerDesignName>ODEE_1262_Design</ownerDesignName>
<nullsAllowed>true</nullsAllowed>
<useDomainConstraints>false</useDomainConstraints>
<use>1</use>
<logicalDatatype>LOGDT019</logicalDatatype>
<dataTypePrecision>19</dataTypePrecision>
<dataTypeScale>4</dataTypeScale>
<autoIncrementCycle>false</autoIncrementCycle>
</Column>
<Column name="RCPCUSINT001" id="01333657-AE9D-56CF-65EC-38FE052F3C21">
<sourceConnName>deepthought</sourceConnName>
<sourceObjSchema>RCPS</sourceObjSchema>
<sourceObjName>RCPCUSINT001</sourceObjName>
<createdBy>calittle</createdBy>
<createdTime>2019-04-17 17:26:42 UTC</createdTime>
<commentInRDBMS>A custom signed integer column.</commentInRDBMS>
<ownerDesignName>ODEE_1262_Design</ownerDesignName>
<nullsAllowed>true</nullsAllowed>
<useDomainConstraints>false</useDomainConstraints>
<use>1</use>
<logicalDatatype>LOGDT019</logicalDatatype>
<dataTypePrecision>20</dataTypePrecision>
<autoIncrementCycle>false</autoIncrementCycle>
</Column>
<Column name="RCPCUSINT002" id="8044DC0B-098C-7056-ED35-A7A76468966F">
<sourceConnName>deepthought</sourceConnName>
<sourceObjSchema>RCPS</sourceObjSchema>
<sourceObjName>RCPCUSINT002</sourceObjName>
<createdBy>calittle</createdBy>
<createdTime>2019-04-17 17:26:42 UTC</createdTime>
<commentInRDBMS>A custom signed integer column.</commentInRDBMS>
<ownerDesignName>ODEE_1262_Design</ownerDesignName>
<nullsAllowed>true</nullsAllowed>
<useDomainConstraints>false</useDomainConstraints>
<use>1</use>
<logicalDatatype>LOGDT019</logicalDatatype>
<dataTypePrecision>20</dataTypePrecision>
<autoIncrementCycle>false</autoIncrementCycle>
</Column>
<Column name="RCPCUSINT003" id="1700CE20-A5BD-EF25-0743-B42CB4643F26">
<sourceConnName>deepthought</sourceConnName>
<sourceObjSchema>RCPS</sourceObjSchema>
<sourceObjName>RCPCUSINT003</sourceObjName>
<createdBy>calittle</createdBy>
<createdTime>2019-04-17 17:26:42 UTC</createdTime>
<commentInRDBMS>A custom signed integer column.</commentInRDBMS>
<ownerDesignName>ODEE_1262_Design</ownerDesignName>
<nullsAllowed>true</nullsAllowed>
<useDomainConstraints>false</useDomainConstraints>
<use>1</use>
<logicalDatatype>LOGDT019</logicalDatatype>
<dataTypePrecision>20</dataTypePrecision>
<autoIncrementCycle>false</autoIncrementCycle>
</Column>
<Column name="RCPCUSINT004" id="A64B0480-F3DA-BE1A-55AC-A3682D293299">
<sourceConnName>deepthought</sourceConnName>
<sourceObjSchema>RCPS</sourceObjSchema>
<sourceObjName>RCPCUSINT004</sourceObjName>
<createdBy>calittle</createdBy>
<createdTime>2019-04-17 17:26:42 UTC</createdTime>
<commentInRDBMS>A custom signed integer column.</commentInRDBMS>
<ownerDesignName>ODEE_1262_Design</ownerDesignName>
<nullsAllowed>true</nullsAllowed>
<useDomainConstraints>false</useDomainConstraints>
<use>1</use>
<logicalDatatype>LOGDT019</logicalDatatype>
<dataTypePrecision>20</dataTypePrecision>
<autoIncrementCycle>false</autoIncrementCycle>
</Column>
<Column name="RCPCUSINT005" id="38C8E693-B133-CC0A-873E-A528A59ECB84">
<sourceConnName>deepthought</sourceConnName>
<sourceObjSchema>RCPS</sourceObjSchema>
<sourceObjName>RCPCUSINT005</sourceObjName>
<createdBy>calittle</createdBy>
<createdTime>2019-04-17 17:26:42 UTC</createdTime>
<commentInRDBMS>A custom signed integer column.</commentInRDBMS>
<ownerDesignName>ODEE_1262_Design</ownerDesignName>
<nullsAllowed>true</nullsAllowed>
<useDomainConstraints>false</useDomainConstraints>
<use>1</use>
<logicalDatatype>LOGDT019</logicalDatatype>
<dataTypePrecision>20</dataTypePrecision>
<autoIncrementCycle>false</autoIncrementCycle>
</Column>
<Column name="RCPCUSSTR001" id="CA92113A-BB26-9E43-7D9F-BE0181EF5858">
<sourceConnName>deepthought</sourceConnName>
<sourceObjSchema>RCPS</sourceObjSchema>
<sourceObjName>RCPCUSSTR001</sourceObjName>
<createdBy>calittle</createdBy>
<createdTime>2019-04-17 17:26:42 UTC</createdTime>
<commentInRDBMS>A custom string column.</commentInRDBMS>
<ownerDesignName>ODEE_1262_Design</ownerDesignName>
<nullsAllowed>true</nullsAllowed>
<useDomainConstraints>false</useDomainConstraints>
<use>1</use>
<logicalDatatype>LOGDT037</logicalDatatype>
<dataTypeSize>256</dataTypeSize>
<autoIncrementCycle>false</autoIncrementCycle>
</Column>
<Column name="RCPCUSSTR002" id="DA0108FD-F625-F8E3-7A96-6040AA20BE3F">
<sourceConnName>deepthought</sourceConnName>
<sourceObjSchema>RCPS</sourceObjSchema>
<sourceObjName>RCPCUSSTR002</sourceObjName>
<createdBy>calittle</createdBy>
<createdTime>2019-04-17 17:26:42 UTC</createdTime>
<commentInRDBMS>A custom string column.</commentInRDBMS>
<ownerDesignName>ODEE_1262_Design</ownerDesignName>
<nullsAllowed>true</nullsAllowed>
<useDomainConstraints>false</useDomainConstraints>
<use>1</use>
<logicalDatatype>LOGDT037</logicalDatatype>
<dataTypeSize>256</dataTypeSize>
<autoIncrementCycle>false</autoIncrementCycle>
</Column>
<Column name="RCPCUSSTR003" id="F4118733-6DCF-370F-4E73-4E085A8F1894">
<sourceConnName>deepthought</sourceConnName>
<sourceObjSchema>RCPS</sourceObjSchema>
<sourceObjName>RCPCUSSTR003</sourceObjName>
<createdBy>calittle</createdBy>
<createdTime>2019-04-17 17:26:42 UTC</createdTime>
<commentInRDBMS>A custom string column.</commentInRDBMS>
<ownerDesignName>ODEE_1262_Design</ownerDesignName>
<nullsAllowed>true</nullsAllowed>
<useDomainConstraints>false</useDomainConstraints>
<use>1</use>
<logicalDatatype>LOGDT037</logicalDatatype>
<dataTypeSize>256</dataTypeSize>
<autoIncrementCycle>false</autoIncrementCycle>
</Column>
<Column name="RCPCUSSTR004" id="B1956B9B-C790-B89F-BED6-F2D32CE568D5">
<sourceConnName>deepthought</sourceConnName>
<sourceObjSchema>RCPS</sourceObjSchema>
<sourceObjName>RCPCUSSTR004</sourceObjName>
<createdBy>calittle</createdBy>
<createdTime>2019-04-17 17:26:42 UTC</createdTime>
<commentInRDBMS>A custom string column.</commentInRDBMS>
<ownerDesignName>ODEE_1262_Design</ownerDesignName>
<nullsAllowed>true</nullsAllowed>
<useDomainConstraints>false</useDomainConstraints>
<use>1</use>
<logicalDatatype>LOGDT037</logicalDatatype>
<dataTypeSize>256</dataTypeSize>
<autoIncrementCycle>false</autoIncrementCycle>
</Column>
<Column name="RCPCUSSTR005" id="1010BA26-A781-6385-A2DF-407F268989B6">
<sourceConnName>deepthought</sourceConnName>
<sourceObjSchema>RCPS</sourceObjSchema>
<sourceObjName>RCPCUSSTR005</sourceObjName>
<createdBy>calittle</createdBy>
<createdTime>2019-04-17 17:26:42 UTC</createdTime>
<commentInRDBMS>A custom string column.</commentInRDBMS>
<ownerDesignName>ODEE_1262_Design</ownerDesignName>
<nullsAllowed>true</nullsAllowed>
<useDomainConstraints>false</useDomainConstraints>
<use>1</use>
<logicalDatatype>LOGDT037</logicalDatatype>
<dataTypeSize>256</dataTypeSize>
<autoIncrementCycle>false</autoIncrementCycle>
</Column>
<Column name="RCPCUSSTR006" id="C80755BF-3B01-4D67-4AD8-F9BFB3EF8102">
<sourceConnName>deepthought</sourceConnName>
<sourceObjSchema>RCPS</sourceObjSchema>
<sourceObjName>RCPCUSSTR006</sourceObjName>
<createdBy>calittle</createdBy>
<createdTime>2019-04-17 17:26:42 UTC</createdTime>
<commentInRDBMS>A custom string column.</commentInRDBMS>
<ownerDesignName>ODEE_1262_Design</ownerDesignName>
<nullsAllowed>true</nullsAllowed>
<useDomainConstraints>false</useDomainConstraints>
<use>1</use>
<logicalDatatype>LOGDT037</logicalDatatype>
<dataTypeSize>256</dataTypeSize>
<autoIncrementCycle>false</autoIncrementCycle>
</Column>
<Column name="RCPCUSSTR007" id="606DDCB2-284B-81AC-238A-411563351AF9">
<sourceConnName>deepthought</sourceConnName>
<sourceObjSchema>RCPS</sourceObjSchema>
<sourceObjName>RCPCUSSTR007</sourceObjName>
<createdBy>calittle</createdBy>
<createdTime>2019-04-17 17:26:42 UTC</createdTime>
<commentInRDBMS>A custom string column.</commentInRDBMS>
<ownerDesignName>ODEE_1262_Design</ownerDesignName>
<nullsAllowed>true</nullsAllowed>
<useDomainConstraints>false</useDomainConstraints>
<use>1</use>
<logicalDatatype>LOGDT037</logicalDatatype>
<dataTypeSize>256</dataTypeSize>
<autoIncrementCycle>false</autoIncrementCycle>
</Column>
<Column name="RCPCUSSTR008" id="42FF3CD0-2F00-51E0-3737-821F18BE8467">
<sourceConnName>deepthought</sourceConnName>
<sourceObjSchema>RCPS</sourceObjSchema>
<sourceObjName>RCPCUSSTR008</sourceObjName>
<createdBy>calittle</createdBy>
<createdTime>2019-04-17 17:26:42 UTC</createdTime>
<commentInRDBMS>A custom string column.</commentInRDBMS>
<ownerDesignName>ODEE_1262_Design</ownerDesignName>
<nullsAllowed>true</nullsAllowed>
<useDomainConstraints>false</useDomainConstraints>
<use>1</use>
<logicalDatatype>LOGDT037</logicalDatatype>
<dataTypeSize>256</dataTypeSize>
<autoIncrementCycle>false</autoIncrementCycle>
</Column>
<Column name="RCPCUSSTR009" id="FA4C9932-994C-832F-029A-91BCAFA3C391">
<sourceConnName>deepthought</sourceConnName>
<sourceObjSchema>RCPS</sourceObjSchema>
<sourceObjName>RCPCUSSTR009</sourceObjName>
<createdBy>calittle</createdBy>
<createdTime>2019-04-17 17:26:42 UTC</createdTime>
<commentInRDBMS>A custom string column.</commentInRDBMS>
<ownerDesignName>ODEE_1262_Design</ownerDesignName>
<nullsAllowed>true</nullsAllowed>
<useDomainConstraints>false</useDomainConstraints>
<use>1</use>
<logicalDatatype>LOGDT037</logicalDatatype>
<dataTypeSize>256</dataTypeSize>
<autoIncrementCycle>false</autoIncrementCycle>
</Column>
<Column name="RCPCUSSTR010" id="07D0801D-F92A-B9E6-BA71-82BE6688B493">
<sourceConnName>deepthought</sourceConnName>
<sourceObjSchema>RCPS</sourceObjSchema>
<sourceObjName>RCPCUSSTR010</sourceObjName>
<createdBy>calittle</createdBy>
<createdTime>2019-04-17 17:26:42 UTC</createdTime>
<commentInRDBMS>A custom string column.</commentInRDBMS>
<ownerDesignName>ODEE_1262_Design</ownerDesignName>
<nullsAllowed>true</nullsAllowed>
<useDomainConstraints>false</useDomainConstraints>
<use>1</use>
<logicalDatatype>LOGDT037</logicalDatatype>
<dataTypeSize>256</dataTypeSize>
<autoIncrementCycle>false</autoIncrementCycle>
</Column>
<Column name="RCPCUSSTR011" id="5075DD7B-C756-9693-8117-43A661834037">
<sourceConnName>deepthought</sourceConnName>
<sourceObjSchema>RCPS</sourceObjSchema>
<sourceObjName>RCPCUSSTR011</sourceObjName>
<createdBy>calittle</createdBy>
<createdTime>2019-04-17 17:26:42 UTC</createdTime>
<commentInRDBMS>A custom string column.</commentInRDBMS>
<ownerDesignName>ODEE_1262_Design</ownerDesignName>
<nullsAllowed>true</nullsAllowed>
<useDomainConstraints>false</useDomainConstraints>
<use>1</use>
<logicalDatatype>LOGDT037</logicalDatatype>
<dataTypeSize>256</dataTypeSize>
<autoIncrementCycle>false</autoIncrementCycle>
</Column>
<Column name="RCPCUSSTR012" id="48C13453-590E-59D1-8D7E-51222AF4E4F1">
<sourceConnName>deepthought</sourceConnName>
<sourceObjSchema>RCPS</sourceObjSchema>
<sourceObjName>RCPCUSSTR012</sourceObjName>
<createdBy>calittle</createdBy>
<createdTime>2019-04-17 17:26:43 UTC</createdTime>
<commentInRDBMS>A custom string column.</commentInRDBMS>
<ownerDesignName>ODEE_1262_Design</ownerDesignName>
<nullsAllowed>true</nullsAllowed>
<useDomainConstraints>false</useDomainConstraints>
<use>1</use>
<logicalDatatype>LOGDT037</logicalDatatype>
<dataTypeSize>256</dataTypeSize>
<autoIncrementCycle>false</autoIncrementCycle>
</Column>
<Column name="RCPCUSSTR013" id="DD619561-C4F5-E909-48CC-1E31E4F8C575">
<sourceConnName>deepthought</sourceConnName>
<sourceObjSchema>RCPS</sourceObjSchema>
<sourceObjName>RCPCUSSTR013</sourceObjName>
<createdBy>calittle</createdBy>
<createdTime>2019-04-17 17:26:43 UTC</createdTime>
<commentInRDBMS>A custom string column.</commentInRDBMS>
<ownerDesignName>ODEE_1262_Design</ownerDesignName>
<nullsAllowed>true</nullsAllowed>
<useDomainConstraints>false</useDomainConstraints>
<use>1</use>
<logicalDatatype>LOGDT037</logicalDatatype>
<dataTypeSize>256</dataTypeSize>
<autoIncrementCycle>false</autoIncrementCycle>
</Column>
<Column name="RCPCUSSTR014" id="1EF35A66-96D4-7C75-85CE-96F7C0E08BDC">
<sourceConnName>deepthought</sourceConnName>
<sourceObjSchema>RCPS</sourceObjSchema>
<sourceObjName>RCPCUSSTR014</sourceObjName>
<createdBy>calittle</createdBy>
<createdTime>2019-04-17 17:26:43 UTC</createdTime>
<commentInRDBMS>A custom string column.</commentInRDBMS>
<ownerDesignName>ODEE_1262_Design</ownerDesignName>
<nullsAllowed>true</nullsAllowed>
<useDomainConstraints>false</useDomainConstraints>
<use>1</use>
<logicalDatatype>LOGDT037</logicalDatatype>
<dataTypeSize>256</dataTypeSize>
<autoIncrementCycle>false</autoIncrementCycle>
</Column>
<Column name="RCPCUSSTR015" id="8A824702-6372-4327-AE96-DADD90AA3FCC">
<sourceConnName>deepthought</sourceConnName>
<sourceObjSchema>RCPS</sourceObjSchema>
<sourceObjName>RCPCUSSTR015</sourceObjName>
<createdBy>calittle</createdBy>
<createdTime>2019-04-17 17:26:43 UTC</createdTime>
<commentInRDBMS>A custom string column.</commentInRDBMS>
<ownerDesignName>ODEE_1262_Design</ownerDesignName>
<nullsAllowed>true</nullsAllowed>
<useDomainConstraints>false</useDomainConstraints>
<use>1</use>
<logicalDatatype>LOGDT037</logicalDatatype>
<dataTypeSize>256</dataTypeSize>
<autoIncrementCycle>false</autoIncrementCycle>
</Column>
<Column name="RCBPRTFLAG" id="68E9DA69-BE6E-796B-71C0-37561782BF20">
<sourceConnName>deepthought</sourceConnName>
<sourceObjSchema>RCPS</sourceObjSchema>
<sourceObjName>RCBPRTFLAG</sourceObjName>
<createdBy>calittle</createdBy>
<createdTime>2019-04-17 17:26:43 UTC</createdTime>
<ownerDesignName>ODEE_1262_Design</ownerDesignName>
<nullsAllowed>true</nullsAllowed>
<useDomainConstraints>false</useDomainConstraints>
<use>1</use>
<logicalDatatype>LOGDT037</logicalDatatype>
<dataTypeSize>5</dataTypeSize>
<autoIncrementCycle>false</autoIncrementCycle>
</Column>
<Column name="RCBRCPCODE" id="4333BA78-692D-38DD-5DCF-98FA96A5B4AF">
<sourceConnName>deepthought</sourceConnName>
<sourceObjSchema>RCPS</sourceObjSchema>
<sourceObjName>RCBRCPCODE</sourceObjName>
<createdBy>calittle</createdBy>
<createdTime>2019-04-17 17:26:43 UTC</createdTime>
<ownerDesignName>ODEE_1262_Design</ownerDesignName>
<nullsAllowed>true</nullsAllowed>
<useDomainConstraints>false</useDomainConstraints>
<use>1</use>
<logicalDatatype>LOGDT037</logicalDatatype>
<dataTypeSize>10</dataTypeSize>
<autoIncrementCycle>false</autoIncrementCycle>
</Column>
<Column name="RCBRCPNAME" id="AE3E06CF-1821-3067-4B0B-F0701E5A7BFA">
<sourceConnName>deepthought</sourceConnName>
<sourceObjSchema>RCPS</sourceObjSchema>
<sourceObjName>RCBRCPNAME</sourceObjName>
<createdBy>calittle</createdBy>
<createdTime>2019-04-17 17:26:43 UTC</createdTime>
<ownerDesignName>ODEE_1262_Design</ownerDesignName>
<nullsAllowed>true</nullsAllowed>
<useDomainConstraints>false</useDomainConstraints>
<use>1</use>
<logicalDatatype>LOGDT037</logicalDatatype>
<dataTypeSize>100</dataTypeSize>
<autoIncrementCycle>false</autoIncrementCycle>
</Column>
<Column name="RCBERROR" id="7D7F01CB-F7FA-CC79-17F4-4AF9C99CD2FA">
<sourceConnName>deepthought</sourceConnName>
<sourceObjSchema>RCPS</sourceObjSchema>
<sourceObjName>RCBERROR</sourceObjName>
<createdBy>calittle</createdBy>
<createdTime>2019-04-17 17:26:43 UTC</createdTime>
<ownerDesignName>ODEE_1262_Design</ownerDesignName>
<nullsAllowed>true</nullsAllowed>
<useDomainConstraints>false</useDomainConstraints>
<use>1</use>
<logicalDatatype>LOGDT037</logicalDatatype>
<dataTypeSize>256</dataTypeSize>
<autoIncrementCycle>false</autoIncrementCycle>
</Column>
<Column name="RCPRETENTION" id="F0A783D1-F4CD-7EF4-1068-44B7AD72A80D">
<sourceConnName>deepthought</sourceConnName>
<sourceObjSchema>RCPS</sourceObjSchema>
<sourceObjName>RCPRETENTION</sourceObjName>
<createdBy>calittle</createdBy>
<createdTime>2019-04-17 17:26:43 UTC</createdTime>
<commentInRDBMS>Date and time of the retention removal.</commentInRDBMS>
<ownerDesignName>ODEE_1262_Design</ownerDesignName>
<nullsAllowed>true</nullsAllowed>
<useDomainConstraints>false</useDomainConstraints>
<use>1</use>
<logicalDatatype>LOGDT015</logicalDatatype>
<dataTypePrecision>6</dataTypePrecision>
<autoIncrementCycle>false</autoIncrementCycle>
</Column>
<Column name="RCPRETHOLD" id="FBF71393-C733-C7F6-8EA7-6BB876AB8DBD">
<sourceConnName>deepthought</sourceConnName>
<sourceObjSchema>RCPS</sourceObjSchema>
<sourceObjName>RCPRETHOLD</sourceObjName>
<createdBy>calittle</createdBy>
<createdTime>2019-04-17 17:26:43 UTC</createdTime>
<commentInRDBMS>Boolean for overriding retention date removal.</commentInRDBMS>
<ownerDesignName>ODEE_1262_Design</ownerDesignName>
<nullsAllowed>true</nullsAllowed>
<useDomainConstraints>false</useDomainConstraints>
<use>1</use>
<logicalDatatype>LOGDT019</logicalDatatype>
<dataTypePrecision>5</dataTypePrecision>
<defaultValue>0</defaultValue>
<autoIncrementCycle>false</autoIncrementCycle>
</Column>
<Column name="RCPHISTORY" id="582D6DB7-EE0B-4AB9-FA49-E100636615A6">
<sourceConnName>deepthought</sourceConnName>
<sourceObjSchema>RCPS</sourceObjSchema>
<sourceObjName>RCPHISTORY</sourceObjName>
<createdBy>calittle</createdBy>
<createdTime>2019-04-17 17:26:43 UTC</createdTime>
<commentInRDBMS>1 True by default.&lt;br/&gt;Indicates if the rcps table data is to be copied to the history table upon delete.&lt;br/&gt;Is set to 0 False by an application before deleting if a purge is needed. </commentInRDBMS>
<ownerDesignName>ODEE_1262_Design</ownerDesignName>
<nullsAllowed>true</nullsAllowed>
<useDomainConstraints>false</useDomainConstraints>
<use>1</use>
<logicalDatatype>LOGDT019</logicalDatatype>
<dataTypePrecision>5</dataTypePrecision>
<defaultValue>1</defaultValue>
<autoIncrementCycle>false</autoIncrementCycle>
</Column>
<Column name="RCPHISTORICAL" id="24E57390-BAA7-E75A-30E8-EADE6EC41983">
<sourceConnName>deepthought</sourceConnName>
<sourceObjSchema>RCPS</sourceObjSchema>
<sourceObjName>RCPHISTORICAL</sourceObjName>
<createdBy>calittle</createdBy>
<createdTime>2019-04-17 17:26:43 UTC</createdTime>
<commentInRDBMS>Indicator that RCP is in the HISTORY table.&lt;br/&gt;Defaults to FALSE (0) and when inserted into the RCPSHIST defaults to&lt;br/&gt;TRUE (1).  Must be reset to FALSE (0) if data is taken from thei History&lt;br/&gt;and reprocessed in the active tables. </commentInRDBMS>
<ownerDesignName>ODEE_1262_Design</ownerDesignName>
<nullsAllowed>true</nullsAllowed>
<useDomainConstraints>false</useDomainConstraints>
<use>1</use>
<logicalDatatype>LOGDT019</logicalDatatype>
<dataTypePrecision>5</dataTypePrecision>
<defaultValue>0</defaultValue>
<autoIncrementCycle>false</autoIncrementCycle>
</Column>
</columns>
<indexes itemClass="oracle.dbtools.crest.model.design.relational.Index">
<ind_PK_UK id="06BB56E4-9821-CE6F-8B7C-D7CC260E2B93" name="RCPS_PK">
<sourceConnName>deepthought</sourceConnName>
<sourceObjSchema>DMKR_ASLINE</sourceObjSchema>
<sourceObjName>RCPS_PK</sourceObjName>
<createdBy>calittle</createdBy>
<createdTime>2019-04-17 17:26:51 UTC</createdTime>
<ownerDesignName>ODEE_1262_Design</ownerDesignName>
<pk>true</pk>
<indexState>Primary Constraint</indexState>
<isSurrogateKey>false</isSurrogateKey>
<indexColumnUsage>
<colUsage columnID="6E16B190-F6C0-2E0F-FFC5-C054EB843719"/>
<colUsage columnID="0ABC2C28-08FE-5D1F-4626-CA98D25B7CA2"/>
</indexColumnUsage>
</ind_PK_UK>
<ind_PK_UK id="51C27A50-F8C9-2F6B-EBA6-8C637937F8FD" name="RCPUNIQUE_ID">
<sourceConnName>deepthought</sourceConnName>
<sourceObjSchema>DMKR_ASLINE</sourceObjSchema>
<sourceObjName>RCPUNIQUE_ID</sourceObjName>
<createdBy>calittle</createdBy>
<createdTime>2019-04-17 17:26:51 UTC</createdTime>
<ownerDesignName>ODEE_1262_Design</ownerDesignName>
<indexState>Unique Constraint</indexState>
<isSurrogateKey>false</isSurrogateKey>
<indexColumnUsage>
<colUsage columnID="CE13B7D7-397A-F7C8-182C-7AE9BA869A7C"/>
</indexColumnUsage>
</ind_PK_UK>
<ind_PK_UK id="DD55D5B2-79A5-7ABA-33F8-8A3124AA47A5" name="RCPS_ADRPOSTALCODE">
<sourceConnName>deepthought</sourceConnName>
<sourceObjSchema>DMKR_ASLINE</sourceObjSchema>
<sourceObjName>RCPS_ADRPOSTALCODE</sourceObjName>
<createdBy>calittle</createdBy>
<createdTime>2019-04-17 17:26:48 UTC</createdTime>
<ownerDesignName>ODEE_1262_Design</ownerDesignName>
<schemaObject>8FC895A7-E0A2-11C9-AE90-BEF4CA704C97</schemaObject>
<isSurrogateKey>false</isSurrogateKey>
<indexColumnUsage>
<colUsage columnID="0C60BE52-47B4-8C09-C5B7-7C96F7BC092A"/>
</indexColumnUsage>
</ind_PK_UK>
<ind_PK_UK id="EE674794-5EEE-850E-40FF-F83F1A28ADE5" name="RCPS_ADRSELECTED">
<sourceConnName>deepthought</sourceConnName>
<sourceObjSchema>DMKR_ASLINE</sourceObjSchema>
<sourceObjName>RCPS_ADRSELECTED</sourceObjName>
<createdBy>calittle</createdBy>
<createdTime>2019-04-17 17:26:48 UTC</createdTime>
<ownerDesignName>ODEE_1262_Design</ownerDesignName>
<schemaObject>8FC895A7-E0A2-11C9-AE90-BEF4CA704C97</schemaObject>
<isSurrogateKey>false</isSurrogateKey>
<indexColumnUsage>
<colUsage columnID="E1E9C8EE-076F-29D3-D352-C2887ECBF128"/>
</indexColumnUsage>
</ind_PK_UK>
<ind_PK_UK id="9F304BEB-E919-B986-7B8C-C92785F431CD" name="RCPS_TRNID_ADRSELECTED">
<sourceConnName>deepthought</sourceConnName>
<sourceObjSchema>DMKR_ASLINE</sourceObjSchema>
<sourceObjName>RCPS_TRNID_ADRSELECTED</sourceObjName>
<createdBy>calittle</createdBy>
<createdTime>2019-04-17 17:26:49 UTC</createdTime>
<ownerDesignName>ODEE_1262_Design</ownerDesignName>
<schemaObject>8FC895A7-E0A2-11C9-AE90-BEF4CA704C97</schemaObject>
<isSurrogateKey>false</isSurrogateKey>
<indexColumnUsage>
<colUsage columnID="0ABC2C28-08FE-5D1F-4626-CA98D25B7CA2"/>
<colUsage columnID="E1E9C8EE-076F-29D3-D352-C2887ECBF128"/>
</indexColumnUsage>
</ind_PK_UK>
<ind_PK_UK id="178D2281-CF65-31F0-97B0-76189D702498" name="RCPS_TRNID">
<sourceConnName>deepthought</sourceConnName>
<sourceObjSchema>DMKR_ASLINE</sourceObjSchema>
<sourceObjName>RCPS_TRNID</sourceObjName>
<createdBy>calittle</createdBy>
<createdTime>2019-04-17 17:26:49 UTC</createdTime>
<ownerDesignName>ODEE_1262_Design</ownerDesignName>
<schemaObject>8FC895A7-E0A2-11C9-AE90-BEF4CA704C97</schemaObject>
<isSurrogateKey>false</isSurrogateKey>
<indexColumnUsage>
<colUsage columnID="0ABC2C28-08FE-5D1F-4626-CA98D25B7CA2"/>
</indexColumnUsage>
</ind_PK_UK>
<ind_PK_UK id="D8596F99-A17F-CB1C-334E-73765C206F3E" name="RCPS_RCP_ID">
<sourceConnName>deepthought</sourceConnName>
<sourceObjSchema>DMKR_ASLINE</sourceObjSchema>
<sourceObjName>RCPS_RCP_ID</sourceObjName>
<createdBy>calittle</createdBy>
<createdTime>2019-04-17 17:26:49 UTC</createdTime>
<ownerDesignName>ODEE_1262_Design</ownerDesignName>
<schemaObject>8FC895A7-E0A2-11C9-AE90-BEF4CA704C97</schemaObject>
<isSurrogateKey>false</isSurrogateKey>
<indexColumnUsage>
<colUsage columnID="6E16B190-F6C0-2E0F-FFC5-C054EB843719"/>
</indexColumnUsage>
</ind_PK_UK>
<ind_PK_UK id="AA3885D4-1E6C-5024-279C-8562B8577941" name="RCPS_PK">
<sourceConnName>deepthought</sourceConnName>
<sourceObjSchema>DMKR_ASLINE</sourceObjSchema>
<sourceObjName>RCPS_PK</sourceObjName>
<createdBy>calittle</createdBy>
<createdTime>2019-04-17 17:26:49 UTC</createdTime>
<ownerDesignName>ODEE_1262_Design</ownerDesignName>
<indexState>Unique Plain Index</indexState>
<schemaObject>8FC895A7-E0A2-11C9-AE90-BEF4CA704C97</schemaObject>
<isSurrogateKey>false</isSurrogateKey>
<indexColumnUsage>
<colUsage columnID="6E16B190-F6C0-2E0F-FFC5-C054EB843719"/>
<colUsage columnID="0ABC2C28-08FE-5D1F-4626-CA98D25B7CA2"/>
</indexColumnUsage>
</ind_PK_UK>
<ind_PK_UK id="ED23E56B-E559-A87A-ABB9-3D1A88722E24" name="RCPUNIQUE_ID">
<sourceConnName>deepthought</sourceConnName>
<sourceObjSchema>DMKR_ASLINE</sourceObjSchema>
<sourceObjName>RCPUNIQUE_ID</sourceObjName>
<createdBy>calittle</createdBy>
<createdTime>2019-04-17 17:26:49 UTC</createdTime>
<ownerDesignName>ODEE_1262_Design</ownerDesignName>
<indexState>Unique Plain Index</indexState>
<schemaObject>8FC895A7-E0A2-11C9-AE90-BEF4CA704C97</schemaObject>
<isSurrogateKey>false</isSurrogateKey>
<indexColumnUsage>
<colUsage columnID="CE13B7D7-397A-F7C8-182C-7AE9BA869A7C"/>
</indexColumnUsage>
</ind_PK_UK>
<ind_PK_UK id="B9287730-2F95-3F6D-78EA-11150C99AAAC" name="RCPS_STATS">
<sourceConnName>deepthought</sourceConnName>
<sourceObjSchema>DMKR_ASLINE</sourceObjSchema>
<sourceObjName>RCPS_STATS</sourceObjName>
<createdBy>calittle</createdBy>
<createdTime>2019-04-17 17:26:49 UTC</createdTime>
<ownerDesignName>ODEE_1262_Design</ownerDesignName>
<schemaObject>8FC895A7-E0A2-11C9-AE90-BEF4CA704C97</schemaObject>
<isSurrogateKey>false</isSurrogateKey>
<indexColumnUsage>
<colUsage columnID="FB3AA996-C7D1-EF48-E2E1-6147950F1B9D"/>
</indexColumnUsage>
</ind_PK_UK>
<ind_PK_UK id="F1B64C01-41CB-1E10-B603-686AE71D61CA" name="RCPS_NAMETYPE">
<sourceConnName>deepthought</sourceConnName>
<sourceObjSchema>DMKR_ASLINE</sourceObjSchema>
<sourceObjName>RCPS_NAMETYPE</sourceObjName>
<createdBy>calittle</createdBy>
<createdTime>2019-04-17 17:26:49 UTC</createdTime>
<ownerDesignName>ODEE_1262_Design</ownerDesignName>
<schemaObject>8FC895A7-E0A2-11C9-AE90-BEF4CA704C97</schemaObject>
<isSurrogateKey>false</isSurrogateKey>
<indexColumnUsage>
<colUsage columnID="6D342EC9-CBBF-BE1A-96B4-90D20AEFF8B0"/>
<colUsage columnID="30A8DDCA-1116-C864-A593-C267C7BA4A34"/>
</indexColumnUsage>
</ind_PK_UK>
<ind_PK_UK id="70C625F2-88D4-E766-16B5-B1B5861A3CD9" name="TRNS_RCPS">
<createdBy>calittle</createdBy>
<createdTime>2019-04-17 17:26:52 UTC</createdTime>
<ownerDesignName>ODEE_1262_Design</ownerDesignName>
<indexState>Foreign Key</indexState>
<isSurrogateKey>false</isSurrogateKey>
<indexColumnUsage>
<colUsage columnID="0ABC2C28-08FE-5D1F-4626-CA98D25B7CA2"/>
</indexColumnUsage>
</ind_PK_UK>
</indexes>
</Table>