<?xml version = '1.0' encoding = 'UTF-8'?>
<Table class="oracle.dbtools.crest.model.design.relational.Table" directorySegmentName="seg_0" id="D4E116DD-C838-127F-D3FF-0D67CA930195" name="REJECT_REASONS">
<sourceConnName>deepthought</sourceConnName>
<sourceObjSchema>DMKR_ASLINE</sourceObjSchema>
<sourceObjName>REJECT_REASONS</sourceObjName>
<createdBy>calittle</createdBy>
<createdTime>2019-04-17 17:26:08 UTC</createdTime>
<ownerDesignName>ODEE_1262_Design</ownerDesignName>
<schemaObject>8FC895A7-E0A2-11C9-AE90-BEF4CA704C97</schemaObject>
<allowColumnReorder>false</allowColumnReorder>
<existDependencyGenerateInDDl>true</existDependencyGenerateInDDl>
<columns itemClass="oracle.dbtools.crest.model.design.relational.Column">
<Column name="REASON_ID" id="9AE2B96C-0EF5-B623-A91D-E5D522097386">
<sourceConnName>deepthought</sourceConnName>
<sourceObjSchema>REJECT_REASONS</sourceObjSchema>
<sourceObjName>REASON_ID</sourceObjName>
<createdBy>calittle</createdBy>
<createdTime>2019-04-17 17:26:44 UTC</createdTime>
<ownerDesignName>ODEE_1262_Design</ownerDesignName>
<useDomainConstraints>false</useDomainConstraints>
<use>1</use>
<logicalDatatype>LOGDT037</logicalDatatype>
<dataTypeSize>6</dataTypeSize>
<autoIncrementCycle>false</autoIncrementCycle>
</Column>
<Column name="DESCRIPTION" id="37825809-60FB-9F05-0FBA-684E9B5134A6">
<sourceConnName>deepthought</sourceConnName>
<sourceObjSchema>REJECT_REASONS</sourceObjSchema>
<sourceObjName>DESCRIPTION</sourceObjName>
<createdBy>calittle</createdBy>
<createdTime>2019-04-17 17:26:44 UTC</createdTime>
<ownerDesignName>ODEE_1262_Design</ownerDesignName>
<useDomainConstraints>false</useDomainConstraints>
<use>1</use>
<logicalDatatype>LOGDT037</logicalDatatype>
<dataTypeSize>256</dataTypeSize>
<autoIncrementCycle>false</autoIncrementCycle>
</Column>
</columns>
<indexes itemClass="oracle.dbtools.crest.model.design.relational.Index">
<ind_PK_UK id="E18BA509-492C-3A75-A69C-B1F047D6B62C" name="REJECT_REASONS_PK">
<sourceConnName>deepthought</sourceConnName>
<sourceObjSchema>DMKR_ASLINE</sourceObjSchema>
<sourceObjName>REJECT_REASONS_PK</sourceObjName>
<createdBy>calittle</createdBy>
<createdTime>2019-04-17 17:26:51 UTC</createdTime>
<ownerDesignName>ODEE_1262_Design</ownerDesignName>
<pk>true</pk>
<indexState>Primary Constraint</indexState>
<isSurrogateKey>false</isSurrogateKey>
<indexColumnUsage>
<colUsage columnID="9AE2B96C-0EF5-B623-A91D-E5D522097386"/>
</indexColumnUsage>
</ind_PK_UK>
<ind_PK_UK id="7AA42169-3125-ADFC-76A3-DB1E9F9E278A" name="REJECT_REASONS_PK">
<sourceConnName>deepthought</sourceConnName>
<sourceObjSchema>DMKR_ASLINE</sourceObjSchema>
<sourceObjName>REJECT_REASONS_PK</sourceObjName>
<createdBy>calittle</createdBy>
<createdTime>2019-04-17 17:26:49 UTC</createdTime>
<ownerDesignName>ODEE_1262_Design</ownerDesignName>
<indexState>Unique Plain Index</indexState>
<schemaObject>8FC895A7-E0A2-11C9-AE90-BEF4CA704C97</schemaObject>
<isSurrogateKey>false</isSurrogateKey>
<indexColumnUsage>
<colUsage columnID="9AE2B96C-0EF5-B623-A91D-E5D522097386"/>
</indexColumnUsage>
</ind_PK_UK>
</indexes>
</Table>