<?xml version = '1.0' encoding = 'UTF-8'?>
<Table class="oracle.dbtools.crest.model.design.relational.Table" directorySegmentName="seg_0" id="DF4216D1-8F93-FA84-23FF-36C7DA848706" name="PREFERREDLANG">
<sourceConnName>deepthought</sourceConnName>
<sourceObjSchema>DMKR_ASLINE</sourceObjSchema>
<sourceObjName>PREFERREDLANG</sourceObjName>
<createdBy>calittle</createdBy>
<createdTime>2019-04-17 17:25:56 UTC</createdTime>
<ownerDesignName>ODEE_1262_Design</ownerDesignName>
<schemaObject>8FC895A7-E0A2-11C9-AE90-BEF4CA704C97</schemaObject>
<allowColumnReorder>false</allowColumnReorder>
<existDependencyGenerateInDDl>true</existDependencyGenerateInDDl>
<columns itemClass="oracle.dbtools.crest.model.design.relational.Column">
<Column name="LANG" id="F4E3DD6D-2B27-BA93-646E-15E51C1C41E5">
<sourceConnName>deepthought</sourceConnName>
<sourceObjSchema>PREFERREDLANG</sourceObjSchema>
<sourceObjName>LANG</sourceObjName>
<createdBy>calittle</createdBy>
<createdTime>2019-04-17 17:26:40 UTC</createdTime>
<ownerDesignName>ODEE_1262_Design</ownerDesignName>
<useDomainConstraints>false</useDomainConstraints>
<use>1</use>
<logicalDatatype>LOGDT037</logicalDatatype>
<dataTypeSize>64</dataTypeSize>
<autoIncrementCycle>false</autoIncrementCycle>
</Column>
<Column name="DISPLAY" id="38D8499E-4B8D-0180-5E47-D3FBF3C55B8D">
<sourceConnName>deepthought</sourceConnName>
<sourceObjSchema>PREFERREDLANG</sourceObjSchema>
<sourceObjName>DISPLAY</sourceObjName>
<createdBy>calittle</createdBy>
<createdTime>2019-04-17 17:26:40 UTC</createdTime>
<ownerDesignName>ODEE_1262_Design</ownerDesignName>
<useDomainConstraints>false</useDomainConstraints>
<use>1</use>
<logicalDatatype>LOGDT019</logicalDatatype>
<defaultValue>1</defaultValue>
<autoIncrementCycle>false</autoIncrementCycle>
</Column>
</columns>
<indexes itemClass="oracle.dbtools.crest.model.design.relational.Index">
<ind_PK_UK id="BA65337C-C086-0632-7642-C4ADEC4D9883" name="PREFERREDLANG_PK">
<sourceConnName>deepthought</sourceConnName>
<sourceObjSchema>DMKR_ASLINE</sourceObjSchema>
<sourceObjName>PREFERREDLANG_PK</sourceObjName>
<createdBy>calittle</createdBy>
<createdTime>2019-04-17 17:26:51 UTC</createdTime>
<ownerDesignName>ODEE_1262_Design</ownerDesignName>
<pk>true</pk>
<indexState>Primary Constraint</indexState>
<isSurrogateKey>false</isSurrogateKey>
<indexColumnUsage>
<colUsage columnID="F4E3DD6D-2B27-BA93-646E-15E51C1C41E5"/>
</indexColumnUsage>
</ind_PK_UK>
<ind_PK_UK id="D32FF93F-9200-6496-237B-63660F5F71A8" name="PREFERREDLANG_PK">
<sourceConnName>deepthought</sourceConnName>
<sourceObjSchema>DMKR_ASLINE</sourceObjSchema>
<sourceObjName>PREFERREDLANG_PK</sourceObjName>
<createdBy>calittle</createdBy>
<createdTime>2019-04-17 17:26:48 UTC</createdTime>
<ownerDesignName>ODEE_1262_Design</ownerDesignName>
<indexState>Unique Plain Index</indexState>
<schemaObject>8FC895A7-E0A2-11C9-AE90-BEF4CA704C97</schemaObject>
<isSurrogateKey>false</isSurrogateKey>
<indexColumnUsage>
<colUsage columnID="F4E3DD6D-2B27-BA93-646E-15E51C1C41E5"/>
</indexColumnUsage>
</ind_PK_UK>
</indexes>
</Table>