<?xml version = '1.0' encoding = 'UTF-8'?>
<Table class="oracle.dbtools.crest.model.design.relational.Table" directorySegmentName="seg_0" id="E24392BD-7C5A-0677-38BF-5ACCC6AAAB8C" name="TRANSTATUSCODES">
<sourceConnName>deepthought</sourceConnName>
<sourceObjSchema>DMKR_ASLINE</sourceObjSchema>
<sourceObjName>TRANSTATUSCODES</sourceObjName>
<createdBy>calittle</createdBy>
<createdTime>2019-04-17 17:26:14 UTC</createdTime>
<ownerDesignName>ODEE_1262_Design</ownerDesignName>
<schemaObject>8FC895A7-E0A2-11C9-AE90-BEF4CA704C97</schemaObject>
<allowColumnReorder>false</allowColumnReorder>
<existDependencyGenerateInDDl>true</existDependencyGenerateInDDl>
<columns itemClass="oracle.dbtools.crest.model.design.relational.Column">
<Column name="STRCODEID" id="55E46FFB-F36D-C489-791A-0D35B11000E5">
<sourceConnName>deepthought</sourceConnName>
<sourceObjSchema>TRANSTATUSCODES</sourceObjSchema>
<sourceObjName>STRCODEID</sourceObjName>
<createdBy>calittle</createdBy>
<createdTime>2019-04-17 17:26:45 UTC</createdTime>
<ownerDesignName>ODEE_1262_Design</ownerDesignName>
<useDomainConstraints>false</useDomainConstraints>
<use>1</use>
<logicalDatatype>LOGDT019</logicalDatatype>
<dataTypePrecision>10</dataTypePrecision>
<autoIncrementCycle>false</autoIncrementCycle>
</Column>
<Column name="STRCODETYPE" id="50511E47-EC78-673A-3CFC-2C5CE0EE9688">
<sourceConnName>deepthought</sourceConnName>
<sourceObjSchema>TRANSTATUSCODES</sourceObjSchema>
<sourceObjName>STRCODETYPE</sourceObjName>
<createdBy>calittle</createdBy>
<createdTime>2019-04-17 17:26:45 UTC</createdTime>
<ownerDesignName>ODEE_1262_Design</ownerDesignName>
<nullsAllowed>true</nullsAllowed>
<useDomainConstraints>false</useDomainConstraints>
<use>1</use>
<logicalDatatype>LOGDT019</logicalDatatype>
<dataTypePrecision>2</dataTypePrecision>
<autoIncrementCycle>false</autoIncrementCycle>
</Column>
<Column name="STRCODENAME" id="D9536D9D-8A7A-4E7C-7915-BAAEDD1A9A18">
<sourceConnName>deepthought</sourceConnName>
<sourceObjSchema>TRANSTATUSCODES</sourceObjSchema>
<sourceObjName>STRCODENAME</sourceObjName>
<createdBy>calittle</createdBy>
<createdTime>2019-04-17 17:26:45 UTC</createdTime>
<ownerDesignName>ODEE_1262_Design</ownerDesignName>
<nullsAllowed>true</nullsAllowed>
<useDomainConstraints>false</useDomainConstraints>
<use>1</use>
<logicalDatatype>LOGDT037</logicalDatatype>
<dataTypeSize>30</dataTypeSize>
<autoIncrementCycle>false</autoIncrementCycle>
</Column>
<Column name="STRCODEVALUE" id="D68EF7A0-B6D6-4985-0D14-763E38262548">
<sourceConnName>deepthought</sourceConnName>
<sourceObjSchema>TRANSTATUSCODES</sourceObjSchema>
<sourceObjName>STRCODEVALUE</sourceObjName>
<createdBy>calittle</createdBy>
<createdTime>2019-04-17 17:26:45 UTC</createdTime>
<ownerDesignName>ODEE_1262_Design</ownerDesignName>
<nullsAllowed>true</nullsAllowed>
<useDomainConstraints>false</useDomainConstraints>
<use>1</use>
<logicalDatatype>LOGDT037</logicalDatatype>
<dataTypeSize>256</dataTypeSize>
<autoIncrementCycle>false</autoIncrementCycle>
</Column>
</columns>
<indexes itemClass="oracle.dbtools.crest.model.design.relational.Index">
<ind_PK_UK id="BADE109E-A106-9D02-D3A6-A8EB887E02D2" name="TRANSTATUSCODES_PK">
<sourceConnName>deepthought</sourceConnName>
<sourceObjSchema>DMKR_ASLINE</sourceObjSchema>
<sourceObjName>TRANSTATUSCODES_PK</sourceObjName>
<createdBy>calittle</createdBy>
<createdTime>2019-04-17 17:26:51 UTC</createdTime>
<ownerDesignName>ODEE_1262_Design</ownerDesignName>
<pk>true</pk>
<indexState>Primary Constraint</indexState>
<isSurrogateKey>false</isSurrogateKey>
<indexColumnUsage>
<colUsage columnID="55E46FFB-F36D-C489-791A-0D35B11000E5"/>
</indexColumnUsage>
</ind_PK_UK>
<ind_PK_UK id="9C07A2E0-7ABE-9A77-C308-EB4456F93C23" name="TRANSTATUSCODES_PK">
<sourceConnName>deepthought</sourceConnName>
<sourceObjSchema>DMKR_ASLINE</sourceObjSchema>
<sourceObjName>TRANSTATUSCODES_PK</sourceObjName>
<createdBy>calittle</createdBy>
<createdTime>2019-04-17 17:26:49 UTC</createdTime>
<ownerDesignName>ODEE_1262_Design</ownerDesignName>
<indexState>Unique Plain Index</indexState>
<schemaObject>8FC895A7-E0A2-11C9-AE90-BEF4CA704C97</schemaObject>
<isSurrogateKey>false</isSurrogateKey>
<indexColumnUsage>
<colUsage columnID="55E46FFB-F36D-C489-791A-0D35B11000E5"/>
</indexColumnUsage>
</ind_PK_UK>
</indexes>
</Table>