<?xml version = '1.0' encoding = 'UTF-8'?>
<Table class="oracle.dbtools.crest.model.design.relational.Table" directorySegmentName="seg_0" id="E8BB72A9-1938-23A2-5384-4EF9F4CC19C6" name="BCHS_RCPS">
<sourceConnName>deepthought</sourceConnName>
<sourceObjSchema>DMKR_ASLINE</sourceObjSchema>
<sourceObjName>BCHS_RCPS</sourceObjName>
<createdBy>calittle</createdBy>
<createdTime>2019-04-17 17:25:30 UTC</createdTime>
<commentInRDBMS>Many-to-many relationship table, a.k.a. association table , that allows any RCPS rows (recipient) to be associate with many&lt;br/&gt;different BCH rows (batches).  A recipient record can be in many different batch records. </commentInRDBMS>
<ownerDesignName>ODEE_1262_Design</ownerDesignName>
<schemaObject>8FC895A7-E0A2-11C9-AE90-BEF4CA704C97</schemaObject>
<allowColumnReorder>false</allowColumnReorder>
<existDependencyGenerateInDDl>true</existDependencyGenerateInDDl>
<columns itemClass="oracle.dbtools.crest.model.design.relational.Column">
<Column name="BCH_ID" id="A30D5FC7-AD56-2CC7-42D3-462744A745DF">
<sourceConnName>deepthought</sourceConnName>
<sourceObjSchema>BCHS_RCPS</sourceObjSchema>
<sourceObjName>BCH_ID</sourceObjName>
<createdBy>calittle</createdBy>
<createdTime>2019-04-17 17:26:32 UTC</createdTime>
<ownerDesignName>ODEE_1262_Design</ownerDesignName>
<useDomainConstraints>false</useDomainConstraints>
<use>1</use>
<logicalDatatype>LOGDT019</logicalDatatype>
<dataTypePrecision>38</dataTypePrecision>
<autoIncrementCycle>false</autoIncrementCycle>
</Column>
<Column name="RCP_ID" id="CDCCC9C5-58DB-07B7-5F3C-59F22500974F">
<sourceConnName>deepthought</sourceConnName>
<sourceObjSchema>BCHS_RCPS</sourceObjSchema>
<sourceObjName>RCP_ID</sourceObjName>
<createdBy>calittle</createdBy>
<createdTime>2019-04-17 17:26:32 UTC</createdTime>
<ownerDesignName>ODEE_1262_Design</ownerDesignName>
<useDomainConstraints>false</useDomainConstraints>
<use>1</use>
<logicalDatatype>LOGDT019</logicalDatatype>
<dataTypePrecision>38</dataTypePrecision>
<autoIncrementCycle>false</autoIncrementCycle>
</Column>
<Column name="TRN_ID" id="05864E87-5484-0AC3-9D00-A980D649B27E">
<sourceConnName>deepthought</sourceConnName>
<sourceObjSchema>BCHS_RCPS</sourceObjSchema>
<sourceObjName>TRN_ID</sourceObjName>
<createdBy>calittle</createdBy>
<createdTime>2019-04-17 17:26:32 UTC</createdTime>
<ownerDesignName>ODEE_1262_Design</ownerDesignName>
<useDomainConstraints>false</useDomainConstraints>
<use>1</use>
<logicalDatatype>LOGDT019</logicalDatatype>
<dataTypePrecision>38</dataTypePrecision>
<autoIncrementCycle>false</autoIncrementCycle>
</Column>
<Column name="JOB_ID" id="B9BFCABA-6715-E8EC-A3EE-223B03361209">
<sourceConnName>deepthought</sourceConnName>
<sourceObjSchema>BCHS_RCPS</sourceObjSchema>
<sourceObjName>JOB_ID</sourceObjName>
<createdBy>calittle</createdBy>
<createdTime>2019-04-17 17:26:32 UTC</createdTime>
<ownerDesignName>ODEE_1262_Design</ownerDesignName>
<nullsAllowed>true</nullsAllowed>
<useDomainConstraints>false</useDomainConstraints>
<use>1</use>
<logicalDatatype>LOGDT019</logicalDatatype>
<dataTypePrecision>38</dataTypePrecision>
<autoIncrementCycle>false</autoIncrementCycle>
</Column>
<Column name="PUB_ID" id="F7D4C909-B9DE-5D82-B943-719E2AFBADB9">
<sourceConnName>deepthought</sourceConnName>
<sourceObjSchema>BCHS_RCPS</sourceObjSchema>
<sourceObjName>PUB_ID</sourceObjName>
<createdBy>calittle</createdBy>
<createdTime>2019-04-17 17:26:32 UTC</createdTime>
<ownerDesignName>ODEE_1262_Design</ownerDesignName>
<nullsAllowed>true</nullsAllowed>
<useDomainConstraints>false</useDomainConstraints>
<use>1</use>
<logicalDatatype>LOGDT019</logicalDatatype>
<dataTypePrecision>38</dataTypePrecision>
<autoIncrementCycle>false</autoIncrementCycle>
</Column>
<Column name="RCPSEQ" id="6EF28905-2DFD-E07F-584A-DD9F532103F6">
<sourceConnName>deepthought</sourceConnName>
<sourceObjSchema>BCHS_RCPS</sourceObjSchema>
<sourceObjName>RCPSEQ</sourceObjName>
<createdBy>calittle</createdBy>
<createdTime>2019-04-17 17:26:32 UTC</createdTime>
<ownerDesignName>ODEE_1262_Design</ownerDesignName>
<nullsAllowed>true</nullsAllowed>
<useDomainConstraints>false</useDomainConstraints>
<use>1</use>
<logicalDatatype>LOGDT019</logicalDatatype>
<dataTypePrecision>10</dataTypePrecision>
<autoIncrementCycle>false</autoIncrementCycle>
</Column>
<Column name="BCHRCPTYPE" id="ACEC927D-3B54-33FC-1354-518F0E68204C">
<sourceConnName>deepthought</sourceConnName>
<sourceObjSchema>BCHS_RCPS</sourceObjSchema>
<sourceObjName>BCHRCPTYPE</sourceObjName>
<createdBy>calittle</createdBy>
<createdTime>2019-04-17 17:26:32 UTC</createdTime>
<ownerDesignName>ODEE_1262_Design</ownerDesignName>
<nullsAllowed>true</nullsAllowed>
<useDomainConstraints>false</useDomainConstraints>
<use>1</use>
<logicalDatatype>LOGDT019</logicalDatatype>
<dataTypePrecision>10</dataTypePrecision>
<autoIncrementCycle>false</autoIncrementCycle>
</Column>
<Column name="BCHRCPACTIVE" id="923C46D1-15CB-FF81-45CF-CECB1DF8BDE3">
<sourceConnName>deepthought</sourceConnName>
<sourceObjSchema>BCHS_RCPS</sourceObjSchema>
<sourceObjName>BCHRCPACTIVE</sourceObjName>
<createdBy>calittle</createdBy>
<createdTime>2019-04-17 17:26:32 UTC</createdTime>
<commentInRDBMS>Boolean flag to inactivate recipient from a batch for handling errors or reprint situations.</commentInRDBMS>
<ownerDesignName>ODEE_1262_Design</ownerDesignName>
<nullsAllowed>true</nullsAllowed>
<useDomainConstraints>false</useDomainConstraints>
<use>1</use>
<logicalDatatype>LOGDT019</logicalDatatype>
<dataTypePrecision>5</dataTypePrecision>
<defaultValue>1</defaultValue>
<autoIncrementCycle>false</autoIncrementCycle>
</Column>
<Column name="BCHRCPBNDLLOC" id="5D1DAB0E-7A5A-D1F1-1E1A-9EF1A3FD6CBE">
<sourceConnName>deepthought</sourceConnName>
<sourceObjSchema>BCHS_RCPS</sourceObjSchema>
<sourceObjName>BCHRCPBNDLLOC</sourceObjName>
<createdBy>calittle</createdBy>
<createdTime>2019-04-17 17:26:32 UTC</createdTime>
<commentInRDBMS>Bundle relative location to track where in the bundle the recipient&lt;br/&gt;is located (100=beginning, 500=middle, 900=end). </commentInRDBMS>
<ownerDesignName>ODEE_1262_Design</ownerDesignName>
<nullsAllowed>true</nullsAllowed>
<useDomainConstraints>false</useDomainConstraints>
<use>1</use>
<logicalDatatype>LOGDT019</logicalDatatype>
<dataTypePrecision>10</dataTypePrecision>
<autoIncrementCycle>false</autoIncrementCycle>
</Column>
<Column name="BCHRCPCNTL" id="892A299E-A800-4BA4-34BC-63F4E4CE2A5E">
<sourceConnName>deepthought</sourceConnName>
<sourceObjSchema>BCHS_RCPS</sourceObjSchema>
<sourceObjName>BCHRCPCNTL</sourceObjName>
<createdBy>calittle</createdBy>
<createdTime>2019-04-17 17:26:32 UTC</createdTime>
<ownerDesignName>ODEE_1262_Design</ownerDesignName>
<nullsAllowed>true</nullsAllowed>
<useDomainConstraints>false</useDomainConstraints>
<use>1</use>
<logicalDatatype>LOGDT037</logicalDatatype>
<dataTypeSize>10</dataTypeSize>
<autoIncrementCycle>false</autoIncrementCycle>
</Column>
<Column name="BCHRCPCREATETIME" id="1A1C81DE-3B46-9A71-B623-2C980FA41BC8">
<sourceConnName>deepthought</sourceConnName>
<sourceObjSchema>BCHS_RCPS</sourceObjSchema>
<sourceObjName>BCHRCPCREATETIME</sourceObjName>
<createdBy>calittle</createdBy>
<createdTime>2019-04-17 17:26:32 UTC</createdTime>
<commentInRDBMS>Time when the Recipent was added to the batch.  </commentInRDBMS>
<ownerDesignName>ODEE_1262_Design</ownerDesignName>
<nullsAllowed>true</nullsAllowed>
<useDomainConstraints>false</useDomainConstraints>
<use>1</use>
<logicalDatatype>LOGDT015</logicalDatatype>
<dataTypePrecision>6</dataTypePrecision>
<autoIncrementCycle>false</autoIncrementCycle>
</Column>
<Column name="BCHRCPERRTIME" id="F6947442-CD6D-1FE4-F4F5-59A9AF45A55F">
<sourceConnName>deepthought</sourceConnName>
<sourceObjSchema>BCHS_RCPS</sourceObjSchema>
<sourceObjName>BCHRCPERRTIME</sourceObjName>
<createdBy>calittle</createdBy>
<createdTime>2019-04-17 17:26:32 UTC</createdTime>
<commentInRDBMS>Time when error processing Recipient occured in the batch.</commentInRDBMS>
<ownerDesignName>ODEE_1262_Design</ownerDesignName>
<nullsAllowed>true</nullsAllowed>
<useDomainConstraints>false</useDomainConstraints>
<use>1</use>
<logicalDatatype>LOGDT015</logicalDatatype>
<dataTypePrecision>6</dataTypePrecision>
<autoIncrementCycle>false</autoIncrementCycle>
</Column>
<Column name="BCHRCPPROCTIME" id="1C2E44BA-AA22-494A-27BA-D9813DE7DDB8">
<sourceConnName>deepthought</sourceConnName>
<sourceObjSchema>BCHS_RCPS</sourceObjSchema>
<sourceObjName>BCHRCPPROCTIME</sourceObjName>
<createdBy>calittle</createdBy>
<createdTime>2019-04-17 17:26:32 UTC</createdTime>
<commentInRDBMS>Time when the Recipent was completely processed in the&lt;br/&gt;batch.</commentInRDBMS>
<ownerDesignName>ODEE_1262_Design</ownerDesignName>
<nullsAllowed>true</nullsAllowed>
<useDomainConstraints>false</useDomainConstraints>
<use>1</use>
<logicalDatatype>LOGDT015</logicalDatatype>
<dataTypePrecision>6</dataTypePrecision>
<autoIncrementCycle>false</autoIncrementCycle>
</Column>
<Column name="BCHRCPSTATUS" id="4ABD53D2-BB57-AF95-F99D-08DE06B84B8D">
<sourceConnName>deepthought</sourceConnName>
<sourceObjSchema>BCHS_RCPS</sourceObjSchema>
<sourceObjName>BCHRCPSTATUS</sourceObjName>
<createdBy>calittle</createdBy>
<createdTime>2019-04-17 17:26:32 UTC</createdTime>
<commentInRDBMS>Last Status state of the batch the Recipient is in.</commentInRDBMS>
<ownerDesignName>ODEE_1262_Design</ownerDesignName>
<nullsAllowed>true</nullsAllowed>
<useDomainConstraints>false</useDomainConstraints>
<use>1</use>
<logicalDatatype>LOGDT019</logicalDatatype>
<dataTypePrecision>10</dataTypePrecision>
<defaultValue>415</defaultValue>
<autoIncrementCycle>false</autoIncrementCycle>
</Column>
<Column name="BCHRCPCUSDATE001" id="5A3EB034-1654-92CA-D8C3-18AEBB2D3C6D">
<sourceConnName>deepthought</sourceConnName>
<sourceObjSchema>BCHS_RCPS</sourceObjSchema>
<sourceObjName>BCHRCPCUSDATE001</sourceObjName>
<createdBy>calittle</createdBy>
<createdTime>2019-04-17 17:26:32 UTC</createdTime>
<commentInRDBMS>A custom date and time column.</commentInRDBMS>
<ownerDesignName>ODEE_1262_Design</ownerDesignName>
<nullsAllowed>true</nullsAllowed>
<useDomainConstraints>false</useDomainConstraints>
<use>1</use>
<logicalDatatype>LOGDT015</logicalDatatype>
<dataTypePrecision>6</dataTypePrecision>
<autoIncrementCycle>false</autoIncrementCycle>
</Column>
<Column name="BCHRCPCUSINT001" id="C94480BA-76D8-C426-6852-72BCDDC3597D">
<sourceConnName>deepthought</sourceConnName>
<sourceObjSchema>BCHS_RCPS</sourceObjSchema>
<sourceObjName>BCHRCPCUSINT001</sourceObjName>
<createdBy>calittle</createdBy>
<createdTime>2019-04-17 17:26:32 UTC</createdTime>
<commentInRDBMS>A custom signed integer column.</commentInRDBMS>
<ownerDesignName>ODEE_1262_Design</ownerDesignName>
<nullsAllowed>true</nullsAllowed>
<useDomainConstraints>false</useDomainConstraints>
<use>1</use>
<logicalDatatype>LOGDT019</logicalDatatype>
<dataTypePrecision>20</dataTypePrecision>
<autoIncrementCycle>false</autoIncrementCycle>
</Column>
<Column name="BCHRCPCUSDEC001" id="B9139434-9262-7CEE-361A-1C4F1D4CF427">
<sourceConnName>deepthought</sourceConnName>
<sourceObjSchema>BCHS_RCPS</sourceObjSchema>
<sourceObjName>BCHRCPCUSDEC001</sourceObjName>
<createdBy>calittle</createdBy>
<createdTime>2019-04-17 17:26:32 UTC</createdTime>
<commentInRDBMS>A custom decimal column..&lt;br/&gt;Used for monitory values or other decimal values with less than&lt;br/&gt;4 decimals of precision.</commentInRDBMS>
<ownerDesignName>ODEE_1262_Design</ownerDesignName>
<nullsAllowed>true</nullsAllowed>
<useDomainConstraints>false</useDomainConstraints>
<use>1</use>
<logicalDatatype>LOGDT019</logicalDatatype>
<dataTypePrecision>19</dataTypePrecision>
<dataTypeScale>4</dataTypeScale>
<autoIncrementCycle>false</autoIncrementCycle>
</Column>
<Column name="BCHRCPCUSSTR001" id="6AFDA12C-A8C8-D5F8-B9E3-023705DECB99">
<sourceConnName>deepthought</sourceConnName>
<sourceObjSchema>BCHS_RCPS</sourceObjSchema>
<sourceObjName>BCHRCPCUSSTR001</sourceObjName>
<createdBy>calittle</createdBy>
<createdTime>2019-04-17 17:26:32 UTC</createdTime>
<commentInRDBMS>A custom string column</commentInRDBMS>
<ownerDesignName>ODEE_1262_Design</ownerDesignName>
<nullsAllowed>true</nullsAllowed>
<useDomainConstraints>false</useDomainConstraints>
<use>1</use>
<logicalDatatype>LOGDT037</logicalDatatype>
<dataTypeSize>256</dataTypeSize>
<autoIncrementCycle>false</autoIncrementCycle>
</Column>
<Column name="BCHRCPCUSSTR002" id="F7D079CE-DFD2-EDF7-1D10-2078CF002000">
<sourceConnName>deepthought</sourceConnName>
<sourceObjSchema>BCHS_RCPS</sourceObjSchema>
<sourceObjName>BCHRCPCUSSTR002</sourceObjName>
<createdBy>calittle</createdBy>
<createdTime>2019-04-17 17:26:32 UTC</createdTime>
<commentInRDBMS>A custom string column</commentInRDBMS>
<ownerDesignName>ODEE_1262_Design</ownerDesignName>
<nullsAllowed>true</nullsAllowed>
<useDomainConstraints>false</useDomainConstraints>
<use>1</use>
<logicalDatatype>LOGDT037</logicalDatatype>
<dataTypeSize>256</dataTypeSize>
<autoIncrementCycle>false</autoIncrementCycle>
</Column>
<Column name="BCHRCPGRPSEQ" id="EDDE360E-4312-FD8B-B055-0A0299C5C563">
<sourceConnName>deepthought</sourceConnName>
<sourceObjSchema>BCHS_RCPS</sourceObjSchema>
<sourceObjName>BCHRCPGRPSEQ</sourceObjName>
<createdBy>calittle</createdBy>
<createdTime>2019-04-17 17:26:32 UTC</createdTime>
<commentInRDBMS>Grouping Sequence Number counter</commentInRDBMS>
<ownerDesignName>ODEE_1262_Design</ownerDesignName>
<nullsAllowed>true</nullsAllowed>
<useDomainConstraints>false</useDomainConstraints>
<use>1</use>
<logicalDatatype>LOGDT019</logicalDatatype>
<dataTypePrecision>10</dataTypePrecision>
<defaultValue>0</defaultValue>
<autoIncrementCycle>false</autoIncrementCycle>
</Column>
<Column name="BCHRCPGRPTOT" id="5C01AEF8-8301-D337-AFDC-FAD9D53B45C5">
<sourceConnName>deepthought</sourceConnName>
<sourceObjSchema>BCHS_RCPS</sourceObjSchema>
<sourceObjName>BCHRCPGRPTOT</sourceObjName>
<createdBy>calittle</createdBy>
<createdTime>2019-04-17 17:26:32 UTC</createdTime>
<commentInRDBMS>Grouping Sequence Total value</commentInRDBMS>
<ownerDesignName>ODEE_1262_Design</ownerDesignName>
<nullsAllowed>true</nullsAllowed>
<useDomainConstraints>false</useDomainConstraints>
<use>1</use>
<logicalDatatype>LOGDT019</logicalDatatype>
<dataTypePrecision>10</dataTypePrecision>
<defaultValue>0</defaultValue>
<autoIncrementCycle>false</autoIncrementCycle>
</Column>
<Column name="BCHRCPRETENTION" id="4440E36A-9E50-860B-A7FA-CFAF703E9496">
<sourceConnName>deepthought</sourceConnName>
<sourceObjSchema>BCHS_RCPS</sourceObjSchema>
<sourceObjName>BCHRCPRETENTION</sourceObjName>
<createdBy>calittle</createdBy>
<createdTime>2019-04-17 17:26:32 UTC</createdTime>
<commentInRDBMS>Date and time of the retention removal.</commentInRDBMS>
<ownerDesignName>ODEE_1262_Design</ownerDesignName>
<nullsAllowed>true</nullsAllowed>
<useDomainConstraints>false</useDomainConstraints>
<use>1</use>
<logicalDatatype>LOGDT015</logicalDatatype>
<dataTypePrecision>6</dataTypePrecision>
<autoIncrementCycle>false</autoIncrementCycle>
</Column>
<Column name="BCHRCPRETHOLD" id="6A9B8A90-F647-8501-5671-CBF008650DFB">
<sourceConnName>deepthought</sourceConnName>
<sourceObjSchema>BCHS_RCPS</sourceObjSchema>
<sourceObjName>BCHRCPRETHOLD</sourceObjName>
<createdBy>calittle</createdBy>
<createdTime>2019-04-17 17:26:32 UTC</createdTime>
<commentInRDBMS>Boolean for overriding retention date removal.</commentInRDBMS>
<ownerDesignName>ODEE_1262_Design</ownerDesignName>
<nullsAllowed>true</nullsAllowed>
<useDomainConstraints>false</useDomainConstraints>
<use>1</use>
<logicalDatatype>LOGDT019</logicalDatatype>
<dataTypePrecision>5</dataTypePrecision>
<defaultValue>0</defaultValue>
<autoIncrementCycle>false</autoIncrementCycle>
</Column>
<Column name="BCHRCPHISTORY" id="424BB88D-FE83-8C3F-45DA-1B469D9D29F1">
<sourceConnName>deepthought</sourceConnName>
<sourceObjSchema>BCHS_RCPS</sourceObjSchema>
<sourceObjName>BCHRCPHISTORY</sourceObjName>
<createdBy>calittle</createdBy>
<createdTime>2019-04-17 17:26:32 UTC</createdTime>
<commentInRDBMS>1 True by default.&lt;br/&gt;Indicates if the bchs_rcps row data is to be copied to history table&lt;br/&gt;upon deletion.</commentInRDBMS>
<ownerDesignName>ODEE_1262_Design</ownerDesignName>
<nullsAllowed>true</nullsAllowed>
<useDomainConstraints>false</useDomainConstraints>
<use>1</use>
<logicalDatatype>LOGDT019</logicalDatatype>
<dataTypePrecision>5</dataTypePrecision>
<defaultValue>1</defaultValue>
<autoIncrementCycle>false</autoIncrementCycle>
</Column>
<Column name="BCHRCPHISTORICAL" id="F3CF21BB-D1F0-5DB5-19C3-3CC5433C4975">
<sourceConnName>deepthought</sourceConnName>
<sourceObjSchema>BCHS_RCPS</sourceObjSchema>
<sourceObjName>BCHRCPHISTORICAL</sourceObjName>
<createdBy>calittle</createdBy>
<createdTime>2019-04-17 17:26:32 UTC</createdTime>
<commentInRDBMS>Indicator that BCHS_RCPS row is in the HISTORY table.&lt;br/&gt;Defaults to FALSE (0) and when inserted into the BCHS_RCPSHIST defaults to&lt;br/&gt;TRUE (1).  Must be reset to FALSE (0) if data is taken from thei History&lt;br/&gt;and reprocessed in the active tables. </commentInRDBMS>
<ownerDesignName>ODEE_1262_Design</ownerDesignName>
<nullsAllowed>true</nullsAllowed>
<useDomainConstraints>false</useDomainConstraints>
<use>1</use>
<logicalDatatype>LOGDT019</logicalDatatype>
<dataTypePrecision>5</dataTypePrecision>
<defaultValue>0</defaultValue>
<autoIncrementCycle>false</autoIncrementCycle>
</Column>
</columns>
<indexes itemClass="oracle.dbtools.crest.model.design.relational.Index">
<ind_PK_UK id="CEC562D3-0304-784A-AD72-B1C510B73E31" name="BCHS_RCPS__IDX">
<sourceConnName>deepthought</sourceConnName>
<sourceObjSchema>DMKR_ASLINE</sourceObjSchema>
<sourceObjName>BCHS_RCPS__IDX</sourceObjName>
<createdBy>calittle</createdBy>
<createdTime>2019-04-17 17:26:50 UTC</createdTime>
<ownerDesignName>ODEE_1262_Design</ownerDesignName>
<pk>true</pk>
<indexState>Primary Constraint</indexState>
<isSurrogateKey>false</isSurrogateKey>
<indexColumnUsage>
<colUsage columnID="A30D5FC7-AD56-2CC7-42D3-462744A745DF"/>
<colUsage columnID="CDCCC9C5-58DB-07B7-5F3C-59F22500974F"/>
<colUsage columnID="05864E87-5484-0AC3-9D00-A980D649B27E"/>
</indexColumnUsage>
</ind_PK_UK>
<ind_PK_UK id="CC944F3A-76E6-5D44-9E98-7B97AFC92584" name="BCHS_RCPS_RCPSEQ">
<sourceConnName>deepthought</sourceConnName>
<sourceObjSchema>DMKR_ASLINE</sourceObjSchema>
<sourceObjName>BCHS_RCPS_RCPSEQ</sourceObjName>
<createdBy>calittle</createdBy>
<createdTime>2019-04-17 17:26:48 UTC</createdTime>
<ownerDesignName>ODEE_1262_Design</ownerDesignName>
<schemaObject>8FC895A7-E0A2-11C9-AE90-BEF4CA704C97</schemaObject>
<isSurrogateKey>false</isSurrogateKey>
<indexColumnUsage>
<colUsage columnID="A30D5FC7-AD56-2CC7-42D3-462744A745DF"/>
<colUsage columnID="6EF28905-2DFD-E07F-584A-DD9F532103F6"/>
</indexColumnUsage>
</ind_PK_UK>
<ind_PK_UK id="1D4DAE2F-A6D6-9791-3404-CC2163076BA0" name="BCHS_RCPS_IDX2">
<sourceConnName>deepthought</sourceConnName>
<sourceObjSchema>DMKR_ASLINE</sourceObjSchema>
<sourceObjName>BCHS_RCPS_IDX2</sourceObjName>
<createdBy>calittle</createdBy>
<createdTime>2019-04-17 17:26:48 UTC</createdTime>
<ownerDesignName>ODEE_1262_Design</ownerDesignName>
<schemaObject>8FC895A7-E0A2-11C9-AE90-BEF4CA704C97</schemaObject>
<isSurrogateKey>false</isSurrogateKey>
<indexColumnUsage>
<colUsage columnID="A30D5FC7-AD56-2CC7-42D3-462744A745DF"/>
<colUsage columnID="CDCCC9C5-58DB-07B7-5F3C-59F22500974F"/>
</indexColumnUsage>
</ind_PK_UK>
<ind_PK_UK id="71C8E04D-26E7-2637-F10D-8481547ECB53" name="BCHS_RCPS_TRN_ID">
<sourceConnName>deepthought</sourceConnName>
<sourceObjSchema>DMKR_ASLINE</sourceObjSchema>
<sourceObjName>BCHS_RCPS_TRN_ID</sourceObjName>
<createdBy>calittle</createdBy>
<createdTime>2019-04-17 17:26:48 UTC</createdTime>
<ownerDesignName>ODEE_1262_Design</ownerDesignName>
<schemaObject>8FC895A7-E0A2-11C9-AE90-BEF4CA704C97</schemaObject>
<isSurrogateKey>false</isSurrogateKey>
<indexColumnUsage>
<colUsage columnID="05864E87-5484-0AC3-9D00-A980D649B27E"/>
</indexColumnUsage>
</ind_PK_UK>
<ind_PK_UK id="47C99AB7-69B7-64E5-C310-3EBAF65D3BF1" name="BCHS_RCPS_BCH_ID">
<sourceConnName>deepthought</sourceConnName>
<sourceObjSchema>DMKR_ASLINE</sourceObjSchema>
<sourceObjName>BCHS_RCPS_BCH_ID</sourceObjName>
<createdBy>calittle</createdBy>
<createdTime>2019-04-17 17:26:48 UTC</createdTime>
<ownerDesignName>ODEE_1262_Design</ownerDesignName>
<schemaObject>8FC895A7-E0A2-11C9-AE90-BEF4CA704C97</schemaObject>
<isSurrogateKey>false</isSurrogateKey>
<indexColumnUsage>
<colUsage columnID="A30D5FC7-AD56-2CC7-42D3-462744A745DF"/>
</indexColumnUsage>
</ind_PK_UK>
<ind_PK_UK id="BA9A52CA-DB2C-0B45-F27F-A72095D22410" name="BCHS_RCPS__IDX">
<sourceConnName>deepthought</sourceConnName>
<sourceObjSchema>DMKR_ASLINE</sourceObjSchema>
<sourceObjName>BCHS_RCPS__IDX</sourceObjName>
<createdBy>calittle</createdBy>
<createdTime>2019-04-17 17:26:48 UTC</createdTime>
<ownerDesignName>ODEE_1262_Design</ownerDesignName>
<indexState>Unique Plain Index</indexState>
<schemaObject>8FC895A7-E0A2-11C9-AE90-BEF4CA704C97</schemaObject>
<isSurrogateKey>false</isSurrogateKey>
<indexColumnUsage>
<colUsage columnID="A30D5FC7-AD56-2CC7-42D3-462744A745DF"/>
<colUsage columnID="CDCCC9C5-58DB-07B7-5F3C-59F22500974F"/>
<colUsage columnID="05864E87-5484-0AC3-9D00-A980D649B27E"/>
</indexColumnUsage>
</ind_PK_UK>
</indexes>
</Table>