<?xml version = '1.0' encoding = 'UTF-8'?>
<Table class="oracle.dbtools.crest.model.design.relational.Table" directorySegmentName="seg_0" id="EC3BAC9C-F460-F86E-318C-7A1E8F679AA5" name="APPCONFIGCONTEXT">
<sourceConnName>deepthought</sourceConnName>
<sourceObjSchema>DMKR_ADMIN</sourceObjSchema>
<sourceObjName>APPCONFIGCONTEXT</sourceObjName>
<createdBy>calittle</createdBy>
<createdTime>2019-04-17 17:24:55 UTC</createdTime>
<commentInRDBMS>Document Factory System Configuration Context</commentInRDBMS>
<ownerDesignName>ODEE_1262_Design</ownerDesignName>
<schemaObject>0323F05B-A91A-E5F5-C386-B3516E1DFCEB</schemaObject>
<allowColumnReorder>false</allowColumnReorder>
<existDependencyGenerateInDDl>true</existDependencyGenerateInDDl>
<columns itemClass="oracle.dbtools.crest.model.design.relational.Column">
<Column name="SYS_ID" id="490AAA90-0BFF-944B-41A0-23433AB65913">
<sourceConnName>deepthought</sourceConnName>
<sourceObjSchema>APPCONFIGCONTEXT</sourceObjSchema>
<sourceObjName>SYS_ID</sourceObjName>
<createdBy>calittle</createdBy>
<createdTime>2019-04-17 17:26:21 UTC</createdTime>
<ownerDesignName>ODEE_1262_Design</ownerDesignName>
<useDomainConstraints>false</useDomainConstraints>
<use>1</use>
<logicalDatatype>LOGDT019</logicalDatatype>
<dataTypePrecision>38</dataTypePrecision>
<delegate>34119862-7C3C-5C54-C240-43A8E0E54CEE</delegate>
<autoIncrementCycle>false</autoIncrementCycle>
<associations>
<colAssociation fkAssociation="15B027FC-0E31-5E9E-F760-5D0B89373CDE" referredColumn="34119862-7C3C-5C54-C240-43A8E0E54CEE"/>
</associations>
</Column>
<Column name="AL_ID" id="AFC6B388-2D4E-8119-1A55-B3B20E40B515">
<sourceConnName>deepthought</sourceConnName>
<sourceObjSchema>APPCONFIGCONTEXT</sourceObjSchema>
<sourceObjName>AL_ID</sourceObjName>
<createdBy>calittle</createdBy>
<createdTime>2019-04-17 17:26:21 UTC</createdTime>
<ownerDesignName>ODEE_1262_Design</ownerDesignName>
<useDomainConstraints>false</useDomainConstraints>
<use>1</use>
<logicalDatatype>LOGDT019</logicalDatatype>
<dataTypePrecision>38</dataTypePrecision>
<delegate>8770BF31-8B62-E7A7-7761-00C308D55DB0</delegate>
<autoIncrementCycle>false</autoIncrementCycle>
<associations>
<colAssociation fkAssociation="15B027FC-0E31-5E9E-F760-5D0B89373CDE" referredColumn="8770BF31-8B62-E7A7-7761-00C308D55DB0"/>
</associations>
</Column>
<Column name="APP_ID" id="EB37BBCE-88FE-6675-D266-CAB9F4D52159">
<sourceConnName>deepthought</sourceConnName>
<sourceObjSchema>APPCONFIGCONTEXT</sourceObjSchema>
<sourceObjName>APP_ID</sourceObjName>
<createdBy>calittle</createdBy>
<createdTime>2019-04-17 17:26:21 UTC</createdTime>
<ownerDesignName>ODEE_1262_Design</ownerDesignName>
<useDomainConstraints>false</useDomainConstraints>
<use>1</use>
<logicalDatatype>LOGDT019</logicalDatatype>
<dataTypePrecision>38</dataTypePrecision>
<delegate>9A049F3B-E458-CBBB-A312-70EDFE1E48FA</delegate>
<autoIncrementCycle>false</autoIncrementCycle>
<associations>
<colAssociation fkAssociation="15B027FC-0E31-5E9E-F760-5D0B89373CDE" referredColumn="9A049F3B-E458-CBBB-A312-70EDFE1E48FA"/>
</associations>
</Column>
<Column name="CTX_ID" id="8688D75F-BE93-802A-5CEF-372428D86C20">
<sourceConnName>deepthought</sourceConnName>
<sourceObjSchema>APPCONFIGCONTEXT</sourceObjSchema>
<sourceObjName>CTX_ID</sourceObjName>
<createdBy>calittle</createdBy>
<createdTime>2019-04-17 17:26:21 UTC</createdTime>
<commentInRDBMS>Context ID primary key</commentInRDBMS>
<ownerDesignName>ODEE_1262_Design</ownerDesignName>
<useDomainConstraints>false</useDomainConstraints>
<use>1</use>
<logicalDatatype>LOGDT019</logicalDatatype>
<dataTypePrecision>38</dataTypePrecision>
<autoIncrementCycle>false</autoIncrementCycle>
</Column>
<Column name="CONTEXT_NAME" id="0BC0645C-9AFE-B8F2-1F47-FA1E6217AA80">
<sourceConnName>deepthought</sourceConnName>
<sourceObjSchema>APPCONFIGCONTEXT</sourceObjSchema>
<sourceObjName>CONTEXT_NAME</sourceObjName>
<createdBy>calittle</createdBy>
<createdTime>2019-04-17 17:26:21 UTC</createdTime>
<commentInRDBMS>Context grouping of associated GROUP_NAMEs.  </commentInRDBMS>
<ownerDesignName>ODEE_1262_Design</ownerDesignName>
<nullsAllowed>true</nullsAllowed>
<useDomainConstraints>false</useDomainConstraints>
<use>1</use>
<logicalDatatype>LOGDT037</logicalDatatype>
<dataTypeSize>256</dataTypeSize>
<autoIncrementCycle>false</autoIncrementCycle>
</Column>
<Column name="GROUP_NAME" id="1E2CD0F7-6B15-2D25-2410-8D9CF2669073">
<sourceConnName>deepthought</sourceConnName>
<sourceObjSchema>APPCONFIGCONTEXT</sourceObjSchema>
<sourceObjName>GROUP_NAME</sourceObjName>
<createdBy>calittle</createdBy>
<createdTime>2019-04-17 17:26:21 UTC</createdTime>
<ownerDesignName>ODEE_1262_Design</ownerDesignName>
<useDomainConstraints>false</useDomainConstraints>
<use>1</use>
<logicalDatatype>LOGDT037</logicalDatatype>
<dataTypeSize>256</dataTypeSize>
<autoIncrementCycle>false</autoIncrementCycle>
</Column>
<Column name="PROPERTY" id="45DEEC55-B052-375E-6950-2F9247EAE70A">
<sourceConnName>deepthought</sourceConnName>
<sourceObjSchema>APPCONFIGCONTEXT</sourceObjSchema>
<sourceObjName>PROPERTY</sourceObjName>
<createdBy>calittle</createdBy>
<createdTime>2019-04-17 17:26:21 UTC</createdTime>
<commentInRDBMS>Property Name</commentInRDBMS>
<ownerDesignName>ODEE_1262_Design</ownerDesignName>
<useDomainConstraints>false</useDomainConstraints>
<use>1</use>
<logicalDatatype>LOGDT037</logicalDatatype>
<dataTypeSize>256</dataTypeSize>
<autoIncrementCycle>false</autoIncrementCycle>
</Column>
<Column name="VALUE" id="5DED24B4-E186-E2BF-BCA0-B5F3849C3EBD">
<sourceConnName>deepthought</sourceConnName>
<sourceObjSchema>APPCONFIGCONTEXT</sourceObjSchema>
<sourceObjName>VALUE</sourceObjName>
<createdBy>calittle</createdBy>
<createdTime>2019-04-17 17:26:21 UTC</createdTime>
<commentInRDBMS>Value of the Property</commentInRDBMS>
<ownerDesignName>ODEE_1262_Design</ownerDesignName>
<nullsAllowed>true</nullsAllowed>
<useDomainConstraints>false</useDomainConstraints>
<use>1</use>
<logicalDatatype>LOGDT037</logicalDatatype>
<dataTypeSize>1000</dataTypeSize>
<autoIncrementCycle>false</autoIncrementCycle>
</Column>
<Column name="VALUE_TYPE" id="95D4FC9F-F367-4890-87CD-D42D0CB99C79">
<sourceConnName>deepthought</sourceConnName>
<sourceObjSchema>APPCONFIGCONTEXT</sourceObjSchema>
<sourceObjName>VALUE_TYPE</sourceObjName>
<createdBy>calittle</createdBy>
<createdTime>2019-04-17 17:26:21 UTC</createdTime>
<commentInRDBMS>Value type of the Property:&lt;br/&gt;0=Alphanumeric (default)&lt;br/&gt;1=Alphanumeric Multiline&lt;br/&gt;2=Numeric&lt;br/&gt;3=Alpha&lt;br/&gt;4=PickList&lt;br/&gt;5=Boolean&lt;br/&gt;6=Schedule&lt;br/&gt;7=Date Time</commentInRDBMS>
<ownerDesignName>ODEE_1262_Design</ownerDesignName>
<nullsAllowed>true</nullsAllowed>
<useDomainConstraints>false</useDomainConstraints>
<use>1</use>
<logicalDatatype>LOGDT019</logicalDatatype>
<dataTypePrecision>10</dataTypePrecision>
<defaultValue>0</defaultValue>
<autoIncrementCycle>false</autoIncrementCycle>
</Column>
<Column name="VALUE_REF" id="FF2B16A3-D841-F374-A9ED-65304A98E8CA">
<sourceConnName>deepthought</sourceConnName>
<sourceObjSchema>APPCONFIGCONTEXT</sourceObjSchema>
<sourceObjName>VALUE_REF</sourceObjName>
<createdBy>calittle</createdBy>
<createdTime>2019-04-17 17:26:21 UTC</createdTime>
<commentInRDBMS>Additional reference for value types. Example, used for PickList lookups from DMKR_TRANSLAT </commentInRDBMS>
<ownerDesignName>ODEE_1262_Design</ownerDesignName>
<nullsAllowed>true</nullsAllowed>
<useDomainConstraints>false</useDomainConstraints>
<use>1</use>
<logicalDatatype>LOGDT037</logicalDatatype>
<dataTypeSize>256</dataTypeSize>
<autoIncrementCycle>false</autoIncrementCycle>
</Column>
<Column name="GROUPSEQ" id="9FDAE114-FC49-CF6F-C4F8-75D8F39C7CAC">
<sourceConnName>deepthought</sourceConnName>
<sourceObjSchema>APPCONFIGCONTEXT</sourceObjSchema>
<sourceObjName>GROUPSEQ</sourceObjName>
<createdBy>calittle</createdBy>
<createdTime>2019-04-17 17:26:21 UTC</createdTime>
<commentInRDBMS>Sequence of order of Properties under a Group_Name.&lt;br/&gt;Important if Properties are repeated and make a listing of values.</commentInRDBMS>
<ownerDesignName>ODEE_1262_Design</ownerDesignName>
<nullsAllowed>true</nullsAllowed>
<useDomainConstraints>false</useDomainConstraints>
<use>1</use>
<logicalDatatype>LOGDT019</logicalDatatype>
<dataTypePrecision>10</dataTypePrecision>
<defaultValue>1</defaultValue>
<autoIncrementCycle>false</autoIncrementCycle>
</Column>
<Column name="CATEGORY" id="68466E12-15CD-1CD1-5ADF-250BB96C722E">
<sourceConnName>deepthought</sourceConnName>
<sourceObjSchema>APPCONFIGCONTEXT</sourceObjSchema>
<sourceObjName>CATEGORY</sourceObjName>
<createdBy>calittle</createdBy>
<createdTime>2019-04-17 17:26:21 UTC</createdTime>
<commentInRDBMS>Category of the Property</commentInRDBMS>
<ownerDesignName>ODEE_1262_Design</ownerDesignName>
<nullsAllowed>true</nullsAllowed>
<useDomainConstraints>false</useDomainConstraints>
<use>1</use>
<logicalDatatype>LOGDT037</logicalDatatype>
<dataTypeSize>50</dataTypeSize>
<autoIncrementCycle>false</autoIncrementCycle>
</Column>
<Column name="ACTIVE" id="2E8422DC-C79D-6473-B921-8A4669E5B544">
<sourceConnName>deepthought</sourceConnName>
<sourceObjSchema>APPCONFIGCONTEXT</sourceObjSchema>
<sourceObjName>ACTIVE</sourceObjName>
<createdBy>calittle</createdBy>
<createdTime>2019-04-17 17:26:21 UTC</createdTime>
<commentInRDBMS>Denotes if the configuration row is active (TRUE=1) or inactive (FALSE=0).&lt;br/&gt;Inactive will not be evaluated by the processes using the setting. </commentInRDBMS>
<ownerDesignName>ODEE_1262_Design</ownerDesignName>
<nullsAllowed>true</nullsAllowed>
<useDomainConstraints>false</useDomainConstraints>
<use>1</use>
<logicalDatatype>LOGDT019</logicalDatatype>
<dataTypePrecision>5</dataTypePrecision>
<defaultValue>1</defaultValue>
<autoIncrementCycle>false</autoIncrementCycle>
</Column>
<Column name="IS_SECRET" id="7EB69868-0016-B872-A136-7CC6D6EC652E">
<sourceConnName>deepthought</sourceConnName>
<sourceObjSchema>APPCONFIGCONTEXT</sourceObjSchema>
<sourceObjName>IS_SECRET</sourceObjName>
<createdBy>calittle</createdBy>
<createdTime>2019-04-17 17:26:21 UTC</createdTime>
<commentInRDBMS>Value is secret and should not be displayed.</commentInRDBMS>
<ownerDesignName>ODEE_1262_Design</ownerDesignName>
<nullsAllowed>true</nullsAllowed>
<useDomainConstraints>false</useDomainConstraints>
<use>1</use>
<logicalDatatype>LOGDT019</logicalDatatype>
<dataTypePrecision>5</dataTypePrecision>
<defaultValue>0</defaultValue>
<autoIncrementCycle>false</autoIncrementCycle>
</Column>
<Column name="IS_ENCRYPT" id="1979E2DC-D437-78F1-1CFE-B08AFE308585">
<sourceConnName>deepthought</sourceConnName>
<sourceObjSchema>APPCONFIGCONTEXT</sourceObjSchema>
<sourceObjName>IS_ENCRYPT</sourceObjName>
<createdBy>calittle</createdBy>
<createdTime>2019-04-17 17:26:21 UTC</createdTime>
<commentInRDBMS>Value is to be Encrypted. </commentInRDBMS>
<ownerDesignName>ODEE_1262_Design</ownerDesignName>
<nullsAllowed>true</nullsAllowed>
<useDomainConstraints>false</useDomainConstraints>
<use>1</use>
<logicalDatatype>LOGDT019</logicalDatatype>
<dataTypePrecision>5</dataTypePrecision>
<defaultValue>0</defaultValue>
<autoIncrementCycle>false</autoIncrementCycle>
</Column>
<Column name="CREATETIME" id="E175B01D-E69D-D499-4155-AD79C25632D1">
<sourceConnName>deepthought</sourceConnName>
<sourceObjSchema>APPCONFIGCONTEXT</sourceObjSchema>
<sourceObjName>CREATETIME</sourceObjName>
<createdBy>calittle</createdBy>
<createdTime>2019-04-17 17:26:21 UTC</createdTime>
<commentInRDBMS>UTC time for when the entry was inserted.</commentInRDBMS>
<ownerDesignName>ODEE_1262_Design</ownerDesignName>
<nullsAllowed>true</nullsAllowed>
<useDomainConstraints>false</useDomainConstraints>
<use>1</use>
<logicalDatatype>LOGDT015</logicalDatatype>
<dataTypePrecision>6</dataTypePrecision>
<autoIncrementCycle>false</autoIncrementCycle>
</Column>
<Column name="MODIFYTIME" id="21346EE0-C0E5-289D-5E87-44CC5AB5C5C4">
<sourceConnName>deepthought</sourceConnName>
<sourceObjSchema>APPCONFIGCONTEXT</sourceObjSchema>
<sourceObjName>MODIFYTIME</sourceObjName>
<createdBy>calittle</createdBy>
<createdTime>2019-04-17 17:26:21 UTC</createdTime>
<commentInRDBMS>UTC time for when the entry was last modified.</commentInRDBMS>
<ownerDesignName>ODEE_1262_Design</ownerDesignName>
<nullsAllowed>true</nullsAllowed>
<useDomainConstraints>false</useDomainConstraints>
<use>1</use>
<logicalDatatype>LOGDT015</logicalDatatype>
<dataTypePrecision>6</dataTypePrecision>
<autoIncrementCycle>false</autoIncrementCycle>
</Column>
<Column name="USERTAG1" id="B7C8D939-52E4-98AD-8752-D78292213225">
<sourceConnName>deepthought</sourceConnName>
<sourceObjSchema>APPCONFIGCONTEXT</sourceObjSchema>
<sourceObjName>USERTAG1</sourceObjName>
<createdBy>calittle</createdBy>
<createdTime>2019-04-17 17:26:21 UTC</createdTime>
<commentInRDBMS>Tag column to allow for comma delimited user tags for searching.</commentInRDBMS>
<ownerDesignName>ODEE_1262_Design</ownerDesignName>
<nullsAllowed>true</nullsAllowed>
<useDomainConstraints>false</useDomainConstraints>
<use>1</use>
<logicalDatatype>LOGDT037</logicalDatatype>
<dataTypeSize>256</dataTypeSize>
<autoIncrementCycle>false</autoIncrementCycle>
</Column>
<Column name="NOTES" id="5EEBE2AC-7CF1-BDE5-DC70-EF137A0CFDBB">
<sourceConnName>deepthought</sourceConnName>
<sourceObjSchema>APPCONFIGCONTEXT</sourceObjSchema>
<sourceObjName>NOTES</sourceObjName>
<createdBy>calittle</createdBy>
<createdTime>2019-04-17 17:26:21 UTC</createdTime>
<commentInRDBMS>Notes about configuration option row. </commentInRDBMS>
<ownerDesignName>ODEE_1262_Design</ownerDesignName>
<nullsAllowed>true</nullsAllowed>
<useDomainConstraints>false</useDomainConstraints>
<use>1</use>
<logicalDatatype>LOGDT037</logicalDatatype>
<dataTypeSize>2000</dataTypeSize>
<autoIncrementCycle>false</autoIncrementCycle>
</Column>
<Column name="USER_ID" id="6DB0929C-671F-5F05-3A39-1F43AD78E0A9">
<sourceConnName>deepthought</sourceConnName>
<sourceObjSchema>APPCONFIGCONTEXT</sourceObjSchema>
<sourceObjName>USER_ID</sourceObjName>
<createdBy>calittle</createdBy>
<createdTime>2019-04-17 17:26:21 UTC</createdTime>
<commentInRDBMS>Last User_id to modify the row.</commentInRDBMS>
<ownerDesignName>ODEE_1262_Design</ownerDesignName>
<nullsAllowed>true</nullsAllowed>
<useDomainConstraints>false</useDomainConstraints>
<use>1</use>
<logicalDatatype>LOGDT019</logicalDatatype>
<dataTypePrecision>38</dataTypePrecision>
<autoIncrementCycle>false</autoIncrementCycle>
</Column>
<Column name="USER_NAME" id="0872628F-7C3F-F6D3-979C-F5498CCC1184">
<sourceConnName>deepthought</sourceConnName>
<sourceObjSchema>APPCONFIGCONTEXT</sourceObjSchema>
<sourceObjName>USER_NAME</sourceObjName>
<createdBy>calittle</createdBy>
<createdTime>2019-04-17 17:26:21 UTC</createdTime>
<commentInRDBMS>User Name that created or last changed the configuration option.</commentInRDBMS>
<ownerDesignName>ODEE_1262_Design</ownerDesignName>
<nullsAllowed>true</nullsAllowed>
<useDomainConstraints>false</useDomainConstraints>
<use>1</use>
<logicalDatatype>LOGDT037</logicalDatatype>
<dataTypeSize>256</dataTypeSize>
<autoIncrementCycle>false</autoIncrementCycle>
</Column>
</columns>
<indexes itemClass="oracle.dbtools.crest.model.design.relational.Index">
<ind_PK_UK id="AD0C16C4-B569-7BDD-A3B6-056288D646FD" name="APPCFGCTX_PK">
<sourceConnName>deepthought</sourceConnName>
<sourceObjSchema>DMKR_ADMIN</sourceObjSchema>
<sourceObjName>APPCFGCTX_PK</sourceObjName>
<createdBy>calittle</createdBy>
<createdTime>2019-04-17 17:26:49 UTC</createdTime>
<ownerDesignName>ODEE_1262_Design</ownerDesignName>
<pk>true</pk>
<indexState>Primary Constraint</indexState>
<isSurrogateKey>false</isSurrogateKey>
<indexColumnUsage>
<colUsage columnID="8688D75F-BE93-802A-5CEF-372428D86C20"/>
<colUsage columnID="EB37BBCE-88FE-6675-D266-CAB9F4D52159"/>
<colUsage columnID="AFC6B388-2D4E-8119-1A55-B3B20E40B515"/>
<colUsage columnID="490AAA90-0BFF-944B-41A0-23433AB65913"/>
</indexColumnUsage>
</ind_PK_UK>
<ind_PK_UK id="359C013E-08C4-C916-BCC3-DC5DD53C60E0" name="APPCFGCTX_PK">
<sourceConnName>deepthought</sourceConnName>
<sourceObjSchema>DMKR_ADMIN</sourceObjSchema>
<sourceObjName>APPCFGCTX_PK</sourceObjName>
<createdBy>calittle</createdBy>
<createdTime>2019-04-17 17:26:48 UTC</createdTime>
<ownerDesignName>ODEE_1262_Design</ownerDesignName>
<indexState>Unique Plain Index</indexState>
<schemaObject>0323F05B-A91A-E5F5-C386-B3516E1DFCEB</schemaObject>
<isSurrogateKey>false</isSurrogateKey>
<indexColumnUsage>
<colUsage columnID="8688D75F-BE93-802A-5CEF-372428D86C20"/>
<colUsage columnID="EB37BBCE-88FE-6675-D266-CAB9F4D52159"/>
<colUsage columnID="AFC6B388-2D4E-8119-1A55-B3B20E40B515"/>
<colUsage columnID="490AAA90-0BFF-944B-41A0-23433AB65913"/>
</indexColumnUsage>
</ind_PK_UK>
<ind_PK_UK id="D3165F76-123D-7DFF-FC13-B3F2EAE57632" name="APPCFG_IDX1">
<sourceConnName>deepthought</sourceConnName>
<sourceObjSchema>DMKR_ADMIN</sourceObjSchema>
<sourceObjName>APPCFG_IDX1</sourceObjName>
<createdBy>calittle</createdBy>
<createdTime>2019-04-17 17:26:48 UTC</createdTime>
<ownerDesignName>ODEE_1262_Design</ownerDesignName>
<schemaObject>0323F05B-A91A-E5F5-C386-B3516E1DFCEB</schemaObject>
<isSurrogateKey>false</isSurrogateKey>
<indexColumnUsage>
<colUsage columnID="0BC0645C-9AFE-B8F2-1F47-FA1E6217AA80"/>
<colUsage columnID="68466E12-15CD-1CD1-5ADF-250BB96C722E"/>
<colUsage columnID="1E2CD0F7-6B15-2D25-2410-8D9CF2669073"/>
<colUsage columnID="490AAA90-0BFF-944B-41A0-23433AB65913"/>
<colUsage columnID="AFC6B388-2D4E-8119-1A55-B3B20E40B515"/>
<colUsage columnID="EB37BBCE-88FE-6675-D266-CAB9F4D52159"/>
<colUsage columnID="2E8422DC-C79D-6473-B921-8A4669E5B544"/>
</indexColumnUsage>
</ind_PK_UK>
<ind_PK_UK id="853813FD-4223-2D74-F848-CAA11BBB9C7B" name="APPCFG_IDX2">
<sourceConnName>deepthought</sourceConnName>
<sourceObjSchema>DMKR_ADMIN</sourceObjSchema>
<sourceObjName>APPCFG_IDX2</sourceObjName>
<createdBy>calittle</createdBy>
<createdTime>2019-04-17 17:26:48 UTC</createdTime>
<ownerDesignName>ODEE_1262_Design</ownerDesignName>
<schemaObject>0323F05B-A91A-E5F5-C386-B3516E1DFCEB</schemaObject>
<isSurrogateKey>false</isSurrogateKey>
<indexColumnUsage>
<colUsage columnID="0BC0645C-9AFE-B8F2-1F47-FA1E6217AA80"/>
<colUsage columnID="490AAA90-0BFF-944B-41A0-23433AB65913"/>
<colUsage columnID="AFC6B388-2D4E-8119-1A55-B3B20E40B515"/>
<colUsage columnID="EB37BBCE-88FE-6675-D266-CAB9F4D52159"/>
<colUsage columnID="45DEEC55-B052-375E-6950-2F9247EAE70A"/>
</indexColumnUsage>
</ind_PK_UK>
<ind_PK_UK id="68737486-7FD8-76AB-DF96-0ECE422EBEA8" name="APPCFG_IDX3">
<sourceConnName>deepthought</sourceConnName>
<sourceObjSchema>DMKR_ADMIN</sourceObjSchema>
<sourceObjName>APPCFG_IDX3</sourceObjName>
<createdBy>calittle</createdBy>
<createdTime>2019-04-17 17:26:48 UTC</createdTime>
<ownerDesignName>ODEE_1262_Design</ownerDesignName>
<schemaObject>0323F05B-A91A-E5F5-C386-B3516E1DFCEB</schemaObject>
<isSurrogateKey>false</isSurrogateKey>
<indexColumnUsage>
<colUsage columnID="490AAA90-0BFF-944B-41A0-23433AB65913"/>
<colUsage columnID="AFC6B388-2D4E-8119-1A55-B3B20E40B515"/>
<colUsage columnID="EB37BBCE-88FE-6675-D266-CAB9F4D52159"/>
<colUsage columnID="0BC0645C-9AFE-B8F2-1F47-FA1E6217AA80"/>
<colUsage columnID="68466E12-15CD-1CD1-5ADF-250BB96C722E"/>
<colUsage columnID="1E2CD0F7-6B15-2D25-2410-8D9CF2669073"/>
<colUsage columnID="2E8422DC-C79D-6473-B921-8A4669E5B544"/>
</indexColumnUsage>
</ind_PK_UK>
<ind_PK_UK id="FC8D739D-8E2C-8E1E-9465-BF0B17BFD852" name="APPCFG_IDX4">
<sourceConnName>deepthought</sourceConnName>
<sourceObjSchema>DMKR_ADMIN</sourceObjSchema>
<sourceObjName>APPCFG_IDX4</sourceObjName>
<createdBy>calittle</createdBy>
<createdTime>2019-04-17 17:26:48 UTC</createdTime>
<ownerDesignName>ODEE_1262_Design</ownerDesignName>
<schemaObject>0323F05B-A91A-E5F5-C386-B3516E1DFCEB</schemaObject>
<isSurrogateKey>false</isSurrogateKey>
<indexColumnUsage>
<colUsage columnID="490AAA90-0BFF-944B-41A0-23433AB65913"/>
<colUsage columnID="AFC6B388-2D4E-8119-1A55-B3B20E40B515"/>
<colUsage columnID="EB37BBCE-88FE-6675-D266-CAB9F4D52159"/>
<colUsage columnID="2E8422DC-C79D-6473-B921-8A4669E5B544"/>
<colUsage columnID="1E2CD0F7-6B15-2D25-2410-8D9CF2669073"/>
</indexColumnUsage>
</ind_PK_UK>
<ind_PK_UK id="6E1DF18D-B470-ECE6-C937-624E70BE8176" name="APPCFG_IDX5">
<sourceConnName>deepthought</sourceConnName>
<sourceObjSchema>DMKR_ADMIN</sourceObjSchema>
<sourceObjName>APPCFG_IDX5</sourceObjName>
<createdBy>calittle</createdBy>
<createdTime>2019-04-17 17:26:48 UTC</createdTime>
<ownerDesignName>ODEE_1262_Design</ownerDesignName>
<schemaObject>0323F05B-A91A-E5F5-C386-B3516E1DFCEB</schemaObject>
<isSurrogateKey>false</isSurrogateKey>
<indexColumnUsage>
<colUsage columnID="1E2CD0F7-6B15-2D25-2410-8D9CF2669073"/>
<colUsage columnID="45DEEC55-B052-375E-6950-2F9247EAE70A"/>
<colUsage columnID="2E8422DC-C79D-6473-B921-8A4669E5B544"/>
<colUsage columnID="490AAA90-0BFF-944B-41A0-23433AB65913"/>
<colUsage columnID="AFC6B388-2D4E-8119-1A55-B3B20E40B515"/>
<colUsage columnID="EB37BBCE-88FE-6675-D266-CAB9F4D52159"/>
<colUsage columnID="8688D75F-BE93-802A-5CEF-372428D86C20"/>
</indexColumnUsage>
</ind_PK_UK>
<ind_PK_UK id="E601145F-4108-B34B-02C5-577D5144A7EB" name="APPS_APPCFGCTX">
<createdBy>calittle</createdBy>
<createdTime>2019-04-17 17:26:52 UTC</createdTime>
<ownerDesignName>ODEE_1262_Design</ownerDesignName>
<indexState>Foreign Key</indexState>
<isSurrogateKey>false</isSurrogateKey>
<indexColumnUsage>
<colUsage columnID="EB37BBCE-88FE-6675-D266-CAB9F4D52159"/>
<colUsage columnID="AFC6B388-2D4E-8119-1A55-B3B20E40B515"/>
<colUsage columnID="490AAA90-0BFF-944B-41A0-23433AB65913"/>
</indexColumnUsage>
</ind_PK_UK>
</indexes>
</Table>