<?xml version = '1.0' encoding = 'UTF-8'?>
<Table class="oracle.dbtools.crest.model.design.relational.Table" directorySegmentName="seg_0" id="ED6084CA-CE22-0003-25A8-2BA65678B4D3" name="PRTPHYCFGS">
<sourceConnName>deepthought</sourceConnName>
<sourceObjSchema>DMKR_ASLINE</sourceObjSchema>
<sourceObjName>PRTPHYCFGS</sourceObjName>
<createdBy>calittle</createdBy>
<createdTime>2019-04-17 17:25:58 UTC</createdTime>
<ownerDesignName>ODEE_1262_Design</ownerDesignName>
<schemaObject>8FC895A7-E0A2-11C9-AE90-BEF4CA704C97</schemaObject>
<allowColumnReorder>false</allowColumnReorder>
<existDependencyGenerateInDDl>true</existDependencyGenerateInDDl>
<columns itemClass="oracle.dbtools.crest.model.design.relational.Column">
<Column name="PRTPHY_ID" id="8B2B2D87-CF52-E514-75C4-D8D59F06E7CD">
<sourceConnName>deepthought</sourceConnName>
<sourceObjSchema>PRTPHYCFGS</sourceObjSchema>
<sourceObjName>PRTPHY_ID</sourceObjName>
<createdBy>calittle</createdBy>
<createdTime>2019-04-17 17:26:40 UTC</createdTime>
<ownerDesignName>ODEE_1262_Design</ownerDesignName>
<useDomainConstraints>false</useDomainConstraints>
<use>1</use>
<logicalDatatype>LOGDT019</logicalDatatype>
<dataTypePrecision>38</dataTypePrecision>
<delegate>1DE11359-0F80-8E79-21B4-214C92087CD2</delegate>
<autoIncrementCycle>false</autoIncrementCycle>
<associations>
<colAssociation fkAssociation="B167229B-ACDB-8822-670B-F9A06105BABF" referredColumn="1DE11359-0F80-8E79-21B4-214C92087CD2"/>
</associations>
</Column>
<Column name="PRTPHYCFG_ID" id="3510CA85-6196-C961-CE3E-737938DE753E">
<sourceConnName>deepthought</sourceConnName>
<sourceObjSchema>PRTPHYCFGS</sourceObjSchema>
<sourceObjName>PRTPHYCFG_ID</sourceObjName>
<createdBy>calittle</createdBy>
<createdTime>2019-04-17 17:26:40 UTC</createdTime>
<commentInRDBMS>Unique ID for this printer configuration property</commentInRDBMS>
<ownerDesignName>ODEE_1262_Design</ownerDesignName>
<useDomainConstraints>false</useDomainConstraints>
<use>1</use>
<logicalDatatype>LOGDT019</logicalDatatype>
<dataTypePrecision>38</dataTypePrecision>
<autoIncrementCycle>false</autoIncrementCycle>
</Column>
<Column name="PRTPHYCFGPROPERTY" id="457608B2-CC38-BD56-36F6-68366D83109F">
<sourceConnName>deepthought</sourceConnName>
<sourceObjSchema>PRTPHYCFGS</sourceObjSchema>
<sourceObjName>PRTPHYCFGPROPERTY</sourceObjName>
<createdBy>calittle</createdBy>
<createdTime>2019-04-17 17:26:40 UTC</createdTime>
<commentInRDBMS>The property of this configuration item. The property name is used to determine how this configuration item will modify the printer</commentInRDBMS>
<ownerDesignName>ODEE_1262_Design</ownerDesignName>
<nullsAllowed>true</nullsAllowed>
<useDomainConstraints>false</useDomainConstraints>
<use>1</use>
<logicalDatatype>LOGDT037</logicalDatatype>
<dataTypeSize>256</dataTypeSize>
<autoIncrementCycle>false</autoIncrementCycle>
</Column>
<Column name="PRTPHYCFGVALUE" id="2A4B2865-7E3F-6F0E-0FE6-1D4F1CA60A38">
<sourceConnName>deepthought</sourceConnName>
<sourceObjSchema>PRTPHYCFGS</sourceObjSchema>
<sourceObjName>PRTPHYCFGVALUE</sourceObjName>
<createdBy>calittle</createdBy>
<createdTime>2019-04-17 17:26:40 UTC</createdTime>
<commentInRDBMS>The value of this configuration property</commentInRDBMS>
<ownerDesignName>ODEE_1262_Design</ownerDesignName>
<nullsAllowed>true</nullsAllowed>
<useDomainConstraints>false</useDomainConstraints>
<use>1</use>
<logicalDatatype>LOGDT037</logicalDatatype>
<dataTypeSize>256</dataTypeSize>
<autoIncrementCycle>false</autoIncrementCycle>
</Column>
<Column name="PRTPHYCFGACTIVE" id="C4015878-1310-1F7B-934C-4451BD6B6A3F">
<sourceConnName>deepthought</sourceConnName>
<sourceObjSchema>PRTPHYCFGS</sourceObjSchema>
<sourceObjName>PRTPHYCFGACTIVE</sourceObjName>
<createdBy>calittle</createdBy>
<createdTime>2019-04-17 17:26:40 UTC</createdTime>
<commentInRDBMS>Physical Printer Configuration is Active</commentInRDBMS>
<ownerDesignName>ODEE_1262_Design</ownerDesignName>
<nullsAllowed>true</nullsAllowed>
<useDomainConstraints>false</useDomainConstraints>
<use>1</use>
<logicalDatatype>LOGDT019</logicalDatatype>
<dataTypePrecision>5</dataTypePrecision>
<defaultValue>1</defaultValue>
<autoIncrementCycle>false</autoIncrementCycle>
</Column>
</columns>
<indexes itemClass="oracle.dbtools.crest.model.design.relational.Index">
<ind_PK_UK id="266BBB11-105E-E661-D4D7-8974ED02F1FA" name="PK_PRTPHYCFG">
<sourceConnName>deepthought</sourceConnName>
<sourceObjSchema>DMKR_ASLINE</sourceObjSchema>
<sourceObjName>PK_PRTPHYCFG</sourceObjName>
<createdBy>calittle</createdBy>
<createdTime>2019-04-17 17:26:51 UTC</createdTime>
<ownerDesignName>ODEE_1262_Design</ownerDesignName>
<pk>true</pk>
<indexState>Primary Constraint</indexState>
<isSurrogateKey>false</isSurrogateKey>
<indexColumnUsage>
<colUsage columnID="3510CA85-6196-C961-CE3E-737938DE753E"/>
</indexColumnUsage>
</ind_PK_UK>
<ind_PK_UK id="E5198913-827E-3F3E-628A-28C79F481ED4" name="PK_PRTPHYCFG">
<sourceConnName>deepthought</sourceConnName>
<sourceObjSchema>DMKR_ASLINE</sourceObjSchema>
<sourceObjName>PK_PRTPHYCFG</sourceObjName>
<createdBy>calittle</createdBy>
<createdTime>2019-04-17 17:26:48 UTC</createdTime>
<ownerDesignName>ODEE_1262_Design</ownerDesignName>
<indexState>Unique Plain Index</indexState>
<schemaObject>8FC895A7-E0A2-11C9-AE90-BEF4CA704C97</schemaObject>
<isSurrogateKey>false</isSurrogateKey>
<indexColumnUsage>
<colUsage columnID="3510CA85-6196-C961-CE3E-737938DE753E"/>
</indexColumnUsage>
</ind_PK_UK>
<ind_PK_UK id="FE1AB93F-0314-186D-5C9B-43F1F4642EA3" name="PRTPHYS_PRTPHYCFGS">
<createdBy>calittle</createdBy>
<createdTime>2019-04-17 17:26:52 UTC</createdTime>
<ownerDesignName>ODEE_1262_Design</ownerDesignName>
<indexState>Foreign Key</indexState>
<isSurrogateKey>false</isSurrogateKey>
<indexColumnUsage>
<colUsage columnID="8B2B2D87-CF52-E514-75C4-D8D59F06E7CD"/>
</indexColumnUsage>
</ind_PK_UK>
</indexes>
</Table>