<?xml version = '1.0' encoding = 'UTF-8'?>
<Table class="oracle.dbtools.crest.model.design.relational.Table" directorySegmentName="seg_0" id="F0783854-B7D3-FAB1-61A6-ED6F909063EF" name="PUBNTFS">
<sourceConnName>deepthought</sourceConnName>
<sourceObjSchema>DMKR_ASLINE</sourceObjSchema>
<sourceObjName>PUBNTFS</sourceObjName>
<createdBy>calittle</createdBy>
<createdTime>2019-04-17 17:26:01 UTC</createdTime>
<commentInRDBMS>Publication Notification Setup Table</commentInRDBMS>
<ownerDesignName>ODEE_1262_Design</ownerDesignName>
<schemaObject>8FC895A7-E0A2-11C9-AE90-BEF4CA704C97</schemaObject>
<allowColumnReorder>false</allowColumnReorder>
<existDependencyGenerateInDDl>true</existDependencyGenerateInDDl>
<columns itemClass="oracle.dbtools.crest.model.design.relational.Column">
<Column name="PUBNTFMSGTYP" id="FBAC440F-7502-75C1-F916-10E6BA740EFD">
<sourceConnName>deepthought</sourceConnName>
<sourceObjSchema>PUBNTFS</sourceObjSchema>
<sourceObjName>PUBNTFMSGTYP</sourceObjName>
<createdBy>calittle</createdBy>
<createdTime>2019-04-17 17:26:41 UTC</createdTime>
<commentInRDBMS>Publication Notification Message Type key.  Allows mapping a message template&lt;br/&gt;to data elements.  Publication Notifier has configuration to allow </commentInRDBMS>
<ownerDesignName>ODEE_1262_Design</ownerDesignName>
<useDomainConstraints>false</useDomainConstraints>
<use>1</use>
<logicalDatatype>LOGDT037</logicalDatatype>
<dataTypeSize>50</dataTypeSize>
<autoIncrementCycle>false</autoIncrementCycle>
</Column>
<Column name="PUBNTFLANG" id="27D2DDA6-FCCC-A473-8B96-A785720B8E33">
<sourceConnName>deepthought</sourceConnName>
<sourceObjSchema>PUBNTFS</sourceObjSchema>
<sourceObjName>PUBNTFLANG</sourceObjName>
<createdBy>calittle</createdBy>
<createdTime>2019-04-17 17:26:41 UTC</createdTime>
<commentInRDBMS>Language of the template, used to select the appropriate language of the&lt;br/&gt;recipient of the message, defaults to en for English of appropriate&lt;br/&gt;language can not be found.  </commentInRDBMS>
<ownerDesignName>ODEE_1262_Design</ownerDesignName>
<useDomainConstraints>false</useDomainConstraints>
<use>1</use>
<logicalDatatype>LOGDT037</logicalDatatype>
<dataTypeSize>20</dataTypeSize>
<autoIncrementCycle>false</autoIncrementCycle>
</Column>
<Column name="PUBNTFSUBJ" id="CAFE46AF-6F00-9596-5C59-DFFD7B2697F6">
<sourceConnName>deepthought</sourceConnName>
<sourceObjSchema>PUBNTFS</sourceObjSchema>
<sourceObjName>PUBNTFSUBJ</sourceObjName>
<createdBy>calittle</createdBy>
<createdTime>2019-04-17 17:26:41 UTC</createdTime>
<commentInRDBMS>Subject line template for email notifications</commentInRDBMS>
<ownerDesignName>ODEE_1262_Design</ownerDesignName>
<nullsAllowed>true</nullsAllowed>
<useDomainConstraints>false</useDomainConstraints>
<use>1</use>
<logicalDatatype>LOGDT037</logicalDatatype>
<dataTypeSize>50</dataTypeSize>
<autoIncrementCycle>false</autoIncrementCycle>
</Column>
<Column name="PUBNTFTXT" id="43652FD1-3E88-DD81-5515-51F2E820C16F">
<sourceConnName>deepthought</sourceConnName>
<sourceObjSchema>PUBNTFS</sourceObjSchema>
<sourceObjName>PUBNTFTXT</sourceObjName>
<createdBy>calittle</createdBy>
<createdTime>2019-04-17 17:26:41 UTC</createdTime>
<commentInRDBMS>Simple text template for SMS or text email</commentInRDBMS>
<ownerDesignName>ODEE_1262_Design</ownerDesignName>
<nullsAllowed>true</nullsAllowed>
<useDomainConstraints>false</useDomainConstraints>
<use>1</use>
<logicalDatatype>LOGDT037</logicalDatatype>
<dataTypeSize>2000</dataTypeSize>
<autoIncrementCycle>false</autoIncrementCycle>
</Column>
<Column name="PUBNTFHTML" id="61FED11B-6568-E2B6-A339-54DA4F3BE967">
<sourceConnName>deepthought</sourceConnName>
<sourceObjSchema>PUBNTFS</sourceObjSchema>
<sourceObjName>PUBNTFHTML</sourceObjName>
<createdBy>calittle</createdBy>
<createdTime>2019-04-17 17:26:41 UTC</createdTime>
<commentInRDBMS>HTML format of a notification for MMS or HTML emails</commentInRDBMS>
<ownerDesignName>ODEE_1262_Design</ownerDesignName>
<nullsAllowed>true</nullsAllowed>
<useDomainConstraints>false</useDomainConstraints>
<use>1</use>
<logicalDatatype>LOGDT029</logicalDatatype>
<dataTypeSize>4000</dataTypeSize>
<autoIncrementCycle>false</autoIncrementCycle>
</Column>
<Column name="PUBNTFSPEECH" id="6EB254E0-B5A4-558C-CD66-5E99EBB789EA">
<sourceConnName>deepthought</sourceConnName>
<sourceObjSchema>PUBNTFS</sourceObjSchema>
<sourceObjName>PUBNTFSPEECH</sourceObjName>
<createdBy>calittle</createdBy>
<createdTime>2019-04-17 17:26:41 UTC</createdTime>
<commentInRDBMS>Text to Speech for notifications.</commentInRDBMS>
<ownerDesignName>ODEE_1262_Design</ownerDesignName>
<nullsAllowed>true</nullsAllowed>
<useDomainConstraints>false</useDomainConstraints>
<use>1</use>
<logicalDatatype>LOGDT037</logicalDatatype>
<dataTypeSize>2000</dataTypeSize>
<autoIncrementCycle>false</autoIncrementCycle>
</Column>
</columns>
<indexes itemClass="oracle.dbtools.crest.model.design.relational.Index">
<ind_PK_UK id="5E318C35-6CD9-3DED-02D2-6A563AD36194" name="PUBNTFS_PK">
<sourceConnName>deepthought</sourceConnName>
<sourceObjSchema>DMKR_ASLINE</sourceObjSchema>
<sourceObjName>PUBNTFS_PK</sourceObjName>
<createdBy>calittle</createdBy>
<createdTime>2019-04-17 17:26:51 UTC</createdTime>
<ownerDesignName>ODEE_1262_Design</ownerDesignName>
<pk>true</pk>
<indexState>Primary Constraint</indexState>
<isSurrogateKey>false</isSurrogateKey>
<indexColumnUsage>
<colUsage columnID="27D2DDA6-FCCC-A473-8B96-A785720B8E33"/>
<colUsage columnID="FBAC440F-7502-75C1-F916-10E6BA740EFD"/>
</indexColumnUsage>
</ind_PK_UK>
<ind_PK_UK id="66914CC7-5504-C1CD-3B0A-7A1A95481762" name="PUBNTFS_PK">
<sourceConnName>deepthought</sourceConnName>
<sourceObjSchema>DMKR_ASLINE</sourceObjSchema>
<sourceObjName>PUBNTFS_PK</sourceObjName>
<createdBy>calittle</createdBy>
<createdTime>2019-04-17 17:26:48 UTC</createdTime>
<ownerDesignName>ODEE_1262_Design</ownerDesignName>
<indexState>Unique Plain Index</indexState>
<schemaObject>8FC895A7-E0A2-11C9-AE90-BEF4CA704C97</schemaObject>
<isSurrogateKey>false</isSurrogateKey>
<indexColumnUsage>
<colUsage columnID="27D2DDA6-FCCC-A473-8B96-A785720B8E33"/>
<colUsage columnID="FBAC440F-7502-75C1-F916-10E6BA740EFD"/>
</indexColumnUsage>
</ind_PK_UK>
</indexes>
</Table>