<?xml version = '1.0' encoding = 'UTF-8'?>
<TriggerOraclev10g class="oracle.dbtools.crest.model.design.storage.oracle.v10g.TriggerOraclev10g" name="DMKR_ENTITIES_UPD_TRG" directorySegmentName="seg_0" id="0CA13595-7067-35F7-68D9-0E77C6EC2836">
<sourceConnName>deepthought</sourceConnName>
<sourceObjSchema>DMKR_ADMIN</sourceObjSchema>
<sourceObjName>DMKR_ENTITIES_UPD_TRG</sourceObjName>
<createdBy>calittle</createdBy>
<createdTime>2019-04-17 17:26:51 UTC</createdTime>
<ownerDesignName>ODEE_1262_Design</ownerDesignName>
<actions>UPDATE</actions>
<body>BEGIN&lt;br/&gt;            SELECT TO_TIMESTAMP(TO_CHAR(SYSTIMESTAMP AT TIME ZONE &apos;GMT&apos;,&apos;YYYY.MM.DD HH24:MI:SS.FF&apos;),&apos;YYYY.MM.DD HH24:MI:SS.FF&apos;) INTO :NEW.LAST_UPDATE FROM DUAL;&lt;br/&gt;            UPDATE DMKR_STAT_INFO SET STATACTION=1 WHERE STATNAME=&apos;DMKR_ENTITIES&apos;;&lt;br/&gt;         END DMKR_ENTITIES_UPD_TRG;</body>
<triggerTime>BEFORE</triggerTime>
<owner>C4DD1645-0D5E-926E-53C0-D03150D352EF</owner>
<table>9156A969-1D96-D2F4-28DB-D24001887235</table>
</TriggerOraclev10g>