<?xml version = '1.0' encoding = 'UTF-8'?>
<TriggerOraclev10g class="oracle.dbtools.crest.model.design.storage.oracle.v10g.TriggerOraclev10g" name="BCHS_RCPSHIST_INS_TRG" directorySegmentName="seg_0" id="0E8B0CCA-1B03-1041-F6D3-12D6A9F252F2">
<sourceConnName>deepthought</sourceConnName>
<sourceObjSchema>DMKR_ASLINE</sourceObjSchema>
<sourceObjName>BCHS_RCPSHIST_INS_TRG</sourceObjName>
<createdBy>calittle</createdBy>
<createdTime>2019-04-17 17:26:51 UTC</createdTime>
<ownerDesignName>ODEE_1262_Design</ownerDesignName>
<actions>DELETE</actions>
<body>BEGIN&lt;br/&gt;         IF(:OLD.BCHRCPHISTORY=0) THEN&lt;br/&gt;            UPDATE RCPS SET RCPS.RCPBCHTOTAL=RCPS.RCPBCHTOTAL-1 WHERE RCPS.RCP_ID=:OLD.RCP_ID AND RCPS.TRN_ID=:OLD.TRN_ID;&lt;br/&gt;         ELSE&lt;br/&gt;            Insert into BCHS_RCPSHIST (&lt;br/&gt;                BCH_ID,RCP_ID,TRN_ID,JOB_ID,PUB_ID,RCPSEQ,&lt;br/&gt;                BCHRCPACTIVE,BCHRCPBNDLLOC,BCHRCPCREATETIME,BCHRCPERRTIME,BCHRCPSTATUS,BCHRCPPROCTIME,&lt;br/&gt;                BCHRCPCUSDATE001,BCHRCPCUSINT001,BCHRCPCUSDEC001,BCHRCPCUSSTR001,BCHRCPCUSSTR002,BCHRCPGRPSEQ,BCHRCPGRPTOT,BCHRCPRETENTION,BCHRCPRETHOLD,BCHRCPHISTORY,BCHRCPTYPE&lt;br/&gt;            ) VALUES (&lt;br/&gt;                :OLD.BCH_ID,:OLD.RCP_ID,:OLD.TRN_ID,:OLD.JOB_ID,:OLD.PUB_ID,:OLD.RCPSEQ,&lt;br/&gt;                :OLD.BCHRCPACTIVE,:OLD.BCHRCPBNDLLOC,:OLD.BCHRCPCREATETIME,:OLD.BCHRCPERRTIME,:OLD.BCHRCPSTATUS,:OLD.BCHRCPPROCTIME,&lt;br/&gt;                :OLD.BCHRCPCUSDATE001,:OLD.BCHRCPCUSINT001,:OLD.BCHRCPCUSDEC001,:OLD.BCHRCPCUSSTR001,:OLD.BCHRCPCUSSTR002,:OLD.BCHRCPGRPSEQ,:OLD.BCHRCPGRPTOT,:OLD.BCHRCPRETENTION,:OLD.BCHRCPRETHOLD,:OLD.BCHRCPHISTORY,:OLD.BCHRCPTYPE&lt;br/&gt;            ) ;&lt;br/&gt;         END IF;&lt;br/&gt;      END BCHS_RCPSHIST_INS_TRG;</body>
<triggerTime>BEFORE</triggerTime>
<owner>0E40B78B-F2AF-F48B-B591-AD46144A4DBD</owner>
<table>E8BB72A9-1938-23A2-5384-4EF9F4CC19C6</table>
</TriggerOraclev10g>