<?xml version = '1.0' encoding = 'UTF-8'?>
<TriggerOraclev10g class="oracle.dbtools.crest.model.design.storage.oracle.v10g.TriggerOraclev10g" name="PRTLOGICS_PRTLOG_ID_TRG" directorySegmentName="seg_0" id="1C020945-D3D1-2649-6B9E-7730EA1B54B5">
<sourceConnName>deepthought</sourceConnName>
<sourceObjSchema>DMKR_ASLINE</sourceObjSchema>
<sourceObjName>PRTLOGICS_PRTLOG_ID_TRG</sourceObjName>
<createdBy>calittle</createdBy>
<createdTime>2019-04-17 17:26:52 UTC</createdTime>
<ownerDesignName>ODEE_1262_Design</ownerDesignName>
<actions>INSERT</actions>
<body>BEGIN&lt;br/&gt;            IF (:NEW.PRTLOG_ID is null OR :NEW.PRTLOG_ID = 0) THEN&lt;br/&gt;               SELECT PRTLOGICS_PRTLOG_ID_SEQ.nextval INTO :NEW.PRTLOG_ID FROM DUAL;&lt;br/&gt;            END IF;&lt;br/&gt;            SELECT TO_TIMESTAMP(TO_CHAR(SYSTIMESTAMP AT TIME ZONE &apos;GMT&apos;,&apos;YYYY.MM.DD HH24:MI:SS.FF&apos;),&apos;YYYY.MM.DD HH24:MI:SS.FF&apos;) INTO :NEW.PRTLOGSTATUSTIME FROM DUAL;&lt;br/&gt;         END PRTLOGICS_PRTLOG_ID_TRG;</body>
<triggerTime>BEFORE</triggerTime>
<owner>0E40B78B-F2AF-F48B-B591-AD46144A4DBD</owner>
<table>652C9265-A574-B2C1-98D3-913489D64A0A</table>
</TriggerOraclev10g>