<?xml version = '1.0' encoding = 'UTF-8'?>
<TriggerOraclev10g class="oracle.dbtools.crest.model.design.storage.oracle.v10g.TriggerOraclev10g" name="SYSS_SYS_ID_TRG" directorySegmentName="seg_0" id="270A608A-7DFA-EEB4-28CA-50D637DCCA5A">
<sourceConnName>deepthought</sourceConnName>
<sourceObjSchema>DMKR_ADMIN</sourceObjSchema>
<sourceObjName>SYSS_SYS_ID_TRG</sourceObjName>
<createdBy>calittle</createdBy>
<createdTime>2019-04-17 17:26:51 UTC</createdTime>
<ownerDesignName>ODEE_1262_Design</ownerDesignName>
<actions>INSERT</actions>
<body>BEGIN&lt;br/&gt;           IF (:NEW.SYS_ID is null) THEN&lt;br/&gt;             SELECT SYSS_SYS_ID_SEQ.nextval INTO :NEW.SYS_ID FROM DUAL;&lt;br/&gt;           END IF;&lt;br/&gt;           SELECT TO_TIMESTAMP(TO_CHAR(SYSTIMESTAMP AT TIME ZONE &apos;GMT&apos;,&apos;YYYY.MM.DD HH24:MI:SS.FF&apos;),&apos;YYYY.MM.DD HH24:MI:SS.FF&apos;) INTO :NEW.SYSCREATED FROM DUAL;&lt;br/&gt;         END SYSS_SYS_ID_TRG;</body>
<triggerTime>BEFORE</triggerTime>
<owner>C4DD1645-0D5E-926E-53C0-D03150D352EF</owner>
<table>3A74B56F-47BD-81F4-D5B1-242BC236BDDA</table>
</TriggerOraclev10g>