<?xml version = '1.0' encoding = 'UTF-8'?>
<TriggerOraclev10g class="oracle.dbtools.crest.model.design.storage.oracle.v10g.TriggerOraclev10g" name="APPCFGCTX_DEL_TRG" directorySegmentName="seg_0" id="27D02D7C-C161-4A3F-24D1-B449A413D03F">
<sourceConnName>deepthought</sourceConnName>
<sourceObjSchema>DMKR_ADMIN</sourceObjSchema>
<sourceObjName>APPCFGCTX_DEL_TRG</sourceObjName>
<createdBy>calittle</createdBy>
<createdTime>2019-04-17 17:26:51 UTC</createdTime>
<ownerDesignName>ODEE_1262_Design</ownerDesignName>
<actions>DELETE</actions>
<body>BEGIN&lt;br/&gt;            INSERT INTO CONFIGCONTEXTLOG (&lt;br/&gt;                SYS_ID,AL_ID,APP_ID,CTX_ID,CONTEXT_NAME,GROUP_NAME,PROPERTY,VALUE,&lt;br/&gt;                GROUPSEQ,CATEGORY,ACTIVE,IS_SECRET,IS_ENCRYPT,&lt;br/&gt;                CREATETIME,MODIFYTIME,USERTAG1,NOTES,USER_ID,ACTION&lt;br/&gt;            ) VALUES (&lt;br/&gt;                :OLD.SYS_ID,:OLD.AL_ID,:OLD.APP_ID,:OLD.CTX_ID,:OLD.CONTEXT_NAME,:OLD.GROUP_NAME,:OLD.PROPERTY,:OLD.VALUE,&lt;br/&gt;                :OLD.GROUPSEQ,:OLD.CATEGORY,:OLD.ACTIVE,:OLD.IS_SECRET,:OLD.IS_ENCRYPT,&lt;br/&gt;                :OLD.CREATETIME,:OLD.MODIFYTIME,:OLD.USERTAG1,:OLD.NOTES,:OLD.USER_ID,2&lt;br/&gt;            );&lt;br/&gt;         END APPCFGCTX_DEL_TRG;</body>
<triggerTime>AFTER</triggerTime>
<owner>C4DD1645-0D5E-926E-53C0-D03150D352EF</owner>
<table>EC3BAC9C-F460-F86E-318C-7A1E8F679AA5</table>
</TriggerOraclev10g>