<?xml version = '1.0' encoding = 'UTF-8'?>
<TriggerOraclev10g class="oracle.dbtools.crest.model.design.storage.oracle.v10g.TriggerOraclev10g" name="PUBS_PUB_ID_TRG" directorySegmentName="seg_0" id="2A7DC3F9-483F-030A-F5AB-80A3847838C9">
<sourceConnName>deepthought</sourceConnName>
<sourceObjSchema>DMKR_ASLINE</sourceObjSchema>
<sourceObjName>PUBS_PUB_ID_TRG</sourceObjName>
<createdBy>calittle</createdBy>
<createdTime>2019-04-17 17:26:52 UTC</createdTime>
<ownerDesignName>ODEE_1262_Design</ownerDesignName>
<actions>INSERT</actions>
<body>BEGIN&lt;br/&gt;            IF (:NEW.PUB_ID is null OR :NEW.PUB_ID = 0) THEN&lt;br/&gt;               SELECT PUBS_PUB_ID_SEQ.nextval INTO :NEW.PUB_ID FROM DUAL;&lt;br/&gt;            END IF;&lt;br/&gt;            SELECT TO_TIMESTAMP(TO_CHAR(SYSTIMESTAMP AT TIME ZONE &apos;GMT&apos;,&apos;YYYY.MM.DD HH24:MI:SS.FF&apos;),&apos;YYYY.MM.DD HH24:MI:SS.FF&apos;) INTO :NEW.PUBSTARTTIME FROM DUAL;&lt;br/&gt;            IF(:NEW.PUBSTATUS=999) THEN&lt;br/&gt;              SELECT TO_TIMESTAMP(TO_CHAR(SYSTIMESTAMP AT TIME ZONE &apos;GMT&apos;,&apos;YYYY.MM.DD HH24:MI:SS.FF&apos;),&apos;YYYY.MM.DD HH24:MI:SS.FF&apos;) INTO :NEW.PUBENDTIME FROM DUAL;&lt;br/&gt;            END IF;&lt;br/&gt;         END PUBS_PUB_ID_TRG;</body>
<triggerTime>BEFORE</triggerTime>
<owner>0E40B78B-F2AF-F48B-B591-AD46144A4DBD</owner>
<table>138CDBBC-4DD0-D6FC-C708-A9005F499EB0</table>
</TriggerOraclev10g>