<?xml version = '1.0' encoding = 'UTF-8'?>
<TriggerOraclev10g class="oracle.dbtools.crest.model.design.storage.oracle.v10g.TriggerOraclev10g" name="CFGCTXLOG_ID_TRG" directorySegmentName="seg_0" id="2F52CF11-B51E-E33D-CD87-6FDE176AAD95">
<sourceConnName>deepthought</sourceConnName>
<sourceObjSchema>DMKR_ADMIN</sourceObjSchema>
<sourceObjName>CFGCTXLOG_ID_TRG</sourceObjName>
<createdBy>calittle</createdBy>
<createdTime>2019-04-17 17:26:51 UTC</createdTime>
<ownerDesignName>ODEE_1262_Design</ownerDesignName>
<actions>INSERT</actions>
<body>BEGIN&lt;br/&gt;           IF (:NEW.LOG_ID is null OR :NEW.LOG_ID = 0) THEN&lt;br/&gt;             SELECT CFGCTXLOG_ID_SEQ.nextval INTO :NEW.LOG_ID FROM DUAL;&lt;br/&gt;           END IF;&lt;br/&gt;           SELECT TO_TIMESTAMP(TO_CHAR(SYSTIMESTAMP AT TIME ZONE &apos;GMT&apos;,&apos;YYYY.MM.DD HH24:MI:SS.FF&apos;),&apos;YYYY.MM.DD HH24:MI:SS.FF&apos;) INTO :NEW.LOGTIME FROM DUAL;&lt;br/&gt;         END CFGCTXLOG_ID_TRG;</body>
<triggerTime>BEFORE</triggerTime>
<owner>C4DD1645-0D5E-926E-53C0-D03150D352EF</owner>
<table>252CCD9B-9BE8-DA14-1E79-918064D79D01</table>
</TriggerOraclev10g>