<?xml version = '1.0' encoding = 'UTF-8'?>
<TriggerOraclev10g class="oracle.dbtools.crest.model.design.storage.oracle.v10g.TriggerOraclev10g" name="ALCONFIGCONTEXT_CTX_ID_TRG" directorySegmentName="seg_0" id="3131A384-3D92-3B5F-5713-14102B79B8B0">
<sourceConnName>deepthought</sourceConnName>
<sourceObjSchema>DMKR_ADMIN</sourceObjSchema>
<sourceObjName>ALCONFIGCONTEXT_CTX_ID_TRG</sourceObjName>
<createdBy>calittle</createdBy>
<createdTime>2019-04-17 17:26:51 UTC</createdTime>
<ownerDesignName>ODEE_1262_Design</ownerDesignName>
<actions>INSERT</actions>
<body>BEGIN&lt;br/&gt;           IF (:NEW.CTX_ID is null) THEN&lt;br/&gt;              SELECT ALCONFIGCONTEXT_CTX_ID_SEQ.nextval INTO :NEW.CTX_ID FROM DUAL;&lt;br/&gt;           END IF;&lt;br/&gt;         END ALCONFIGCONTEXT_CTX_ID_TRG;</body>
<triggerTime>BEFORE</triggerTime>
<owner>C4DD1645-0D5E-926E-53C0-D03150D352EF</owner>
<table>924B5EE5-C7B9-58C9-0B16-7DC096D58A79</table>
</TriggerOraclev10g>