<?xml version = '1.0' encoding = 'UTF-8'?>
<TriggerOraclev10g class="oracle.dbtools.crest.model.design.storage.oracle.v10g.TriggerOraclev10g" name="ERRS_AFTERINSERT_TRG" directorySegmentName="seg_0" id="3279E474-1CDD-C69B-692A-B55A6C4E0905">
<sourceConnName>deepthought</sourceConnName>
<sourceObjSchema>DMKR_ASLINE</sourceObjSchema>
<sourceObjName>ERRS_AFTERINSERT_TRG</sourceObjName>
<createdBy>calittle</createdBy>
<createdTime>2019-04-17 17:26:52 UTC</createdTime>
<ownerDesignName>ODEE_1262_Design</ownerDesignName>
<actions>INSERT</actions>
<body>BEGIN&lt;br/&gt;            UPDATE JOBS SET JOBERR_ID=:NEW.ERR_ID WHERE JOBS.JOB_ID=:NEW.JOB_ID AND (JOBERR_ID=0 OR JOBERR_ID IS NULL);&lt;br/&gt;            UPDATE TRNS SET TRNERR_ID=:NEW.ERR_ID,TRNS.TRNDOLOG=1 WHERE TRNS.TRN_ID=:NEW.TRN_ID AND (TRNERR_ID=0 OR TRNERR_ID IS NULL);&lt;br/&gt;            UPDATE RCPS SET RCPERR_ID=:NEW.ERR_ID WHERE RCPS.RCP_ID=:NEW.RCP_ID AND (RCPERR_ID=0 OR RCPERR_ID IS NULL);&lt;br/&gt;            UPDATE BCHS SET BCHERR_ID=:NEW.ERR_ID WHERE BCHS.BCH_ID=:NEW.BCH_ID AND (BCHERR_ID=0 OR BCHERR_ID IS NULL);&lt;br/&gt;            UPDATE PUBS SET PUBERR_ID=:NEW.ERR_ID WHERE PUBS.PUB_ID=:NEW.PUB_ID AND (PUBERR_ID=0 OR PUBERR_ID IS NULL);&lt;br/&gt;         END ERRS_AFTERINSERT_TRG;</body>
<triggerTime>AFTER</triggerTime>
<owner>0E40B78B-F2AF-F48B-B591-AD46144A4DBD</owner>
<table>2CCA7CE5-C53C-4B4C-B04D-19CC04E8DBCC</table>
</TriggerOraclev10g>