<?xml version = '1.0' encoding = 'UTF-8'?>
<TriggerOraclev10g class="oracle.dbtools.crest.model.design.storage.oracle.v10g.TriggerOraclev10g" name="BCHS_RCPS_BEFOREINS_TRG" directorySegmentName="seg_0" id="3EB6749A-551F-3953-9B10-4767DA3789B1">
<sourceConnName>deepthought</sourceConnName>
<sourceObjSchema>DMKR_ASLINE</sourceObjSchema>
<sourceObjName>BCHS_RCPS_BEFOREINS_TRG</sourceObjName>
<createdBy>calittle</createdBy>
<createdTime>2019-04-17 17:26:51 UTC</createdTime>
<ownerDesignName>ODEE_1262_Design</ownerDesignName>
<actions>INSERT</actions>
<body>BEGIN&lt;br/&gt;            IF (:NEW.BCHRCPTYPE &gt; 0) THEN&lt;br/&gt;               UPDATE RCPS SET RCPS.RCPBCHSCH=RCPS.RCPBCHSCH+1 WHERE RCPS.RCP_ID=:NEW.RCP_ID AND RCPS.TRN_ID=:NEW.TRN_ID;&lt;br/&gt;            END IF;&lt;br/&gt;         END BCHS_RCPS_BEFOREINS_TRG;</body>
<triggerTime>BEFORE</triggerTime>
<owner>0E40B78B-F2AF-F48B-B591-AD46144A4DBD</owner>
<table>E8BB72A9-1938-23A2-5384-4EF9F4CC19C6</table>
</TriggerOraclev10g>