<?xml version = '1.0' encoding = 'UTF-8'?>
<TriggerOraclev10g class="oracle.dbtools.crest.model.design.storage.oracle.v10g.TriggerOraclev10g" name="TRNSLOG_TRNSLOG_ID_TRG" directorySegmentName="seg_0" id="43A271CB-85CB-97FA-262B-4B5519E17A53">
<sourceConnName>deepthought</sourceConnName>
<sourceObjSchema>DMKR_ASLINE</sourceObjSchema>
<sourceObjName>TRNSLOG_TRNSLOG_ID_TRG</sourceObjName>
<createdBy>calittle</createdBy>
<createdTime>2019-04-17 17:26:52 UTC</createdTime>
<ownerDesignName>ODEE_1262_Design</ownerDesignName>
<actions>INSERT</actions>
<body>BEGIN SELECT TRNSLOG_TRNSLOG_ID_SEQ.nextval INTO :NEW.TRNSLOG_ID FROM DUAL;&lt;br/&gt;         END TRNSLOG_TRNSLOG_ID_TRG;</body>
<triggerTime>BEFORE</triggerTime>
<condition>NEW.TRNSLOG_ID is null OR NEW.TRNSLOG_ID = 0</condition>
<owner>0E40B78B-F2AF-F48B-B591-AD46144A4DBD</owner>
<table>572A8A69-2B8D-CD62-176A-FE97BCCBADB9</table>
</TriggerOraclev10g>