<?xml version = '1.0' encoding = 'UTF-8'?>
<TriggerOraclev10g class="oracle.dbtools.crest.model.design.storage.oracle.v10g.TriggerOraclev10g" name="BCHS_BEFOREUPD_TRG" directorySegmentName="seg_0" id="4939F33B-8189-719C-7F65-F8CB8CEC5C9D">
<sourceConnName>deepthought</sourceConnName>
<sourceObjSchema>DMKR_ASLINE</sourceObjSchema>
<sourceObjName>BCHS_BEFOREUPD_TRG</sourceObjName>
<createdBy>calittle</createdBy>
<createdTime>2019-04-17 17:26:51 UTC</createdTime>
<ownerDesignName>ODEE_1262_Design</ownerDesignName>
<actions>UPDATE</actions>
<body>BEGIN&lt;br/&gt;            IF (:NEW.BCHSTATUS=999 AND (:OLD.BCHSTATUS IS NULL OR :OLD.BCHSTATUS&lt;&gt;:NEW.BCHSTATUS)) THEN&lt;br/&gt;               SELECT TO_TIMESTAMP(TO_CHAR(SYSTIMESTAMP AT TIME ZONE &apos;GMT&apos;,&apos;YYYY.MM.DD HH24:MI:SS.FF&apos;),&apos;YYYY.MM.DD HH24:MI:SS.FF&apos;) INTO :NEW.BCHENDTIME FROM DUAL;&lt;br/&gt;               UPDATE BCHS_RCPS SET BCHS_RCPS.BCHRCPSTATUS=:NEW.BCHSTATUS,BCHS_RCPS.BCHRCPPROCTIME=TO_TIMESTAMP(TO_CHAR(SYSTIMESTAMP AT TIME ZONE &apos;GMT&apos;,&apos;YYYY.MM.DD HH24:MI:SS.FF&apos;),&apos;YYYY.MM.DD HH24:MI:SS.FF&apos;) WHERE BCHS_RCPS.BCH_ID=:NEW.BCH_ID;&lt;br/&gt;            ELSIF ((MOD(:NEW.BCHSTATUS,100)&gt;=40 AND MOD(:NEW.BCHSTATUS,100)&lt;=49 AND (:OLD.BCHSTATUS IS NULL OR :OLD.BCHSTATUS&lt;&gt;:NEW.BCHSTATUS)) OR&lt;br/&gt;                   (:NEW.BCHPUBERRARC&lt;&gt;:OLD.BCHPUBERRARC AND :NEW.BCHPUBERRARC&gt;0 AND :NEW.BCHPUBERRARC IS NOT NULL) OR&lt;br/&gt;                   (:NEW.BCHPUBERRDST&lt;&gt;:OLD.BCHPUBERRDST AND :NEW.BCHPUBERRDST&gt;0 AND :NEW.BCHPUBERRDST IS NOT NULL) OR&lt;br/&gt;                   (:NEW.BCHPUBERRNTF&lt;&gt;:OLD.BCHPUBERRNTF AND :NEW.BCHPUBERRNTF&gt;0 AND :NEW.BCHPUBERRNTF IS NOT NULL)) THEN&lt;br/&gt;               SELECT TO_TIMESTAMP(TO_CHAR(SYSTIMESTAMP AT TIME ZONE &apos;GMT&apos;,&apos;YYYY.MM.DD HH24:MI:SS.FF&apos;),&apos;YYYY.MM.DD HH24:MI:SS.FF&apos;) INTO :NEW.BCHERRTIME FROM DUAL;&lt;br/&gt;               UPDATE BCHS_RCPS SET BCHS_RCPS.BCHRCPSTATUS=:NEW.BCHSTATUS,BCHS_RCPS.BCHRCPERRTIME=TO_TIMESTAMP(TO_CHAR(SYSTIMESTAMP AT TIME ZONE &apos;GMT&apos;,&apos;YYYY.MM.DD HH24:MI:SS.FF&apos;),&apos;YYYY.MM.DD HH24:MI:SS.FF&apos;) WHERE BCHS_RCPS.BCH_ID=:NEW.BCH_ID;&lt;br/&gt;            ELSIF (:NEW.BCHSTATUS IS NOT NULL AND (:OLD.BCHSTATUS IS NULL OR :OLD.BCHSTATUS&lt;&gt;:NEW.BCHSTATUS) AND (:NEW.BCHSTATUS=415 OR :NEW.BCHSTATUS=416 OR MOD(:NEW.BCHSTATUS,100)=11 OR (MOD(:NEW.BCHSTATUS,100)&gt;=80 AND MOD(:NEW.BCHSTATUS,100)&lt;=89 ) ) ) THEN&lt;br/&gt;               UPDATE BCHS_RCPS SET BCHS_RCPS.BCHRCPSTATUS=:NEW.BCHSTATUS WHERE BCHS_RCPS.BCH_ID=:NEW.BCH_ID;&lt;br/&gt;            END IF;&lt;br/&gt;            SELECT TO_TIMESTAMP(TO_CHAR(SYSTIMESTAMP AT TIME ZONE &apos;GMT&apos;,&apos;YYYY.MM.DD HH24:MI:SS.FF&apos;),&apos;YYYY.MM.DD HH24:MI:SS.FF&apos;) INTO :NEW.BCHMODIFYTIME FROM DUAL;&lt;br/&gt;         END BCHS_BEFOREUPD_TRG;</body>
<triggerTime>BEFORE</triggerTime>
<owner>0E40B78B-F2AF-F48B-B591-AD46144A4DBD</owner>
<table>6A0DD653-BC9E-BA76-DB8E-38C8DAAA220A</table>
</TriggerOraclev10g>