<?xml version = '1.0' encoding = 'UTF-8'?>
<TriggerOraclev10g class="oracle.dbtools.crest.model.design.storage.oracle.v10g.TriggerOraclev10g" name="SYSCFGCTX_INS_TRG" directorySegmentName="seg_0" id="4B3F258D-1471-43BA-5674-18CE5D64BF8D">
<sourceConnName>deepthought</sourceConnName>
<sourceObjSchema>DMKR_ADMIN</sourceObjSchema>
<sourceObjName>SYSCFGCTX_INS_TRG</sourceObjName>
<createdBy>calittle</createdBy>
<createdTime>2019-04-17 17:26:51 UTC</createdTime>
<ownerDesignName>ODEE_1262_Design</ownerDesignName>
<actions>INSERT</actions>
<body>BEGIN&lt;br/&gt;            INSERT INTO CONFIGCONTEXTLOG (&lt;br/&gt;                SYS_ID,CTX_ID,CONTEXT_NAME,GROUP_NAME,PROPERTY,VALUE,&lt;br/&gt;                VALUE_TYPE,VALUE_REF,GROUPSEQ,CATEGORY,ACTIVE,IS_SECRET,IS_ENCRYPT,&lt;br/&gt;                CREATETIME,MODIFYTIME,USERTAG1,NOTES,USER_ID,USER_NAME,ACTION&lt;br/&gt;            ) VALUES (&lt;br/&gt;                :NEW.SYS_ID,:NEW.CTX_ID,:NEW.CONTEXT_NAME,:NEW.GROUP_NAME,:NEW.PROPERTY,:NEW.VALUE,&lt;br/&gt;                :NEW.VALUE_TYPE,:NEW.VALUE_REF,:NEW.GROUPSEQ,:NEW.CATEGORY,:NEW.ACTIVE,:NEW.IS_SECRET,:NEW.IS_ENCRYPT,&lt;br/&gt;                :NEW.CREATETIME,:NEW.MODIFYTIME,:NEW.USERTAG1,:NEW.NOTES,:NEW.USER_ID,:NEW.USER_NAME,0&lt;br/&gt;            );&lt;br/&gt;         END SYSCFGCTX_INS_TRG;</body>
<triggerTime>AFTER</triggerTime>
<owner>C4DD1645-0D5E-926E-53C0-D03150D352EF</owner>
<table>8800F0EA-80F0-BB43-F44D-0E2BAAA46ED2</table>
</TriggerOraclev10g>