<?xml version = '1.0' encoding = 'UTF-8'?>
<TriggerOraclev10g class="oracle.dbtools.crest.model.design.storage.oracle.v10g.TriggerOraclev10g" name="ALS_AL_ID_TRG" directorySegmentName="seg_0" id="5C1C573C-0E4A-1BA8-23FC-4D03FDDF76DF">
<sourceConnName>deepthought</sourceConnName>
<sourceObjSchema>DMKR_ADMIN</sourceObjSchema>
<sourceObjName>ALS_AL_ID_TRG</sourceObjName>
<createdBy>calittle</createdBy>
<createdTime>2019-04-17 17:26:51 UTC</createdTime>
<ownerDesignName>ODEE_1262_Design</ownerDesignName>
<actions>INSERT</actions>
<body>BEGIN&lt;br/&gt;           IF (:NEW.AL_ID is null) THEN&lt;br/&gt;              SELECT ALS_AL_ID_SEQ.nextval INTO :NEW.AL_ID FROM DUAL;&lt;br/&gt;           END IF;&lt;br/&gt;           SELECT TO_TIMESTAMP(TO_CHAR(SYSTIMESTAMP AT TIME ZONE &apos;GMT&apos;,&apos;YYYY.MM.DD HH24:MI:SS.FF&apos;),&apos;YYYY.MM.DD HH24:MI:SS.FF&apos;) INTO :NEW.ALCREATED FROM DUAL;&lt;br/&gt;         END ALS_AL_ID_TRG;</body>
<triggerTime>BEFORE</triggerTime>
<owner>C4DD1645-0D5E-926E-53C0-D03150D352EF</owner>
<table>98ED6A7C-350C-9BC5-7C07-EF9C71B1B8A8</table>
</TriggerOraclev10g>