<?xml version = '1.0' encoding = 'UTF-8'?>
<TriggerOraclev10g class="oracle.dbtools.crest.model.design.storage.oracle.v10g.TriggerOraclev10g" name="APPS_APP_ID_TRG" directorySegmentName="seg_0" id="65F36091-7D69-7A32-B2F1-2A02587388AE">
<sourceConnName>deepthought</sourceConnName>
<sourceObjSchema>DMKR_ADMIN</sourceObjSchema>
<sourceObjName>APPS_APP_ID_TRG</sourceObjName>
<createdBy>calittle</createdBy>
<createdTime>2019-04-17 17:26:51 UTC</createdTime>
<ownerDesignName>ODEE_1262_Design</ownerDesignName>
<actions>INSERT</actions>
<body>BEGIN&lt;br/&gt;           IF (:NEW.APP_ID is null) THEN&lt;br/&gt;              SELECT APPS_APP_ID_SEQ.nextval INTO :NEW.APP_ID FROM DUAL;&lt;br/&gt;           END IF;&lt;br/&gt;           SELECT TO_TIMESTAMP(TO_CHAR(SYSTIMESTAMP AT TIME ZONE &apos;GMT&apos;,&apos;YYYY.MM.DD HH24:MI:SS.FF&apos;),&apos;YYYY.MM.DD HH24:MI:SS.FF&apos;) INTO :NEW.APPCREATED FROM DUAL;&lt;br/&gt;         END APPS_APP_ID_TRG;</body>
<triggerTime>BEFORE</triggerTime>
<owner>C4DD1645-0D5E-926E-53C0-D03150D352EF</owner>
<table>AD6A03EB-BD86-466E-38A8-41B1C4E1EAF4</table>
</TriggerOraclev10g>