<?xml version = '1.0' encoding = 'UTF-8'?>
<TriggerOraclev10g class="oracle.dbtools.crest.model.design.storage.oracle.v10g.TriggerOraclev10g" name="RCPSHIST_INS_TRG" directorySegmentName="seg_0" id="6E9070B5-B1AA-7A90-61EF-43C890CC85EC">
<sourceConnName>deepthought</sourceConnName>
<sourceObjSchema>DMKR_ASLINE</sourceObjSchema>
<sourceObjName>RCPSHIST_INS_TRG</sourceObjName>
<createdBy>calittle</createdBy>
<createdTime>2019-04-17 17:26:52 UTC</createdTime>
<ownerDesignName>ODEE_1262_Design</ownerDesignName>
<actions>DELETE</actions>
<body>BEGIN&lt;br/&gt;         IF(:OLD.RCPHISTORY=0) THEN&lt;br/&gt;            UPDATE TRNS SET TRNS.TRNRCPTOTAL=TRNS.TRNRCPTOTAL-1,TRNS.TRNDOLOG=0 WHERE TRNS.TRN_ID=:OLD.TRN_ID;&lt;br/&gt;         ELSE&lt;br/&gt;            Insert into RCPSHIST (&lt;br/&gt;                RCP_ID,TRN_ID,RCPUNIQUE_ID,BATCHNAME,BATCHTYPE,RCPSTATUS,&lt;br/&gt;                RCPBCHTOTAL,RCPBCHERR,RCPBCHSCH,RCPBCHPROC,&lt;br/&gt;                RCPDATATYPE,RCPOUTTYPE,RCPOUTBLOB,RCPOUTREF,RCPOUTSIZE,&lt;br/&gt;                RCPSTARTTIME,RCPENDTIME,RCPPAGECOUNT,RCPSHEETCOUNT,RCPWEIGHT,&lt;br/&gt;                RCPTRAY1,RCPTRAY2,RCPTRAY3,RCPTRAY4,RCPTRAY5,RCPTRAY6,RCPTRAY7,RCPTRAY8,RCPTRAY9,&lt;br/&gt;                ADR_INDEX,ADR_CODE,ADR_NAME,ADR_ADDRESS1,ADR_ADDRESS2,ADR_CITY,ADR_STATE,&lt;br/&gt;                ADR_COUNTRY,ADR_POSTALCODE,ADR_EMAIL,ADR_ENCLOSURES,ADR_FAX,ADR_PHONE,ADR_HOMEPHONE,&lt;br/&gt;                ADR_SELECTED,ADR_PREFERRED,ADR_RFU,ADR_ROLE,ADR_SIGNINGROLE,ADR_TRACKING,ADR_TYPE,ADR_LANGUAGE,ADR_HOUSEHOLD,&lt;br/&gt;                RCPERR_ID,&lt;br/&gt;                RCPAPPDATE001,RCPAPPDATE002,RCPAPPDATE003,RCPAPPDATE004,RCPAPPDATE005,&lt;br/&gt;                RCPAPPDEC001,RCPAPPDEC002,RCPAPPDEC003,RCPAPPDEC004,RCPAPPDEC005,&lt;br/&gt;                RCPAPPINT001,RCPAPPINT002,RCPAPPINT003,RCPAPPINT004,RCPAPPINT005,&lt;br/&gt;                RCPAPPSTR001,RCPAPPSTR002,RCPAPPSTR003,RCPAPPSTR004,RCPAPPSTR005,&lt;br/&gt;                RCPAPPSTR006,RCPAPPSTR007,RCPAPPSTR008,RCPAPPSTR009,RCPAPPSTR010,&lt;br/&gt;                RCPAPPSTR011,RCPAPPSTR012,RCPAPPSTR013,RCPAPPSTR014,RCPAPPSTR015,&lt;br/&gt;                RCPCUSDATE001,RCPCUSDATE002,RCPCUSDATE003,RCPCUSDATE004,RCPCUSDATE005,&lt;br/&gt;                RCPCUSDEC001,RCPCUSDEC002,RCPCUSDEC003,RCPCUSDEC004,RCPCUSDEC005,&lt;br/&gt;                RCPCUSINT001,RCPCUSINT002,RCPCUSINT003,RCPCUSINT004,RCPCUSINT005,&lt;br/&gt;                RCPCUSSTR001,RCPCUSSTR002,RCPCUSSTR003,RCPCUSSTR004,RCPCUSSTR005,&lt;br/&gt;                RCPCUSSTR006,RCPCUSSTR007,RCPCUSSTR008,RCPCUSSTR009,RCPCUSSTR010,&lt;br/&gt;                RCPCUSSTR011,RCPCUSSTR012,RCPCUSSTR013,RCPCUSSTR014,RCPCUSSTR015,&lt;br/&gt;                RCBPRTFLAG,RCBRCPCODE,RCBRCPNAME,RCBERROR,RCPRETENTION,RCPRETHOLD,RCPHISTORY&lt;br/&gt;            ) VALUES (&lt;br/&gt;                :OLD.RCP_ID,:OLD.TRN_ID,:OLD.RCPUNIQUE_ID,:OLD.BATCHNAME,:OLD.BATCHTYPE,:OLD.RCPSTATUS,&lt;br/&gt;                :OLD.RCPBCHTOTAL,:OLD.RCPBCHERR,:OLD.RCPBCHSCH,:OLD.RCPBCHPROC,&lt;br/&gt;                :OLD.RCPDATATYPE,:OLD.RCPOUTTYPE,:OLD.RCPOUTBLOB,:OLD.RCPOUTREF,:OLD.RCPOUTSIZE,&lt;br/&gt;                :OLD.RCPSTARTTIME,:OLD.RCPENDTIME,:OLD.RCPPAGECOUNT,:OLD.RCPSHEETCOUNT,:OLD.RCPWEIGHT,&lt;br/&gt;                :OLD.RCPTRAY1,:OLD.RCPTRAY2,:OLD.RCPTRAY3,:OLD.RCPTRAY4,:OLD.RCPTRAY5,:OLD.RCPTRAY6,:OLD.RCPTRAY7,:OLD.RCPTRAY8,:OLD.RCPTRAY9,&lt;br/&gt;                :OLD.ADR_INDEX,:OLD.ADR_CODE,:OLD.ADR_NAME,:OLD.ADR_ADDRESS1,:OLD.ADR_ADDRESS2,:OLD.ADR_CITY,:OLD.ADR_STATE,&lt;br/&gt;                :OLD.ADR_COUNTRY,:OLD.ADR_POSTALCODE,:OLD.ADR_EMAIL,:OLD.ADR_ENCLOSURES,:OLD.ADR_FAX,:OLD.ADR_PHONE,:OLD.ADR_HOMEPHONE,&lt;br/&gt;                :OLD.ADR_SELECTED,:OLD.ADR_PREFERRED,:OLD.ADR_RFU,:OLD.ADR_ROLE,:OLD.ADR_SIGNINGROLE,:OLD.ADR_TRACKING,:OLD.ADR_TYPE,:OLD.ADR_LANGUAGE,:OLD.ADR_HOUSEHOLD,&lt;br/&gt;                :OLD.RCPERR_ID,&lt;br/&gt;                :OLD.RCPAPPDATE001,:OLD.RCPAPPDATE002,:OLD.RCPAPPDATE003,:OLD.RCPAPPDATE004,:OLD.RCPAPPDATE005,&lt;br/&gt;                :OLD.RCPAPPDEC001,:OLD.RCPAPPDEC002,:OLD.RCPAPPDEC003,:OLD.RCPAPPDEC004,:OLD.RCPAPPDEC005,&lt;br/&gt;                :OLD.RCPAPPINT001,:OLD.RCPAPPINT002,:OLD.RCPAPPINT003,:OLD.RCPAPPINT004,:OLD.RCPAPPINT005,&lt;br/&gt;                :OLD.RCPAPPSTR001,:OLD.RCPAPPSTR002,:OLD.RCPAPPSTR003,:OLD.RCPAPPSTR004,:OLD.RCPAPPSTR005,&lt;br/&gt;                :OLD.RCPAPPSTR006,:OLD.RCPAPPSTR007,:OLD.RCPAPPSTR008,:OLD.RCPAPPSTR009,:OLD.RCPAPPSTR010,&lt;br/&gt;                :OLD.RCPAPPSTR011,:OLD.RCPAPPSTR012,:OLD.RCPAPPSTR013,:OLD.RCPAPPSTR014,:OLD.RCPAPPSTR015,&lt;br/&gt;                :OLD.RCPCUSDATE001,:OLD.RCPCUSDATE002,:OLD.RCPCUSDATE003,:OLD.RCPCUSDATE004,:OLD.RCPCUSDATE005,&lt;br/&gt;                :OLD.RCPCUSDEC001,:OLD.RCPCUSDEC002,:OLD.RCPCUSDEC003,:OLD.RCPCUSDEC004,:OLD.RCPCUSDEC005,&lt;br/&gt;                :OLD.RCPCUSINT001,:OLD.RCPCUSINT002,:OLD.RCPCUSINT003,:OLD.RCPCUSINT004,:OLD.RCPCUSINT005,&lt;br/&gt;                :OLD.RCPCUSSTR001,:OLD.RCPCUSSTR002,:OLD.RCPCUSSTR003,:OLD.RCPCUSSTR004,:OLD.RCPCUSSTR005,&lt;br/&gt;                :OLD.RCPCUSSTR006,:OLD.RCPCUSSTR007,:OLD.RCPCUSSTR008,:OLD.RCPCUSSTR009,:OLD.RCPCUSSTR010,&lt;br/&gt;                :OLD.RCPCUSSTR011,:OLD.RCPCUSSTR012,:OLD.RCPCUSSTR013,:OLD.RCPCUSSTR014,:OLD.RCPCUSSTR015,&lt;br/&gt;                :OLD.RCBPRTFLAG,:OLD.RCBRCPCODE,:OLD.RCBRCPNAME,:OLD.RCBERROR,:OLD.RCPRETENTION,:OLD.RCPRETHOLD,:OLD.RCPHISTORY&lt;br/&gt;            ) ;&lt;br/&gt;         END IF;&lt;br/&gt;      END RCPSHIST_INS_TRG;</body>
<triggerTime>BEFORE</triggerTime>
<owner>0E40B78B-F2AF-F48B-B591-AD46144A4DBD</owner>
<table>D3185649-826C-B625-42E7-4BDE840F2666</table>
</TriggerOraclev10g>