<?xml version = '1.0' encoding = 'UTF-8'?>
<TriggerOraclev10g class="oracle.dbtools.crest.model.design.storage.oracle.v10g.TriggerOraclev10g" name="JOBSHIST_INS_TRG" directorySegmentName="seg_0" id="778F6B12-4DD9-81F3-97BC-E6ACA1F9C89C">
<sourceConnName>deepthought</sourceConnName>
<sourceObjSchema>DMKR_ASLINE</sourceObjSchema>
<sourceObjName>JOBSHIST_INS_TRG</sourceObjName>
<createdBy>calittle</createdBy>
<createdTime>2019-04-17 17:26:52 UTC</createdTime>
<ownerDesignName>ODEE_1262_Design</ownerDesignName>
<actions>DELETE</actions>
<body>BEGIN&lt;br/&gt;            Insert into JOBSHIST (&lt;br/&gt;                JOB_ID,JOBNAME,JOBPRIORITY,JOBSTATUS,JOBUNIQUE_ID,&lt;br/&gt;                JOBPRTLOGNAME,JOBPAYLOADTYPE,JOBPAYLOADREF,JOBPAYLOADBLOB,JOBPAYLOADXML,&lt;br/&gt;                JOBATTACHMENTS,JOBSTARTTIME,JOBENDTIME,JOBERR_ID,&lt;br/&gt;                JOBTRNTOTAL,JOBTRNWIP,JOBTRNERR,JOBTRNSCH,JOBTRNPROC,JOBTRNSTARTTIME,JOBTRNENDTIME,&lt;br/&gt;                JOBRCPTOTAL,JOBRCPERR,JOBRCPSCH,JOBRCPPROC,JOBRCPSTARTTIME,JOBRCPENDTIME,&lt;br/&gt;                JOBBCHTOTAL,JOBBCHERR,JOBBCHSCH,JOBBCHPROC,JOBBCHSTARTTIME,JOBBCHENDTIME,&lt;br/&gt;                JOBRETENTION,JOBRETHOLD,JOBHISTORY,JOBREPLYTOURI,JOBREPLYSENT,JOBREPLYSENTTIME&lt;br/&gt;        ) VALUES (&lt;br/&gt;                :OLD.JOB_ID,:OLD.JOBNAME,:OLD.JOBPRIORITY,:OLD.JOBSTATUS,:OLD.JOBUNIQUE_ID,&lt;br/&gt;                :OLD.JOBPRTLOGNAME,:OLD.JOBPAYLOADTYPE,:OLD.JOBPAYLOADREF,:OLD.JOBPAYLOADBLOB,:OLD.JOBPAYLOADXML,&lt;br/&gt;                :OLD.JOBATTACHMENTS,:OLD.JOBSTARTTIME,:OLD.JOBENDTIME,:OLD.JOBERR_ID,&lt;br/&gt;                :OLD.JOBTRNTOTAL,:OLD.JOBTRNWIP,:OLD.JOBTRNERR,:OLD.JOBTRNSCH,:OLD.JOBTRNPROC,:OLD.JOBTRNSTARTTIME,:OLD.JOBTRNENDTIME,&lt;br/&gt;                :OLD.JOBRCPTOTAL,:OLD.JOBRCPERR,:OLD.JOBRCPSCH,:OLD.JOBRCPPROC,:OLD.JOBRCPSTARTTIME,:OLD.JOBRCPENDTIME,&lt;br/&gt;                :OLD.JOBBCHTOTAL,:OLD.JOBBCHERR,:OLD.JOBBCHSCH,:OLD.JOBBCHPROC,:OLD.JOBBCHSTARTTIME,:OLD.JOBBCHENDTIME,&lt;br/&gt;                :OLD.JOBRETENTION,:OLD.JOBRETHOLD,:OLD.JOBHISTORY,:OLD.JOBREPLYTOURI,:OLD.JOBREPLYSENT,:OLD.JOBREPLYSENTTIME&lt;br/&gt;&lt;br/&gt;        ) ;&lt;br/&gt;         END JOBSHIST_INS_TRG;</body>
<triggerTime>BEFORE</triggerTime>
<condition>OLD.JOBHISTORY = 1</condition>
<owner>0E40B78B-F2AF-F48B-B591-AD46144A4DBD</owner>
<table>8CF87378-EC7F-E500-2762-0AAEB46C1332</table>
</TriggerOraclev10g>