<?xml version = '1.0' encoding = 'UTF-8'?>
<TriggerOraclev10g class="oracle.dbtools.crest.model.design.storage.oracle.v10g.TriggerOraclev10g" name="PRTPHYS_PRTPHY_ID_TRG" directorySegmentName="seg_0" id="80CFB15A-2872-837E-6935-10BE9D19EE8B">
<sourceConnName>deepthought</sourceConnName>
<sourceObjSchema>DMKR_ASLINE</sourceObjSchema>
<sourceObjName>PRTPHYS_PRTPHY_ID_TRG</sourceObjName>
<createdBy>calittle</createdBy>
<createdTime>2019-04-17 17:26:52 UTC</createdTime>
<ownerDesignName>ODEE_1262_Design</ownerDesignName>
<actions>INSERT</actions>
<body>BEGIN&lt;br/&gt;            IF (:NEW.PRTPHY_ID is null OR :NEW.PRTPHY_ID = 0) THEN&lt;br/&gt;               SELECT PRTPHYS_PRTPHY_ID_SEQ.nextval INTO :NEW.PRTPHY_ID FROM DUAL;&lt;br/&gt;            END IF;&lt;br/&gt;            SELECT TO_TIMESTAMP(TO_CHAR(SYSTIMESTAMP AT TIME ZONE &apos;GMT&apos;,&apos;YYYY.MM.DD HH24:MI:SS.FF&apos;),&apos;YYYY.MM.DD HH24:MI:SS.FF&apos;) INTO :NEW.PRTPHYSTATUSTIME FROM DUAL;&lt;br/&gt;         END PRTPHYS_PRTPHY_ID_TRG;</body>
<triggerTime>BEFORE</triggerTime>
<owner>0E40B78B-F2AF-F48B-B591-AD46144A4DBD</owner>
<table>535B84B4-22FA-2F5A-74F4-390870CDFA17</table>
</TriggerOraclev10g>