<?xml version = '1.0' encoding = 'UTF-8'?>
<TriggerOraclev10g class="oracle.dbtools.crest.model.design.storage.oracle.v10g.TriggerOraclev10g" name="DMKR_TRANSLAT_DEL_TRG" directorySegmentName="seg_0" id="82BA89B8-4870-04CA-2018-BB549B734E09">
<sourceConnName>deepthought</sourceConnName>
<sourceObjSchema>DMKR_ADMIN</sourceObjSchema>
<sourceObjName>DMKR_TRANSLAT_DEL_TRG</sourceObjName>
<createdBy>calittle</createdBy>
<createdTime>2019-04-17 17:26:51 UTC</createdTime>
<ownerDesignName>ODEE_1262_Design</ownerDesignName>
<actions>DELETE</actions>
<body>BEGIN&lt;br/&gt;            UPDATE DMKR_STAT_INFO SET STATACTION=2 WHERE STATNAME=&apos;DMKR_TRANSLAT&apos;;&lt;br/&gt;         END DMKR_TRANSLAT_DEL_TRG;</body>
<triggerTime>AFTER</triggerTime>
<owner>C4DD1645-0D5E-926E-53C0-D03150D352EF</owner>
<table>8276AC1D-6490-679C-8E0E-EB4C6712B77A</table>
</TriggerOraclev10g>