<?xml version = '1.0' encoding = 'UTF-8'?>
<TriggerOraclev10g class="oracle.dbtools.crest.model.design.storage.oracle.v10g.TriggerOraclev10g" name="PUBS_PUBENDTIME_TRG" directorySegmentName="seg_0" id="8C75D811-0B5E-729C-30A2-3164C97C0B84">
<sourceConnName>deepthought</sourceConnName>
<sourceObjSchema>DMKR_ASLINE</sourceObjSchema>
<sourceObjName>PUBS_PUBENDTIME_TRG</sourceObjName>
<createdBy>calittle</createdBy>
<createdTime>2019-04-17 17:26:52 UTC</createdTime>
<ownerDesignName>ODEE_1262_Design</ownerDesignName>
<actions>UPDATE</actions>
<body>BEGIN&lt;br/&gt;		    IF(:NEW.PUBSTATUS=999 AND :OLD.PUBSTATUS&lt;&gt;999) THEN&lt;br/&gt;               SELECT TO_TIMESTAMP(TO_CHAR(SYSTIMESTAMP AT TIME ZONE &apos;GMT&apos;,&apos;YYYY.MM.DD HH24:MI:SS.FF&apos;),&apos;YYYY.MM.DD HH24:MI:SS.FF&apos;) INTO :NEW.PUBENDTIME FROM DUAL;&lt;br/&gt;			END IF;&lt;br/&gt;         END PUBS_PUBENDTIME_TRG;</body>
<triggerTime>BEFORE</triggerTime>
<owner>0E40B78B-F2AF-F48B-B591-AD46144A4DBD</owner>
<table>138CDBBC-4DD0-D6FC-C708-A9005F499EB0</table>
</TriggerOraclev10g>