<?xml version = '1.0' encoding = 'UTF-8'?>
<TriggerOraclev10g class="oracle.dbtools.crest.model.design.storage.oracle.v10g.TriggerOraclev10g" name="SYSCONFIGCONTEXT_CTX_ID_TRG" directorySegmentName="seg_0" id="8EC05D69-FA4E-B7AE-A9D5-28BDF98ABCBE">
<sourceConnName>deepthought</sourceConnName>
<sourceObjSchema>DMKR_ADMIN</sourceObjSchema>
<sourceObjName>SYSCONFIGCONTEXT_CTX_ID_TRG</sourceObjName>
<createdBy>calittle</createdBy>
<createdTime>2019-04-17 17:26:51 UTC</createdTime>
<ownerDesignName>ODEE_1262_Design</ownerDesignName>
<actions>INSERT</actions>
<body>BEGIN&lt;br/&gt;           IF (:NEW.CTX_ID is null) THEN&lt;br/&gt;              SELECT SYSCONFIGCONTEXT_CTX_ID_SEQ.nextval INTO :NEW.CTX_ID FROM DUAL;&lt;br/&gt;           END IF;&lt;br/&gt;         END SYSCONFIGCONTEXT_CTX_ID_TRG;</body>
<triggerTime>BEFORE</triggerTime>
<owner>C4DD1645-0D5E-926E-53C0-D03150D352EF</owner>
<table>8800F0EA-80F0-BB43-F44D-0E2BAAA46ED2</table>
</TriggerOraclev10g>