<?xml version = '1.0' encoding = 'UTF-8'?>
<TriggerOraclev10g class="oracle.dbtools.crest.model.design.storage.oracle.v10g.TriggerOraclev10g" name="DMKR_STAT_INFO_INS_TRG" directorySegmentName="seg_0" id="901431BA-1933-E2E4-0856-0610828D7C57">
<sourceConnName>deepthought</sourceConnName>
<sourceObjSchema>DMKR_ADMIN</sourceObjSchema>
<sourceObjName>DMKR_STAT_INFO_INS_TRG</sourceObjName>
<createdBy>calittle</createdBy>
<createdTime>2019-04-17 17:26:51 UTC</createdTime>
<ownerDesignName>ODEE_1262_Design</ownerDesignName>
<actions>INSERT</actions>
<body>BEGIN&lt;br/&gt;           SELECT TO_TIMESTAMP(TO_CHAR(SYSTIMESTAMP AT TIME ZONE &apos;GMT&apos;,&apos;YYYY.MM.DD HH24:MI:SS.FF&apos;),&apos;YYYY.MM.DD HH24:MI:SS.FF&apos;) INTO :NEW.STATTIME FROM DUAL;&lt;br/&gt;         END DMKR_TABLE_STAT_UPD_TRG;</body>
<triggerTime>BEFORE</triggerTime>
<owner>C4DD1645-0D5E-926E-53C0-D03150D352EF</owner>
<table>BA650273-A63E-DC6A-E95B-D870828B4316</table>
</TriggerOraclev10g>