<?xml version = '1.0' encoding = 'UTF-8'?>
<TriggerOraclev10g class="oracle.dbtools.crest.model.design.storage.oracle.v10g.TriggerOraclev10g" name="JOBS_JOB_ID_TRG" directorySegmentName="seg_0" id="92B51272-830B-6214-6BEC-5E3FACCAED8C">
<sourceConnName>deepthought</sourceConnName>
<sourceObjSchema>DMKR_ASLINE</sourceObjSchema>
<sourceObjName>JOBS_JOB_ID_TRG</sourceObjName>
<createdBy>calittle</createdBy>
<createdTime>2019-04-17 17:26:52 UTC</createdTime>
<ownerDesignName>ODEE_1262_Design</ownerDesignName>
<actions>INSERT</actions>
<body>BEGIN&lt;br/&gt;            IF (:NEW.JOB_ID is null OR :NEW.JOB_ID = 0) THEN&lt;br/&gt;               SELECT JOBS_JOB_ID_SEQ.nextval INTO :NEW.JOB_ID FROM DUAL;&lt;br/&gt;            END IF;&lt;br/&gt;            SELECT TO_TIMESTAMP(TO_CHAR(SYSTIMESTAMP AT TIME ZONE &apos;GMT&apos;,&apos;YYYY.MM.DD HH24:MI:SS.FF&apos;),&apos;YYYY.MM.DD HH24:MI:SS.FF&apos;) INTO :NEW.JOBSTARTTIME FROM DUAL;&lt;br/&gt;         END JOBS_JOB_ID_TRG;</body>
<triggerTime>BEFORE</triggerTime>
<owner>0E40B78B-F2AF-F48B-B591-AD46144A4DBD</owner>
<table>8CF87378-EC7F-E500-2762-0AAEB46C1332</table>
</TriggerOraclev10g>