<?xml version = '1.0' encoding = 'UTF-8'?>
<TriggerOraclev10g class="oracle.dbtools.crest.model.design.storage.oracle.v10g.TriggerOraclev10g" name="PRTPHYCFGS_PRTPHYCFG_ID_TRG" directorySegmentName="seg_0" id="AB6B827D-67F5-FBDE-6847-1683EEB969AE">
<sourceConnName>deepthought</sourceConnName>
<sourceObjSchema>DMKR_ASLINE</sourceObjSchema>
<sourceObjName>PRTPHYCFGS_PRTPHYCFG_ID_TRG</sourceObjName>
<createdBy>calittle</createdBy>
<createdTime>2019-04-17 17:26:52 UTC</createdTime>
<ownerDesignName>ODEE_1262_Design</ownerDesignName>
<actions>INSERT</actions>
<body>BEGIN&lt;br/&gt;            IF (:NEW.PRTPHYCFG_ID is null OR :NEW.PRTPHYCFG_ID = 0) THEN&lt;br/&gt;               SELECT PRTPHYCFGS_PRTPHYCFG_ID_SEQ.nextval INTO :NEW.PRTPHYCFG_ID FROM DUAL;&lt;br/&gt;            END IF;&lt;br/&gt;         END PRTPHYCFGS_PRTLOGCFG_ID_TRG;</body>
<triggerTime>BEFORE</triggerTime>
<owner>0E40B78B-F2AF-F48B-B591-AD46144A4DBD</owner>
<table>ED6084CA-CE22-0003-25A8-2BA65678B4D3</table>
</TriggerOraclev10g>