<?xml version = '1.0' encoding = 'UTF-8'?>
<TriggerOraclev10g class="oracle.dbtools.crest.model.design.storage.oracle.v10g.TriggerOraclev10g" name="BCHS_RCPS_BEFOREUPD_TRG" directorySegmentName="seg_0" id="ACB46AC8-2DFB-5051-9F45-AE6CC6BFCF8E">
<sourceConnName>deepthought</sourceConnName>
<sourceObjSchema>DMKR_ASLINE</sourceObjSchema>
<sourceObjName>BCHS_RCPS_BEFOREUPD_TRG</sourceObjName>
<createdBy>calittle</createdBy>
<createdTime>2019-04-17 17:26:51 UTC</createdTime>
<ownerDesignName>ODEE_1262_Design</ownerDesignName>
<actions>UPDATE</actions>
<body>BEGIN&lt;br/&gt;           IF (:NEW.BCHRCPSTATUS&lt;&gt;:OLD.BCHRCPSTATUS AND :NEW.BCHRCPSTATUS&gt;415) THEN&lt;br/&gt;               UPDATE RCPS SET RCPS.RCPSTATUS=:NEW.BCHRCPSTATUS WHERE RCPS.RCP_ID=:NEW.RCP_ID AND RCPS.TRN_ID=:NEW.TRN_ID;&lt;br/&gt;           END IF;&lt;br/&gt;           IF (:NEW.BCHRCPPROCTIME IS NOT NULL AND :OLD.BCHRCPPROCTIME IS NULL) THEN&lt;br/&gt;               UPDATE RCPS SET RCPS.RCPBCHPROC=RCPS.RCPBCHPROC+1 WHERE RCPS.RCP_ID=:NEW.RCP_ID AND RCPS.TRN_ID=:NEW.TRN_ID;&lt;br/&gt;           ELSIF (:NEW.BCHRCPERRTIME IS NOT NULL AND :OLD.BCHRCPERRTIME IS NULL) THEN&lt;br/&gt;               UPDATE RCPS SET RCPS.RCPBCHERR=RCPS.RCPBCHERR+1 WHERE RCPS.RCP_ID=:NEW.RCP_ID AND RCPS.TRN_ID=:NEW.TRN_ID;&lt;br/&gt;           ELSIF (:NEW.BCHRCPPROCTIME IS NULL AND :OLD.BCHRCPPROCTIME IS NOT NULL) THEN&lt;br/&gt;               UPDATE RCPS SET RCPS.RCPBCHPROC=RCPS.RCPBCHPROC-1 WHERE RCPS.RCP_ID=:NEW.RCP_ID AND RCPS.TRN_ID=:NEW.TRN_ID;&lt;br/&gt;           ELSIF (:NEW.BCHRCPERRTIME IS NULL AND :OLD.BCHRCPERRTIME IS NOT NULL) THEN&lt;br/&gt;               UPDATE RCPS SET RCPS.RCPBCHERR=RCPS.RCPBCHERR-1 WHERE RCPS.RCP_ID=:NEW.RCP_ID AND RCPS.TRN_ID=:NEW.TRN_ID;&lt;br/&gt;           END IF;&lt;br/&gt;         END BCHS_RCPS_BEFOREUPD_TRG;</body>
<triggerTime>BEFORE</triggerTime>
<owner>0E40B78B-F2AF-F48B-B591-AD46144A4DBD</owner>
<table>E8BB72A9-1938-23A2-5384-4EF9F4CC19C6</table>
</TriggerOraclev10g>