<?xml version = '1.0' encoding = 'UTF-8'?>
<TriggerOraclev10g class="oracle.dbtools.crest.model.design.storage.oracle.v10g.TriggerOraclev10g" name="JOBS_BEFOREUPD_TRG" directorySegmentName="seg_0" id="B28E76E2-61C0-0BC9-3B96-00D61EAB4B73">
<sourceConnName>deepthought</sourceConnName>
<sourceObjSchema>DMKR_ASLINE</sourceObjSchema>
<sourceObjName>JOBS_BEFOREUPD_TRG</sourceObjName>
<createdBy>calittle</createdBy>
<createdTime>2019-04-17 17:26:52 UTC</createdTime>
<ownerDesignName>ODEE_1262_Design</ownerDesignName>
<actions>UPDATE</actions>
<body>BEGIN&lt;br/&gt;            IF (:NEW.JOBSTATUS&lt;&gt;:OLD.JOBSTATUS AND&lt;br/&gt;                (:NEW.JOBSTATUS IS NOT NULL AND (MOD(:NEW.JOBSTATUS,100)&gt;=40 AND MOD(:NEW.JOBSTATUS,100)&lt;=49)) AND&lt;br/&gt;                (:OLD.JOBSTATUS IS NULL OR (:OLD.JOBSTATUS IS NOT NULL AND (MOD(:OLD.JOBSTATUS,100)&lt;40 OR MOD(:OLD.JOBSTATUS,100)&gt;49)))) THEN&lt;br/&gt;               :NEW.JOBSTATUS:=:NEW.JOBSTATUS;&lt;br/&gt;            ELSIF (:NEW.JOBBCHERR&gt;:OLD.JOBBCHERR AND :NEW.JOBBCHERR&gt;0 AND (MOD(:NEW.JOBSTATUS,100)&lt;40 OR MOD(:NEW.JOBSTATUS,100)&gt;49)) THEN&lt;br/&gt;               :NEW.JOBSTATUS:=441;&lt;br/&gt;            ELSIF (:NEW.JOBRCPERR&gt;:OLD.JOBRCPERR AND :NEW.JOBRCPERR&gt;0 AND (MOD(:NEW.JOBSTATUS,100)&lt;40 OR MOD(:NEW.JOBSTATUS,100)&gt;49)) THEN&lt;br/&gt;               :NEW.JOBSTATUS:=341;&lt;br/&gt;            ELSIF (:NEW.JOBTRNERR&gt;:OLD.JOBTRNERR AND :NEW.JOBTRNERR&gt;0 AND (MOD(:NEW.JOBSTATUS,100)&lt;40 OR MOD(:NEW.JOBSTATUS,100)&gt;49)) THEN&lt;br/&gt;               :NEW.JOBSTATUS:=241;&lt;br/&gt;            ELSIF (:NEW.JOBTRNWIP&gt;:OLD.JOBTRNWIP AND :NEW.JOBTRNWIP&gt;0 AND :NEW.JOBSTATUS&lt;290 AND (MOD(:NEW.JOBSTATUS,100)&lt;40 OR MOD(:NEW.JOBSTATUS,100)&gt;49)) THEN&lt;br/&gt;               :NEW.JOBSTATUS:=290;&lt;br/&gt;            ELSIF (:NEW.JOBTRNTOTAL=(:NEW.JOBTRNPROC+:NEW.JOBTRNWIP) AND :NEW.JOBTRNTOTAL&gt;0 AND :NEW.JOBTRNWIP&gt;0) THEN&lt;br/&gt;                 :NEW.JOBTRNSCH:=0;&lt;br/&gt;                 :NEW.JOBSTATUS:=290;&lt;br/&gt;            ELSIF (:OLD.JOBRCPTOTAL&lt;1 AND :NEW.JOBRCPTOTAL&gt;0 AND :NEW.JOBSTATUS&lt;300 AND (MOD(:NEW.JOBSTATUS,100)&lt;40 OR MOD(:NEW.JOBSTATUS,100)&gt;49) AND :NEW.JOBTRNWIP&lt;1) THEN&lt;br/&gt;               :NEW.JOBSTATUS:=311;&lt;br/&gt;            ELSIF (:OLD.JOBBCHTOTAL&lt;1 AND :NEW.JOBBCHTOTAL&gt;0 AND :NEW.JOBSTATUS&lt;400 AND (MOD(:NEW.JOBSTATUS,100)&lt;40 OR MOD(:NEW.JOBSTATUS,100)&gt;49) AND :NEW.JOBTRNWIP&lt;1) THEN&lt;br/&gt;               :NEW.JOBSTATUS:=411;&lt;br/&gt;            END IF;&lt;br/&gt;&lt;br/&gt;            IF (:NEW.JOBBCHTOTAL=:NEW.JOBBCHPROC AND :NEW.JOBBCHTOTAL&gt;0 AND&lt;br/&gt;                :NEW.JOBRCPTOTAL=:NEW.JOBRCPPROC AND :NEW.JOBRCPTOTAL&gt;0 AND&lt;br/&gt;                :NEW.JOBTRNTOTAL=:NEW.JOBTRNPROC AND :NEW.JOBTRNTOTAL&gt;0 AND&lt;br/&gt;                 (:NEW.JOBBCHPROC&lt;&gt;:OLD.JOBBCHPROC OR&lt;br/&gt;                  :NEW.JOBRCPPROC&lt;&gt;:OLD.JOBRCPPROC OR&lt;br/&gt;                  :NEW.JOBTRNPROC&lt;&gt;:OLD.JOBTRNPROC ) AND&lt;br/&gt;                :NEW.JOBSTATUS&lt;900 AND :NEW.JOBSTATUS&gt;0) THEN&lt;br/&gt;               :NEW.JOBSTATUS:=999;&lt;br/&gt;            END IF;&lt;br/&gt;&lt;br/&gt;            IF (:OLD.JOBSTATUS&lt;&gt;416 AND&lt;br/&gt;                :NEW.JOBTRNTOTAL&lt;&gt;0 AND&lt;br/&gt;                :NEW.JOBTRNSCH&lt;&gt;0 AND&lt;br/&gt;                :NEW.JOBTRNERR=0 AND&lt;br/&gt;                :NEW.JOBTRNTOTAL=(:NEW.JOBTRNPROC+:NEW.JOBTRNSCH)) THEN&lt;br/&gt;                :NEW.JOBSTATUS:=416;&lt;br/&gt;            END IF;&lt;br/&gt;&lt;br/&gt;            IF (:NEW.JOBBCHTOTAL=:NEW.JOBBCHPROC AND :NEW.JOBBCHTOTAL&gt;0) THEN&lt;br/&gt;               SELECT TO_TIMESTAMP(TO_CHAR(SYSTIMESTAMP AT TIME ZONE &apos;GMT&apos;,&apos;YYYY.MM.DD HH24:MI:SS.FF&apos;),&apos;YYYY.MM.DD HH24:MI:SS.FF&apos;) INTO :NEW.JOBBCHENDTIME FROM DUAL;&lt;br/&gt;               :NEW.JOBBCHSCH:=0;&lt;br/&gt;            END IF;&lt;br/&gt;            IF (:NEW.JOBRCPTOTAL=:NEW.JOBRCPPROC AND :NEW.JOBRCPTOTAL&gt;0) THEN&lt;br/&gt;               SELECT TO_TIMESTAMP(TO_CHAR(SYSTIMESTAMP AT TIME ZONE &apos;GMT&apos;,&apos;YYYY.MM.DD HH24:MI:SS.FF&apos;),&apos;YYYY.MM.DD HH24:MI:SS.FF&apos;) INTO :NEW.JOBRCPENDTIME FROM DUAL;&lt;br/&gt;               :NEW.JOBRCPSCH:=0;&lt;br/&gt;            END IF;&lt;br/&gt;            IF (:NEW.JOBTRNTOTAL=:NEW.JOBTRNPROC AND :NEW.JOBTRNTOTAL&gt;0) THEN&lt;br/&gt;               SELECT TO_TIMESTAMP(TO_CHAR(SYSTIMESTAMP AT TIME ZONE &apos;GMT&apos;,&apos;YYYY.MM.DD HH24:MI:SS.FF&apos;),&apos;YYYY.MM.DD HH24:MI:SS.FF&apos;) INTO :NEW.JOBTRNENDTIME FROM DUAL;&lt;br/&gt;               :NEW.JOBTRNSCH:=0;&lt;br/&gt;            END IF;&lt;br/&gt;&lt;br/&gt;            IF (:NEW.JOBSTATUS=111 AND :OLD.JOBSTATUS&lt;&gt;:NEW.JOBSTATUS AND :NEW.JOBSTARTTIME IS NULL) THEN&lt;br/&gt;               SELECT TO_TIMESTAMP(TO_CHAR(SYSTIMESTAMP AT TIME ZONE &apos;GMT&apos;,&apos;YYYY.MM.DD HH24:MI:SS.FF&apos;),&apos;YYYY.MM.DD HH24:MI:SS.FF&apos;) INTO :NEW.JOBSTARTTIME FROM DUAL;&lt;br/&gt;            ELSIF (:NEW.JOBSTATUS=211 AND :OLD.JOBSTATUS&lt;&gt;:NEW.JOBSTATUS AND :NEW.JOBTRNSTARTTIME IS NULL) THEN&lt;br/&gt;               SELECT TO_TIMESTAMP(TO_CHAR(SYSTIMESTAMP AT TIME ZONE &apos;GMT&apos;,&apos;YYYY.MM.DD HH24:MI:SS.FF&apos;),&apos;YYYY.MM.DD HH24:MI:SS.FF&apos;) INTO :NEW.JOBTRNSTARTTIME FROM DUAL;&lt;br/&gt;            ELSIF (:NEW.JOBSTATUS=311 AND :OLD.JOBSTATUS&lt;&gt;:NEW.JOBSTATUS AND :NEW.JOBRCPSTARTTIME IS NULL) THEN&lt;br/&gt;               SELECT TO_TIMESTAMP(TO_CHAR(SYSTIMESTAMP AT TIME ZONE &apos;GMT&apos;,&apos;YYYY.MM.DD HH24:MI:SS.FF&apos;),&apos;YYYY.MM.DD HH24:MI:SS.FF&apos;) INTO :NEW.JOBRCPSTARTTIME FROM DUAL;&lt;br/&gt;            ELSIF (:NEW.JOBSTATUS=411 AND :OLD.JOBSTATUS&lt;&gt;:NEW.JOBSTATUS AND :NEW.JOBBCHSTARTTIME IS NULL) THEN&lt;br/&gt;               SELECT TO_TIMESTAMP(TO_CHAR(SYSTIMESTAMP AT TIME ZONE &apos;GMT&apos;,&apos;YYYY.MM.DD HH24:MI:SS.FF&apos;),&apos;YYYY.MM.DD HH24:MI:SS.FF&apos;) INTO :NEW.JOBBCHSTARTTIME FROM DUAL;&lt;br/&gt;            ELSIF (:NEW.JOBSTATUS=999 AND :OLD.JOBSTATUS&lt;&gt;:NEW.JOBSTATUS AND :NEW.JOBENDTIME IS NULL) THEN&lt;br/&gt;               IF (:NEW.JOBBCHENDTIME IS NULL) THEN&lt;br/&gt;                  SELECT TO_TIMESTAMP(TO_CHAR(SYSTIMESTAMP AT TIME ZONE &apos;GMT&apos;,&apos;YYYY.MM.DD HH24:MI:SS.FF&apos;),&apos;YYYY.MM.DD HH24:MI:SS.FF&apos;) INTO :NEW.JOBBCHENDTIME FROM DUAL;&lt;br/&gt;               END IF;&lt;br/&gt;               IF (:NEW.JOBRCPENDTIME IS NULL) THEN&lt;br/&gt;                  SELECT TO_TIMESTAMP(TO_CHAR(SYSTIMESTAMP AT TIME ZONE &apos;GMT&apos;,&apos;YYYY.MM.DD HH24:MI:SS.FF&apos;),&apos;YYYY.MM.DD HH24:MI:SS.FF&apos;) INTO :NEW.JOBRCPENDTIME FROM DUAL;&lt;br/&gt;               END IF;&lt;br/&gt;               IF (:NEW.JOBBCHENDTIME IS NULL) THEN&lt;br/&gt;                  SELECT TO_TIMESTAMP(TO_CHAR(SYSTIMESTAMP AT TIME ZONE &apos;GMT&apos;,&apos;YYYY.MM.DD HH24:MI:SS.FF&apos;),&apos;YYYY.MM.DD HH24:MI:SS.FF&apos;) INTO :NEW.JOBBCHENDTIME FROM DUAL;&lt;br/&gt;               END IF;&lt;br/&gt;               SELECT TO_TIMESTAMP(TO_CHAR(SYSTIMESTAMP AT TIME ZONE &apos;GMT&apos;,&apos;YYYY.MM.DD HH24:MI:SS.FF&apos;),&apos;YYYY.MM.DD HH24:MI:SS.FF&apos;) INTO :NEW.JOBENDTIME FROM DUAL;&lt;br/&gt;            END IF;&lt;br/&gt;            IF (:NEW.JOBREPLYSENT=1 AND :NEW.JOBREPLYSENT&lt;&gt;:OLD.JOBREPLYSENT) THEN&lt;br/&gt;                   SELECT TO_TIMESTAMP(TO_CHAR(SYSTIMESTAMP AT TIME ZONE &apos;GMT&apos;,&apos;YYYY.MM.DD HH24:MI:SS.FF&apos;),&apos;YYYY.MM.DD HH24:MI:SS.FF&apos;) INTO :NEW.JOBREPLYSENTTIME FROM DUAL;&lt;br/&gt;            END IF;&lt;br/&gt;         END JOBS_BEFOREUPD_TRG;</body>
<triggerTime>BEFORE</triggerTime>
<owner>0E40B78B-F2AF-F48B-B591-AD46144A4DBD</owner>
<table>8CF87378-EC7F-E500-2762-0AAEB46C1332</table>
</TriggerOraclev10g>