<?xml version = '1.0' encoding = 'UTF-8'?>
<TriggerOraclev10g class="oracle.dbtools.crest.model.design.storage.oracle.v10g.TriggerOraclev10g" name="RCPS_BEFOREUPD_TRG" directorySegmentName="seg_0" id="B48989EA-EE27-2D70-129B-1AFDC57F1F09">
<sourceConnName>deepthought</sourceConnName>
<sourceObjSchema>DMKR_ASLINE</sourceObjSchema>
<sourceObjName>RCPS_BEFOREUPD_TRG</sourceObjName>
<createdBy>calittle</createdBy>
<createdTime>2019-04-17 17:26:52 UTC</createdTime>
<ownerDesignName>ODEE_1262_Design</ownerDesignName>
<actions>UPDATE</actions>
<body>BEGIN&lt;br/&gt;        IF (:NEW.RCPBCHPROC&gt;:OLD.RCPBCHPROC) THEN&lt;br/&gt;            UPDATE TRNS SET TRNS.TRNBCHPROC=TRNS.TRNBCHPROC+1 WHERE TRNS.TRN_ID=:NEW.TRN_ID;&lt;br/&gt;        END IF;&lt;br/&gt;        /* Increment the Transaction scheduled batch count by 1. */&lt;br/&gt;        IF (:NEW.RCPBCHSCH&gt;:OLD.RCPBCHSCH) THEN&lt;br/&gt;            UPDATE TRNS SET TRNS.TRNBCHSCH=TRNS.TRNBCHSCH+1 WHERE TRNS.TRN_ID=:NEW.TRN_ID;&lt;br/&gt;        END IF;&lt;br/&gt;        IF (:NEW.RCPBCHERR&gt;:OLD.RCPBCHERR AND :NEW.RCPBCHERR&gt;0 AND&lt;br/&gt;            ((MOD(:NEW.RCPSTATUS,100)&lt;40 OR MOD(:NEW.RCPSTATUS,100)&gt;49) AND&lt;br/&gt;             (:OLD.RCPSTATUS IS NULL OR (MOD(:OLD.RCPSTATUS,100)&lt;40 OR MOD(:OLD.RCPSTATUS,100)&gt;49)))) THEN&lt;br/&gt;               :NEW.RCPSTATUS:=441;&lt;br/&gt;        END IF;&lt;br/&gt;        IF ((:NEW.RCPSTATUS&lt;&gt;:OLD.RCPSTATUS AND :NEW.RCPSTATUS IS NOT NULL AND MOD(:NEW.RCPSTATUS,100)&gt;=40 AND MOD(:NEW.RCPSTATUS,100)&lt;=49)) THEN&lt;br/&gt;              UPDATE TRNS SET TRNS.TRNSTATUS=:NEW.RCPSTATUS,TRNS.TRNRCPERR=TRNS.TRNRCPERR+1,TRNS.TRNDOLOG=1 WHERE TRNS.TRN_ID=:NEW.TRN_ID;&lt;br/&gt;        ELSIF ((:NEW.RCPSTATUS&lt;&gt;:OLD.RCPSTATUS AND :NEW.RCPSTATUS IS NOT NULL AND&lt;br/&gt;               (MOD(:NEW.RCPSTATUS,100)&lt;40 OR MOD(:NEW.RCPSTATUS,100)&gt;49) AND&lt;br/&gt;               (MOD(:OLD.RCPSTATUS,100)&gt;=40 AND MOD(:OLD.RCPSTATUS,100)&lt;=49))) THEN&lt;br/&gt;              UPDATE TRNS SET TRNS.TRNRCPERR=TRNS.TRNRCPERR-1,TRNS.TRNDOLOG=0 WHERE TRNS.TRN_ID=:NEW.TRN_ID;&lt;br/&gt;        ELSIF ((:NEW.RCPERR_ID IS NULL OR :NEW.RCPERR_ID=0) AND&lt;br/&gt;               (:OLD.RCPERR_ID IS NOT NULL AND :OLD.RCPERR_ID&gt;0)) THEN&lt;br/&gt;              UPDATE TRNS SET TRNS.TRNRCPERR=TRNS.TRNRCPERR-1,TRNS.TRNDOLOG=0 WHERE TRNS.TRN_ID=:NEW.TRN_ID;&lt;br/&gt;        ELSIF ((:NEW.RCPERR_ID IS NOT NULL AND :NEW.RCPERR_ID&gt;0) AND (:OLD.RCPERR_ID IS NULL OR :OLD.RCPERR_ID&lt;=0)) THEN&lt;br/&gt;              UPDATE TRNS SET TRNS.TRNRCPERR=TRNS.TRNRCPERR+1,TRNS.TRNDOLOG=0 WHERE TRNS.TRN_ID=:NEW.TRN_ID;&lt;br/&gt;        END IF;&lt;br/&gt;        IF ((:NEW.RCPBCHERR IS NOT NULL AND :NEW.RCPBCHERR&gt;0) AND (:OLD.RCPBCHERR IS NULL OR :OLD.RCPBCHERR&lt;=0)) AND (:OLD.RCPBCHERR&lt;&gt;:NEW.RCPBCHERR) THEN&lt;br/&gt;              UPDATE TRNS SET TRNS.TRNBCHERR=TRNS.TRNBCHERR+(:NEW.RCPBCHERR-:OLD.RCPBCHERR),TRNS.TRNDOLOG=0 WHERE TRNS.TRN_ID=:NEW.TRN_ID;&lt;br/&gt;        END IF;&lt;br/&gt;        IF (:NEW.RCPSTATUS=999 AND :NEW.RCPBCHTOTAL&lt;&gt;:NEW.RCPBCHPROC AND :NEW.RCPBCHTOTAL&gt;0) THEN&lt;br/&gt;           :NEW.RCPSTATUS:=:OLD.RCPSTATUS;&lt;br/&gt;        ELSIF (:NEW.RCPBCHTOTAL&gt;0 AND&lt;br/&gt;               :NEW.RCPBCHTOTAL=:NEW.RCPBCHPROC AND :NEW.RCPSTATUS&lt;&gt;999) THEN&lt;br/&gt;           SELECT TO_TIMESTAMP(TO_CHAR(SYSTIMESTAMP AT TIME ZONE &apos;GMT&apos;,&apos;YYYY.MM.DD HH24:MI:SS.FF&apos;),&apos;YYYY.MM.DD HH24:MI:SS.FF&apos;) INTO :NEW.RCPENDTIME FROM DUAL;&lt;br/&gt;           :NEW.RCPSTATUS:=999;&lt;br/&gt;           :NEW.RCPBCHSCH:=0;&lt;br/&gt;        END IF;&lt;br/&gt;        /* Do this only once */&lt;br/&gt;        IF (:NEW.RCPSTATUS=415 AND&lt;br/&gt;            :OLD.RCPSTATUS&lt;&gt;415 AND&lt;br/&gt;            :OLD.RCPBCHSCH&gt;0 AND&lt;br/&gt;            :OLD.RCPBCHERR=0) THEN&lt;br/&gt;           /* Update the recipient scheduled count by 1. */&lt;br/&gt;           UPDATE TRNS SET TRNS.TRNRCPSCH=TRNS.TRNRCPSCH+1 WHERE TRNS.TRN_ID=:NEW.TRN_ID;&lt;br/&gt;        END IF;&lt;br/&gt;        /* Do this only once */&lt;br/&gt;        IF (:NEW.RCPSTATUS=999 AND&lt;br/&gt;            :OLD.RCPSTATUS&lt;&gt;999) THEN&lt;br/&gt;           /* Update the recipient processed count by 1. */&lt;br/&gt;           UPDATE TRNS SET TRNS.TRNRCPPROC=TRNS.TRNRCPPROC+1,TRNS.TRNDOLOG=0 WHERE TRNS.TRN_ID=:NEW.TRN_ID;&lt;br/&gt;        END IF;&lt;br/&gt;      END RCPS_BEFOREUPD_TRG;</body>
<triggerTime>BEFORE</triggerTime>
<owner>0E40B78B-F2AF-F48B-B591-AD46144A4DBD</owner>
<table>D3185649-826C-B625-42E7-4BDE840F2666</table>
</TriggerOraclev10g>