<?xml version = '1.0' encoding = 'UTF-8'?>
<TriggerOraclev10g class="oracle.dbtools.crest.model.design.storage.oracle.v10g.TriggerOraclev10g" name="ASSIGN_STRCODE_SEQ" directorySegmentName="seg_0" id="BA50715E-552A-C1F7-9583-1A30635A2422">
<sourceConnName>deepthought</sourceConnName>
<sourceObjSchema>DMKR_ASLINE</sourceObjSchema>
<sourceObjName>ASSIGN_STRCODE_SEQ</sourceObjName>
<createdBy>calittle</createdBy>
<createdTime>2019-04-17 17:26:52 UTC</createdTime>
<ownerDesignName>ODEE_1262_Design</ownerDesignName>
<actions>INSERT</actions>
<body>BEGIN&lt;br/&gt;            IF :NEW.STRCODEID IS NULL OR :NEW.STRCODEID &lt; 0 THEN&lt;br/&gt;               SELECT STRCODE_SEQ.NEXTVAL INTO :NEW.STRCODEID FROM DUAL;&lt;br/&gt;            END IF;&lt;br/&gt;         END ASSIGN_STRCODE_SEQ;</body>
<triggerTime>BEFORE</triggerTime>
<owner>0E40B78B-F2AF-F48B-B591-AD46144A4DBD</owner>
<table>E24392BD-7C5A-0677-38BF-5ACCC6AAAB8C</table>
</TriggerOraclev10g>