<?xml version = '1.0' encoding = 'UTF-8'?>
<TriggerOraclev10g class="oracle.dbtools.crest.model.design.storage.oracle.v10g.TriggerOraclev10g" name="ALCFGCTX_INS_TRG" directorySegmentName="seg_0" id="BC85D483-782B-EEF3-66C9-2BFC71953A07">
<sourceConnName>deepthought</sourceConnName>
<sourceObjSchema>DMKR_ADMIN</sourceObjSchema>
<sourceObjName>ALCFGCTX_INS_TRG</sourceObjName>
<createdBy>calittle</createdBy>
<createdTime>2019-04-17 17:26:51 UTC</createdTime>
<ownerDesignName>ODEE_1262_Design</ownerDesignName>
<actions>INSERT</actions>
<body>BEGIN&lt;br/&gt;            INSERT INTO CONFIGCONTEXTLOG (&lt;br/&gt;                SYS_ID,AL_ID,CTX_ID,CONTEXT_NAME,GROUP_NAME,PROPERTY,VALUE,&lt;br/&gt;                GROUPSEQ,CATEGORY,ACTIVE,IS_SECRET,IS_ENCRYPT,&lt;br/&gt;                CREATETIME,MODIFYTIME,USERTAG1,NOTES,USER_ID,USER_NAME,ACTION&lt;br/&gt;            ) VALUES (&lt;br/&gt;                :NEW.SYS_ID,:NEW.AL_ID,:NEW.CTX_ID,:NEW.CONTEXT_NAME,:NEW.GROUP_NAME,:NEW.PROPERTY,:NEW.VALUE,&lt;br/&gt;                :NEW.GROUPSEQ,:NEW.CATEGORY,:NEW.ACTIVE,:NEW.IS_SECRET,:NEW.IS_ENCRYPT,&lt;br/&gt;                :NEW.CREATETIME,:NEW.MODIFYTIME,:NEW.USERTAG1,:NEW.NOTES,:NEW.USER_ID,:NEW.USER_NAME,0&lt;br/&gt;            );&lt;br/&gt;         END ALCFGCTX_INS_TRG;</body>
<triggerTime>AFTER</triggerTime>
<owner>C4DD1645-0D5E-926E-53C0-D03150D352EF</owner>
<table>924B5EE5-C7B9-58C9-0B16-7DC096D58A79</table>
</TriggerOraclev10g>