<?xml version = '1.0' encoding = 'UTF-8'?>
<TriggerOraclev10g class="oracle.dbtools.crest.model.design.storage.oracle.v10g.TriggerOraclev10g" name="PUBSHIST_INS_TRG" directorySegmentName="seg_0" id="C63EE76C-1BB8-E920-8AE8-0CAF68A18FF0">
<sourceConnName>deepthought</sourceConnName>
<sourceObjSchema>DMKR_ASLINE</sourceObjSchema>
<sourceObjName>PUBSHIST_INS_TRG</sourceObjName>
<createdBy>calittle</createdBy>
<createdTime>2019-04-17 17:26:52 UTC</createdTime>
<ownerDesignName>ODEE_1262_Design</ownerDesignName>
<actions>DELETE</actions>
<body>BEGIN&lt;br/&gt;            Insert into PUBSHIST (&lt;br/&gt;                BCH_ID,PUB_ID,PUBBEGINRCP_ID,PUBENDRCP_ID,PUBUNIQUE_ID,PUBNAME,&lt;br/&gt;                PUBSEQ,PUBPRTTYPE,PUBPRTEXT,PUBSTATUS,PUBSIGNOFF,PUBSIGNOFFTIME,&lt;br/&gt;                PUBDATATYPE,PUBOUTTYPE,PUBOUTBLOB,PUBOUTREF,PUBOUTSIZE,&lt;br/&gt;                PUBSTARTTIME,PUBENDTIME,&lt;br/&gt;                PUBTRNCOUNT,PUBRCPCOUNT,PUBPAGECOUNT,PUBSHEETCOUNT,PUBWEIGHT,&lt;br/&gt;                PUBTRAY1,PUBTRAY1DESC,PUBTRAY2,PUBTRAY2DESC,PUBTRAY3,PUBTRAY3DESC,&lt;br/&gt;                PUBTRAY4,PUBTRAY4DESC,PUBTRAY5,PUBTRAY5DESC,PUBTRAY6,PUBTRAY6DESC,&lt;br/&gt;                PUBTRAY7,PUBTRAY7DESC,PUBTRAY8,PUBTRAY8DESC,PUBTRAY9,PUBTRAY9DESC,&lt;br/&gt;                PUBERR_ID,&lt;br/&gt;                PUBARCHIVED,PUBARCDOCTYPE,PUBARCDOCSUBTYPE,PUBARCDOCNAME,PUBARCREF,PUBARCTITLE,PUBARCSTATUS,PUBARCSTARTTIME,PUBARCENDTIME,&lt;br/&gt;                PUBSIGNED,PUBSGNDOCTYPE,PUBSGNDOCSUBTYPE,PUBSGNDOCNAME,PUBSGNREF,PUBSGNTITLE,PUBSGNSTATUS,PUBSGNSTARTTIME,PUBSGNENDTIME,&lt;br/&gt;                PUBPUBLISHED,PUBMIMETYPE,PUBPRTLOGNAME,PUBPRTPHYNAME,PUBPUBSTATUS,PUBPUBSTARTTIME,PUBPUBENDTIME,&lt;br/&gt;                PUBNOTIFIED,PUBNTFTYPE,PUBNTFMSGTYP,PUBNTFSTATUS,PUBNTFSTARTTIME,PUBNTFENDTIME,&lt;br/&gt;                PUBAPPDATE001,PUBAPPDATE002,PUBAPPDATE003,PUBAPPDATE004,PUBAPPDATE005,&lt;br/&gt;                PUBAPPDEC001,PUBAPPDEC002,PUBAPPDEC003,PUBAPPDEC004,PUBAPPDEC005,&lt;br/&gt;                PUBAPPINT001,PUBAPPINT002,PUBAPPINT003,PUBAPPINT004,PUBAPPINT005,&lt;br/&gt;                PUBAPPSTR001,PUBAPPSTR002,PUBAPPSTR003,PUBAPPSTR004,PUBAPPSTR005,&lt;br/&gt;                PUBAPPSTR006,PUBAPPSTR007,PUBAPPSTR008,PUBAPPSTR009,PUBAPPSTR010,&lt;br/&gt;                PUBAPPSTR011,PUBAPPSTR012,PUBAPPSTR013,PUBAPPSTR014,PUBAPPSTR015,&lt;br/&gt;                PUBCUSDATE001,PUBCUSDATE002,PUBCUSDATE003,PUBCUSDATE004,PUBCUSDATE005,&lt;br/&gt;                PUBCUSDEC001,PUBCUSDEC002,PUBCUSDEC003,PUBCUSDEC004,PUBCUSDEC005,&lt;br/&gt;                PUBCUSINT001,PUBCUSINT002,PUBCUSINT003,PUBCUSINT004,PUBCUSINT005,&lt;br/&gt;                PUBCUSSTR001,PUBCUSSTR002,PUBCUSSTR003,PUBCUSSTR004,PUBCUSSTR005,&lt;br/&gt;                PUBCUSSTR006,PUBCUSSTR007,PUBCUSSTR008,PUBCUSSTR009,PUBCUSSTR010,&lt;br/&gt;                PUBCUSSTR011,PUBCUSSTR012,PUBCUSSTR013,PUBCUSSTR014,PUBCUSSTR015,PUBRETENTION,PUBRETHOLD,PUBHISTORY&lt;br/&gt;           ) VALUES (&lt;br/&gt;                :OLD.BCH_ID,:OLD.PUB_ID,:OLD.PUBBEGINRCP_ID,:OLD.PUBENDRCP_ID,:OLD.PUBUNIQUE_ID,:OLD.PUBNAME,&lt;br/&gt;                :OLD.PUBSEQ,:OLD.PUBPRTTYPE,:OLD.PUBPRTEXT,:OLD.PUBSTATUS,:OLD.PUBSIGNOFF,:OLD.PUBSIGNOFFTIME,&lt;br/&gt;                :OLD.PUBDATATYPE,:OLD.PUBOUTTYPE,:OLD.PUBOUTBLOB,:OLD.PUBOUTREF,:OLD.PUBOUTSIZE,&lt;br/&gt;                :OLD.PUBSTARTTIME,:OLD.PUBENDTIME,&lt;br/&gt;                :OLD.PUBTRNCOUNT,:OLD.PUBRCPCOUNT,:OLD.PUBPAGECOUNT,:OLD.PUBSHEETCOUNT,:OLD.PUBWEIGHT,&lt;br/&gt;                :OLD.PUBTRAY1,:OLD.PUBTRAY1DESC,:OLD.PUBTRAY2,:OLD.PUBTRAY2DESC,:OLD.PUBTRAY3,:OLD.PUBTRAY3DESC,&lt;br/&gt;                :OLD.PUBTRAY4,:OLD.PUBTRAY4DESC,:OLD.PUBTRAY5,:OLD.PUBTRAY5DESC,:OLD.PUBTRAY6,:OLD.PUBTRAY6DESC,&lt;br/&gt;                :OLD.PUBTRAY7,:OLD.PUBTRAY7DESC,:OLD.PUBTRAY8,:OLD.PUBTRAY8DESC,:OLD.PUBTRAY9,:OLD.PUBTRAY9DESC,&lt;br/&gt;                :OLD.PUBERR_ID,&lt;br/&gt;                :OLD.PUBARCHIVED,:OLD.PUBARCDOCTYPE,:OLD.PUBARCDOCSUBTYPE,:OLD.PUBARCDOCNAME,:OLD.PUBARCREF,:OLD.PUBARCTITLE,:OLD.PUBARCSTATUS,:OLD.PUBARCSTARTTIME,:OLD.PUBARCENDTIME,&lt;br/&gt;                :OLD.PUBSIGNED,:OLD.PUBSGNDOCTYPE,:OLD.PUBSGNDOCSUBTYPE,:OLD.PUBSGNDOCNAME,:OLD.PUBSGNREF,:OLD.PUBSGNTITLE,:OLD.PUBSGNSTATUS,:OLD.PUBSGNSTARTTIME,:OLD.PUBSGNENDTIME,&lt;br/&gt;                :OLD.PUBPUBLISHED,:OLD.PUBMIMETYPE,:OLD.PUBPRTLOGNAME,:OLD.PUBPRTPHYNAME,:OLD.PUBPUBSTATUS,:OLD.PUBPUBSTARTTIME,:OLD.PUBPUBENDTIME,&lt;br/&gt;                :OLD.PUBNOTIFIED,:OLD.PUBNTFTYPE,:OLD.PUBNTFMSGTYP,:OLD.PUBNTFSTATUS,:OLD.PUBNTFSTARTTIME,:OLD.PUBNTFENDTIME,&lt;br/&gt;                :OLD.PUBAPPDATE001,:OLD.PUBAPPDATE002,:OLD.PUBAPPDATE003,:OLD.PUBAPPDATE004,:OLD.PUBAPPDATE005,&lt;br/&gt;                :OLD.PUBAPPDEC001,:OLD.PUBAPPDEC002,:OLD.PUBAPPDEC003,:OLD.PUBAPPDEC004,:OLD.PUBAPPDEC005,&lt;br/&gt;                :OLD.PUBAPPINT001,:OLD.PUBAPPINT002,:OLD.PUBAPPINT003,:OLD.PUBAPPINT004,:OLD.PUBAPPINT005,&lt;br/&gt;                :OLD.PUBAPPSTR001,:OLD.PUBAPPSTR002,:OLD.PUBAPPSTR003,:OLD.PUBAPPSTR004,:OLD.PUBAPPSTR005,&lt;br/&gt;                :OLD.PUBAPPSTR006,:OLD.PUBAPPSTR007,:OLD.PUBAPPSTR008,:OLD.PUBAPPSTR009,:OLD.PUBAPPSTR010,&lt;br/&gt;                :OLD.PUBAPPSTR011,:OLD.PUBAPPSTR012,:OLD.PUBAPPSTR013,:OLD.PUBAPPSTR014,:OLD.PUBAPPSTR015,&lt;br/&gt;                :OLD.PUBCUSDATE001,:OLD.PUBCUSDATE002,:OLD.PUBCUSDATE003,:OLD.PUBCUSDATE004,:OLD.PUBCUSDATE005,&lt;br/&gt;                :OLD.PUBCUSDEC001,:OLD.PUBCUSDEC002,:OLD.PUBCUSDEC003,:OLD.PUBCUSDEC004,:OLD.PUBCUSDEC005,&lt;br/&gt;                :OLD.PUBCUSINT001,:OLD.PUBCUSINT002,:OLD.PUBCUSINT003,:OLD.PUBCUSINT004,:OLD.PUBCUSINT005,&lt;br/&gt;                :OLD.PUBCUSSTR001,:OLD.PUBCUSSTR002,:OLD.PUBCUSSTR003,:OLD.PUBCUSSTR004,:OLD.PUBCUSSTR005,&lt;br/&gt;                :OLD.PUBCUSSTR006,:OLD.PUBCUSSTR007,:OLD.PUBCUSSTR008,:OLD.PUBCUSSTR009,:OLD.PUBCUSSTR010,&lt;br/&gt;                :OLD.PUBCUSSTR011,:OLD.PUBCUSSTR012,:OLD.PUBCUSSTR013,:OLD.PUBCUSSTR014,:OLD.PUBCUSSTR015,:OLD.PUBRETENTION,:OLD.PUBRETHOLD,:OLD.PUBHISTORY&lt;br/&gt;            ) ;&lt;br/&gt;     END PUBSHIST_INS_TRG;</body>
<triggerTime>BEFORE</triggerTime>
<condition>OLD.PUBHISTORY = 1</condition>
<owner>0E40B78B-F2AF-F48B-B591-AD46144A4DBD</owner>
<table>138CDBBC-4DD0-D6FC-C708-A9005F499EB0</table>
</TriggerOraclev10g>