<?xml version = '1.0' encoding = 'UTF-8'?>
<TriggerOraclev10g class="oracle.dbtools.crest.model.design.storage.oracle.v10g.TriggerOraclev10g" name="DMKR_ENTITIES_DEL_TRG" directorySegmentName="seg_0" id="C8B604D7-8E8B-20A8-C1D5-ADC043955770">
<sourceConnName>deepthought</sourceConnName>
<sourceObjSchema>DMKR_ADMIN</sourceObjSchema>
<sourceObjName>DMKR_ENTITIES_DEL_TRG</sourceObjName>
<createdBy>calittle</createdBy>
<createdTime>2019-04-17 17:26:51 UTC</createdTime>
<ownerDesignName>ODEE_1262_Design</ownerDesignName>
<actions>DELETE</actions>
<body>BEGIN&lt;br/&gt;            UPDATE DMKR_STAT_INFO SET STATACTION=2 WHERE STATNAME=&apos;DMKR_ENTITIES&apos;;&lt;br/&gt;         END DMKR_ENTITIES_DEL_TRG;</body>
<triggerTime>AFTER</triggerTime>
<owner>C4DD1645-0D5E-926E-53C0-D03150D352EF</owner>
<table>9156A969-1D96-D2F4-28DB-D24001887235</table>
</TriggerOraclev10g>