<?xml version = '1.0' encoding = 'UTF-8'?>
<TriggerOraclev10g class="oracle.dbtools.crest.model.design.storage.oracle.v10g.TriggerOraclev10g" name="TRNSHIST_INS_TRG" directorySegmentName="seg_0" id="D0CCDA7E-DA11-862C-E581-0AE44CEEFEE6">
<sourceConnName>deepthought</sourceConnName>
<sourceObjSchema>DMKR_ASLINE</sourceObjSchema>
<sourceObjName>TRNSHIST_INS_TRG</sourceObjName>
<createdBy>calittle</createdBy>
<createdTime>2019-04-17 17:26:52 UTC</createdTime>
<ownerDesignName>ODEE_1262_Design</ownerDesignName>
<actions>DELETE</actions>
<body>BEGIN&lt;br/&gt;         IF(:OLD.TRNHISTORY=0) THEN&lt;br/&gt;            IF( :OLD.STATUSCODE&lt;&gt;&apos;D&apos; AND :OLD.TRNSTATUS &lt; 400 ) THEN&lt;br/&gt;              UPDATE JOBS SET JOBS.JOBTRNTOTAL=JOBS.JOBTRNTOTAL-1 WHERE JOBS.JOB_ID=:OLD.JOB_ID;&lt;br/&gt;            END IF;&lt;br/&gt;         ELSE&lt;br/&gt;            Insert into TRNSHIST (&lt;br/&gt;                JOB_ID,TRN_ID,UNIQUE_ID,KEY1,KEY2,KEY3,KEYID,FORMSETID,&lt;br/&gt;                ARCKEY,RECTYPE,DESCR,TRNNAME,DOCTYPE,DOCSUBTYPE,ORIGUSER,&lt;br/&gt;                CURRUSER,CURRGROUP,CURRROLE,CURRSUPER,CURRAPP_ID,STATUSCODE,TRANCODE,&lt;br/&gt;                APPROVALSTATE,SECLEVEL,TRNERR_ID,INUSE,CUSTOMIZED,CREATETIME,&lt;br/&gt;                BEGINTIME,TRNSTARTTIME,MODIFYTIME,TRNMODIFYTIME,ARCTIME,RETENTION,TRNENDTIME,&lt;br/&gt;                ENDTIME,JURISDICTN,LOCID,QUEUEID,SUBLOCID,AGENCYID,&lt;br/&gt;                FROMUSER,FROMTIME,FROMGROUP,TOTIME,TOUSER,TOGROUP,&lt;br/&gt;                ROUTEDESC,PROCESSNAME,&lt;br/&gt;                TRNAPPDATE001,TRNAPPDATE002,TRNAPPDATE003,TRNAPPDATE004,TRNAPPDATE005,&lt;br/&gt;                TRNAPPDEC001,TRNAPPDEC002,TRNAPPDEC003,TRNAPPDEC004,TRNAPPDEC005,&lt;br/&gt;                TRNAPPINT001,TRNAPPINT002,TRNAPPINT003,TRNAPPINT004,TRNAPPINT005,&lt;br/&gt;                TRNAPPSTR001,TRNAPPSTR002,TRNAPPSTR003,TRNAPPSTR004,TRNAPPSTR005,&lt;br/&gt;                TRNAPPSTR006,TRNAPPSTR007,TRNAPPSTR008,TRNAPPSTR009,TRNAPPSTR010,&lt;br/&gt;                TRNAPPSTR011,TRNAPPSTR012,TRNAPPSTR013,TRNAPPSTR014,TRNAPPSTR015,&lt;br/&gt;                TRNCUSDATE001,TRNCUSDATE002,TRNCUSDATE003,TRNCUSDATE004,TRNCUSDATE005,&lt;br/&gt;                TRNCUSDATE006,TRNCUSDATE007,TRNCUSDATE008,TRNCUSDATE009,TRNCUSDATE010,&lt;br/&gt;                TRNCUSDATE011,TRNCUSDATE012,TRNCUSDATE013,TRNCUSDATE014,TRNCUSDATE015,&lt;br/&gt;                TRNCUSDEC001,TRNCUSDEC002,TRNCUSDEC003,TRNCUSDEC004,TRNCUSDEC005,&lt;br/&gt;                TRNCUSINT001,TRNCUSINT002,TRNCUSINT003,TRNCUSINT004,TRNCUSINT005,&lt;br/&gt;                TRNCUSSTR001,TRNCUSSTR002,TRNCUSSTR003,TRNCUSSTR004,TRNCUSSTR005,&lt;br/&gt;                TRNCUSSTR006,TRNCUSSTR007,TRNCUSSTR008,TRNCUSSTR009,TRNCUSSTR010,&lt;br/&gt;                TRNCUSSTR011,TRNCUSSTR012,TRNCUSSTR013,TRNCUSSTR014,TRNCUSSTR015,&lt;br/&gt;                TRNCUSSTR016,TRNCUSSTR017,TRNCUSSTR018,TRNCUSSTR019,TRNCUSSTR020,&lt;br/&gt;                ACTION,REASON_ID,TRNSTATUS,TRNRCPTOTAL,TRNRCPERR,TRNRCPSCH,TRNRCPPROC,&lt;br/&gt;                TRNBCHTOTAL,TRNBCHERR,TRNBCHSCH,TRNBCHPROC,TRNDATATYPE,TRNDATAREF,TRNDATAXML,TRNDATABLOB,TRNDATASIZE,&lt;br/&gt;                TRNNAPOLTYPE,TRNNAPOLREF,TRNNAPOLXML,TRNNAPOLBLOB,TRNNAPOLSIZE,TRNPRTLOGNAME,TRNDOLOG,TRNRETHOLD,TRNHISTORY,SRCTRN_ID&lt;br/&gt;            ) VALUES (&lt;br/&gt;                :OLD.JOB_ID,:OLD.TRN_ID,:OLD.UNIQUE_ID,:OLD.KEY1,:OLD.KEY2,:OLD.KEY3,:OLD.KEYID,:OLD.FORMSETID,&lt;br/&gt;                :OLD.ARCKEY,:OLD.RECTYPE,:OLD.DESCR,:OLD.TRNNAME,:OLD.DOCTYPE,:OLD.DOCSUBTYPE,:OLD.ORIGUSER,&lt;br/&gt;                :OLD.CURRUSER,:OLD.CURRGROUP,:OLD.CURRROLE,:OLD.CURRSUPER,:OLD.CURRAPP_ID,:OLD.STATUSCODE,:OLD.TRANCODE,&lt;br/&gt;                :OLD.APPROVALSTATE,:OLD.SECLEVEL,:OLD.TRNERR_ID,:OLD.INUSE,:OLD.CUSTOMIZED,:OLD.CREATETIME,&lt;br/&gt;                :OLD.BEGINTIME,:OLD.TRNSTARTTIME,:OLD.MODIFYTIME,:OLD.TRNMODIFYTIME,:OLD.ARCTIME,:OLD.RETENTION,:OLD.TRNENDTIME,&lt;br/&gt;                :OLD.ENDTIME,:OLD.JURISDICTN,:OLD.LOCID,:OLD.QUEUEID,:OLD.SUBLOCID,:OLD.AGENCYID,&lt;br/&gt;                :OLD.FROMUSER,:OLD.FROMTIME,:OLD.FROMGROUP,:OLD.TOTIME,:OLD.TOUSER,:OLD.TOGROUP,&lt;br/&gt;                :OLD.ROUTEDESC,:OLD.PROCESSNAME,&lt;br/&gt;                :OLD.TRNAPPDATE001,:OLD.TRNAPPDATE002,:OLD.TRNAPPDATE003,:OLD.TRNAPPDATE004,:OLD.TRNAPPDATE005,&lt;br/&gt;                :OLD.TRNAPPDEC001,:OLD.TRNAPPDEC002,:OLD.TRNAPPDEC003,:OLD.TRNAPPDEC004,:OLD.TRNAPPDEC005,&lt;br/&gt;                :OLD.TRNAPPINT001,:OLD.TRNAPPINT002,:OLD.TRNAPPINT003,:OLD.TRNAPPINT004,:OLD.TRNAPPINT005,&lt;br/&gt;                :OLD.TRNAPPSTR001,:OLD.TRNAPPSTR002,:OLD.TRNAPPSTR003,:OLD.TRNAPPSTR004,:OLD.TRNAPPSTR005,&lt;br/&gt;                :OLD.TRNAPPSTR006,:OLD.TRNAPPSTR007,:OLD.TRNAPPSTR008,:OLD.TRNAPPSTR009,:OLD.TRNAPPSTR010,&lt;br/&gt;                :OLD.TRNAPPSTR011,:OLD.TRNAPPSTR012,:OLD.TRNAPPSTR013,:OLD.TRNAPPSTR014,:OLD.TRNAPPSTR015,&lt;br/&gt;                :OLD.TRNCUSDATE001,:OLD.TRNCUSDATE002,:OLD.TRNCUSDATE003,:OLD.TRNCUSDATE004,:OLD.TRNCUSDATE005,&lt;br/&gt;                :OLD.TRNCUSDATE006,:OLD.TRNCUSDATE007,:OLD.TRNCUSDATE008,:OLD.TRNCUSDATE009,:OLD.TRNCUSDATE010,&lt;br/&gt;                :OLD.TRNCUSDATE011,:OLD.TRNCUSDATE012,:OLD.TRNCUSDATE013,:OLD.TRNCUSDATE014,:OLD.TRNCUSDATE015,&lt;br/&gt;                :OLD.TRNCUSDEC001,:OLD.TRNCUSDEC002,:OLD.TRNCUSDEC003,:OLD.TRNCUSDEC004,:OLD.TRNCUSDEC005,&lt;br/&gt;                :OLD.TRNCUSINT001,:OLD.TRNCUSINT002,:OLD.TRNCUSINT003,:OLD.TRNCUSINT004,:OLD.TRNCUSINT005,&lt;br/&gt;                :OLD.TRNCUSSTR001,:OLD.TRNCUSSTR002,:OLD.TRNCUSSTR003,:OLD.TRNCUSSTR004,:OLD.TRNCUSSTR005,&lt;br/&gt;                :OLD.TRNCUSSTR006,:OLD.TRNCUSSTR007,:OLD.TRNCUSSTR008,:OLD.TRNCUSSTR009,:OLD.TRNCUSSTR010,&lt;br/&gt;                :OLD.TRNCUSSTR011,:OLD.TRNCUSSTR012,:OLD.TRNCUSSTR013,:OLD.TRNCUSSTR014,:OLD.TRNCUSSTR015,&lt;br/&gt;                :OLD.TRNCUSSTR016,:OLD.TRNCUSSTR017,:OLD.TRNCUSSTR018,:OLD.TRNCUSSTR019,:OLD.TRNCUSSTR020,&lt;br/&gt;                :OLD.ACTION,:OLD.REASON_ID,:OLD.TRNSTATUS,:OLD.TRNRCPTOTAL,:OLD.TRNRCPERR,:OLD.TRNRCPSCH,:OLD.TRNRCPPROC,&lt;br/&gt;                :OLD.TRNBCHTOTAL,:OLD.TRNBCHERR,:OLD.TRNBCHSCH,:OLD.TRNBCHPROC,:OLD.TRNDATATYPE,:OLD.TRNDATAREF,:OLD.TRNDATAXML,:OLD.TRNDATABLOB,:OLD.TRNDATASIZE,&lt;br/&gt;                :OLD.TRNNAPOLTYPE,:OLD.TRNNAPOLREF,:OLD.TRNNAPOLXML,:OLD.TRNNAPOLBLOB,:OLD.TRNNAPOLSIZE,:OLD.TRNPRTLOGNAME,&lt;br/&gt;                :OLD.TRNDOLOG,:OLD.TRNRETHOLD,:OLD.TRNHISTORY,:OLD.SRCTRN_ID ) ;&lt;br/&gt;        END IF;&lt;br/&gt;      END TRNSHIST_INS_TRG;</body>
<triggerTime>BEFORE</triggerTime>
<owner>0E40B78B-F2AF-F48B-B591-AD46144A4DBD</owner>
<table>1248CA2E-5F0C-5E7E-1B19-7F0E10B19638</table>
</TriggerOraclev10g>