<?xml version = '1.0' encoding = 'UTF-8'?>
<TriggerOraclev10g class="oracle.dbtools.crest.model.design.storage.oracle.v10g.TriggerOraclev10g" name="LOCKS_UPD_TRG" directorySegmentName="seg_0" id="D5302EA1-4150-0AFD-9CBC-20A491B19B9E">
<sourceConnName>deepthought</sourceConnName>
<sourceObjSchema>DMKR_ASLINE</sourceObjSchema>
<sourceObjName>LOCKS_UPD_TRG</sourceObjName>
<createdBy>calittle</createdBy>
<createdTime>2019-04-17 17:26:52 UTC</createdTime>
<ownerDesignName>ODEE_1262_Design</ownerDesignName>
<actions>UPDATE</actions>
<body>BEGIN&lt;br/&gt;            SELECT TO_TIMESTAMP(TO_CHAR(SYSTIMESTAMP AT TIME ZONE &apos;GMT&apos;,&apos;YYYY.MM.DD HH24:MI:SS.FF&apos;),&apos;YYYY.MM.DD HH24:MI:SS.FF&apos;) INTO :NEW.LASTUPDATETIME FROM DUAL;&lt;br/&gt;         END LOCKS_UPD_TRG;</body>
<triggerTime>BEFORE</triggerTime>
<owner>0E40B78B-F2AF-F48B-B591-AD46144A4DBD</owner>
<table>1AB3B8DA-F521-2A74-28F0-57BCAEE3FE9A</table>
</TriggerOraclev10g>