<?xml version = '1.0' encoding = 'UTF-8'?>
<TriggerOraclev10g class="oracle.dbtools.crest.model.design.storage.oracle.v10g.TriggerOraclev10g" name="APPCONFIGCONTEXT_CTX_ID_TRG" directorySegmentName="seg_0" id="E44837BD-5B11-E300-2729-C07AA8424CA5">
<sourceConnName>deepthought</sourceConnName>
<sourceObjSchema>DMKR_ADMIN</sourceObjSchema>
<sourceObjName>APPCONFIGCONTEXT_CTX_ID_TRG</sourceObjName>
<createdBy>calittle</createdBy>
<createdTime>2019-04-17 17:26:51 UTC</createdTime>
<ownerDesignName>ODEE_1262_Design</ownerDesignName>
<actions>INSERT</actions>
<body>BEGIN&lt;br/&gt;           IF (:NEW.CTX_ID is null) THEN&lt;br/&gt;              SELECT APPCONFIGCONTEXT_CTX_ID_SEQ.nextval INTO :NEW.CTX_ID FROM DUAL;&lt;br/&gt;           END IF;&lt;br/&gt;         END APPCONFIGCONTEXT_CTX_ID_TRG;</body>
<triggerTime>BEFORE</triggerTime>
<owner>C4DD1645-0D5E-926E-53C0-D03150D352EF</owner>
<table>EC3BAC9C-F460-F86E-318C-7A1E8F679AA5</table>
</TriggerOraclev10g>