<?xml version = '1.0' encoding = 'UTF-8'?>
<TriggerOraclev10g class="oracle.dbtools.crest.model.design.storage.oracle.v10g.TriggerOraclev10g" name="BCHSHIST_INS_TRG" directorySegmentName="seg_0" id="E4BE964B-2475-AA1A-3D35-23557A2548AD">
<sourceConnName>deepthought</sourceConnName>
<sourceObjSchema>DMKR_ASLINE</sourceObjSchema>
<sourceObjName>BCHSHIST_INS_TRG</sourceObjName>
<createdBy>calittle</createdBy>
<createdTime>2019-04-17 17:26:51 UTC</createdTime>
<ownerDesignName>ODEE_1262_Design</ownerDesignName>
<actions>DELETE</actions>
<body>BEGIN&lt;br/&gt;            Insert into BCHSHIST (&lt;br/&gt;                BCH_ID,BCHNAME,BCHUNIQUE_ID,BCHSTARTINGTIME,BCHSTATUS,&lt;br/&gt;                BCHSEQ,BCHTYPE,BCHBATCHNAME,BCHBATCHTYPE,BCHBY,&lt;br/&gt;                BCHSELECTRULE,BCHPRTTYPE,BCHPRTTYPERULE,BCHSORTRULE,&lt;br/&gt;                BCHSTARTTIME,BCHERRTIME,BCHENDTIME,BCHTRNCOUNT,BCHRCPCOUNT,BCHPAGECOUNT,BCHSHEETCOUNT,BCHWEIGHT,&lt;br/&gt;                BCHBREAKTYPE,BCHBREAKVALUE,&lt;br/&gt;                BCHARCHIVE,BCHARCDEST,BCHPUBTOTALARC,BCHPUBERRARC,BCHPUBPROCARC,&lt;br/&gt;                BCHSIGNING,BCHSGNDEST,BCHSGNTMPL,BCHPUBTOTALSGN,BCHPUBERRSGN,BCHPUBPROCSGN,&lt;br/&gt;                BCHPUBLISH,BCHMIMETYPE,BCHPRTLOGNAME,&lt;br/&gt;                BCHPUBEMAIL,BCHPUBEMAILRULE,BCHPUBEMAILPROP,BCHPUBEMAILSUBJECT,BCHPUBEMAILFROM,BCHPUBEMAILTO,BCHPUBEMAILREPLYTO,BCHPUBEMAILCC,BCHPUBEMAILBCC,&lt;br/&gt;                BCHPUBLANGRULE,BCHPUBMSGTYPRULE,BCHPUBTOTALDST,BCHPUBERRDST,BCHPUBPROCDST,&lt;br/&gt;                BCHENABLENTF,BCHNTFRULE,BCHLANGRULE,BCHNTFMSGTYPRULE,BCHPUBTOTALNTF,BCHPUBERRNTF,BCHPUBPROCNTF,BCHERR_ID,&lt;br/&gt;                CALLBACK,BATCHBANNERBEGINSCRIPT,BATCHBANNERENDSCRIPT,&lt;br/&gt;                BATCHBANNERBEGINFORM,BATCHBANNERENDFORM,&lt;br/&gt;                TRANSBANNERBEGINSCRIPT,TRANSBANNERENDSCRIPT,&lt;br/&gt;                TRANSBANNERBEGINFORM,TRANSBANNERENDFORM,&lt;br/&gt;                BCHAPPDATE001,BCHAPPDATE002,BCHAPPDATE003,BCHAPPDATE004,BCHAPPDATE005,&lt;br/&gt;                BCHAPPDEC001,BCHAPPDEC002,BCHAPPDEC003,BCHAPPDEC004,BCHAPPDEC005,&lt;br/&gt;                BCHAPPINT001,BCHAPPINT002,BCHAPPINT003,BCHAPPINT004,BCHAPPINT005,&lt;br/&gt;                BCHAPPSTR001,BCHAPPSTR002,BCHAPPSTR003,BCHAPPSTR004,BCHAPPSTR005,&lt;br/&gt;                BCHAPPSTR006,BCHAPPSTR007,BCHAPPSTR008,BCHAPPSTR009,BCHAPPSTR010,&lt;br/&gt;                BCHCUSDATE001,BCHCUSDATE002,BCHCUSDATE003,BCHCUSDATE004,BCHCUSDATE005,&lt;br/&gt;                BCHCUSDEC001,BCHCUSDEC002,BCHCUSDEC003,BCHCUSDEC004,BCHCUSDEC005,&lt;br/&gt;                BCHCUSINT001,BCHCUSINT002,BCHCUSINT003,BCHCUSINT004,BCHCUSINT005,&lt;br/&gt;                BCHCUSSTR001,BCHCUSSTR002,BCHCUSSTR003,BCHCUSSTR004,BCHCUSSTR005,&lt;br/&gt;                BCHCUSSTR006,BCHCUSSTR007,BCHCUSSTR008,BCHCUSSTR009,BCHCUSSTR010,&lt;br/&gt;                BCHRETENTION,BCHRETHOLD,BCHMODIFYTIME,BCHHISTORY&lt;br/&gt;        ) VALUES (&lt;br/&gt;                :OLD.BCH_ID,:OLD.BCHNAME,:OLD.BCHUNIQUE_ID,:OLD.BCHSTARTINGTIME,:OLD.BCHSTATUS,&lt;br/&gt;                :OLD.BCHSEQ,:OLD.BCHTYPE,:OLD.BCHBATCHNAME,:OLD.BCHBATCHTYPE,:OLD.BCHBY,&lt;br/&gt;                :OLD.BCHSELECTRULE,:OLD.BCHPRTTYPE,:OLD.BCHPRTTYPERULE,:OLD.BCHSORTRULE,&lt;br/&gt;                :OLD.BCHSTARTTIME,:OLD.BCHERRTIME,:OLD.BCHENDTIME,:OLD.BCHTRNCOUNT,:OLD.BCHRCPCOUNT,:OLD.BCHPAGECOUNT,:OLD.BCHSHEETCOUNT,:OLD.BCHWEIGHT,&lt;br/&gt;                :OLD.BCHBREAKTYPE,:OLD.BCHBREAKVALUE,&lt;br/&gt;                :OLD.BCHARCHIVE,:OLD.BCHARCDEST,:OLD.BCHPUBTOTALARC,:OLD.BCHPUBERRARC,:OLD.BCHPUBPROCARC,&lt;br/&gt;                :OLD.BCHSIGNING,:OLD.BCHSGNDEST,:OLD.BCHSGNTMPL,:OLD.BCHPUBTOTALSGN,:OLD.BCHPUBERRSGN,:OLD.BCHPUBPROCSGN,&lt;br/&gt;                :OLD.BCHPUBLISH,:OLD.BCHMIMETYPE,:OLD.BCHPRTLOGNAME,&lt;br/&gt;                :OLD.BCHPUBEMAIL,:OLD.BCHPUBEMAILRULE,:OLD.BCHPUBEMAILPROP,:OLD.BCHPUBEMAILSUBJECT,:OLD.BCHPUBEMAILFROM,:OLD.BCHPUBEMAILTO,:OLD.BCHPUBEMAILREPLYTO,:OLD.BCHPUBEMAILCC,:OLD.BCHPUBEMAILBCC,&lt;br/&gt;                :OLD.BCHPUBLANGRULE,:OLD.BCHPUBMSGTYPRULE,:OLD.BCHPUBTOTALDST,:OLD.BCHPUBERRDST,:OLD.BCHPUBPROCDST,&lt;br/&gt;                :OLD.BCHENABLENTF,:OLD.BCHNTFRULE,:OLD.BCHLANGRULE,:OLD.BCHNTFMSGTYPRULE,:OLD.BCHPUBTOTALNTF,:OLD.BCHPUBERRNTF,:OLD.BCHPUBPROCNTF,:OLD.BCHERR_ID,&lt;br/&gt;                :OLD.CALLBACK,:OLD.BATCHBANNERBEGINSCRIPT,:OLD.BATCHBANNERENDSCRIPT,&lt;br/&gt;                :OLD.BATCHBANNERBEGINFORM,:OLD.BATCHBANNERENDFORM,&lt;br/&gt;                :OLD.TRANSBANNERBEGINSCRIPT,:OLD.TRANSBANNERENDSCRIPT,&lt;br/&gt;                :OLD.TRANSBANNERBEGINFORM,:OLD.TRANSBANNERENDFORM,&lt;br/&gt;                :OLD.BCHAPPDATE001,:OLD.BCHAPPDATE002,:OLD.BCHAPPDATE003,:OLD.BCHAPPDATE004,:OLD.BCHAPPDATE005,&lt;br/&gt;                :OLD.BCHAPPDEC001,:OLD.BCHAPPDEC002,:OLD.BCHAPPDEC003,:OLD.BCHAPPDEC004,:OLD.BCHAPPDEC005,&lt;br/&gt;                :OLD.BCHAPPINT001,:OLD.BCHAPPINT002,:OLD.BCHAPPINT003,:OLD.BCHAPPINT004,:OLD.BCHAPPINT005,&lt;br/&gt;                :OLD.BCHAPPSTR001,:OLD.BCHAPPSTR002,:OLD.BCHAPPSTR003,:OLD.BCHAPPSTR004,:OLD.BCHAPPSTR005,&lt;br/&gt;                :OLD.BCHAPPSTR006,:OLD.BCHAPPSTR007,:OLD.BCHAPPSTR008,:OLD.BCHAPPSTR009,:OLD.BCHAPPSTR010,&lt;br/&gt;                :OLD.BCHCUSDATE001,:OLD.BCHCUSDATE002,:OLD.BCHCUSDATE003,:OLD.BCHCUSDATE004,:OLD.BCHCUSDATE005,&lt;br/&gt;                :OLD.BCHCUSDEC001,:OLD.BCHCUSDEC002,:OLD.BCHCUSDEC003,:OLD.BCHCUSDEC004,:OLD.BCHCUSDEC005,&lt;br/&gt;                :OLD.BCHCUSINT001,:OLD.BCHCUSINT002,:OLD.BCHCUSINT003,:OLD.BCHCUSINT004,:OLD.BCHCUSINT005,&lt;br/&gt;                :OLD.BCHCUSSTR001,:OLD.BCHCUSSTR002,:OLD.BCHCUSSTR003,:OLD.BCHCUSSTR004,:OLD.BCHCUSSTR005,&lt;br/&gt;                :OLD.BCHCUSSTR006,:OLD.BCHCUSSTR007,:OLD.BCHCUSSTR008,:OLD.BCHCUSSTR009,:OLD.BCHCUSSTR010,&lt;br/&gt;                :OLD.BCHRETENTION,:OLD.BCHRETHOLD,:OLD.BCHMODIFYTIME,:OLD.BCHHISTORY&lt;br/&gt;            ) ;&lt;br/&gt;         END BCHSHIST_INS_TRG;</body>
<triggerTime>BEFORE</triggerTime>
<condition>OLD.BCHHISTORY = 1</condition>
<owner>0E40B78B-F2AF-F48B-B591-AD46144A4DBD</owner>
<table>6A0DD653-BC9E-BA76-DB8E-38C8DAAA220A</table>
</TriggerOraclev10g>