<?xml version = '1.0' encoding = 'UTF-8'?>
<TableSpaceOraclev10g class="oracle.dbtools.crest.model.design.storage.oracle.v10g.TableSpaceOraclev10g" name="DMKR_ASLINE" directorySegmentName="seg_0" id="B4FE7603-2423-0888-71C6-BC38EA367033">
<sourceConnName>deepthought</sourceConnName>
<sourceObjSchema>DMKR_ASLINE</sourceObjSchema>
<sourceObjName>DMKR_ASLINE</sourceObjName>
<createdBy>calittle</createdBy>
<createdTime>2019-04-17 17:25:22 UTC</createdTime>
<ownerDesignName>ODEE_1262_Design</ownerDesignName>
<emUniformSize>0</emUniformSize>
<extentManagement>LOCAL</extentManagement>
</TableSpaceOraclev10g>