<?xml version = '1.0' encoding = 'UTF-8'?>
<TableSpaceOraclev10g class="oracle.dbtools.crest.model.design.storage.oracle.v10g.TableSpaceOraclev10g" name="DMKR_ADMIN" directorySegmentName="seg_0" id="DF7AC7A0-6C81-FCE6-836E-6026E18400F7">
<sourceConnName>deepthought</sourceConnName>
<sourceObjSchema>DMKR_ADMIN</sourceObjSchema>
<sourceObjName>DMKR_ADMIN</sourceObjName>
<createdBy>calittle</createdBy>
<createdTime>2019-04-17 17:24:53 UTC</createdTime>
<ownerDesignName>ODEE_1262_Design</ownerDesignName>
<emUniformSize>0</emUniformSize>
<extentManagement>LOCAL</extentManagement>
</TableSpaceOraclev10g>