<?xml version = '1.0' encoding = 'UTF-8'?>
<Diagram class="oracle.dbtools.crest.swingui.relational.DPVRelationalSubView" name="DMKR_ASLINE" id="03A32590-5DB1-E7D2-4818-4F4EFC445178">
<createdBy>calittle</createdBy>
<createdTime>2019-04-17 17:26:58 UTC</createdTime>
<autoRoute>false</autoRoute>
<boxInbox>true</boxInbox>
<showLegend>false</showLegend>
<showLabels>false</showLabels>
<showRelAttributes>false</showRelAttributes>
<showGrid>false</showGrid>
<diagramColor>-1</diagramColor>
<display>false</display>
<notation>1</notation>
<schemaObject>8FC895A7-E0A2-11C9-AE90-BEF4CA704C97</schemaObject>
<objectViews>
<OView class="oracle.dbtools.crest.swingui.relational.TVTable" oid="038AF415-30AF-0483-EB96-725FEC505B00" otype="Table" vid="3B1517BE-6AD2-ECDA-F66E-FEE20F3EC212">
<hideElementsInCurrentOnly>false</hideElementsInCurrentOnly>
<bounds x="2071" y="9955" width="261" height="154"/>
</OView>
<OView class="oracle.dbtools.crest.swingui.relational.TVView" oid="06E3B8C8-FD90-4970-017E-FE11BF00C4B8" otype="View" vid="8B7E921B-17DA-8ED7-A8A1-972F6F53FCE8">
<hideElementsInCurrentOnly>false</hideElementsInCurrentOnly>
<bounds x="587" y="17226" width="236" height="545"/>
</OView>
<OView class="oracle.dbtools.crest.swingui.relational.TVTable" oid="084181BB-7B1A-8413-32C4-5E0DDE0577BD" otype="Table" vid="15829252-9D5C-31CF-3E9B-66F3DC130D13">
<hideElementsInCurrentOnly>false</hideElementsInCurrentOnly>
<bounds x="721" y="6464" width="222" height="147"/>
</OView>
<OView class="oracle.dbtools.crest.swingui.relational.TVView" oid="0E042ADE-A6AB-63C3-8501-8ED6045849BA" otype="View" vid="81607A3F-299F-EC23-CB52-6E67E787C2AE">
<hideElementsInCurrentOnly>false</hideElementsInCurrentOnly>
<bounds x="304" y="17226" width="233" height="675"/>
</OView>
<OView class="oracle.dbtools.crest.swingui.relational.TVTable" oid="0F5B879F-C3EB-16BD-CB6C-4397E0C17EEE" otype="Table" vid="C6467585-CCD0-DE9A-F518-47F8936F6CD3">
<hideElementsInCurrentOnly>false</hideElementsInCurrentOnly>
<bounds x="356" y="5614" width="256" height="238"/>
</OView>
<OView class="oracle.dbtools.crest.swingui.relational.TVTable" oid="1248CA2E-5F0C-5E7E-1B19-7F0E10B19638" otype="Table" vid="991FE072-11B4-1A64-E875-300654D2CFC8">
<hideElementsInCurrentOnly>false</hideElementsInCurrentOnly>
<bounds x="20" y="1865" width="446" height="2344"/>
</OView>
<OView class="oracle.dbtools.crest.swingui.relational.TVTable" oid="138CDBBC-4DD0-D6FC-C708-A9005F499EB0" otype="Table" vid="56C31CB4-CE54-51E7-93EB-1FF5B067C054">
<hideElementsInCurrentOnly>false</hideElementsInCurrentOnly>
<bounds x="626" y="20" width="248" height="1980"/>
</OView>
<OView class="oracle.dbtools.crest.swingui.relational.TVTable" oid="1730D7F4-1B10-2A57-5109-0D89A3907D51" otype="Table" vid="C9A129A9-F215-2A0A-90B5-F634F83D19E1">
<hideElementsInCurrentOnly>false</hideElementsInCurrentOnly>
<bounds x="989" y="10441" width="233" height="479"/>
</OView>
<OView class="oracle.dbtools.crest.swingui.relational.TVTable" oid="1AB3B8DA-F521-2A74-28F0-57BCAEE3FE9A" otype="Table" vid="3EB96B5F-13B0-48A2-3510-5434C4379F2A">
<hideElementsInCurrentOnly>false</hideElementsInCurrentOnly>
<bounds x="709" y="10441" width="230" height="102"/>
</OView>
<OView class="oracle.dbtools.crest.swingui.relational.TVTable" oid="1F64F851-0D08-95DC-DDB7-2885D6D57441" otype="Table" vid="D86B5FCA-C60F-D9B4-AFA1-2C9E125C9C9A">
<hideElementsInCurrentOnly>false</hideElementsInCurrentOnly>
<bounds x="349" y="6205" width="249" height="199"/>
</OView>
<OView class="oracle.dbtools.crest.swingui.relational.TVTable" oid="20529563-48EE-BEE0-4F4F-CA5B6D98CDA5" otype="Table" vid="B3C74F2C-892D-AAAE-B3A3-1DDF4DC53FE4">
<hideElementsInCurrentOnly>false</hideElementsInCurrentOnly>
<bounds x="20" y="9955" width="192" height="148"/>
</OView>
<OView class="oracle.dbtools.crest.swingui.relational.TVTable" oid="2760601E-4DE0-229A-E602-65B56D2AC048" otype="Table" vid="E486450C-2734-7A87-41E0-9ED251BDB0E4">
<hideElementsInCurrentOnly>false</hideElementsInCurrentOnly>
<bounds x="188" y="5037" width="256" height="355"/>
</OView>
<OView class="oracle.dbtools.crest.swingui.relational.TVTable" oid="287ABEE3-7321-13E6-FBAF-A029C1490FD0" otype="Table" vid="D45712F2-B0C7-EF6D-9295-2BA4F6E67F7B">
<hideElementsInCurrentOnly>false</hideElementsInCurrentOnly>
<bounds x="356" y="5912" width="256" height="173"/>
</OView>
<OView class="oracle.dbtools.crest.swingui.relational.TVTable" oid="2B90F37B-2FB5-E9E1-9708-01A4C76F0E7D" otype="Table" vid="C30EF326-9D17-639D-3BFC-FFDCD720E0CA">
<hideElementsInCurrentOnly>false</hideElementsInCurrentOnly>
<bounds x="1639" y="8052" width="208" height="89"/>
</OView>
<OView class="oracle.dbtools.crest.swingui.relational.TVTable" oid="2CCA7CE5-C53C-4B4C-B04D-19CC04E8DBCC" otype="Table" vid="E7BFFE68-37D1-7F25-CD3A-279C117585C0">
<hideElementsInCurrentOnly>false</hideElementsInCurrentOnly>
<bounds x="1795" y="9955" width="226" height="336"/>
</OView>
<OView class="oracle.dbtools.crest.swingui.relational.TVTable" oid="2F8E6033-C67B-C215-9A0C-8BAD5E584085" otype="Table" vid="2C50BC53-99EC-B7CE-C7E5-6D4118CEE1E9">
<hideElementsInCurrentOnly>false</hideElementsInCurrentOnly>
<bounds x="349" y="6464" width="264" height="264"/>
</OView>
<OView class="oracle.dbtools.crest.swingui.relational.TVTable" oid="327B8F3C-0747-8B65-FBF6-32F221DD1DB5" otype="Table" vid="02022E1F-66A5-A097-D760-D96DCC0E0AF7">
<hideElementsInCurrentOnly>false</hideElementsInCurrentOnly>
<bounds x="20" y="12552" width="268" height="1727"/>
</OView>
<OView class="oracle.dbtools.crest.swingui.relational.TVTable" oid="35E1A421-536C-8D1F-27F9-59C3A72E3240" otype="Table" vid="CF909C8C-4264-0ADF-AE4E-0086A2BD649D">
<hideElementsInCurrentOnly>false</hideElementsInCurrentOnly>
<bounds x="323" y="10441" width="336" height="648"/>
</OView>
<OView class="oracle.dbtools.crest.swingui.relational.TVTable" oid="4344DD96-AB87-BE9A-CAB3-E3EF3DEE3048" otype="Table" vid="C34EFBEC-AABB-9401-CB68-335827552300">
<hideElementsInCurrentOnly>false</hideElementsInCurrentOnly>
<bounds x="524" y="9955" width="218" height="154"/>
</OView>
<OView class="oracle.dbtools.crest.swingui.relational.TVTable" oid="4703080E-D8DB-00DD-6ABB-F5B6E8FB2825" otype="Table" vid="8C7C2028-B01E-E498-293A-24012DE1E0C4">
<hideElementsInCurrentOnly>false</hideElementsInCurrentOnly>
<bounds x="350" y="6788" width="198" height="121"/>
</OView>
<OView class="oracle.dbtools.crest.swingui.relational.TVView" oid="4D8DA207-49FC-F05F-A794-96B683216E20" otype="View" vid="9E34F492-73CA-08C7-A34E-5A8CD497BEA5">
<hideElementsInCurrentOnly>false</hideElementsInCurrentOnly>
<bounds x="597" y="15075" width="277" height="1637"/>
</OView>
<OView class="oracle.dbtools.crest.swingui.relational.TVTable" oid="52D78592-7870-71EC-6C6F-6A532304E9B4" otype="Table" vid="F3F5D43A-3E40-62E7-09F7-4FC6C565F147">
<hideElementsInCurrentOnly>false</hideElementsInCurrentOnly>
<bounds x="188" y="5452" width="250" height="102"/>
</OView>
<OView class="oracle.dbtools.crest.swingui.relational.TVTable" oid="531B152F-9DC1-0A9C-D359-98BD4282CD3E" otype="Table" vid="95E758AD-FFA4-07D2-0B53-419C3A25F074">
<hideElementsInCurrentOnly>false</hideElementsInCurrentOnly>
<bounds x="721" y="6671" width="210" height="121"/>
</OView>
<OView class="oracle.dbtools.crest.swingui.relational.TVTable" oid="535B84B4-22FA-2F5A-74F4-390870CDFA17" otype="Table" vid="C2A039D7-C401-850B-FFBB-95FEFC21F33D">
<hideElementsInCurrentOnly>false</hideElementsInCurrentOnly>
<bounds x="20" y="7472" width="242" height="186"/>
</OView>
<OView class="oracle.dbtools.crest.swingui.relational.TVTable" oid="536A6B73-4125-118D-79B8-F9098181CEC1" otype="Table" vid="346C2788-56E6-0542-3EAA-E3423C342738">
<hideElementsInCurrentOnly>false</hideElementsInCurrentOnly>
<bounds x="20" y="8052" width="268" height="89"/>
</OView>
<OView class="oracle.dbtools.crest.swingui.relational.TVTable" oid="572A8A69-2B8D-CD62-176A-FE97BCCBADB9" otype="Table" vid="D3379BBB-0A26-5514-8DBC-8C7E9A7024F6">
<hideElementsInCurrentOnly>false</hideElementsInCurrentOnly>
<bounds x="1774" y="12552" width="331" height="2208"/>
</OView>
<OView class="oracle.dbtools.crest.swingui.relational.TVView" oid="5D6AD7B8-9805-BD2D-DFD5-FA0BC39B84A7" otype="View" vid="704BE991-10F4-4271-9674-A83465A73B40">
<hideElementsInCurrentOnly>false</hideElementsInCurrentOnly>
<bounds x="20" y="18987" width="240" height="350"/>
</OView>
<OView class="oracle.dbtools.crest.swingui.relational.TVTable" oid="64EF1A2F-8182-0F96-0D37-70B871515D82" otype="Table" vid="053031F4-E344-35C8-3B3D-607D577E0492">
<hideElementsInCurrentOnly>false</hideElementsInCurrentOnly>
<bounds x="1334" y="8052" width="255" height="388"/>
</OView>
<OView class="oracle.dbtools.crest.swingui.relational.TVTable" oid="652C9265-A574-B2C1-98D3-913489D64A0A" otype="Table" vid="D10F18C3-0BFF-29F5-31A5-8D1796D562FF">
<hideElementsInCurrentOnly>false</hideElementsInCurrentOnly>
<bounds x="20" y="7718" width="243" height="154"/>
</OView>
<OView class="oracle.dbtools.crest.swingui.relational.TVTable" oid="6A0DD653-BC9E-BA76-DB8E-38C8DAAA220A" otype="Table" vid="9D6D87D8-D94F-5BE5-5333-E0F48E5EB7BD">
<hideElementsInCurrentOnly>false</hideElementsInCurrentOnly>
<bounds x="626" y="2060" width="327" height="1766"/>
</OView>
<OView class="oracle.dbtools.crest.swingui.relational.TVTable" oid="6C6D5A07-F481-EA22-6B34-3D2D3778FB85" otype="Table" vid="6B87395E-D0C9-C790-687C-628AE2EB87FA">
<hideElementsInCurrentOnly>false</hideElementsInCurrentOnly>
<bounds x="20" y="5899" width="256" height="160"/>
</OView>
<OView class="oracle.dbtools.crest.swingui.relational.TVTable" oid="6D79007F-4E00-DBA5-5789-8BDDE67E9D3F" otype="Table" vid="7BFDB524-909E-9321-A7F0-16C35DD4CA73">
<hideElementsInCurrentOnly>false</hideElementsInCurrentOnly>
<bounds x="1897" y="8052" width="208" height="200"/>
</OView>
<OView class="oracle.dbtools.crest.swingui.relational.TVView" oid="729F3697-B9BA-B246-1C1F-E152DB5AD45D" otype="View" vid="1D96568E-2C44-7AD0-6464-981E440C842D">
<hideElementsInCurrentOnly>false</hideElementsInCurrentOnly>
<bounds x="300" y="15075" width="247" height="1819"/>
</OView>
<OView class="oracle.dbtools.crest.swingui.relational.TVTable" oid="75200012-E652-87F9-D56A-B9D9F4D1B54A" otype="Table" vid="B3F417B2-AD59-9F31-46E5-B585AF29C080">
<hideElementsInCurrentOnly>false</hideElementsInCurrentOnly>
<bounds x="1173" y="12552" width="203" height="128"/>
</OView>
<OView class="oracle.dbtools.crest.swingui.relational.TVTable" oid="7E15AC61-6596-E300-09CA-EEEF249C8C09" otype="Table" vid="32E3495D-2980-0412-867B-4FC81B3E85E2">
<hideElementsInCurrentOnly>false</hideElementsInCurrentOnly>
<bounds x="792" y="9955" width="379" height="317"/>
</OView>
<OView class="oracle.dbtools.crest.swingui.relational.TVTable" oid="837AAB48-A266-5AEB-CF9C-1C05A9BFF2CB" otype="Table" vid="F829FB57-886E-B88B-41C5-D49EDD0EC166">
<hideElementsInCurrentOnly>false</hideElementsInCurrentOnly>
<bounds x="1221" y="9955" width="524" height="252"/>
</OView>
<OView class="oracle.dbtools.crest.swingui.relational.TVTable" oid="8CB3DE9F-49D0-D7FD-7F1D-74C319B99BF5" otype="Table" vid="CC991112-97C0-6038-798C-583796BA75BE">
<hideElementsInCurrentOnly>false</hideElementsInCurrentOnly>
<bounds x="20" y="5614" width="256" height="225"/>
</OView>
<OView class="oracle.dbtools.crest.swingui.relational.TVTable" oid="8CF87378-EC7F-E500-2762-0AAEB46C1332" otype="Table" vid="0DBA6282-1B36-DFA8-965B-C83D04357CDB">
<hideElementsInCurrentOnly>false</hideElementsInCurrentOnly>
<bounds x="20" y="4269" width="315" height="648"/>
</OView>
<OView class="oracle.dbtools.crest.swingui.relational.TVTable" oid="8DE10102-8541-72B1-A5BC-FBAFF342B5A3" otype="Table" vid="DEB50972-8908-53BA-BCC1-84C15EB1FB79">
<hideElementsInCurrentOnly>false</hideElementsInCurrentOnly>
<bounds x="20" y="6788" width="249" height="212"/>
</OView>
<OView class="oracle.dbtools.crest.swingui.relational.TVTable" oid="935AEA45-FB1C-2DF6-3662-5E361F83B476" otype="Table" vid="BEB35020-FFAD-7597-D1BA-9FC7BC5FFDC6">
<hideElementsInCurrentOnly>false</hideElementsInCurrentOnly>
<bounds x="338" y="8052" width="284" height="869"/>
</OView>
<OView class="oracle.dbtools.crest.swingui.relational.TVTable" oid="972486B1-B415-F368-0360-2BA554B7A579" otype="Table" vid="1D163325-95C8-AD22-D8D7-524643ECA183">
<hideElementsInCurrentOnly>false</hideElementsInCurrentOnly>
<bounds x="350" y="6969" width="256" height="115"/>
</OView>
<OView class="oracle.dbtools.crest.swingui.relational.TVTable" oid="97E93533-E973-184E-A0BF-E9F0ECC477EF" otype="Table" vid="B41635B4-C36E-9459-A696-CA1C0D51EA99">
<hideElementsInCurrentOnly>false</hideElementsInCurrentOnly>
<bounds x="1817" y="10441" width="248" height="1961"/>
</OView>
<OView class="oracle.dbtools.crest.swingui.relational.TVTable" oid="A3AB70F1-6F5D-8483-1310-B86B075C43D8" otype="Table" vid="5EF0364A-4202-F5F2-20D3-194AFE203133">
<hideElementsInCurrentOnly>false</hideElementsInCurrentOnly>
<bounds x="20" y="14910" width="207" height="115"/>
</OView>
<OView class="oracle.dbtools.crest.swingui.relational.TVView" oid="AAC6465C-A2F2-564A-D3CB-8CECBFD4BE8A" otype="View" vid="A5396045-5091-DE7D-287F-17EC109B8265">
<hideElementsInCurrentOnly>false</hideElementsInCurrentOnly>
<bounds x="20" y="15075" width="230" height="2001"/>
</OView>
<OView class="oracle.dbtools.crest.swingui.relational.TVTable" oid="B702D8BD-2553-CF9D-D51F-47960FD0370B" otype="Table" vid="320752CE-0EBD-C14A-83C8-869E43CB168B">
<hideElementsInCurrentOnly>false</hideElementsInCurrentOnly>
<bounds x="672" y="8052" width="318" height="1753"/>
</OView>
<OView class="oracle.dbtools.crest.swingui.relational.TVTable" oid="B9A9110B-9B89-B49F-EC9B-1F2F12A12C5E" otype="Table" vid="E8F77178-F740-85F5-0B16-50A5A88AF03C">
<hideElementsInCurrentOnly>false</hideElementsInCurrentOnly>
<bounds x="597" y="12552" width="255" height="89"/>
</OView>
<OView class="oracle.dbtools.crest.swingui.relational.TVTable" oid="C8DFC309-8E98-18BB-0F2F-7C1979C737EA" otype="Table" vid="3BA9B3A9-FC4C-490E-7FFE-8A12A3BCD129">
<hideElementsInCurrentOnly>false</hideElementsInCurrentOnly>
<bounds x="262" y="9955" width="212" height="154"/>
</OView>
<OView class="oracle.dbtools.crest.swingui.relational.TVTable" oid="CE9F80DE-7A11-C4BC-2EF8-A699B304ABE9" otype="Table" vid="A4049069-7A5F-BED3-16C7-C093020C3C1A">
<hideElementsInCurrentOnly>false</hideElementsInCurrentOnly>
<bounds x="1426" y="12552" width="298" height="2208"/>
</OView>
<OView class="oracle.dbtools.crest.swingui.relational.TVTable" oid="D2307F6B-3968-449A-604C-37FB73DD79D7" otype="Table" vid="0BCE2CE4-80F5-EA27-0465-F97C0A8F0958">
<hideElementsInCurrentOnly>false</hideElementsInCurrentOnly>
<bounds x="20" y="10441" width="253" height="154"/>
</OView>
<OView class="oracle.dbtools.crest.swingui.relational.TVTable" oid="D3185649-826C-B625-42E7-4BDE840F2666" otype="Table" vid="C06C10BF-22E6-34D2-365B-3743C6C2F80A">
<hideElementsInCurrentOnly>false</hideElementsInCurrentOnly>
<bounds x="20" y="20" width="282" height="1785"/>
</OView>
<OView class="oracle.dbtools.crest.swingui.relational.TVTable" oid="D4E116DD-C838-127F-D3FF-0D67CA930195" otype="Table" vid="2A0BF50A-58D9-6FBF-EBDF-8BF1FEF02B72">
<hideElementsInCurrentOnly>false</hideElementsInCurrentOnly>
<bounds x="338" y="12552" width="209" height="89"/>
</OView>
<OView class="oracle.dbtools.crest.swingui.relational.TVTable" oid="DF4216D1-8F93-FA84-23FF-36C7DA848706" otype="Table" vid="291EBC1E-7FF2-50FC-F6EE-3A92C4B5E735">
<hideElementsInCurrentOnly>false</hideElementsInCurrentOnly>
<bounds x="1272" y="10441" width="196" height="89"/>
</OView>
<OView class="oracle.dbtools.crest.swingui.relational.TVTable" oid="E24392BD-7C5A-0677-38BF-5ACCC6AAAB8C" otype="Table" vid="08F82ACA-FB23-0580-4175-D2C45356B2BA">
<hideElementsInCurrentOnly>false</hideElementsInCurrentOnly>
<bounds x="902" y="12552" width="221" height="115"/>
</OView>
<OView class="oracle.dbtools.crest.swingui.relational.TVView" oid="E538EE20-77FD-8319-722B-5352B8EAC62D" otype="View" vid="D468C47B-B30A-3A5C-901B-410B231AB248">
<hideElementsInCurrentOnly>false</hideElementsInCurrentOnly>
<bounds x="20" y="17226" width="234" height="1611"/>
</OView>
<OView class="oracle.dbtools.crest.swingui.relational.TVTable" oid="E8BB72A9-1938-23A2-5384-4EF9F4CC19C6" otype="Table" vid="0D715B8A-AE5B-6C01-1C44-A29F4513B755">
<hideElementsInCurrentOnly>false</hideElementsInCurrentOnly>
<bounds x="1040" y="8052" width="244" height="440"/>
</OView>
<OView class="oracle.dbtools.crest.swingui.relational.TVTable" oid="ED6084CA-CE22-0003-25A8-2BA65678B4D3" otype="Table" vid="3A707A40-1B8C-3703-ED35-321921A0AE6C">
<hideElementsInCurrentOnly>false</hideElementsInCurrentOnly>
<bounds x="20" y="7265" width="251" height="147"/>
</OView>
<OView class="oracle.dbtools.crest.swingui.relational.TVTable" oid="F0783854-B7D3-FAB1-61A6-ED6F909063EF" otype="Table" vid="959E497C-F15D-3D01-73A3-52FE6F6051D7">
<hideElementsInCurrentOnly>false</hideElementsInCurrentOnly>
<bounds x="1518" y="10441" width="249" height="141"/>
</OView>
</objectViews>
<connectors>
<Connector class="oracle.dbtools.crest.swingui.relational.TVFKRelation" oid="01C82E99-F8F0-8734-88D4-6DC7ED26C024" otype="FKIndexAssociation" vid_source="8C7C2028-B01E-E498-293A-24012DE1E0C4" vid_target="2C50BC53-99EC-B7CE-C7E5-6D4118CEE1E9">
<hideElementsInCurrentOnly>false</hideElementsInCurrentOnly>
<lineWidth>1</lineWidth>
</Connector>
<Connector class="oracle.dbtools.crest.swingui.relational.TVFKRelation" oid="08C10524-BC46-A90D-A65B-A57B8151A1BC" otype="FKIndexAssociation" vid_source="15829252-9D5C-31CF-3E9B-66F3DC130D13" vid_target="2C50BC53-99EC-B7CE-C7E5-6D4118CEE1E9">
<hideElementsInCurrentOnly>false</hideElementsInCurrentOnly>
<lineWidth>1</lineWidth>
</Connector>
<Connector class="oracle.dbtools.crest.swingui.relational.TVFKRelation" oid="0F47BBE3-3264-8633-FAAE-D67467C3E00D" otype="FKIndexAssociation" vid_source="991FE072-11B4-1A64-E875-300654D2CFC8" vid_target="C06C10BF-22E6-34D2-365B-3743C6C2F80A">
<hideElementsInCurrentOnly>false</hideElementsInCurrentOnly>
<lineWidth>1</lineWidth>
</Connector>
<Connector class="oracle.dbtools.crest.swingui.relational.TVFKRelation" oid="144C1BF5-AC7C-B26C-60B0-6F83293E25DE" otype="FKIndexAssociation" vid_source="F3F5D43A-3E40-62E7-09F7-4FC6C565F147" vid_target="CC991112-97C0-6038-798C-583796BA75BE">
<hideElementsInCurrentOnly>false</hideElementsInCurrentOnly>
<lineWidth>1</lineWidth>
</Connector>
<Connector class="oracle.dbtools.crest.swingui.relational.TVFKRelation" oid="1BF87E14-8B5D-47FE-D7BD-A78CE72B6FBD" otype="FKIndexAssociation" vid_source="0DBA6282-1B36-DFA8-965B-C83D04357CDB" vid_target="991FE072-11B4-1A64-E875-300654D2CFC8">
<hideElementsInCurrentOnly>false</hideElementsInCurrentOnly>
<lineWidth>1</lineWidth>
</Connector>
<Connector class="oracle.dbtools.crest.swingui.relational.TVFKRelation" oid="562759C5-5136-BB72-7AED-AC2ABDCDA17A" otype="FKIndexAssociation" vid_source="CC991112-97C0-6038-798C-583796BA75BE" vid_target="6B87395E-D0C9-C790-687C-628AE2EB87FA">
<hideElementsInCurrentOnly>false</hideElementsInCurrentOnly>
<lineWidth>1</lineWidth>
</Connector>
<Connector class="oracle.dbtools.crest.swingui.relational.TVFKRelation" oid="62F60633-1C42-A3AE-4F44-E46D0BBA8930" otype="FKIndexAssociation" vid_source="2C50BC53-99EC-B7CE-C7E5-6D4118CEE1E9" vid_target="DEB50972-8908-53BA-BCC1-84C15EB1FB79">
<hideElementsInCurrentOnly>false</hideElementsInCurrentOnly>
<lineWidth>1</lineWidth>
</Connector>
<Connector class="oracle.dbtools.crest.swingui.relational.TVFKRelation" oid="7272934A-146B-6DFD-DEC7-78EEDAC1B46D" otype="FKIndexAssociation" vid_source="1D163325-95C8-AD22-D8D7-524643ECA183" vid_target="8C7C2028-B01E-E498-293A-24012DE1E0C4">
<hideElementsInCurrentOnly>false</hideElementsInCurrentOnly>
<lineWidth>1</lineWidth>
</Connector>
<Connector class="oracle.dbtools.crest.swingui.relational.TVFKRelation" oid="7E5C073C-E9A4-447B-D803-F2E132C364B7" otype="FKIndexAssociation" vid_source="F3F5D43A-3E40-62E7-09F7-4FC6C565F147" vid_target="C6467585-CCD0-DE9A-F518-47F8936F6CD3">
<hideElementsInCurrentOnly>false</hideElementsInCurrentOnly>
<lineWidth>1</lineWidth>
</Connector>
<Connector class="oracle.dbtools.crest.swingui.relational.TVFKRelation" oid="7E9815DD-A3B7-1E6B-1D9D-1FDAE2A32733" otype="FKIndexAssociation" vid_source="C6467585-CCD0-DE9A-F518-47F8936F6CD3" vid_target="D45712F2-B0C7-EF6D-9295-2BA4F6E67F7B">
<hideElementsInCurrentOnly>false</hideElementsInCurrentOnly>
<lineWidth>1</lineWidth>
</Connector>
<Connector class="oracle.dbtools.crest.swingui.relational.TVFKRelation" oid="90AFAC5A-42F6-2360-5A20-6986926178AA" otype="FKIndexAssociation" vid_source="95E758AD-FFA4-07D2-0B53-419C3A25F074" vid_target="15829252-9D5C-31CF-3E9B-66F3DC130D13">
<hideElementsInCurrentOnly>false</hideElementsInCurrentOnly>
<lineWidth>1</lineWidth>
</Connector>
<Connector class="oracle.dbtools.crest.swingui.relational.TVFKRelation" oid="9B11EB1F-2C90-6C74-4E54-D1A2CB08490B" otype="FKIndexAssociation" vid_source="F3F5D43A-3E40-62E7-09F7-4FC6C565F147" vid_target="E486450C-2734-7A87-41E0-9ED251BDB0E4">
<hideElementsInCurrentOnly>false</hideElementsInCurrentOnly>
<lineWidth>1</lineWidth>
</Connector>
<Connector class="oracle.dbtools.crest.swingui.relational.TVFKRelation" oid="A47BF686-0195-3988-B8AB-2B6D4238AE58" otype="FKIndexAssociation" vid_source="2C50BC53-99EC-B7CE-C7E5-6D4118CEE1E9" vid_target="D86B5FCA-C60F-D9B4-AFA1-2C9E125C9C9A">
<hideElementsInCurrentOnly>false</hideElementsInCurrentOnly>
<lineWidth>1</lineWidth>
</Connector>
<Connector class="oracle.dbtools.crest.swingui.relational.TVFKRelation" oid="B167229B-ACDB-8822-670B-F9A06105BABF" otype="FKIndexAssociation" vid_source="C2A039D7-C401-850B-FFBB-95FEFC21F33D" vid_target="3A707A40-1B8C-3703-ED35-321921A0AE6C">
<hideElementsInCurrentOnly>false</hideElementsInCurrentOnly>
<lineWidth>1</lineWidth>
</Connector>
<Connector class="oracle.dbtools.crest.swingui.relational.TVFKRelation" oid="D13A5B03-48FA-ADAD-C279-54191EA25F86" otype="FKIndexAssociation" vid_source="9D6D87D8-D94F-5BE5-5333-E0F48E5EB7BD" vid_target="56C31CB4-CE54-51E7-93EB-1FF5B067C054">
<hideElementsInCurrentOnly>false</hideElementsInCurrentOnly>
<lineWidth>1</lineWidth>
</Connector>
<Connector class="oracle.dbtools.crest.swingui.relational.TVFKRelation" oid="DE29BFB5-20F7-B67D-C6FA-087C049A5C8E" otype="FKIndexAssociation" vid_source="1D163325-95C8-AD22-D8D7-524643ECA183" vid_target="95E758AD-FFA4-07D2-0B53-419C3A25F074">
<hideElementsInCurrentOnly>false</hideElementsInCurrentOnly>
<lineWidth>1</lineWidth>
</Connector>
<Connector class="oracle.dbtools.crest.swingui.relational.TVFKRelation" oid="E6EAD581-31AE-77D3-2D1F-22EB64CA6ED3" otype="FKIndexAssociation" vid_source="D10F18C3-0BFF-29F5-31A5-8D1796D562FF" vid_target="C2A039D7-C401-850B-FFBB-95FEFC21F33D">
<hideElementsInCurrentOnly>false</hideElementsInCurrentOnly>
<lineWidth>1</lineWidth>
</Connector>
</connectors>
</Diagram>