<?xml version = '1.0' encoding = 'UTF-8'?>
<Diagram class="oracle.dbtools.crest.swingui.relational.DPVRelational" name="Relational_1" id="04198ED3-0399-5FB7-D87D-7BBC47FA05E1">
<createdBy>calittle</createdBy>
<createdTime>2019-04-17 17:24:50 UTC</createdTime>
<autoRoute>false</autoRoute>
<boxInbox>true</boxInbox>
<showLegend>false</showLegend>
<showLabels>false</showLabels>
<showRelAttributes>false</showRelAttributes>
<showGrid>false</showGrid>
<diagramColor>-1</diagramColor>
<display>false</display>
<notation>1</notation>
<objectViews>
<OView class="oracle.dbtools.crest.swingui.relational.TVTable" oid="038AF415-30AF-0483-EB96-725FEC505B00" otype="Table" vid="B97F2137-70B4-6206-3C2A-1EEC79D22EDF">
<hideElementsInCurrentOnly>false</hideElementsInCurrentOnly>
<bounds x="1829" y="13244" width="261" height="154"/>
</OView>
<OView class="oracle.dbtools.crest.swingui.relational.TVView" oid="06E3B8C8-FD90-4970-017E-FE11BF00C4B8" otype="View" vid="94257F3A-46E4-CC0D-0944-48DE831939F2">
<hideElementsInCurrentOnly>false</hideElementsInCurrentOnly>
<bounds x="587" y="20562" width="236" height="545"/>
</OView>
<OView class="oracle.dbtools.crest.swingui.relational.TVTable" oid="084181BB-7B1A-8413-32C4-5E0DDE0577BD" otype="Table" vid="A597A887-A32F-C5F1-E130-23AB8264A2F7">
<hideElementsInCurrentOnly>false</hideElementsInCurrentOnly>
<bounds x="721" y="9202" width="222" height="147"/>
</OView>
<OView class="oracle.dbtools.crest.swingui.relational.TVTable" oid="09E66B5A-516C-1E47-EEDE-697AD9667212" otype="Table" vid="C484C352-0910-BBA9-CBBB-45FD5C5F0521">
<hideElementsInCurrentOnly>false</hideElementsInCurrentOnly>
<bounds x="217" y="6782" width="215" height="102"/>
</OView>
<OView class="oracle.dbtools.crest.swingui.relational.TVView" oid="0E042ADE-A6AB-63C3-8501-8ED6045849BA" otype="View" vid="3EB8B19D-2B85-7FED-D6DB-6A833D6C3E86">
<hideElementsInCurrentOnly>false</hideElementsInCurrentOnly>
<bounds x="304" y="20562" width="233" height="675"/>
</OView>
<OView class="oracle.dbtools.crest.swingui.relational.TVTable" oid="0F5B879F-C3EB-16BD-CB6C-4397E0C17EEE" otype="Table" vid="BC5E9FC8-6F19-0B26-823D-ED12D673FAF3">
<hideElementsInCurrentOnly>false</hideElementsInCurrentOnly>
<bounds x="356" y="8352" width="256" height="238"/>
</OView>
<OView class="oracle.dbtools.crest.swingui.relational.TVTable" oid="1248CA2E-5F0C-5E7E-1B19-7F0E10B19638" otype="Table" vid="6843A590-7BEB-D114-1A14-AE69B894E3D2">
<hideElementsInCurrentOnly>false</hideElementsInCurrentOnly>
<bounds x="20" y="1865" width="446" height="2344"/>
</OView>
<OView class="oracle.dbtools.crest.swingui.relational.TVTable" oid="138CDBBC-4DD0-D6FC-C708-A9005F499EB0" otype="Table" vid="45B7D273-B5D2-7D20-FFC3-E2AB29EB5E60">
<hideElementsInCurrentOnly>false</hideElementsInCurrentOnly>
<bounds x="626" y="20" width="248" height="1980"/>
</OView>
<OView class="oracle.dbtools.crest.swingui.relational.TVTable" oid="1730D7F4-1B10-2A57-5109-0D89A3907D51" otype="Table" vid="18F965B6-D561-28D3-91DD-CF697F5FEF8D">
<hideElementsInCurrentOnly>false</hideElementsInCurrentOnly>
<bounds x="300" y="14042" width="233" height="479"/>
</OView>
<OView class="oracle.dbtools.crest.swingui.relational.TVTable" oid="1AB3B8DA-F521-2A74-28F0-57BCAEE3FE9A" otype="Table" vid="73806E94-9E4B-FB00-87BD-DF6586CFBA5F">
<hideElementsInCurrentOnly>false</hideElementsInCurrentOnly>
<bounds x="20" y="14042" width="230" height="102"/>
</OView>
<OView class="oracle.dbtools.crest.swingui.relational.TVTable" oid="1F64F851-0D08-95DC-DDB7-2885D6D57441" otype="Table" vid="CB9438FA-A8C0-B27F-0DF7-15263E3B0128">
<hideElementsInCurrentOnly>false</hideElementsInCurrentOnly>
<bounds x="349" y="8943" width="249" height="199"/>
</OView>
<OView class="oracle.dbtools.crest.swingui.relational.TVTable" oid="20529563-48EE-BEE0-4F4F-CA5B6D98CDA5" otype="Table" vid="35C6BCD4-88B3-66F8-1BF6-EE0C4EAEC153">
<hideElementsInCurrentOnly>false</hideElementsInCurrentOnly>
<bounds x="2155" y="11341" width="192" height="148"/>
</OView>
<OView class="oracle.dbtools.crest.swingui.relational.TVTable" oid="252CCD9B-9BE8-DA14-1E79-918064D79D01" otype="Table" vid="89A32C8E-E78A-BFB0-DCBF-3135D5F090FD">
<hideElementsInCurrentOnly>false</hideElementsInCurrentOnly>
<bounds x="20" y="10790" width="432" height="401"/>
</OView>
<OView class="oracle.dbtools.crest.swingui.relational.TVTable" oid="2760601E-4DE0-229A-E602-65B56D2AC048" otype="Table" vid="ABF90648-C434-ABDE-9EF3-D0AA681683C9">
<hideElementsInCurrentOnly>false</hideElementsInCurrentOnly>
<bounds x="188" y="7775" width="256" height="355"/>
</OView>
<OView class="oracle.dbtools.crest.swingui.relational.TVTable" oid="287ABEE3-7321-13E6-FBAF-A029C1490FD0" otype="Table" vid="3DD26EAE-5D58-9602-E971-34EEDEAC789F">
<hideElementsInCurrentOnly>false</hideElementsInCurrentOnly>
<bounds x="356" y="8650" width="256" height="173"/>
</OView>
<OView class="oracle.dbtools.crest.swingui.relational.TVTable" oid="2B90F37B-2FB5-E9E1-9708-01A4C76F0E7D" otype="Table" vid="87175DA8-DF0B-6ED8-F4AE-771291A0FBCC">
<hideElementsInCurrentOnly>false</hideElementsInCurrentOnly>
<bounds x="1639" y="11341" width="208" height="89"/>
</OView>
<OView class="oracle.dbtools.crest.swingui.relational.TVTable" oid="2CCA7CE5-C53C-4B4C-B04D-19CC04E8DBCC" otype="Table" vid="71E7B887-CE97-F6B2-081D-5796F36E3E6A">
<hideElementsInCurrentOnly>false</hideElementsInCurrentOnly>
<bounds x="1553" y="13244" width="226" height="336"/>
</OView>
<OView class="oracle.dbtools.crest.swingui.relational.TVTable" oid="2F8E6033-C67B-C215-9A0C-8BAD5E584085" otype="Table" vid="2A04B9C9-DCA7-F859-9E81-DC6F631CF9F7">
<hideElementsInCurrentOnly>false</hideElementsInCurrentOnly>
<bounds x="349" y="9202" width="264" height="264"/>
</OView>
<OView class="oracle.dbtools.crest.swingui.relational.TVTable" oid="327B8F3C-0747-8B65-FBF6-32F221DD1DB5" otype="Table" vid="20858F51-CD90-9DBA-EC96-071936509F13">
<hideElementsInCurrentOnly>false</hideElementsInCurrentOnly>
<bounds x="1426" y="14042" width="268" height="1727"/>
</OView>
<OView class="oracle.dbtools.crest.swingui.relational.TVTable" oid="35E1A421-536C-8D1F-27F9-59C3A72E3240" otype="Table" vid="A5FA45C9-42D0-40F8-AFB8-3B207ACD312B">
<hideElementsInCurrentOnly>false</hideElementsInCurrentOnly>
<bounds x="2443" y="13244" width="336" height="648"/>
</OView>
<OView class="oracle.dbtools.crest.swingui.relational.TVTable" oid="399D1643-0DC3-7B96-64D7-2B9BE637C3C5" otype="Table" vid="75B8CA98-A3E6-B142-5F17-35757110A709">
<hideElementsInCurrentOnly>false</hideElementsInCurrentOnly>
<bounds x="502" y="10790" width="346" height="128"/>
</OView>
<OView class="oracle.dbtools.crest.swingui.relational.TVTable" oid="3A74B56F-47BD-81F4-D5B1-242BC236BDDA" otype="Table" vid="435264A0-F7E8-16E6-51BC-49FF3E336C8F">
<hideElementsInCurrentOnly>false</hideElementsInCurrentOnly>
<bounds x="570" y="5737" width="214" height="141"/>
</OView>
<OView class="oracle.dbtools.crest.swingui.relational.TVTable" oid="4344DD96-AB87-BE9A-CAB3-E3EF3DEE3048" otype="Table" vid="DC714529-E3B3-56F7-6A15-EC68B8EA64C2">
<hideElementsInCurrentOnly>false</hideElementsInCurrentOnly>
<bounds x="282" y="13244" width="218" height="154"/>
</OView>
<OView class="oracle.dbtools.crest.swingui.relational.TVTable" oid="4703080E-D8DB-00DD-6ABB-F5B6E8FB2825" otype="Table" vid="B4F0FD0D-97B6-28FF-F132-F9EDE2B6325A">
<hideElementsInCurrentOnly>false</hideElementsInCurrentOnly>
<bounds x="350" y="9526" width="198" height="121"/>
</OView>
<OView class="oracle.dbtools.crest.swingui.relational.TVTable" oid="493485EC-93DD-E738-0632-F4E90214337A" otype="Table" vid="7AEFC74F-1746-178A-8583-E409D6542B01">
<hideElementsInCurrentOnly>false</hideElementsInCurrentOnly>
<bounds x="20" y="6944" width="313" height="160"/>
</OView>
<OView class="oracle.dbtools.crest.swingui.relational.TVView" oid="4D8DA207-49FC-F05F-A794-96B683216E20" otype="View" vid="3D4254A5-26B0-57D3-96CF-6579F6220687">
<hideElementsInCurrentOnly>false</hideElementsInCurrentOnly>
<bounds x="597" y="18411" width="277" height="1637"/>
</OView>
<OView class="oracle.dbtools.crest.swingui.relational.TVTable" oid="52D78592-7870-71EC-6C6F-6A532304E9B4" otype="Table" vid="691C616C-58EB-0BE5-A5F5-E727DFDDF7AB">
<hideElementsInCurrentOnly>false</hideElementsInCurrentOnly>
<bounds x="188" y="8190" width="250" height="102"/>
</OView>
<OView class="oracle.dbtools.crest.swingui.relational.TVTable" oid="531B152F-9DC1-0A9C-D359-98BD4282CD3E" otype="Table" vid="70FDA319-9133-5196-1E47-9F5F6571552C">
<hideElementsInCurrentOnly>false</hideElementsInCurrentOnly>
<bounds x="721" y="9409" width="210" height="121"/>
</OView>
<OView class="oracle.dbtools.crest.swingui.relational.TVTable" oid="535B84B4-22FA-2F5A-74F4-390870CDFA17" otype="Table" vid="1B3B65D9-6C44-BEC8-2961-25891AE71C7D">
<hideElementsInCurrentOnly>false</hideElementsInCurrentOnly>
<bounds x="20" y="10210" width="242" height="186"/>
</OView>
<OView class="oracle.dbtools.crest.swingui.relational.TVTable" oid="536A6B73-4125-118D-79B8-F9098181CEC1" otype="Table" vid="59C2182D-EA05-B416-2419-B844F343F93B">
<hideElementsInCurrentOnly>false</hideElementsInCurrentOnly>
<bounds x="20" y="11341" width="268" height="89"/>
</OView>
<OView class="oracle.dbtools.crest.swingui.relational.TVTable" oid="572A8A69-2B8D-CD62-176A-FE97BCCBADB9" otype="Table" vid="ADF66812-7174-80AC-E754-DAFB05E272BD">
<hideElementsInCurrentOnly>false</hideElementsInCurrentOnly>
<bounds x="892" y="16153" width="331" height="2208"/>
</OView>
<OView class="oracle.dbtools.crest.swingui.relational.TVTable" oid="599ACABA-6658-868A-F028-CD4AE682FA84" otype="Table" vid="BAD065C2-63BF-7361-5C68-4C12247AB0D8">
<hideElementsInCurrentOnly>false</hideElementsInCurrentOnly>
<bounds x="2267" y="10790" width="199" height="128"/>
</OView>
<OView class="oracle.dbtools.crest.swingui.relational.TVView" oid="5D6AD7B8-9805-BD2D-DFD5-FA0BC39B84A7" otype="View" vid="6C40E590-99CE-EF90-BAE7-04795ABF6900">
<hideElementsInCurrentOnly>false</hideElementsInCurrentOnly>
<bounds x="20" y="22323" width="240" height="350"/>
</OView>
<OView class="oracle.dbtools.crest.swingui.relational.TVTable" oid="64EF1A2F-8182-0F96-0D37-70B871515D82" otype="Table" vid="C7C400FA-FF12-8207-F952-0E59F5DBA221">
<hideElementsInCurrentOnly>false</hideElementsInCurrentOnly>
<bounds x="1334" y="11341" width="255" height="388"/>
</OView>
<OView class="oracle.dbtools.crest.swingui.relational.TVTable" oid="652C9265-A574-B2C1-98D3-913489D64A0A" otype="Table" vid="45E10E37-CDD7-3FE0-4497-A8C5A56B556D">
<hideElementsInCurrentOnly>false</hideElementsInCurrentOnly>
<bounds x="20" y="10456" width="243" height="154"/>
</OView>
<OView class="oracle.dbtools.crest.swingui.relational.TVTable" oid="6A0DD653-BC9E-BA76-DB8E-38C8DAAA220A" otype="Table" vid="EF8EF4DA-E44C-E1DB-C20C-9635D20BB2C4">
<hideElementsInCurrentOnly>false</hideElementsInCurrentOnly>
<bounds x="626" y="2060" width="327" height="1766"/>
</OView>
<OView class="oracle.dbtools.crest.swingui.relational.TVTable" oid="6BE2BE80-18EA-91AA-225B-0A0659653ECC" otype="Table" vid="89310BB5-9A75-C942-E930-4C68E7E34129">
<hideElementsInCurrentOnly>false</hideElementsInCurrentOnly>
<bounds x="715" y="6523" width="215" height="102"/>
</OView>
<OView class="oracle.dbtools.crest.swingui.relational.TVTable" oid="6C2ACDBB-67F3-E2EC-C01E-ED2FDF35F807" otype="Table" vid="9A5B6585-F439-98DB-AE5C-0A8B67AFE124">
<hideElementsInCurrentOnly>false</hideElementsInCurrentOnly>
<bounds x="898" y="10790" width="334" height="167"/>
</OView>
<OView class="oracle.dbtools.crest.swingui.relational.TVTable" oid="6C6D5A07-F481-EA22-6B34-3D2D3778FB85" otype="Table" vid="8AFB3BD0-C670-C4A4-EF95-2DEFE12DAFB6">
<hideElementsInCurrentOnly>false</hideElementsInCurrentOnly>
<bounds x="20" y="8637" width="256" height="160"/>
</OView>
<OView class="oracle.dbtools.crest.swingui.relational.TVTable" oid="6D79007F-4E00-DBA5-5789-8BDDE67E9D3F" otype="Table" vid="CFEB6B95-F12F-1549-8BAE-A12AE4AF9370">
<hideElementsInCurrentOnly>false</hideElementsInCurrentOnly>
<bounds x="1897" y="11341" width="208" height="200"/>
</OView>
<OView class="oracle.dbtools.crest.swingui.relational.TVTable" oid="6F0F92AD-0E49-6886-D53D-2A6D13EC90B5" otype="Table" vid="76375BED-7A92-76B5-FA72-972480EA8773">
<hideElementsInCurrentOnly>false</hideElementsInCurrentOnly>
<bounds x="1968" y="10790" width="249" height="115"/>
</OView>
<OView class="oracle.dbtools.crest.swingui.relational.TVView" oid="729F3697-B9BA-B246-1C1F-E152DB5AD45D" otype="View" vid="A84C1BC9-8A81-54F7-1B83-612157AE2642">
<hideElementsInCurrentOnly>false</hideElementsInCurrentOnly>
<bounds x="300" y="18411" width="247" height="1819"/>
</OView>
<OView class="oracle.dbtools.crest.swingui.relational.TVTable" oid="75200012-E652-87F9-D56A-B9D9F4D1B54A" otype="Table" vid="CC05B5E4-7A32-37EB-040C-C4099E76CF9C">
<hideElementsInCurrentOnly>false</hideElementsInCurrentOnly>
<bounds x="291" y="16153" width="203" height="128"/>
</OView>
<OView class="oracle.dbtools.crest.swingui.relational.TVTable" oid="7E15AC61-6596-E300-09CA-EEEF249C8C09" otype="Table" vid="46434413-4BC4-1889-DB35-DE20AEB1E875">
<hideElementsInCurrentOnly>false</hideElementsInCurrentOnly>
<bounds x="550" y="13244" width="379" height="317"/>
</OView>
<OView class="oracle.dbtools.crest.swingui.relational.TVTable" oid="7EAE13BF-1937-BFC0-9394-B30264F59E15" otype="Table" vid="5D3003DD-B775-56A5-C46F-4F0F7891C382">
<hideElementsInCurrentOnly>false</hideElementsInCurrentOnly>
<bounds x="431" y="10003" width="288" height="147"/>
</OView>
<OView class="oracle.dbtools.crest.swingui.relational.TVTable" oid="8276AC1D-6490-679C-8E0E-EB4C6712B77A" otype="Table" vid="46995BC8-8470-AABA-1311-9823B724DB88">
<hideElementsInCurrentOnly>false</hideElementsInCurrentOnly>
<bounds x="1540" y="10790" width="378" height="180"/>
</OView>
<OView class="oracle.dbtools.crest.swingui.relational.TVTable" oid="837AAB48-A266-5AEB-CF9C-1C05A9BFF2CB" otype="Table" vid="4F018E3A-ECF2-49E9-0E9F-236FCF0BB35A">
<hideElementsInCurrentOnly>false</hideElementsInCurrentOnly>
<bounds x="979" y="13244" width="524" height="252"/>
</OView>
<OView class="oracle.dbtools.crest.swingui.relational.TVTable" oid="8800F0EA-80F0-BB43-F44D-0E2BAAA46ED2" otype="Table" vid="2242408D-B46E-9954-9010-71C341BDF505">
<hideElementsInCurrentOnly>false</hideElementsInCurrentOnly>
<bounds x="570" y="5938" width="393" height="355"/>
</OView>
<OView class="oracle.dbtools.crest.swingui.relational.TVTable" oid="8CB3DE9F-49D0-D7FD-7F1D-74C319B99BF5" otype="Table" vid="3ACB0890-7520-67ED-A0C1-47BB94954358">
<hideElementsInCurrentOnly>false</hideElementsInCurrentOnly>
<bounds x="20" y="8352" width="256" height="225"/>
</OView>
<OView class="oracle.dbtools.crest.swingui.relational.TVTable" oid="8CF87378-EC7F-E500-2762-0AAEB46C1332" otype="Table" vid="AAEF6B68-3BD5-8C11-CEEA-4705504EC398">
<hideElementsInCurrentOnly>false</hideElementsInCurrentOnly>
<bounds x="20" y="4269" width="315" height="648"/>
</OView>
<OView class="oracle.dbtools.crest.swingui.relational.TVTable" oid="8DE10102-8541-72B1-A5BC-FBAFF342B5A3" otype="Table" vid="AFB9620D-E49D-5D96-CB98-1BF04721B897">
<hideElementsInCurrentOnly>false</hideElementsInCurrentOnly>
<bounds x="20" y="9526" width="249" height="212"/>
</OView>
<OView class="oracle.dbtools.crest.swingui.relational.TVTable" oid="9144893F-8AC7-0738-8114-1495E60E93FC" otype="Table" vid="A2840045-F224-EE85-2F7E-42EEE8364E2F">
<hideElementsInCurrentOnly>false</hideElementsInCurrentOnly>
<bounds x="845" y="6970" width="337" height="173"/>
</OView>
<OView class="oracle.dbtools.crest.swingui.relational.TVTable" oid="9156A969-1D96-D2F4-28DB-D24001887235" otype="Table" vid="398F88DF-2428-8CC4-0D6D-F7FACA6D8B07">
<hideElementsInCurrentOnly>false</hideElementsInCurrentOnly>
<bounds x="845" y="7203" width="296" height="258"/>
</OView>
<OView class="oracle.dbtools.crest.swingui.relational.TVTable" oid="924B5EE5-C7B9-58C9-0B16-7DC096D58A79" otype="Table" vid="54149346-713F-D8F7-6D61-24C0DE70FA54">
<hideElementsInCurrentOnly>false</hideElementsInCurrentOnly>
<bounds x="317" y="5037" width="459" height="407"/>
</OView>
<OView class="oracle.dbtools.crest.swingui.relational.TVTable" oid="935AEA45-FB1C-2DF6-3662-5E361F83B476" otype="Table" vid="BE01B03B-E153-8B38-3C29-9425D139E5D2">
<hideElementsInCurrentOnly>false</hideElementsInCurrentOnly>
<bounds x="338" y="11341" width="284" height="869"/>
</OView>
<OView class="oracle.dbtools.crest.swingui.relational.TVTable" oid="972486B1-B415-F368-0360-2BA554B7A579" otype="Table" vid="5A1FCCF9-780C-5ECD-185A-883FCDE0B863">
<hideElementsInCurrentOnly>false</hideElementsInCurrentOnly>
<bounds x="350" y="9707" width="256" height="115"/>
</OView>
<OView class="oracle.dbtools.crest.swingui.relational.TVTable" oid="976AEC43-91DC-2B53-1334-27354590DFC6" otype="Table" vid="4EE26B31-EBC6-8FDA-F72D-B4E61F304741">
<hideElementsInCurrentOnly>false</hideElementsInCurrentOnly>
<bounds x="431" y="10210" width="269" height="102"/>
</OView>
<OView class="oracle.dbtools.crest.swingui.relational.TVTable" oid="97E93533-E973-184E-A0BF-E9F0ECC477EF" otype="Table" vid="F79D54BA-297D-14D5-A24A-5E87F0F40949">
<hideElementsInCurrentOnly>false</hideElementsInCurrentOnly>
<bounds x="1128" y="14042" width="248" height="1961"/>
</OView>
<OView class="oracle.dbtools.crest.swingui.relational.TVTable" oid="98ED6A7C-350C-9BC5-7C07-EF9C71B1B8A8" otype="Table" vid="428FED74-EB5B-C3F0-E2FA-2A666F44A622">
<hideElementsInCurrentOnly>false</hideElementsInCurrentOnly>
<bounds x="317" y="5504" width="210" height="173"/>
</OView>
<OView class="oracle.dbtools.crest.swingui.relational.TVTable" oid="A3AB70F1-6F5D-8483-1310-B86B075C43D8" otype="Table" vid="A2815782-6F7B-70FF-E608-0B55539967B0">
<hideElementsInCurrentOnly>false</hideElementsInCurrentOnly>
<bounds x="1273" y="16153" width="207" height="115"/>
</OView>
<OView class="oracle.dbtools.crest.swingui.relational.TVTable" oid="A40A7876-0F05-B548-BCF7-2B8C1BB411BA" otype="Table" vid="589481CD-C264-4F93-8760-DEC5D289C586">
<hideElementsInCurrentOnly>false</hideElementsInCurrentOnly>
<bounds x="1028" y="7521" width="287" height="134"/>
</OView>
<OView class="oracle.dbtools.crest.swingui.relational.TVView" oid="AAC6465C-A2F2-564A-D3CB-8CECBFD4BE8A" otype="View" vid="908B9426-C653-1BDF-92C2-C4B36817D430">
<hideElementsInCurrentOnly>false</hideElementsInCurrentOnly>
<bounds x="20" y="18411" width="230" height="2001"/>
</OView>
<OView class="oracle.dbtools.crest.swingui.relational.TVTable" oid="AD6A03EB-BD86-466E-38A8-41B1C4E1EAF4" otype="Table" vid="DF435005-8112-6779-487B-2DE59AAA0AD1">
<hideElementsInCurrentOnly>false</hideElementsInCurrentOnly>
<bounds x="20" y="5737" width="217" height="186"/>
</OView>
<OView class="oracle.dbtools.crest.swingui.relational.TVTable" oid="B702D8BD-2553-CF9D-D51F-47960FD0370B" otype="Table" vid="EF82D464-3344-9A61-602A-6F2AF97F0EF7">
<hideElementsInCurrentOnly>false</hideElementsInCurrentOnly>
<bounds x="672" y="11341" width="318" height="1753"/>
</OView>
<OView class="oracle.dbtools.crest.swingui.relational.TVTable" oid="B78D8116-D318-B651-FC2F-E4FC327D13A0" otype="Table" vid="DD746513-DB24-D6C3-FF4F-E79768C5BBCF">
<hideElementsInCurrentOnly>false</hideElementsInCurrentOnly>
<bounds x="413" y="6944" width="352" height="108"/>
</OView>
<OView class="oracle.dbtools.crest.swingui.relational.TVTable" oid="B7C1C50A-B635-98EC-F920-D20319D7AEFB" otype="Table" vid="DB528252-C6FC-E8BE-B1BA-5C5DDFE5D41A">
<hideElementsInCurrentOnly>false</hideElementsInCurrentOnly>
<bounds x="845" y="6782" width="215" height="128"/>
</OView>
<OView class="oracle.dbtools.crest.swingui.relational.TVTable" oid="B9A9110B-9B89-B49F-EC9B-1F2F12A12C5E" otype="Table" vid="803C9562-8F35-1AA5-7594-3A671EC3AF0D">
<hideElementsInCurrentOnly>false</hideElementsInCurrentOnly>
<bounds x="2003" y="14042" width="255" height="89"/>
</OView>
<OView class="oracle.dbtools.crest.swingui.relational.TVTable" oid="BA650273-A63E-DC6A-E95B-D870828B4316" otype="Table" vid="A3EBD9D1-DEC2-B279-8EEA-46C3D22C39CE">
<hideElementsInCurrentOnly>false</hideElementsInCurrentOnly>
<bounds x="1282" y="10790" width="208" height="102"/>
</OView>
<OView class="oracle.dbtools.crest.swingui.relational.TVTable" oid="BFCF50F8-9677-FF1D-B47C-36103E134933" otype="Table" vid="A3674146-5385-47D4-29D0-D17D065ACF09">
<hideElementsInCurrentOnly>false</hideElementsInCurrentOnly>
<bounds x="217" y="6523" width="418" height="199"/>
</OView>
<OView class="oracle.dbtools.crest.swingui.relational.TVTable" oid="C8DFC309-8E98-18BB-0F2F-7C1979C737EA" otype="Table" vid="22792F89-E0F4-337A-4B9E-670830B411FF">
<hideElementsInCurrentOnly>false</hideElementsInCurrentOnly>
<bounds x="20" y="13244" width="212" height="154"/>
</OView>
<OView class="oracle.dbtools.crest.swingui.relational.TVTable" oid="CD281AE2-6C7B-FC65-1F17-EE5A4363882F" otype="Table" vid="3E053AE7-EEDA-EACF-BB79-98437319BCF5">
<hideElementsInCurrentOnly>false</hideElementsInCurrentOnly>
<bounds x="2516" y="10790" width="190" height="90"/>
</OView>
<OView class="oracle.dbtools.crest.swingui.relational.TVTable" oid="CE9F80DE-7A11-C4BC-2EF8-A699B304ABE9" otype="Table" vid="BC5F0607-D0BE-F97C-1EFF-C808B94FB772">
<hideElementsInCurrentOnly>false</hideElementsInCurrentOnly>
<bounds x="544" y="16153" width="298" height="2208"/>
</OView>
<OView class="oracle.dbtools.crest.swingui.relational.TVTable" oid="D2307F6B-3968-449A-604C-37FB73DD79D7" otype="Table" vid="021C4F7B-B940-2315-A9F6-3C52F0F7112C">
<hideElementsInCurrentOnly>false</hideElementsInCurrentOnly>
<bounds x="2140" y="13244" width="253" height="154"/>
</OView>
<OView class="oracle.dbtools.crest.swingui.relational.TVTable" oid="D3185649-826C-B625-42E7-4BDE840F2666" otype="Table" vid="D16F412E-301D-3D81-3186-9B826B423F48">
<hideElementsInCurrentOnly>false</hideElementsInCurrentOnly>
<bounds x="20" y="20" width="282" height="1785"/>
</OView>
<OView class="oracle.dbtools.crest.swingui.relational.TVTable" oid="D4E116DD-C838-127F-D3FF-0D67CA930195" otype="Table" vid="C7799B5A-03FE-6B2E-BE3F-F0BB0FF14AAA">
<hideElementsInCurrentOnly>false</hideElementsInCurrentOnly>
<bounds x="1744" y="14042" width="209" height="89"/>
</OView>
<OView class="oracle.dbtools.crest.swingui.relational.TVTable" oid="DF4216D1-8F93-FA84-23FF-36C7DA848706" otype="Table" vid="6386E3E8-96D5-3F66-CF2B-AFFB90776204">
<hideElementsInCurrentOnly>false</hideElementsInCurrentOnly>
<bounds x="583" y="14042" width="196" height="89"/>
</OView>
<OView class="oracle.dbtools.crest.swingui.relational.TVTable" oid="E24392BD-7C5A-0677-38BF-5ACCC6AAAB8C" otype="Table" vid="DA762CBE-112A-05BA-3794-5D5D1446DF58">
<hideElementsInCurrentOnly>false</hideElementsInCurrentOnly>
<bounds x="20" y="16153" width="221" height="115"/>
</OView>
<OView class="oracle.dbtools.crest.swingui.relational.TVView" oid="E538EE20-77FD-8319-722B-5352B8EAC62D" otype="View" vid="EE47739E-6234-FADF-433A-50FE0E05C497">
<hideElementsInCurrentOnly>false</hideElementsInCurrentOnly>
<bounds x="20" y="20562" width="234" height="1611"/>
</OView>
<OView class="oracle.dbtools.crest.swingui.relational.TVTable" oid="E8BB72A9-1938-23A2-5384-4EF9F4CC19C6" otype="Table" vid="FDA28594-F461-ACA2-FD9B-4ECB646BB581">
<hideElementsInCurrentOnly>false</hideElementsInCurrentOnly>
<bounds x="1040" y="11341" width="244" height="440"/>
</OView>
<OView class="oracle.dbtools.crest.swingui.relational.TVTable" oid="EC3BAC9C-F460-F86E-318C-7A1E8F679AA5" otype="Table" vid="99BA9602-4806-6E98-3C90-E4EC68DBF9DC">
<hideElementsInCurrentOnly>false</hideElementsInCurrentOnly>
<bounds x="20" y="5983" width="469" height="420"/>
</OView>
<OView class="oracle.dbtools.crest.swingui.relational.TVTable" oid="ED6084CA-CE22-0003-25A8-2BA65678B4D3" otype="Table" vid="5BA0578C-4D74-BE4C-8540-46E8F0A0F552">
<hideElementsInCurrentOnly>false</hideElementsInCurrentOnly>
<bounds x="20" y="10003" width="251" height="147"/>
</OView>
<OView class="oracle.dbtools.crest.swingui.relational.TVTable" oid="F0783854-B7D3-FAB1-61A6-ED6F909063EF" otype="Table" vid="280A691F-EE5E-06F8-8833-550A60279ABA">
<hideElementsInCurrentOnly>false</hideElementsInCurrentOnly>
<bounds x="829" y="14042" width="249" height="141"/>
</OView>
</objectViews>
<connectors>
<Connector class="oracle.dbtools.crest.swingui.relational.TVFKRelation" oid="01C82E99-F8F0-8734-88D4-6DC7ED26C024" otype="FKIndexAssociation" vid_source="B4F0FD0D-97B6-28FF-F132-F9EDE2B6325A" vid_target="2A04B9C9-DCA7-F859-9E81-DC6F631CF9F7">
<hideElementsInCurrentOnly>false</hideElementsInCurrentOnly>
<lineWidth>1</lineWidth>
<points>
<point x="449" y="9526"/>
<point x="449" y="9466"/>
</points>
</Connector>
<Connector class="oracle.dbtools.crest.swingui.relational.TVFKRelation" oid="08C10524-BC46-A90D-A65B-A57B8151A1BC" otype="FKIndexAssociation" vid_source="A597A887-A32F-C5F1-E130-23AB8264A2F7" vid_target="2A04B9C9-DCA7-F859-9E81-DC6F631CF9F7">
<hideElementsInCurrentOnly>false</hideElementsInCurrentOnly>
<lineWidth>1</lineWidth>
<points>
<point x="721" y="9275"/>
<point x="613" y="9275"/>
</points>
</Connector>
<Connector class="oracle.dbtools.crest.swingui.relational.TVFKRelation" oid="0B0BCB1D-F139-6EA9-4C93-4901584A2EC4" otype="FKIndexAssociation" vid_source="C484C352-0910-BBA9-CBBB-45FD5C5F0521" vid_target="7AEFC74F-1746-178A-8583-E409D6542B01">
<hideElementsInCurrentOnly>false</hideElementsInCurrentOnly>
<lineWidth>1</lineWidth>
<points>
<point x="275" y="6884"/>
<point x="275" y="6944"/>
</points>
</Connector>
<Connector class="oracle.dbtools.crest.swingui.relational.TVFKRelation" oid="0F47BBE3-3264-8633-FAAE-D67467C3E00D" otype="FKIndexAssociation" vid_source="6843A590-7BEB-D114-1A14-AE69B894E3D2" vid_target="D16F412E-301D-3D81-3186-9B826B423F48">
<hideElementsInCurrentOnly>false</hideElementsInCurrentOnly>
<lineWidth>1</lineWidth>
<points>
<point x="161" y="1865"/>
<point x="161" y="1805"/>
</points>
</Connector>
<Connector class="oracle.dbtools.crest.swingui.relational.TVFKRelation" oid="144C1BF5-AC7C-B26C-60B0-6F83293E25DE" otype="FKIndexAssociation" vid_source="691C616C-58EB-0BE5-A5F5-E727DFDDF7AB" vid_target="3ACB0890-7520-67ED-A0C1-47BB94954358">
<hideElementsInCurrentOnly>false</hideElementsInCurrentOnly>
<lineWidth>1</lineWidth>
<points>
<point x="232" y="8292"/>
<point x="232" y="8352"/>
</points>
</Connector>
<Connector class="oracle.dbtools.crest.swingui.relational.TVFKRelation" oid="15B027FC-0E31-5E9E-F760-5D0B89373CDE" otype="FKIndexAssociation" vid_source="DF435005-8112-6779-487B-2DE59AAA0AD1" vid_target="99BA9602-4806-6E98-3C90-E4EC68DBF9DC">
<hideElementsInCurrentOnly>false</hideElementsInCurrentOnly>
<lineWidth>1</lineWidth>
<points>
<point x="128" y="5923"/>
<point x="128" y="5983"/>
</points>
</Connector>
<Connector class="oracle.dbtools.crest.swingui.relational.TVFKRelation" oid="1BF87E14-8B5D-47FE-D7BD-A78CE72B6FBD" otype="FKIndexAssociation" vid_source="AAEF6B68-3BD5-8C11-CEEA-4705504EC398" vid_target="6843A590-7BEB-D114-1A14-AE69B894E3D2">
<hideElementsInCurrentOnly>false</hideElementsInCurrentOnly>
<lineWidth>1</lineWidth>
<points>
<point x="177" y="4269"/>
<point x="177" y="4209"/>
</points>
</Connector>
<Connector class="oracle.dbtools.crest.swingui.relational.TVFKRelation" oid="22F49285-0D55-AE2B-18DA-B819A05D3619" otype="FKIndexAssociation" vid_source="DB528252-C6FC-E8BE-B1BA-5C5DDFE5D41A" vid_target="A2840045-F224-EE85-2F7E-42EEE8364E2F">
<hideElementsInCurrentOnly>false</hideElementsInCurrentOnly>
<lineWidth>1</lineWidth>
<points>
<point x="952" y="6910"/>
<point x="952" y="6970"/>
</points>
</Connector>
<Connector class="oracle.dbtools.crest.swingui.relational.TVFKRelation" oid="3AB7E103-FEED-A749-CB7D-45F857190AB5" otype="FKIndexAssociation" vid_source="428FED74-EB5B-C3F0-E2FA-2A666F44A622" vid_target="DF435005-8112-6779-487B-2DE59AAA0AD1">
<hideElementsInCurrentOnly>false</hideElementsInCurrentOnly>
<lineWidth>1</lineWidth>
<points>
<point x="317" y="5590"/>
<point x="237" y="5830"/>
</points>
</Connector>
<Connector class="oracle.dbtools.crest.swingui.relational.TVFKRelation" oid="5217AC1F-49B4-311B-3A8C-B6F58442AE15" otype="FKIndexAssociation" vid_source="435264A0-F7E8-16E6-51BC-49FF3E336C8F" vid_target="428FED74-EB5B-C3F0-E2FA-2A666F44A622">
<hideElementsInCurrentOnly>false</hideElementsInCurrentOnly>
<lineWidth>1</lineWidth>
<points>
<point x="677" y="5737"/>
<point x="422" y="5677"/>
</points>
</Connector>
<Connector class="oracle.dbtools.crest.swingui.relational.TVFKRelation" oid="562759C5-5136-BB72-7AED-AC2ABDCDA17A" otype="FKIndexAssociation" vid_source="3ACB0890-7520-67ED-A0C1-47BB94954358" vid_target="8AFB3BD0-C670-C4A4-EF95-2DEFE12DAFB6">
<hideElementsInCurrentOnly>false</hideElementsInCurrentOnly>
<lineWidth>1</lineWidth>
<points>
<point x="148" y="8577"/>
<point x="148" y="8637"/>
</points>
</Connector>
<Connector class="oracle.dbtools.crest.swingui.relational.TVFKRelation" oid="62F60633-1C42-A3AE-4F44-E46D0BBA8930" otype="FKIndexAssociation" vid_source="2A04B9C9-DCA7-F859-9E81-DC6F631CF9F7" vid_target="AFB9620D-E49D-5D96-CB98-1BF04721B897">
<hideElementsInCurrentOnly>false</hideElementsInCurrentOnly>
<lineWidth>1</lineWidth>
<points>
<point x="349" y="9334"/>
<point x="144" y="9526"/>
</points>
</Connector>
<Connector class="oracle.dbtools.crest.swingui.relational.TVFKRelation" oid="68651296-4621-9371-A520-E9E1D6EEFFE6" otype="FKIndexAssociation" vid_source="4EE26B31-EBC6-8FDA-F72D-B4E61F304741" vid_target="5D3003DD-B775-56A5-C46F-4F0F7891C382">
<hideElementsInCurrentOnly>false</hideElementsInCurrentOnly>
<lineWidth>1</lineWidth>
<points>
<point x="565" y="10210"/>
<point x="565" y="10150"/>
</points>
</Connector>
<Connector class="oracle.dbtools.crest.swingui.relational.TVFKRelation" oid="6CB29F5D-6BAC-AC4D-BEE0-43869E9CF71B" otype="FKIndexAssociation" vid_source="C484C352-0910-BBA9-CBBB-45FD5C5F0521" vid_target="DD746513-DB24-D6C3-FF4F-E79768C5BBCF">
<hideElementsInCurrentOnly>false</hideElementsInCurrentOnly>
<lineWidth>1</lineWidth>
<points>
<point x="422" y="6884"/>
<point x="422" y="6944"/>
</points>
</Connector>
<Connector class="oracle.dbtools.crest.swingui.relational.TVFKRelation" oid="7272934A-146B-6DFD-DEC7-78EEDAC1B46D" otype="FKIndexAssociation" vid_source="5A1FCCF9-780C-5ECD-185A-883FCDE0B863" vid_target="B4F0FD0D-97B6-28FF-F132-F9EDE2B6325A">
<hideElementsInCurrentOnly>false</hideElementsInCurrentOnly>
<lineWidth>1</lineWidth>
<points>
<point x="449" y="9707"/>
<point x="449" y="9647"/>
</points>
</Connector>
<Connector class="oracle.dbtools.crest.swingui.relational.TVFKRelation" oid="7E5C073C-E9A4-447B-D803-F2E132C364B7" otype="FKIndexAssociation" vid_source="691C616C-58EB-0BE5-A5F5-E727DFDDF7AB" vid_target="BC5E9FC8-6F19-0B26-823D-ED12D673FAF3">
<hideElementsInCurrentOnly>false</hideElementsInCurrentOnly>
<lineWidth>1</lineWidth>
<points>
<point x="397" y="8292"/>
<point x="397" y="8352"/>
</points>
</Connector>
<Connector class="oracle.dbtools.crest.swingui.relational.TVFKRelation" oid="7E9815DD-A3B7-1E6B-1D9D-1FDAE2A32733" otype="FKIndexAssociation" vid_source="BC5E9FC8-6F19-0B26-823D-ED12D673FAF3" vid_target="3DD26EAE-5D58-9602-E971-34EEDEAC789F">
<hideElementsInCurrentOnly>false</hideElementsInCurrentOnly>
<lineWidth>1</lineWidth>
<points>
<point x="484" y="8590"/>
<point x="484" y="8650"/>
</points>
</Connector>
<Connector class="oracle.dbtools.crest.swingui.relational.TVFKRelation" oid="90AFAC5A-42F6-2360-5A20-6986926178AA" otype="FKIndexAssociation" vid_source="70FDA319-9133-5196-1E47-9F5F6571552C" vid_target="A597A887-A32F-C5F1-E130-23AB8264A2F7">
<hideElementsInCurrentOnly>false</hideElementsInCurrentOnly>
<lineWidth>1</lineWidth>
<points>
<point x="826" y="9409"/>
<point x="826" y="9349"/>
</points>
</Connector>
<Connector class="oracle.dbtools.crest.swingui.relational.TVFKRelation" oid="9B11EB1F-2C90-6C74-4E54-D1A2CB08490B" otype="FKIndexAssociation" vid_source="691C616C-58EB-0BE5-A5F5-E727DFDDF7AB" vid_target="ABF90648-C434-ABDE-9EF3-D0AA681683C9">
<hideElementsInCurrentOnly>false</hideElementsInCurrentOnly>
<lineWidth>1</lineWidth>
<points>
<point x="313" y="8190"/>
<point x="313" y="8130"/>
</points>
</Connector>
<Connector class="oracle.dbtools.crest.swingui.relational.TVFKRelation" oid="A009E8CF-743F-A778-98CB-392054062750" otype="FKIndexAssociation" vid_source="398F88DF-2428-8CC4-0D6D-F7FACA6D8B07" vid_target="589481CD-C264-4F93-8760-DEC5D289C586">
<hideElementsInCurrentOnly>false</hideElementsInCurrentOnly>
<lineWidth>1</lineWidth>
<points>
<point x="1094" y="7461"/>
<point x="1094" y="7521"/>
</points>
</Connector>
<Connector class="oracle.dbtools.crest.swingui.relational.TVFKRelation" oid="A47BF686-0195-3988-B8AB-2B6D4238AE58" otype="FKIndexAssociation" vid_source="2A04B9C9-DCA7-F859-9E81-DC6F631CF9F7" vid_target="CB9438FA-A8C0-B27F-0DF7-15263E3B0128">
<hideElementsInCurrentOnly>false</hideElementsInCurrentOnly>
<lineWidth>1</lineWidth>
<points>
<point x="473" y="9202"/>
<point x="473" y="9142"/>
</points>
</Connector>
<Connector class="oracle.dbtools.crest.swingui.relational.TVFKRelation" oid="A9BD75EB-36DC-56C8-26EC-B69D52362B4F" otype="FKIndexAssociation" vid_source="398F88DF-2428-8CC4-0D6D-F7FACA6D8B07" vid_target="589481CD-C264-4F93-8760-DEC5D289C586">
<hideElementsInCurrentOnly>false</hideElementsInCurrentOnly>
<lineWidth>1</lineWidth>
<points>
<point x="1084" y="7461"/>
<point x="1084" y="7521"/>
</points>
</Connector>
<Connector class="oracle.dbtools.crest.swingui.relational.TVFKRelation" oid="AE0F3399-F0C4-D0A8-94D6-96E239F89CDF" otype="FKIndexAssociation" vid_source="398F88DF-2428-8CC4-0D6D-F7FACA6D8B07" vid_target="A2840045-F224-EE85-2F7E-42EEE8364E2F">
<hideElementsInCurrentOnly>false</hideElementsInCurrentOnly>
<lineWidth>1</lineWidth>
<points>
<point x="993" y="7203"/>
<point x="993" y="7143"/>
</points>
</Connector>
<Connector class="oracle.dbtools.crest.swingui.relational.TVFKRelation" oid="B167229B-ACDB-8822-670B-F9A06105BABF" otype="FKIndexAssociation" vid_source="1B3B65D9-6C44-BEC8-2961-25891AE71C7D" vid_target="5BA0578C-4D74-BE4C-8540-46E8F0A0F552">
<hideElementsInCurrentOnly>false</hideElementsInCurrentOnly>
<lineWidth>1</lineWidth>
<points>
<point x="141" y="10210"/>
<point x="141" y="10150"/>
</points>
</Connector>
<Connector class="oracle.dbtools.crest.swingui.relational.TVFKRelation" oid="C7B5003C-37B8-66C9-A9E0-201729C9E2BD" otype="FKIndexAssociation" vid_source="435264A0-F7E8-16E6-51BC-49FF3E336C8F" vid_target="2242408D-B46E-9954-9010-71C341BDF505">
<hideElementsInCurrentOnly>false</hideElementsInCurrentOnly>
<lineWidth>1</lineWidth>
<points>
<point x="677" y="5878"/>
<point x="677" y="5938"/>
</points>
</Connector>
<Connector class="oracle.dbtools.crest.swingui.relational.TVFKRelation" oid="D13A5B03-48FA-ADAD-C279-54191EA25F86" otype="FKIndexAssociation" vid_source="EF8EF4DA-E44C-E1DB-C20C-9635D20BB2C4" vid_target="45B7D273-B5D2-7D20-FFC3-E2AB29EB5E60">
<hideElementsInCurrentOnly>false</hideElementsInCurrentOnly>
<lineWidth>1</lineWidth>
<points>
<point x="750" y="2060"/>
<point x="750" y="2000"/>
</points>
</Connector>
<Connector class="oracle.dbtools.crest.swingui.relational.TVFKRelation" oid="DE29BFB5-20F7-B67D-C6FA-087C049A5C8E" otype="FKIndexAssociation" vid_source="5A1FCCF9-780C-5ECD-185A-883FCDE0B863" vid_target="70FDA319-9133-5196-1E47-9F5F6571552C">
<hideElementsInCurrentOnly>false</hideElementsInCurrentOnly>
<lineWidth>1</lineWidth>
<points>
<point x="478" y="9707"/>
<point x="826" y="9530"/>
</points>
</Connector>
<Connector class="oracle.dbtools.crest.swingui.relational.TVFKRelation" oid="DEA13A1B-BF86-33AD-403C-222172A20211" otype="FKIndexAssociation" vid_source="428FED74-EB5B-C3F0-E2FA-2A666F44A622" vid_target="54149346-713F-D8F7-6D61-24C0DE70FA54">
<hideElementsInCurrentOnly>false</hideElementsInCurrentOnly>
<lineWidth>1</lineWidth>
<points>
<point x="422" y="5504"/>
<point x="422" y="5444"/>
</points>
</Connector>
<Connector class="oracle.dbtools.crest.swingui.relational.TVFKRelation" oid="E6EAD581-31AE-77D3-2D1F-22EB64CA6ED3" otype="FKIndexAssociation" vid_source="45E10E37-CDD7-3FE0-4497-A8C5A56B556D" vid_target="1B3B65D9-6C44-BEC8-2961-25891AE71C7D">
<hideElementsInCurrentOnly>false</hideElementsInCurrentOnly>
<lineWidth>1</lineWidth>
<points>
<point x="141" y="10456"/>
<point x="141" y="10396"/>
</points>
</Connector>
<Connector class="oracle.dbtools.crest.swingui.relational.TVFKRelation" oid="ECD45481-DC80-3489-8E89-F1E29B7C63AE" otype="FKIndexAssociation" vid_source="DB528252-C6FC-E8BE-B1BA-5C5DDFE5D41A" vid_target="A3674146-5385-47D4-29D0-D17D065ACF09">
<hideElementsInCurrentOnly>false</hideElementsInCurrentOnly>
<lineWidth>1</lineWidth>
<points>
<point x="845" y="6846"/>
<point x="635" y="6622"/>
</points>
</Connector>
<Connector class="oracle.dbtools.crest.swingui.relational.TVFKRelation" oid="EF42E9EE-CD31-F964-032A-2EA8639C6D05" otype="FKIndexAssociation" vid_source="89310BB5-9A75-C942-E930-4C68E7E34129" vid_target="A3674146-5385-47D4-29D0-D17D065ACF09">
<hideElementsInCurrentOnly>false</hideElementsInCurrentOnly>
<lineWidth>1</lineWidth>
<points>
<point x="715" y="6574"/>
<point x="635" y="6574"/>
</points>
</Connector>
<Connector class="oracle.dbtools.crest.swingui.relational.TVFKRelation" oid="F4DC325D-5DAF-C149-98B2-DFA8E8895A18" otype="FKIndexAssociation" vid_source="C484C352-0910-BBA9-CBBB-45FD5C5F0521" vid_target="A3674146-5385-47D4-29D0-D17D065ACF09">
<hideElementsInCurrentOnly>false</hideElementsInCurrentOnly>
<lineWidth>1</lineWidth>
<points>
<point x="324" y="6782"/>
<point x="324" y="6722"/>
</points>
</Connector>
</connectors>
</Diagram>