<?xml version = '1.0' encoding = 'UTF-8'?>
<Diagram class="oracle.dbtools.crest.swingui.relational.DPVRelationalSubView" name="DMKR_ADMIN" id="F0875780-38DE-337E-EA9E-DBAF8B59D21D">
<createdBy>calittle</createdBy>
<createdTime>2019-04-17 17:26:58 UTC</createdTime>
<autoRoute>false</autoRoute>
<boxInbox>true</boxInbox>
<showLegend>false</showLegend>
<showLabels>false</showLabels>
<showRelAttributes>false</showRelAttributes>
<showGrid>false</showGrid>
<diagramColor>-1</diagramColor>
<display>false</display>
<notation>1</notation>
<schemaObject>0323F05B-A91A-E5F5-C386-B3516E1DFCEB</schemaObject>
<objectViews>
<OView class="oracle.dbtools.crest.swingui.relational.TVTable" oid="09E66B5A-516C-1E47-EEDE-697AD9667212" otype="Table" vid="C090B3C7-5F29-9094-71A3-3F5FE098DA39">
<hideElementsInCurrentOnly>false</hideElementsInCurrentOnly>
<bounds x="217" y="1765" width="215" height="102"/>
</OView>
<OView class="oracle.dbtools.crest.swingui.relational.TVTable" oid="252CCD9B-9BE8-DA14-1E79-918064D79D01" otype="Table" vid="32C468D0-6607-25A6-2DA7-6FAC4E730469">
<hideElementsInCurrentOnly>false</hideElementsInCurrentOnly>
<bounds x="20" y="3247" width="432" height="401"/>
</OView>
<OView class="oracle.dbtools.crest.swingui.relational.TVTable" oid="399D1643-0DC3-7B96-64D7-2B9BE637C3C5" otype="Table" vid="E7D395BA-5070-9E4E-C360-7F9C710CD103">
<hideElementsInCurrentOnly>false</hideElementsInCurrentOnly>
<bounds x="502" y="3247" width="346" height="128"/>
</OView>
<OView class="oracle.dbtools.crest.swingui.relational.TVTable" oid="3A74B56F-47BD-81F4-D5B1-242BC236BDDA" otype="Table" vid="19433DB8-11F3-8FF1-3948-4405137C5C45">
<hideElementsInCurrentOnly>false</hideElementsInCurrentOnly>
<bounds x="570" y="720" width="214" height="141"/>
</OView>
<OView class="oracle.dbtools.crest.swingui.relational.TVTable" oid="493485EC-93DD-E738-0632-F4E90214337A" otype="Table" vid="AF52B6B9-6955-1EDC-8CF5-84DC68269BEB">
<hideElementsInCurrentOnly>false</hideElementsInCurrentOnly>
<bounds x="20" y="1927" width="313" height="160"/>
</OView>
<OView class="oracle.dbtools.crest.swingui.relational.TVTable" oid="599ACABA-6658-868A-F028-CD4AE682FA84" otype="Table" vid="4D927C3F-1455-F485-CD0C-68C541D5F4A5">
<hideElementsInCurrentOnly>false</hideElementsInCurrentOnly>
<bounds x="747" y="3798" width="199" height="128"/>
</OView>
<OView class="oracle.dbtools.crest.swingui.relational.TVTable" oid="6BE2BE80-18EA-91AA-225B-0A0659653ECC" otype="Table" vid="3626D4CA-0876-E74B-27F2-005E6F97BFD6">
<hideElementsInCurrentOnly>false</hideElementsInCurrentOnly>
<bounds x="715" y="1506" width="215" height="102"/>
</OView>
<OView class="oracle.dbtools.crest.swingui.relational.TVTable" oid="6C2ACDBB-67F3-E2EC-C01E-ED2FDF35F807" otype="Table" vid="9606BAA5-EC59-AC0E-03E4-89190036D90A">
<hideElementsInCurrentOnly>false</hideElementsInCurrentOnly>
<bounds x="898" y="3247" width="334" height="167"/>
</OView>
<OView class="oracle.dbtools.crest.swingui.relational.TVTable" oid="6F0F92AD-0E49-6886-D53D-2A6D13EC90B5" otype="Table" vid="31A4319B-A1AD-A5A0-6C8E-32955640AE57">
<hideElementsInCurrentOnly>false</hideElementsInCurrentOnly>
<bounds x="448" y="3798" width="249" height="115"/>
</OView>
<OView class="oracle.dbtools.crest.swingui.relational.TVTable" oid="7EAE13BF-1937-BFC0-9394-B30264F59E15" otype="Table" vid="693DA8C1-E055-8B5E-7872-74A58C2160B9">
<hideElementsInCurrentOnly>false</hideElementsInCurrentOnly>
<bounds x="20" y="2758" width="288" height="147"/>
</OView>
<OView class="oracle.dbtools.crest.swingui.relational.TVTable" oid="8276AC1D-6490-679C-8E0E-EB4C6712B77A" otype="Table" vid="25E4687D-0E46-5DA6-3B59-0C09ABE2D153">
<hideElementsInCurrentOnly>false</hideElementsInCurrentOnly>
<bounds x="20" y="3798" width="378" height="180"/>
</OView>
<OView class="oracle.dbtools.crest.swingui.relational.TVTable" oid="8800F0EA-80F0-BB43-F44D-0E2BAAA46ED2" otype="Table" vid="C6630D82-C9C5-4E47-ABBB-E6C6FF19D539">
<hideElementsInCurrentOnly>false</hideElementsInCurrentOnly>
<bounds x="570" y="921" width="393" height="355"/>
</OView>
<OView class="oracle.dbtools.crest.swingui.relational.TVTable" oid="9144893F-8AC7-0738-8114-1495E60E93FC" otype="Table" vid="5C4D3071-3A4B-8919-BAF9-6F958DDA6481">
<hideElementsInCurrentOnly>false</hideElementsInCurrentOnly>
<bounds x="845" y="1953" width="337" height="173"/>
</OView>
<OView class="oracle.dbtools.crest.swingui.relational.TVTable" oid="9156A969-1D96-D2F4-28DB-D24001887235" otype="Table" vid="AC4A315F-8376-40E2-0370-3099AE9CD3E0">
<hideElementsInCurrentOnly>false</hideElementsInCurrentOnly>
<bounds x="845" y="2186" width="296" height="258"/>
</OView>
<OView class="oracle.dbtools.crest.swingui.relational.TVTable" oid="924B5EE5-C7B9-58C9-0B16-7DC096D58A79" otype="Table" vid="E5F36BE4-08CC-4E76-82A0-291BC81487F2">
<hideElementsInCurrentOnly>false</hideElementsInCurrentOnly>
<bounds x="317" y="20" width="459" height="407"/>
</OView>
<OView class="oracle.dbtools.crest.swingui.relational.TVTable" oid="976AEC43-91DC-2B53-1334-27354590DFC6" otype="Table" vid="BF2E25FA-D90F-3F68-66FD-C37CF5F32456">
<hideElementsInCurrentOnly>false</hideElementsInCurrentOnly>
<bounds x="20" y="2965" width="269" height="102"/>
</OView>
<OView class="oracle.dbtools.crest.swingui.relational.TVTable" oid="98ED6A7C-350C-9BC5-7C07-EF9C71B1B8A8" otype="Table" vid="CFA660D5-EE87-1A9D-E3FC-B0036424B7DF">
<hideElementsInCurrentOnly>false</hideElementsInCurrentOnly>
<bounds x="317" y="487" width="210" height="173"/>
</OView>
<OView class="oracle.dbtools.crest.swingui.relational.TVTable" oid="A40A7876-0F05-B548-BCF7-2B8C1BB411BA" otype="Table" vid="BD2614FF-A0BD-83AA-32A7-567EE1BF0590">
<hideElementsInCurrentOnly>false</hideElementsInCurrentOnly>
<bounds x="1028" y="2504" width="287" height="134"/>
</OView>
<OView class="oracle.dbtools.crest.swingui.relational.TVTable" oid="AD6A03EB-BD86-466E-38A8-41B1C4E1EAF4" otype="Table" vid="E90A8307-8347-4FB6-EEC5-981AB23216E9">
<hideElementsInCurrentOnly>false</hideElementsInCurrentOnly>
<bounds x="20" y="720" width="217" height="186"/>
</OView>
<OView class="oracle.dbtools.crest.swingui.relational.TVTable" oid="B78D8116-D318-B651-FC2F-E4FC327D13A0" otype="Table" vid="E6DB7F86-1150-22B7-5276-D60B050A5DFF">
<hideElementsInCurrentOnly>false</hideElementsInCurrentOnly>
<bounds x="413" y="1927" width="352" height="108"/>
</OView>
<OView class="oracle.dbtools.crest.swingui.relational.TVTable" oid="B7C1C50A-B635-98EC-F920-D20319D7AEFB" otype="Table" vid="8F810E9B-E04A-19B9-4CB5-64849DFD4851">
<hideElementsInCurrentOnly>false</hideElementsInCurrentOnly>
<bounds x="845" y="1765" width="215" height="128"/>
</OView>
<OView class="oracle.dbtools.crest.swingui.relational.TVTable" oid="BA650273-A63E-DC6A-E95B-D870828B4316" otype="Table" vid="058E75F1-C9F9-73EF-0699-F3C58B1B67C3">
<hideElementsInCurrentOnly>false</hideElementsInCurrentOnly>
<bounds x="1282" y="3247" width="208" height="102"/>
</OView>
<OView class="oracle.dbtools.crest.swingui.relational.TVTable" oid="BFCF50F8-9677-FF1D-B47C-36103E134933" otype="Table" vid="B0A87A66-6112-3712-1DB2-244F141375CC">
<hideElementsInCurrentOnly>false</hideElementsInCurrentOnly>
<bounds x="217" y="1506" width="418" height="199"/>
</OView>
<OView class="oracle.dbtools.crest.swingui.relational.TVTable" oid="CD281AE2-6C7B-FC65-1F17-EE5A4363882F" otype="Table" vid="4D92C4F9-C512-32C9-2153-00B952202364">
<hideElementsInCurrentOnly>false</hideElementsInCurrentOnly>
<bounds x="996" y="3798" width="190" height="90"/>
</OView>
<OView class="oracle.dbtools.crest.swingui.relational.TVTable" oid="EC3BAC9C-F460-F86E-318C-7A1E8F679AA5" otype="Table" vid="979FE854-45D4-0B34-283D-DBE9859239EF">
<hideElementsInCurrentOnly>false</hideElementsInCurrentOnly>
<bounds x="20" y="966" width="469" height="420"/>
</OView>
</objectViews>
<connectors>
<Connector class="oracle.dbtools.crest.swingui.relational.TVFKRelation" oid="0B0BCB1D-F139-6EA9-4C93-4901584A2EC4" otype="FKIndexAssociation" vid_source="C090B3C7-5F29-9094-71A3-3F5FE098DA39" vid_target="AF52B6B9-6955-1EDC-8CF5-84DC68269BEB">
<hideElementsInCurrentOnly>false</hideElementsInCurrentOnly>
<lineWidth>1</lineWidth>
</Connector>
<Connector class="oracle.dbtools.crest.swingui.relational.TVFKRelation" oid="15B027FC-0E31-5E9E-F760-5D0B89373CDE" otype="FKIndexAssociation" vid_source="E90A8307-8347-4FB6-EEC5-981AB23216E9" vid_target="979FE854-45D4-0B34-283D-DBE9859239EF">
<hideElementsInCurrentOnly>false</hideElementsInCurrentOnly>
<lineWidth>1</lineWidth>
</Connector>
<Connector class="oracle.dbtools.crest.swingui.relational.TVFKRelation" oid="22F49285-0D55-AE2B-18DA-B819A05D3619" otype="FKIndexAssociation" vid_source="8F810E9B-E04A-19B9-4CB5-64849DFD4851" vid_target="5C4D3071-3A4B-8919-BAF9-6F958DDA6481">
<hideElementsInCurrentOnly>false</hideElementsInCurrentOnly>
<lineWidth>1</lineWidth>
</Connector>
<Connector class="oracle.dbtools.crest.swingui.relational.TVFKRelation" oid="3AB7E103-FEED-A749-CB7D-45F857190AB5" otype="FKIndexAssociation" vid_source="CFA660D5-EE87-1A9D-E3FC-B0036424B7DF" vid_target="E90A8307-8347-4FB6-EEC5-981AB23216E9">
<hideElementsInCurrentOnly>false</hideElementsInCurrentOnly>
<lineWidth>1</lineWidth>
</Connector>
<Connector class="oracle.dbtools.crest.swingui.relational.TVFKRelation" oid="5217AC1F-49B4-311B-3A8C-B6F58442AE15" otype="FKIndexAssociation" vid_source="19433DB8-11F3-8FF1-3948-4405137C5C45" vid_target="CFA660D5-EE87-1A9D-E3FC-B0036424B7DF">
<hideElementsInCurrentOnly>false</hideElementsInCurrentOnly>
<lineWidth>1</lineWidth>
</Connector>
<Connector class="oracle.dbtools.crest.swingui.relational.TVFKRelation" oid="68651296-4621-9371-A520-E9E1D6EEFFE6" otype="FKIndexAssociation" vid_source="BF2E25FA-D90F-3F68-66FD-C37CF5F32456" vid_target="693DA8C1-E055-8B5E-7872-74A58C2160B9">
<hideElementsInCurrentOnly>false</hideElementsInCurrentOnly>
<lineWidth>1</lineWidth>
</Connector>
<Connector class="oracle.dbtools.crest.swingui.relational.TVFKRelation" oid="6CB29F5D-6BAC-AC4D-BEE0-43869E9CF71B" otype="FKIndexAssociation" vid_source="C090B3C7-5F29-9094-71A3-3F5FE098DA39" vid_target="E6DB7F86-1150-22B7-5276-D60B050A5DFF">
<hideElementsInCurrentOnly>false</hideElementsInCurrentOnly>
<lineWidth>1</lineWidth>
</Connector>
<Connector class="oracle.dbtools.crest.swingui.relational.TVFKRelation" oid="A009E8CF-743F-A778-98CB-392054062750" otype="FKIndexAssociation" vid_source="AC4A315F-8376-40E2-0370-3099AE9CD3E0" vid_target="BD2614FF-A0BD-83AA-32A7-567EE1BF0590">
<hideElementsInCurrentOnly>false</hideElementsInCurrentOnly>
<lineWidth>1</lineWidth>
</Connector>
<Connector class="oracle.dbtools.crest.swingui.relational.TVFKRelation" oid="A9BD75EB-36DC-56C8-26EC-B69D52362B4F" otype="FKIndexAssociation" vid_source="AC4A315F-8376-40E2-0370-3099AE9CD3E0" vid_target="BD2614FF-A0BD-83AA-32A7-567EE1BF0590">
<hideElementsInCurrentOnly>false</hideElementsInCurrentOnly>
<lineWidth>1</lineWidth>
</Connector>
<Connector class="oracle.dbtools.crest.swingui.relational.TVFKRelation" oid="AE0F3399-F0C4-D0A8-94D6-96E239F89CDF" otype="FKIndexAssociation" vid_source="AC4A315F-8376-40E2-0370-3099AE9CD3E0" vid_target="5C4D3071-3A4B-8919-BAF9-6F958DDA6481">
<hideElementsInCurrentOnly>false</hideElementsInCurrentOnly>
<lineWidth>1</lineWidth>
</Connector>
<Connector class="oracle.dbtools.crest.swingui.relational.TVFKRelation" oid="C7B5003C-37B8-66C9-A9E0-201729C9E2BD" otype="FKIndexAssociation" vid_source="19433DB8-11F3-8FF1-3948-4405137C5C45" vid_target="C6630D82-C9C5-4E47-ABBB-E6C6FF19D539">
<hideElementsInCurrentOnly>false</hideElementsInCurrentOnly>
<lineWidth>1</lineWidth>
</Connector>
<Connector class="oracle.dbtools.crest.swingui.relational.TVFKRelation" oid="DEA13A1B-BF86-33AD-403C-222172A20211" otype="FKIndexAssociation" vid_source="CFA660D5-EE87-1A9D-E3FC-B0036424B7DF" vid_target="E5F36BE4-08CC-4E76-82A0-291BC81487F2">
<hideElementsInCurrentOnly>false</hideElementsInCurrentOnly>
<lineWidth>1</lineWidth>
</Connector>
<Connector class="oracle.dbtools.crest.swingui.relational.TVFKRelation" oid="ECD45481-DC80-3489-8E89-F1E29B7C63AE" otype="FKIndexAssociation" vid_source="8F810E9B-E04A-19B9-4CB5-64849DFD4851" vid_target="B0A87A66-6112-3712-1DB2-244F141375CC">
<hideElementsInCurrentOnly>false</hideElementsInCurrentOnly>
<lineWidth>1</lineWidth>
</Connector>
<Connector class="oracle.dbtools.crest.swingui.relational.TVFKRelation" oid="EF42E9EE-CD31-F964-032A-2EA8639C6D05" otype="FKIndexAssociation" vid_source="3626D4CA-0876-E74B-27F2-005E6F97BFD6" vid_target="B0A87A66-6112-3712-1DB2-244F141375CC">
<hideElementsInCurrentOnly>false</hideElementsInCurrentOnly>
<lineWidth>1</lineWidth>
</Connector>
<Connector class="oracle.dbtools.crest.swingui.relational.TVFKRelation" oid="F4DC325D-5DAF-C149-98B2-DFA8E8895A18" otype="FKIndexAssociation" vid_source="C090B3C7-5F29-9094-71A3-3F5FE098DA39" vid_target="B0A87A66-6112-3712-1DB2-244F141375CC">
<hideElementsInCurrentOnly>false</hideElementsInCurrentOnly>
<lineWidth>1</lineWidth>
</Connector>
</connectors>
</Diagram>