<?xml version = '1.0' encoding = 'UTF-8'?>
<Table class="oracle.dbtools.crest.model.design.relational.Table" directorySegmentName="seg_1" id="75200012-E652-87F9-D56A-B9D9F4D1B54A" name="TRNSD">
<sourceConnName>deepthought</sourceConnName>
<sourceObjSchema>DMKR_ASLINE</sourceObjSchema>
<sourceObjName>TRNSD</sourceObjName>
<createdBy>calittle</createdBy>
<createdTime>2019-04-17 17:26:16 UTC</createdTime>
<ownerDesignName>ODEE_1262_Design</ownerDesignName>
<schemaObject>8FC895A7-E0A2-11C9-AE90-BEF4CA704C97</schemaObject>
<allowColumnReorder>false</allowColumnReorder>
<existDependencyGenerateInDDl>true</existDependencyGenerateInDDl>
<columns itemClass="oracle.dbtools.crest.model.design.relational.Column">
<Column name="FORMSETID" id="1492A08F-DDBB-A3FA-B0BE-ADB755E78B52">
<sourceConnName>deepthought</sourceConnName>
<sourceObjSchema>TRNSD</sourceObjSchema>
<sourceObjName>FORMSETID</sourceObjName>
<createdBy>calittle</createdBy>
<createdTime>2019-04-17 17:26:46 UTC</createdTime>
<commentInRDBMS>Formset Unique Identifier</commentInRDBMS>
<ownerDesignName>ODEE_1262_Design</ownerDesignName>
<useDomainConstraints>false</useDomainConstraints>
<use>1</use>
<logicalDatatype>LOGDT037</logicalDatatype>
<dataTypeSize>47</dataTypeSize>
<autoIncrementCycle>false</autoIncrementCycle>
</Column>
<Column name="SEQ_NUM" id="B8F4AC51-5A06-6556-7A29-B3C9ED6563C9">
<sourceConnName>deepthought</sourceConnName>
<sourceObjSchema>TRNSD</sourceObjSchema>
<sourceObjName>SEQ_NUM</sourceObjName>
<createdBy>calittle</createdBy>
<createdTime>2019-04-17 17:26:46 UTC</createdTime>
<commentInRDBMS>Sequence Order</commentInRDBMS>
<ownerDesignName>ODEE_1262_Design</ownerDesignName>
<useDomainConstraints>false</useDomainConstraints>
<use>1</use>
<logicalDatatype>LOGDT037</logicalDatatype>
<dataTypeSize>5</dataTypeSize>
<autoIncrementCycle>false</autoIncrementCycle>
</Column>
<Column name="CONT_FLAG" id="07208092-868E-B759-C345-D7BB4A15EFE0">
<sourceConnName>deepthought</sourceConnName>
<sourceObjSchema>TRNSD</sourceObjSchema>
<sourceObjName>CONT_FLAG</sourceObjName>
<createdBy>calittle</createdBy>
<createdTime>2019-04-17 17:26:46 UTC</createdTime>
<commentInRDBMS>Continuation Flag</commentInRDBMS>
<ownerDesignName>ODEE_1262_Design</ownerDesignName>
<useDomainConstraints>false</useDomainConstraints>
<use>1</use>
<logicalDatatype>LOGDT037</logicalDatatype>
<dataTypeSize>10</dataTypeSize>
<autoIncrementCycle>false</autoIncrementCycle>
</Column>
<Column name="TOTAL_SIZE" id="7163E4E3-1F97-525C-B4D1-C0EC1A185F38">
<sourceConnName>deepthought</sourceConnName>
<sourceObjSchema>TRNSD</sourceObjSchema>
<sourceObjName>TOTAL_SIZE</sourceObjName>
<createdBy>calittle</createdBy>
<createdTime>2019-04-17 17:26:46 UTC</createdTime>
<commentInRDBMS>Total Size of all TRNSD rows for FORMSETID</commentInRDBMS>
<ownerDesignName>ODEE_1262_Design</ownerDesignName>
<useDomainConstraints>false</useDomainConstraints>
<use>1</use>
<logicalDatatype>LOGDT019</logicalDatatype>
<dataTypePrecision>38</dataTypePrecision>
<autoIncrementCycle>false</autoIncrementCycle>
</Column>
<Column name="CARDATA" id="AD7E9F41-9665-4D36-572B-BC4F3EC38880">
<sourceConnName>deepthought</sourceConnName>
<sourceObjSchema>TRNSD</sourceObjSchema>
<sourceObjName>CARDATA</sourceObjName>
<createdBy>calittle</createdBy>
<createdTime>2019-04-17 17:26:46 UTC</createdTime>
<commentInRDBMS>Raw compressed package part</commentInRDBMS>
<ownerDesignName>ODEE_1262_Design</ownerDesignName>
<useDomainConstraints>false</useDomainConstraints>
<use>1</use>
<logicalDatatype>LogDes-4BABEC65-108B-2A3C-F7C4-84AC47D292B0@LOGDT10040</logicalDatatype>
<dataTypeSize>2000</dataTypeSize>
<autoIncrementCycle>false</autoIncrementCycle>
</Column>
</columns>
<indexes itemClass="oracle.dbtools.crest.model.design.relational.Index">
<ind_PK_UK id="A4BC1F40-128A-6E55-C500-5EAD584A9DF4" name="TRNS_PK_1">
<sourceConnName>deepthought</sourceConnName>
<sourceObjSchema>DMKR_ASLINE</sourceObjSchema>
<sourceObjName>TRNS_PK_1</sourceObjName>
<createdBy>calittle</createdBy>
<createdTime>2019-04-17 17:26:51 UTC</createdTime>
<ownerDesignName>ODEE_1262_Design</ownerDesignName>
<indexState>Unique Constraint</indexState>
<isSurrogateKey>false</isSurrogateKey>
<indexColumnUsage>
<colUsage columnID="1492A08F-DDBB-A3FA-B0BE-ADB755E78B52"/>
<colUsage columnID="B8F4AC51-5A06-6556-7A29-B3C9ED6563C9"/>
</indexColumnUsage>
</ind_PK_UK>
<ind_PK_UK id="F4A5BA0D-D4F8-E380-8B10-7A1065AB9427" name="TRNS_PK_1">
<sourceConnName>deepthought</sourceConnName>
<sourceObjSchema>DMKR_ASLINE</sourceObjSchema>
<sourceObjName>TRNS_PK_1</sourceObjName>
<createdBy>calittle</createdBy>
<createdTime>2019-04-17 17:26:49 UTC</createdTime>
<ownerDesignName>ODEE_1262_Design</ownerDesignName>
<indexState>Unique Plain Index</indexState>
<schemaObject>8FC895A7-E0A2-11C9-AE90-BEF4CA704C97</schemaObject>
<isSurrogateKey>false</isSurrogateKey>
<indexColumnUsage>
<colUsage columnID="1492A08F-DDBB-A3FA-B0BE-ADB755E78B52"/>
<colUsage columnID="B8F4AC51-5A06-6556-7A29-B3C9ED6563C9"/>
</indexColumnUsage>
</ind_PK_UK>
</indexes>
</Table>