<?xml version = '1.0' encoding = 'UTF-8'?>
<TriggerOraclev10g class="oracle.dbtools.crest.model.design.storage.oracle.v10g.TriggerOraclev10g" name="TRNS_TRN_ID_TRG" directorySegmentName="seg_1" id="80E93BDD-BBCA-F9A4-A4A8-EB4260EB440B">
<sourceConnName>deepthought</sourceConnName>
<sourceObjSchema>DMKR_ASLINE</sourceObjSchema>
<sourceObjName>TRNS_TRN_ID_TRG</sourceObjName>
<createdBy>calittle</createdBy>
<createdTime>2019-04-17 17:26:52 UTC</createdTime>
<ownerDesignName>ODEE_1262_Design</ownerDesignName>
<actions>INSERT</actions>
<body>BEGIN&lt;br/&gt;            IF (:NEW.TRN_ID is null OR :NEW.TRN_ID = 0) THEN&lt;br/&gt;               SELECT TRNS_TRN_ID_SEQ.nextval INTO :NEW.TRN_ID FROM DUAL;&lt;br/&gt;            END IF;&lt;br/&gt;            IF(:NEW.TRNDOLOG&gt;1) THEN&lt;br/&gt;               :NEW.TRNAPPINT001:=:NEW.TRNAPPINT001+1;&lt;br/&gt;            END IF ;&lt;br/&gt;            SELECT TO_TIMESTAMP(TO_CHAR(SYSTIMESTAMP AT TIME ZONE &apos;GMT&apos;,&apos;YYYY.MM.DD HH24:MI:SS.FF&apos;),&apos;YYYY.MM.DD HH24:MI:SS.FF&apos;) INTO :NEW.CREATETIME FROM DUAL;&lt;br/&gt;            SELECT TO_TIMESTAMP(TO_CHAR(SYSTIMESTAMP AT TIME ZONE &apos;GMT&apos;,&apos;YYYY.MM.DD HH24:MI:SS.FF&apos;),&apos;YYYY.MM.DD HH24:MI:SS.FF&apos;) INTO :NEW.MODIFYTIME FROM DUAL;&lt;br/&gt;            SELECT TO_TIMESTAMP(TO_CHAR(SYSTIMESTAMP AT TIME ZONE &apos;GMT&apos;,&apos;YYYY.MM.DD HH24:MI:SS.FF&apos;),&apos;YYYY.MM.DD HH24:MI:SS.FF&apos;) INTO :NEW.TRNMODIFYTIME FROM DUAL;&lt;br/&gt;            SELECT TO_TIMESTAMP(TO_CHAR(SYSTIMESTAMP AT TIME ZONE &apos;GMT&apos;,&apos;YYYY.MM.DD HH24:MI:SS.FF&apos;),&apos;YYYY.MM.DD HH24:MI:SS.FF&apos;) INTO :NEW.TRNSTARTTIME FROM DUAL;&lt;br/&gt;            IF(:NEW.STATUSCODE=&apos;W&apos; AND&lt;br/&gt;               (:NEW.APPROVALSTATE=&apos;10&apos; OR :NEW.APPROVALSTATE=&apos;20&apos; OR&lt;br/&gt;                :NEW.APPROVALSTATE=&apos;30&apos; OR :NEW.APPROVALSTATE=&apos;40&apos;) AND&lt;br/&gt;              (:NEW.TRNSTATUS&lt;290 OR :NEW.TRNSTATUS IS NULL)) THEN&lt;br/&gt;              :NEW.TRNSTATUS:=290;&lt;br/&gt;            END IF;&lt;br/&gt;            IF(:NEW.STATUSCODE=&apos;W&apos;) THEN&lt;br/&gt;              UPDATE JOBS SET JOBS.JOBTRNWIP=JOBS.JOBTRNWIP+1 WHERE JOBS.JOB_ID=:NEW.JOB_ID;&lt;br/&gt;            END IF;&lt;br/&gt;         END TRNS_TRN_ID_TRG;</body>
<triggerTime>BEFORE</triggerTime>
<owner>0E40B78B-F2AF-F48B-B591-AD46144A4DBD</owner>
<table>1248CA2E-5F0C-5E7E-1B19-7F0E10B19638</table>
</TriggerOraclev10g>