<?xml version = '1.0' encoding = 'UTF-8'?>
<TriggerOraclev10g class="oracle.dbtools.crest.model.design.storage.oracle.v10g.TriggerOraclev10g" name="TRNS_AFTERUPD_TRG" directorySegmentName="seg_1" id="ECDFACBF-8CA0-CB93-3C12-CFC29B3EC561">
<sourceConnName>deepthought</sourceConnName>
<sourceObjSchema>DMKR_ASLINE</sourceObjSchema>
<sourceObjName>TRNS_AFTERUPD_TRG</sourceObjName>
<createdBy>calittle</createdBy>
<createdTime>2019-04-17 17:26:52 UTC</createdTime>
<ownerDesignName>ODEE_1262_Design</ownerDesignName>
<actions>UPDATE</actions>
<body>BEGIN&lt;br/&gt;       IF (:NEW.TRNDOLOG=1) THEN&lt;br/&gt;         Insert into TRNSLOG (&lt;br/&gt;                JOB_ID,TRN_ID,UNIQUE_ID,KEY1,KEY2,KEY3,KEYID,FORMSETID,&lt;br/&gt;                ARCKEY,RECTYPE,DESCR,TRNNAME,DOCTYPE,DOCSUBTYPE,ORIGUSER,&lt;br/&gt;                CURRUSER,CURRGROUP,CURRROLE,CURRSUPER,CURRAPP_ID,STATUSCODE,TRANCODE,&lt;br/&gt;                APPROVALSTATE,SECLEVEL,TRNERR_ID,INUSE,CUSTOMIZED,CREATETIME,&lt;br/&gt;                BEGINTIME,TRNSTARTTIME,&lt;br/&gt;                MODIFYTIME,TRNMODIFYTIME,&lt;br/&gt;                ARCTIME,RETENTION,TRNENDTIME,&lt;br/&gt;                ENDTIME,JURISDICTN,LOCID,QUEUEID,SUBLOCID,AGENCYID,&lt;br/&gt;                FROMUSER,FROMTIME,FROMGROUP,TOTIME,TOUSER,TOGROUP,&lt;br/&gt;                ROUTEDESC,PROCESSNAME,&lt;br/&gt;                TRNAPPDATE001,TRNAPPDATE002,TRNAPPDATE003,TRNAPPDATE004,TRNAPPDATE005,&lt;br/&gt;                TRNAPPDEC001,TRNAPPDEC002,TRNAPPDEC003,TRNAPPDEC004,TRNAPPDEC005,&lt;br/&gt;                TRNAPPINT001,TRNAPPINT002,TRNAPPINT003,TRNAPPINT004,TRNAPPINT005,&lt;br/&gt;                TRNAPPSTR001,TRNAPPSTR002,TRNAPPSTR003,TRNAPPSTR004,TRNAPPSTR005,&lt;br/&gt;                TRNAPPSTR006,TRNAPPSTR007,TRNAPPSTR008,TRNAPPSTR009,TRNAPPSTR010,&lt;br/&gt;                TRNAPPSTR011,TRNAPPSTR012,TRNAPPSTR013,TRNAPPSTR014,TRNAPPSTR015,&lt;br/&gt;                TRNCUSDATE001,TRNCUSDATE002,TRNCUSDATE003,TRNCUSDATE004,TRNCUSDATE005,&lt;br/&gt;                TRNCUSDATE006,TRNCUSDATE007,TRNCUSDATE008,TRNCUSDATE009,TRNCUSDATE010,&lt;br/&gt;                TRNCUSDATE011,TRNCUSDATE012,TRNCUSDATE013,TRNCUSDATE014,TRNCUSDATE015,&lt;br/&gt;                TRNCUSDEC001,TRNCUSDEC002,TRNCUSDEC003,TRNCUSDEC004,TRNCUSDEC005,&lt;br/&gt;                TRNCUSINT001,TRNCUSINT002,TRNCUSINT003,TRNCUSINT004,TRNCUSINT005,&lt;br/&gt;                TRNCUSSTR001,TRNCUSSTR002,TRNCUSSTR003,TRNCUSSTR004,TRNCUSSTR005,&lt;br/&gt;                TRNCUSSTR006,TRNCUSSTR007,TRNCUSSTR008,TRNCUSSTR009,TRNCUSSTR010,&lt;br/&gt;                TRNCUSSTR011,TRNCUSSTR012,TRNCUSSTR013,TRNCUSSTR014,TRNCUSSTR015,&lt;br/&gt;                TRNCUSSTR016,TRNCUSSTR017,TRNCUSSTR018,TRNCUSSTR019,TRNCUSSTR020,&lt;br/&gt;                ACTION,REASON_ID,TRNSTATUS,TRNRCPTOTAL,TRNRCPERR,TRNRCPSCH,TRNRCPPROC,&lt;br/&gt;                TRNBCHTOTAL,TRNBCHERR,TRNBCHSCH,TRNBCHPROC,&lt;br/&gt;                TRNDATATYPE,TRNDATASIZE,TRNDATAREF,TRNNAPOLTYPE,TRNNAPOLSIZE,TRNNAPOLREF,&lt;br/&gt;                TRNPRTLOGNAME,TRNRETHOLD,TRNDOLOG,SRCTRN_ID&lt;br/&gt;           ) VALUES (&lt;br/&gt;                :NEW.JOB_ID,:NEW.TRN_ID,:NEW.UNIQUE_ID,:NEW.KEY1,:NEW.KEY2,:NEW.KEY3,:NEW.KEYID,:NEW.FORMSETID,&lt;br/&gt;                :NEW.ARCKEY,:NEW.RECTYPE,:NEW.DESCR,:NEW.TRNNAME,:NEW.DOCTYPE,:NEW.DOCSUBTYPE,:NEW.ORIGUSER,&lt;br/&gt;                :NEW.CURRUSER,:NEW.CURRGROUP,:NEW.CURRROLE,:NEW.CURRSUPER,:NEW.CURRAPP_ID,:NEW.STATUSCODE,:NEW.TRANCODE,&lt;br/&gt;                :NEW.APPROVALSTATE,:NEW.SECLEVEL,:NEW.TRNERR_ID,:NEW.INUSE,:NEW.CUSTOMIZED,:NEW.CREATETIME,&lt;br/&gt;                :NEW.BEGINTIME,:NEW.TRNSTARTTIME,&lt;br/&gt;                TO_TIMESTAMP(TO_CHAR(SYSTIMESTAMP AT TIME ZONE &apos;GMT&apos;,&apos;YYYY.MM.DD HH24:MI:SS.FF&apos;),&apos;YYYY.MM.DD HH24:MI:SS.FF&apos;),&lt;br/&gt;                TO_TIMESTAMP(TO_CHAR(SYSTIMESTAMP AT TIME ZONE &apos;GMT&apos;,&apos;YYYY.MM.DD HH24:MI:SS.FF&apos;),&apos;YYYY.MM.DD HH24:MI:SS.FF&apos;),&lt;br/&gt;                :NEW.ARCTIME,:NEW.RETENTION,:NEW.TRNENDTIME,&lt;br/&gt;                :NEW.ENDTIME,:NEW.JURISDICTN,:NEW.LOCID,:NEW.QUEUEID,:NEW.SUBLOCID,:NEW.AGENCYID,&lt;br/&gt;                :NEW.FROMUSER,:NEW.FROMTIME,:NEW.FROMGROUP,:NEW.TOTIME,:NEW.TOUSER,:NEW.TOGROUP,&lt;br/&gt;                :NEW.ROUTEDESC,:NEW.PROCESSNAME,&lt;br/&gt;                :NEW.TRNAPPDATE001,:NEW.TRNAPPDATE002,:NEW.TRNAPPDATE003,:NEW.TRNAPPDATE004,:NEW.TRNAPPDATE005,&lt;br/&gt;                :NEW.TRNAPPDEC001,:NEW.TRNAPPDEC002,:NEW.TRNAPPDEC003,:NEW.TRNAPPDEC004,:NEW.TRNAPPDEC005,&lt;br/&gt;                :NEW.TRNAPPINT001,:NEW.TRNAPPINT002,:NEW.TRNAPPINT003,:NEW.TRNAPPINT004,:NEW.TRNAPPINT005,&lt;br/&gt;                :NEW.TRNAPPSTR001,:NEW.TRNAPPSTR002,:NEW.TRNAPPSTR003,:NEW.TRNAPPSTR004,:NEW.TRNAPPSTR005,&lt;br/&gt;                :NEW.TRNAPPSTR006,:NEW.TRNAPPSTR007,:NEW.TRNAPPSTR008,:NEW.TRNAPPSTR009,:NEW.TRNAPPSTR010,&lt;br/&gt;                :NEW.TRNAPPSTR011,:NEW.TRNAPPSTR012,:NEW.TRNAPPSTR013,:NEW.TRNAPPSTR014,:NEW.TRNAPPSTR015,&lt;br/&gt;                :NEW.TRNCUSDATE001,:NEW.TRNCUSDATE002,:NEW.TRNCUSDATE003,:NEW.TRNCUSDATE004,:NEW.TRNCUSDATE005,&lt;br/&gt;                :NEW.TRNCUSDATE006,:NEW.TRNCUSDATE007,:NEW.TRNCUSDATE008,:NEW.TRNCUSDATE009,:NEW.TRNCUSDATE010,&lt;br/&gt;                :NEW.TRNCUSDATE011,:NEW.TRNCUSDATE012,:NEW.TRNCUSDATE013,:NEW.TRNCUSDATE014,:NEW.TRNCUSDATE015,&lt;br/&gt;                :NEW.TRNCUSDEC001,:NEW.TRNCUSDEC002,:NEW.TRNCUSDEC003,:NEW.TRNCUSDEC004,:NEW.TRNCUSDEC005,&lt;br/&gt;                :NEW.TRNCUSINT001,:NEW.TRNCUSINT002,:NEW.TRNCUSINT003,:NEW.TRNCUSINT004,:NEW.TRNCUSINT005,&lt;br/&gt;                :NEW.TRNCUSSTR001,:NEW.TRNCUSSTR002,:NEW.TRNCUSSTR003,:NEW.TRNCUSSTR004,:NEW.TRNCUSSTR005,&lt;br/&gt;                :NEW.TRNCUSSTR006,:NEW.TRNCUSSTR007,:NEW.TRNCUSSTR008,:NEW.TRNCUSSTR009,:NEW.TRNCUSSTR010,&lt;br/&gt;                :NEW.TRNCUSSTR011,:NEW.TRNCUSSTR012,:NEW.TRNCUSSTR013,:NEW.TRNCUSSTR014,:NEW.TRNCUSSTR015,&lt;br/&gt;                :NEW.TRNCUSSTR016,:NEW.TRNCUSSTR017,:NEW.TRNCUSSTR018,:NEW.TRNCUSSTR019,:NEW.TRNCUSSTR020,&lt;br/&gt;                :NEW.ACTION,:NEW.REASON_ID,:NEW.TRNSTATUS,:NEW.TRNRCPTOTAL,:NEW.TRNRCPERR,:NEW.TRNRCPSCH,:NEW.TRNRCPPROC,&lt;br/&gt;                :NEW.TRNBCHTOTAL,:NEW.TRNBCHERR,:NEW.TRNBCHSCH,:NEW.TRNBCHPROC,&lt;br/&gt;                :NEW.TRNDATATYPE,:NEW.TRNDATASIZE,:NEW.TRNDATAREF,:NEW.TRNNAPOLTYPE,:NEW.TRNNAPOLSIZE,:NEW.TRNNAPOLREF,&lt;br/&gt;                :NEW.TRNPRTLOGNAME,:NEW.TRNRETHOLD,:NEW.TRNDOLOG,:NEW.SRCTRN_ID);&lt;br/&gt;        ELSIF (:NEW.TRNDOLOG&gt;1) THEN&lt;br/&gt;            Insert into TRNSLOG (&lt;br/&gt;                JOB_ID,TRN_ID,UNIQUE_ID,KEY1,KEY2,KEY3,KEYID,FORMSETID,&lt;br/&gt;                ARCKEY,RECTYPE,DESCR,TRNNAME,DOCTYPE,DOCSUBTYPE,ORIGUSER,&lt;br/&gt;                CURRUSER,CURRGROUP,CURRROLE,CURRSUPER,CURRAPP_ID,STATUSCODE,TRANCODE,&lt;br/&gt;                APPROVALSTATE,SECLEVEL,TRNERR_ID,INUSE,CUSTOMIZED,CREATETIME,&lt;br/&gt;                BEGINTIME,TRNSTARTTIME,&lt;br/&gt;                MODIFYTIME,TRNMODIFYTIME,&lt;br/&gt;                ARCTIME,RETENTION,TRNENDTIME,&lt;br/&gt;                ENDTIME,JURISDICTN,LOCID,QUEUEID,SUBLOCID,AGENCYID,&lt;br/&gt;                FROMUSER,FROMTIME,FROMGROUP,TOTIME,TOUSER,TOGROUP,&lt;br/&gt;                ROUTEDESC,PROCESSNAME,&lt;br/&gt;                TRNAPPDATE001,TRNAPPDATE002,TRNAPPDATE003,TRNAPPDATE004,TRNAPPDATE005,&lt;br/&gt;                TRNAPPDEC001,TRNAPPDEC002,TRNAPPDEC003,TRNAPPDEC004,TRNAPPDEC005,&lt;br/&gt;                TRNAPPINT001,TRNAPPINT002,TRNAPPINT003,TRNAPPINT004,TRNAPPINT005,&lt;br/&gt;                TRNAPPSTR001,TRNAPPSTR002,TRNAPPSTR003,TRNAPPSTR004,TRNAPPSTR005,&lt;br/&gt;                TRNAPPSTR006,TRNAPPSTR007,TRNAPPSTR008,TRNAPPSTR009,TRNAPPSTR010,&lt;br/&gt;                TRNAPPSTR011,TRNAPPSTR012,TRNAPPSTR013,TRNAPPSTR014,TRNAPPSTR015,&lt;br/&gt;                TRNCUSDATE001,TRNCUSDATE002,TRNCUSDATE003,TRNCUSDATE004,TRNCUSDATE005,&lt;br/&gt;                TRNCUSDATE006,TRNCUSDATE007,TRNCUSDATE008,TRNCUSDATE009,TRNCUSDATE010,&lt;br/&gt;                TRNCUSDATE011,TRNCUSDATE012,TRNCUSDATE013,TRNCUSDATE014,TRNCUSDATE015,&lt;br/&gt;                TRNCUSDEC001,TRNCUSDEC002,TRNCUSDEC003,TRNCUSDEC004,TRNCUSDEC005,&lt;br/&gt;                TRNCUSINT001,TRNCUSINT002,TRNCUSINT003,TRNCUSINT004,TRNCUSINT005,&lt;br/&gt;                TRNCUSSTR001,TRNCUSSTR002,TRNCUSSTR003,TRNCUSSTR004,TRNCUSSTR005,&lt;br/&gt;                TRNCUSSTR006,TRNCUSSTR007,TRNCUSSTR008,TRNCUSSTR009,TRNCUSSTR010,&lt;br/&gt;                TRNCUSSTR011,TRNCUSSTR012,TRNCUSSTR013,TRNCUSSTR014,TRNCUSSTR015,&lt;br/&gt;                TRNCUSSTR016,TRNCUSSTR017,TRNCUSSTR018,TRNCUSSTR019,TRNCUSSTR020,&lt;br/&gt;                ACTION,REASON_ID,TRNSTATUS,TRNRCPTOTAL,TRNRCPERR,TRNRCPSCH,TRNRCPPROC,&lt;br/&gt;                TRNBCHTOTAL,TRNBCHERR,TRNBCHSCH,TRNBCHPROC,&lt;br/&gt;                TRNDATATYPE,TRNDATASIZE,TRNDATAREF,TRNNAPOLTYPE,TRNNAPOLSIZE,TRNNAPOLREF,&lt;br/&gt;                TRNNAPOLXML,TRNNAPOLBLOB,&lt;br/&gt;                TRNPRTLOGNAME,TRNRETHOLD,TRNDOLOG,SRCTRN_ID&lt;br/&gt;           ) VALUES (&lt;br/&gt;                :NEW.JOB_ID,:NEW.TRN_ID,:NEW.UNIQUE_ID,:NEW.KEY1,:NEW.KEY2,:NEW.KEY3,:NEW.KEYID,:NEW.FORMSETID,&lt;br/&gt;                :NEW.ARCKEY,:NEW.RECTYPE,:NEW.DESCR,:NEW.TRNNAME,:NEW.DOCTYPE,:NEW.DOCSUBTYPE,:NEW.ORIGUSER,&lt;br/&gt;                :NEW.CURRUSER,:NEW.CURRGROUP,:NEW.CURRROLE,:NEW.CURRSUPER,:NEW.CURRAPP_ID,:NEW.STATUSCODE,:NEW.TRANCODE,&lt;br/&gt;                :NEW.APPROVALSTATE,:NEW.SECLEVEL,:NEW.TRNERR_ID,:NEW.INUSE,:NEW.CUSTOMIZED,:NEW.CREATETIME,&lt;br/&gt;                :NEW.BEGINTIME,:NEW.TRNSTARTTIME,&lt;br/&gt;                TO_TIMESTAMP(TO_CHAR(SYSTIMESTAMP AT TIME ZONE &apos;GMT&apos;,&apos;YYYY.MM.DD HH24:MI:SS.FF&apos;),&apos;YYYY.MM.DD HH24:MI:SS.FF&apos;),&lt;br/&gt;                TO_TIMESTAMP(TO_CHAR(SYSTIMESTAMP AT TIME ZONE &apos;GMT&apos;,&apos;YYYY.MM.DD HH24:MI:SS.FF&apos;),&apos;YYYY.MM.DD HH24:MI:SS.FF&apos;),&lt;br/&gt;                :NEW.ARCTIME,:NEW.RETENTION,:NEW.TRNENDTIME,&lt;br/&gt;                :NEW.ENDTIME,:NEW.JURISDICTN,:NEW.LOCID,:NEW.QUEUEID,:NEW.SUBLOCID,:NEW.AGENCYID,&lt;br/&gt;                :NEW.FROMUSER,:NEW.FROMTIME,:NEW.FROMGROUP,:NEW.TOTIME,:NEW.TOUSER,:NEW.TOGROUP,&lt;br/&gt;                :NEW.ROUTEDESC,:NEW.PROCESSNAME,&lt;br/&gt;                :NEW.TRNAPPDATE001,:NEW.TRNAPPDATE002,:NEW.TRNAPPDATE003,:NEW.TRNAPPDATE004,:NEW.TRNAPPDATE005,&lt;br/&gt;                :NEW.TRNAPPDEC001,:NEW.TRNAPPDEC002,:NEW.TRNAPPDEC003,:NEW.TRNAPPDEC004,:NEW.TRNAPPDEC005,&lt;br/&gt;                :NEW.TRNAPPINT001,:NEW.TRNAPPINT002,:NEW.TRNAPPINT003,:NEW.TRNAPPINT004,:NEW.TRNAPPINT005,&lt;br/&gt;                :NEW.TRNAPPSTR001,:NEW.TRNAPPSTR002,:NEW.TRNAPPSTR003,:NEW.TRNAPPSTR004,:NEW.TRNAPPSTR005,&lt;br/&gt;                :NEW.TRNAPPSTR006,:NEW.TRNAPPSTR007,:NEW.TRNAPPSTR008,:NEW.TRNAPPSTR009,:NEW.TRNAPPSTR010,&lt;br/&gt;                :NEW.TRNAPPSTR011,:NEW.TRNAPPSTR012,:NEW.TRNAPPSTR013,:NEW.TRNAPPSTR014,:NEW.TRNAPPSTR015,&lt;br/&gt;                :NEW.TRNCUSDATE001,:NEW.TRNCUSDATE002,:NEW.TRNCUSDATE003,:NEW.TRNCUSDATE004,:NEW.TRNCUSDATE005,&lt;br/&gt;                :NEW.TRNCUSDATE006,:NEW.TRNCUSDATE007,:NEW.TRNCUSDATE008,:NEW.TRNCUSDATE009,:NEW.TRNCUSDATE010,&lt;br/&gt;                :NEW.TRNCUSDATE011,:NEW.TRNCUSDATE012,:NEW.TRNCUSDATE013,:NEW.TRNCUSDATE014,:NEW.TRNCUSDATE015,&lt;br/&gt;                :NEW.TRNCUSDEC001,:NEW.TRNCUSDEC002,:NEW.TRNCUSDEC003,:NEW.TRNCUSDEC004,:NEW.TRNCUSDEC005,&lt;br/&gt;                :NEW.TRNCUSINT001,:NEW.TRNCUSINT002,:NEW.TRNCUSINT003,:NEW.TRNCUSINT004,:NEW.TRNCUSINT005,&lt;br/&gt;                :NEW.TRNCUSSTR001,:NEW.TRNCUSSTR002,:NEW.TRNCUSSTR003,:NEW.TRNCUSSTR004,:NEW.TRNCUSSTR005,&lt;br/&gt;                :NEW.TRNCUSSTR006,:NEW.TRNCUSSTR007,:NEW.TRNCUSSTR008,:NEW.TRNCUSSTR009,:NEW.TRNCUSSTR010,&lt;br/&gt;                :NEW.TRNCUSSTR011,:NEW.TRNCUSSTR012,:NEW.TRNCUSSTR013,:NEW.TRNCUSSTR014,:NEW.TRNCUSSTR015,&lt;br/&gt;                :NEW.TRNCUSSTR016,:NEW.TRNCUSSTR017,:NEW.TRNCUSSTR018,:NEW.TRNCUSSTR019,:NEW.TRNCUSSTR020,&lt;br/&gt;                :NEW.ACTION,:NEW.REASON_ID,:NEW.TRNSTATUS,:NEW.TRNRCPTOTAL,:NEW.TRNRCPERR,:NEW.TRNRCPSCH,:NEW.TRNRCPPROC,&lt;br/&gt;                :NEW.TRNBCHTOTAL,:NEW.TRNBCHERR,:NEW.TRNBCHSCH,:NEW.TRNBCHPROC,&lt;br/&gt;                :NEW.TRNDATATYPE,:NEW.TRNDATASIZE,:NEW.TRNDATAREF,:NEW.TRNNAPOLTYPE,:NEW.TRNNAPOLSIZE,:NEW.TRNNAPOLREF,&lt;br/&gt;                :NEW.TRNNAPOLXML,:NEW.TRNNAPOLBLOB,&lt;br/&gt;                :NEW.TRNPRTLOGNAME,:NEW.TRNRETHOLD,:NEW.TRNDOLOG,:NEW.SRCTRN_ID);&lt;br/&gt;        END IF;&lt;br/&gt;     END TRNS_AFTERUPD_TRG;</body>
<triggerTime>AFTER</triggerTime>
<condition>NEW.TRNDOLOG&gt;0</condition>
<owner>0E40B78B-F2AF-F48B-B591-AD46144A4DBD</owner>
<table>1248CA2E-5F0C-5E7E-1B19-7F0E10B19638</table>
</TriggerOraclev10g>