<?xml version = '1.0' encoding = 'UTF-8'?>
<UserOraclev10g class="oracle.dbtools.crest.model.design.storage.oracle.v10g.UserOraclev10g" name="DMKR_ASLINE" directorySegmentName="seg_0" id="0E40B78B-F2AF-F48B-B591-AD46144A4DBD">
<sourceConnName>deepthought</sourceConnName>
<sourceObjName>DMKR_ASLINE</sourceObjName>
<createdBy>calittle</createdBy>
<createdTime>2019-04-17 17:24:50 UTC</createdTime>
<ownerDesignName>ODEE_1262_Design</ownerDesignName>
<schemaObject>8FC895A7-E0A2-11C9-AE90-BEF4CA704C97</schemaObject>
<permissions>
<Permission class="oracle.dbtools.crest.model.design.storage.oracle.v10g.PermissionsOraclev10g" name="Permissions1" id="51E15EAD-4CFF-907E-A3A4-BFF9C6A7D952">
<createdBy>calittle</createdBy>
<createdTime>2019-04-17 17:26:56 UTC</createdTime>
<ownerDesignName>ODEE_1262_Design</ownerDesignName>
<privileges>INSERT, SELECT, UPDATE</privileges>
<table>924B5EE5-C7B9-58C9-0B16-7DC096D58A79</table>
</Permission>
<Permission class="oracle.dbtools.crest.model.design.storage.oracle.v10g.PermissionsOraclev10g" name="Permissions2" id="15070029-F571-CC84-406C-F0AED885C54D">
<createdBy>calittle</createdBy>
<createdTime>2019-04-17 17:26:56 UTC</createdTime>
<ownerDesignName>ODEE_1262_Design</ownerDesignName>
<privileges>SELECT</privileges>
<table>98ED6A7C-350C-9BC5-7C07-EF9C71B1B8A8</table>
</Permission>
<Permission class="oracle.dbtools.crest.model.design.storage.oracle.v10g.PermissionsOraclev10g" name="Permissions3" id="726E9634-0633-BA48-53B7-00E7FDF108AB">
<createdBy>calittle</createdBy>
<createdTime>2019-04-17 17:26:56 UTC</createdTime>
<ownerDesignName>ODEE_1262_Design</ownerDesignName>
<privileges>INSERT, SELECT, UPDATE</privileges>
<table>EC3BAC9C-F460-F86E-318C-7A1E8F679AA5</table>
</Permission>
<Permission class="oracle.dbtools.crest.model.design.storage.oracle.v10g.PermissionsOraclev10g" name="Permissions4" id="B96C83F7-D57F-A243-FCF8-778844BBD7ED">
<createdBy>calittle</createdBy>
<createdTime>2019-04-17 17:26:56 UTC</createdTime>
<ownerDesignName>ODEE_1262_Design</ownerDesignName>
<privileges>SELECT</privileges>
<table>AD6A03EB-BD86-466E-38A8-41B1C4E1EAF4</table>
</Permission>
<Permission class="oracle.dbtools.crest.model.design.storage.oracle.v10g.PermissionsOraclev10g" name="Permissions5" id="B03DE351-1198-8F19-5C22-72D55BE84961">
<createdBy>calittle</createdBy>
<createdTime>2019-04-17 17:26:56 UTC</createdTime>
<ownerDesignName>ODEE_1262_Design</ownerDesignName>
<privileges>INSERT, SELECT</privileges>
<table>252CCD9B-9BE8-DA14-1E79-918064D79D01</table>
</Permission>
<Permission class="oracle.dbtools.crest.model.design.storage.oracle.v10g.PermissionsOraclev10g" name="Permissions6" id="5796E979-1B12-30A3-BAC5-9A6F0F1ABCA5">
<createdBy>calittle</createdBy>
<createdTime>2019-04-17 17:26:56 UTC</createdTime>
<ownerDesignName>ODEE_1262_Design</ownerDesignName>
<privileges>SELECT</privileges>
<table>09E66B5A-516C-1E47-EEDE-697AD9667212</table>
</Permission>
<Permission class="oracle.dbtools.crest.model.design.storage.oracle.v10g.PermissionsOraclev10g" name="Permissions7" id="FAE19427-74E0-3ACC-C3D6-FAF81B1C7F81">
<createdBy>calittle</createdBy>
<createdTime>2019-04-17 17:26:56 UTC</createdTime>
<ownerDesignName>ODEE_1262_Design</ownerDesignName>
<privileges>SELECT</privileges>
<table>493485EC-93DD-E738-0632-F4E90214337A</table>
</Permission>
<Permission class="oracle.dbtools.crest.model.design.storage.oracle.v10g.PermissionsOraclev10g" name="Permissions8" id="1A6875AC-41F2-A2F2-67ED-12DBFB38D52A">
<createdBy>calittle</createdBy>
<createdTime>2019-04-17 17:26:56 UTC</createdTime>
<ownerDesignName>ODEE_1262_Design</ownerDesignName>
<privileges>SELECT</privileges>
<table>B7C1C50A-B635-98EC-F920-D20319D7AEFB</table>
</Permission>
<Permission class="oracle.dbtools.crest.model.design.storage.oracle.v10g.PermissionsOraclev10g" name="Permissions9" id="3CE3DACC-532C-0DCA-7E2C-45D3AD92C94A">
<createdBy>calittle</createdBy>
<createdTime>2019-04-17 17:26:57 UTC</createdTime>
<ownerDesignName>ODEE_1262_Design</ownerDesignName>
<privileges>SELECT</privileges>
<table>BFCF50F8-9677-FF1D-B47C-36103E134933</table>
</Permission>
<Permission class="oracle.dbtools.crest.model.design.storage.oracle.v10g.PermissionsOraclev10g" name="Permissions10" id="9C32DFBE-0960-267E-24AD-A994C3D2AC59">
<createdBy>calittle</createdBy>
<createdTime>2019-04-17 17:26:57 UTC</createdTime>
<ownerDesignName>ODEE_1262_Design</ownerDesignName>
<privileges>SELECT</privileges>
<table>6BE2BE80-18EA-91AA-225B-0A0659653ECC</table>
</Permission>
<Permission class="oracle.dbtools.crest.model.design.storage.oracle.v10g.PermissionsOraclev10g" name="Permissions11" id="66FFBE22-CA7D-5F86-E77F-A7231E80F49E">
<createdBy>calittle</createdBy>
<createdTime>2019-04-17 17:26:57 UTC</createdTime>
<ownerDesignName>ODEE_1262_Design</ownerDesignName>
<privileges>SELECT</privileges>
<table>7EAE13BF-1937-BFC0-9394-B30264F59E15</table>
</Permission>
<Permission class="oracle.dbtools.crest.model.design.storage.oracle.v10g.PermissionsOraclev10g" name="Permissions12" id="3FD4B068-7EBD-B009-CEC8-C76068689B36">
<createdBy>calittle</createdBy>
<createdTime>2019-04-17 17:26:57 UTC</createdTime>
<ownerDesignName>ODEE_1262_Design</ownerDesignName>
<privileges>SELECT</privileges>
<table>976AEC43-91DC-2B53-1334-27354590DFC6</table>
</Permission>
<Permission class="oracle.dbtools.crest.model.design.storage.oracle.v10g.PermissionsOraclev10g" name="Permissions13" id="CBC7A1F8-EDF0-DE27-B69F-084FB99A545B">
<createdBy>calittle</createdBy>
<createdTime>2019-04-17 17:26:57 UTC</createdTime>
<ownerDesignName>ODEE_1262_Design</ownerDesignName>
<privileges>SELECT</privileges>
<table>9156A969-1D96-D2F4-28DB-D24001887235</table>
</Permission>
<Permission class="oracle.dbtools.crest.model.design.storage.oracle.v10g.PermissionsOraclev10g" name="Permissions14" id="23EC5728-C35F-0CD3-1D06-2CC2C8069CA3">
<createdBy>calittle</createdBy>
<createdTime>2019-04-17 17:26:57 UTC</createdTime>
<ownerDesignName>ODEE_1262_Design</ownerDesignName>
<privileges>SELECT</privileges>
<table>399D1643-0DC3-7B96-64D7-2B9BE637C3C5</table>
</Permission>
<Permission class="oracle.dbtools.crest.model.design.storage.oracle.v10g.PermissionsOraclev10g" name="Permissions15" id="D6C4D2DA-9B87-69D9-0B95-9B95F192DD58">
<createdBy>calittle</createdBy>
<createdTime>2019-04-17 17:26:57 UTC</createdTime>
<ownerDesignName>ODEE_1262_Design</ownerDesignName>
<privileges>SELECT</privileges>
<table>9144893F-8AC7-0738-8114-1495E60E93FC</table>
</Permission>
<Permission class="oracle.dbtools.crest.model.design.storage.oracle.v10g.PermissionsOraclev10g" name="Permissions16" id="658C614F-BCDF-DB53-4F0F-737E962BCC6F">
<createdBy>calittle</createdBy>
<createdTime>2019-04-17 17:26:57 UTC</createdTime>
<ownerDesignName>ODEE_1262_Design</ownerDesignName>
<privileges>DELETE, INSERT, SELECT, UPDATE</privileges>
<table>6C2ACDBB-67F3-E2EC-C01E-ED2FDF35F807</table>
</Permission>
<Permission class="oracle.dbtools.crest.model.design.storage.oracle.v10g.PermissionsOraclev10g" name="Permissions17" id="161CB33C-2943-A923-7E96-A7709281C12F">
<createdBy>calittle</createdBy>
<createdTime>2019-04-17 17:26:57 UTC</createdTime>
<ownerDesignName>ODEE_1262_Design</ownerDesignName>
<privileges>SELECT</privileges>
<table>A40A7876-0F05-B548-BCF7-2B8C1BB411BA</table>
</Permission>
<Permission class="oracle.dbtools.crest.model.design.storage.oracle.v10g.PermissionsOraclev10g" name="Permissions18" id="E8353F4F-6EE7-83B3-1481-77CF513868B1">
<createdBy>calittle</createdBy>
<createdTime>2019-04-17 17:26:57 UTC</createdTime>
<ownerDesignName>ODEE_1262_Design</ownerDesignName>
<privileges>SELECT</privileges>
<table>8276AC1D-6490-679C-8E0E-EB4C6712B77A</table>
</Permission>
<Permission class="oracle.dbtools.crest.model.design.storage.oracle.v10g.PermissionsOraclev10g" name="Permissions19" id="C5BEC3A7-BD31-91CB-256E-84BC7BA0164B">
<createdBy>calittle</createdBy>
<createdTime>2019-04-17 17:26:57 UTC</createdTime>
<ownerDesignName>ODEE_1262_Design</ownerDesignName>
<privileges>ALTER, DELETE, INDEX, INSERT, SELECT, UPDATE, REFERENCES, READ, ON COMMIT REFRESH, QUERY REWRITE, DEBUG, FLASHBACK</privileges>
<table>6F0F92AD-0E49-6886-D53D-2A6D13EC90B5</table>
</Permission>
<Permission class="oracle.dbtools.crest.model.design.storage.oracle.v10g.PermissionsOraclev10g" name="Permissions20" id="2C4856A6-473C-2605-7830-E66DD36CA69D">
<createdBy>calittle</createdBy>
<createdTime>2019-04-17 17:26:57 UTC</createdTime>
<ownerDesignName>ODEE_1262_Design</ownerDesignName>
<privileges>ALTER, DELETE, INDEX, INSERT, SELECT, UPDATE, REFERENCES, READ, ON COMMIT REFRESH, QUERY REWRITE, DEBUG, FLASHBACK</privileges>
<table>599ACABA-6658-868A-F028-CD4AE682FA84</table>
</Permission>
<Permission class="oracle.dbtools.crest.model.design.storage.oracle.v10g.PermissionsOraclev10g" name="Permissions21" id="BCFA5D59-FB17-FC97-DC40-F96D08BD6F2F">
<createdBy>calittle</createdBy>
<createdTime>2019-04-17 17:26:57 UTC</createdTime>
<ownerDesignName>ODEE_1262_Design</ownerDesignName>
<privileges>INSERT, SELECT, UPDATE</privileges>
<table>8800F0EA-80F0-BB43-F44D-0E2BAAA46ED2</table>
</Permission>
<Permission class="oracle.dbtools.crest.model.design.storage.oracle.v10g.PermissionsOraclev10g" name="Permissions22" id="A0E02339-FF57-0667-FD78-60557FCA4369">
<createdBy>calittle</createdBy>
<createdTime>2019-04-17 17:26:57 UTC</createdTime>
<ownerDesignName>ODEE_1262_Design</ownerDesignName>
<privileges>SELECT</privileges>
<table>3A74B56F-47BD-81F4-D5B1-242BC236BDDA</table>
</Permission>
<Permission class="oracle.dbtools.crest.model.design.storage.oracle.v10g.PermissionsOraclev10g" name="Permissions23" id="BC689026-8695-2DFD-2217-65CEA1B95170">
<createdBy>calittle</createdBy>
<createdTime>2019-04-17 17:26:57 UTC</createdTime>
<ownerDesignName>ODEE_1262_Design</ownerDesignName>
<privileges>ALTER, DELETE, INDEX, INSERT, SELECT, UPDATE, REFERENCES, READ, ON COMMIT REFRESH, QUERY REWRITE, DEBUG, FLASHBACK</privileges>
<table>CD281AE2-6C7B-FC65-1F17-EE5A4363882F</table>
</Permission>
</permissions>
</UserOraclev10g>