<?xml version = '1.0' encoding = 'UTF-8'?>
<UserOraclev10g class="oracle.dbtools.crest.model.design.storage.oracle.v10g.UserOraclev10g" name="DMKR_ADMIN" directorySegmentName="seg_0" id="C4DD1645-0D5E-926E-53C0-D03150D352EF">
<sourceConnName>deepthought</sourceConnName>
<sourceObjName>DMKR_ADMIN</sourceObjName>
<createdBy>calittle</createdBy>
<createdTime>2019-04-17 17:24:50 UTC</createdTime>
<ownerDesignName>ODEE_1262_Design</ownerDesignName>
<schemaObject>0323F05B-A91A-E5F5-C386-B3516E1DFCEB</schemaObject>
<permissions>
<Permission class="oracle.dbtools.crest.model.design.storage.oracle.v10g.PermissionsOraclev10g" name="Permissions24" id="4B0195A4-8AFA-6938-D5C7-B2916582F315">
<createdBy>calittle</createdBy>
<createdTime>2019-04-17 17:26:57 UTC</createdTime>
<ownerDesignName>ODEE_1262_Design</ownerDesignName>
<privileges>ALTER, DELETE, INDEX, INSERT, SELECT, UPDATE, REFERENCES, READ, ON COMMIT REFRESH, QUERY REWRITE, DEBUG, FLASHBACK</privileges>
<table>2760601E-4DE0-229A-E602-65B56D2AC048</table>
</Permission>
<Permission class="oracle.dbtools.crest.model.design.storage.oracle.v10g.PermissionsOraclev10g" name="Permissions25" id="999D6C9A-B2CF-7161-ECF4-CB310B348865">
<createdBy>calittle</createdBy>
<createdTime>2019-04-17 17:26:57 UTC</createdTime>
<ownerDesignName>ODEE_1262_Design</ownerDesignName>
<privileges>ALTER, DELETE, INDEX, INSERT, SELECT, UPDATE, REFERENCES, READ, ON COMMIT REFRESH, QUERY REWRITE, DEBUG, FLASHBACK</privileges>
<table>536A6B73-4125-118D-79B8-F9098181CEC1</table>
</Permission>
<Permission class="oracle.dbtools.crest.model.design.storage.oracle.v10g.PermissionsOraclev10g" name="Permissions26" id="484C1294-F4C7-8AE4-A175-86185B6A7587">
<createdBy>calittle</createdBy>
<createdTime>2019-04-17 17:26:57 UTC</createdTime>
<ownerDesignName>ODEE_1262_Design</ownerDesignName>
<privileges>ALTER, DELETE, INDEX, INSERT, SELECT, UPDATE, REFERENCES, READ, ON COMMIT REFRESH, QUERY REWRITE, DEBUG, FLASHBACK</privileges>
<table>52D78592-7870-71EC-6C6F-6A532304E9B4</table>
</Permission>
<Permission class="oracle.dbtools.crest.model.design.storage.oracle.v10g.PermissionsOraclev10g" name="Permissions27" id="3147356D-7516-E0F8-E0A5-15FE53036B22">
<createdBy>calittle</createdBy>
<createdTime>2019-04-17 17:26:57 UTC</createdTime>
<ownerDesignName>ODEE_1262_Design</ownerDesignName>
<privileges>ALTER, DELETE, INDEX, INSERT, SELECT, UPDATE, REFERENCES, READ, ON COMMIT REFRESH, QUERY REWRITE, DEBUG, FLASHBACK</privileges>
<table>8CB3DE9F-49D0-D7FD-7F1D-74C319B99BF5</table>
</Permission>
<Permission class="oracle.dbtools.crest.model.design.storage.oracle.v10g.PermissionsOraclev10g" name="Permissions28" id="3F7D2AE8-F42F-3CAE-EC6E-EB94730A9B01">
<createdBy>calittle</createdBy>
<createdTime>2019-04-17 17:26:57 UTC</createdTime>
<ownerDesignName>ODEE_1262_Design</ownerDesignName>
<privileges>ALTER, DELETE, INDEX, INSERT, SELECT, UPDATE, REFERENCES, READ, ON COMMIT REFRESH, QUERY REWRITE, DEBUG, FLASHBACK</privileges>
<table>935AEA45-FB1C-2DF6-3662-5E361F83B476</table>
</Permission>
<Permission class="oracle.dbtools.crest.model.design.storage.oracle.v10g.PermissionsOraclev10g" name="Permissions29" id="054807E8-0706-D829-21B1-1FDB30693478">
<createdBy>calittle</createdBy>
<createdTime>2019-04-17 17:26:57 UTC</createdTime>
<ownerDesignName>ODEE_1262_Design</ownerDesignName>
<privileges>ALTER, DELETE, INDEX, INSERT, SELECT, UPDATE, REFERENCES, READ, ON COMMIT REFRESH, QUERY REWRITE, DEBUG, FLASHBACK</privileges>
<table>6A0DD653-BC9E-BA76-DB8E-38C8DAAA220A</table>
</Permission>
<Permission class="oracle.dbtools.crest.model.design.storage.oracle.v10g.PermissionsOraclev10g" name="Permissions30" id="44613661-D193-EE73-1FF1-7C11F6EFEC9B">
<createdBy>calittle</createdBy>
<createdTime>2019-04-17 17:26:57 UTC</createdTime>
<ownerDesignName>ODEE_1262_Design</ownerDesignName>
<privileges>ALTER, DELETE, INDEX, INSERT, SELECT, UPDATE, REFERENCES, READ, ON COMMIT REFRESH, QUERY REWRITE, DEBUG, FLASHBACK</privileges>
<table>B702D8BD-2553-CF9D-D51F-47960FD0370B</table>
</Permission>
<Permission class="oracle.dbtools.crest.model.design.storage.oracle.v10g.PermissionsOraclev10g" name="Permissions31" id="C935EC54-D8BF-9D6B-E1CB-479858A24D1F">
<createdBy>calittle</createdBy>
<createdTime>2019-04-17 17:26:57 UTC</createdTime>
<ownerDesignName>ODEE_1262_Design</ownerDesignName>
<privileges>ALTER, DELETE, INDEX, INSERT, SELECT, UPDATE, REFERENCES, READ, ON COMMIT REFRESH, QUERY REWRITE, DEBUG, FLASHBACK</privileges>
<table>E8BB72A9-1938-23A2-5384-4EF9F4CC19C6</table>
</Permission>
<Permission class="oracle.dbtools.crest.model.design.storage.oracle.v10g.PermissionsOraclev10g" name="Permissions32" id="4ECDF875-4FFA-7EFF-9BFE-F2B2588E9B3E">
<createdBy>calittle</createdBy>
<createdTime>2019-04-17 17:26:57 UTC</createdTime>
<ownerDesignName>ODEE_1262_Design</ownerDesignName>
<privileges>ALTER, DELETE, INDEX, INSERT, SELECT, UPDATE, REFERENCES, READ, ON COMMIT REFRESH, QUERY REWRITE, DEBUG, FLASHBACK</privileges>
<table>64EF1A2F-8182-0F96-0D37-70B871515D82</table>
</Permission>
<Permission class="oracle.dbtools.crest.model.design.storage.oracle.v10g.PermissionsOraclev10g" name="Permissions33" id="E669ED43-D4A8-1DC3-8186-434A98A3A96D">
<createdBy>calittle</createdBy>
<createdTime>2019-04-17 17:26:57 UTC</createdTime>
<ownerDesignName>ODEE_1262_Design</ownerDesignName>
<privileges>ALTER, DELETE, INDEX, INSERT, SELECT, UPDATE, REFERENCES, READ, ON COMMIT REFRESH, QUERY REWRITE, DEBUG, FLASHBACK</privileges>
<table>4703080E-D8DB-00DD-6ABB-F5B6E8FB2825</table>
</Permission>
<Permission class="oracle.dbtools.crest.model.design.storage.oracle.v10g.PermissionsOraclev10g" name="Permissions34" id="3E39DFEB-089E-B384-601E-0941E29A4211">
<createdBy>calittle</createdBy>
<createdTime>2019-04-17 17:26:57 UTC</createdTime>
<ownerDesignName>ODEE_1262_Design</ownerDesignName>
<privileges>ALTER, DELETE, INDEX, INSERT, SELECT, UPDATE, REFERENCES, READ, ON COMMIT REFRESH, QUERY REWRITE, DEBUG, FLASHBACK</privileges>
<table>2B90F37B-2FB5-E9E1-9708-01A4C76F0E7D</table>
</Permission>
<Permission class="oracle.dbtools.crest.model.design.storage.oracle.v10g.PermissionsOraclev10g" name="Permissions35" id="4354FCAC-4DB3-7DF6-85CE-72F34B31A51F">
<createdBy>calittle</createdBy>
<createdTime>2019-04-17 17:26:57 UTC</createdTime>
<ownerDesignName>ODEE_1262_Design</ownerDesignName>
<privileges>ALTER, DELETE, INDEX, INSERT, SELECT, UPDATE, REFERENCES, READ, ON COMMIT REFRESH, QUERY REWRITE, DEBUG, FLASHBACK</privileges>
<table>6D79007F-4E00-DBA5-5789-8BDDE67E9D3F</table>
</Permission>
<Permission class="oracle.dbtools.crest.model.design.storage.oracle.v10g.PermissionsOraclev10g" name="Permissions36" id="53FDFAAC-8D01-7349-71DE-B0B3CF08D698">
<createdBy>calittle</createdBy>
<createdTime>2019-04-17 17:26:57 UTC</createdTime>
<ownerDesignName>ODEE_1262_Design</ownerDesignName>
<privileges>ALTER, DELETE, INDEX, INSERT, SELECT, UPDATE, REFERENCES, READ, ON COMMIT REFRESH, QUERY REWRITE, DEBUG, FLASHBACK</privileges>
<table>20529563-48EE-BEE0-4F4F-CA5B6D98CDA5</table>
</Permission>
<Permission class="oracle.dbtools.crest.model.design.storage.oracle.v10g.PermissionsOraclev10g" name="Permissions37" id="C29FB845-070C-2DCD-E1B4-39316D7CA8BB">
<createdBy>calittle</createdBy>
<createdTime>2019-04-17 17:26:57 UTC</createdTime>
<ownerDesignName>ODEE_1262_Design</ownerDesignName>
<privileges>ALTER, DELETE, INDEX, INSERT, SELECT, UPDATE, REFERENCES, READ, ON COMMIT REFRESH, QUERY REWRITE, DEBUG, FLASHBACK</privileges>
<table>C8DFC309-8E98-18BB-0F2F-7C1979C737EA</table>
</Permission>
<Permission class="oracle.dbtools.crest.model.design.storage.oracle.v10g.PermissionsOraclev10g" name="Permissions38" id="E478BBEB-F69F-4FE4-04F3-25DFFCCC3948">
<createdBy>calittle</createdBy>
<createdTime>2019-04-17 17:26:57 UTC</createdTime>
<ownerDesignName>ODEE_1262_Design</ownerDesignName>
<privileges>ALTER, DELETE, INDEX, INSERT, SELECT, UPDATE, REFERENCES, READ, ON COMMIT REFRESH, QUERY REWRITE, DEBUG, FLASHBACK</privileges>
<table>4344DD96-AB87-BE9A-CAB3-E3EF3DEE3048</table>
</Permission>
<Permission class="oracle.dbtools.crest.model.design.storage.oracle.v10g.PermissionsOraclev10g" name="Permissions39" id="E18B13BF-0765-88C6-AC34-E286A3440B3E">
<createdBy>calittle</createdBy>
<createdTime>2019-04-17 17:26:57 UTC</createdTime>
<ownerDesignName>ODEE_1262_Design</ownerDesignName>
<privileges>ALTER, DELETE, INDEX, INSERT, SELECT, UPDATE, REFERENCES, READ, ON COMMIT REFRESH, QUERY REWRITE, DEBUG, FLASHBACK</privileges>
<table>7E15AC61-6596-E300-09CA-EEEF249C8C09</table>
</Permission>
<Permission class="oracle.dbtools.crest.model.design.storage.oracle.v10g.PermissionsOraclev10g" name="Permissions40" id="CDA1AE06-6DB6-144B-8077-503488F3314A">
<createdBy>calittle</createdBy>
<createdTime>2019-04-17 17:26:57 UTC</createdTime>
<ownerDesignName>ODEE_1262_Design</ownerDesignName>
<privileges>ALTER, DELETE, INDEX, INSERT, SELECT, UPDATE, REFERENCES, READ, ON COMMIT REFRESH, QUERY REWRITE, DEBUG, FLASHBACK</privileges>
<table>837AAB48-A266-5AEB-CF9C-1C05A9BFF2CB</table>
</Permission>
<Permission class="oracle.dbtools.crest.model.design.storage.oracle.v10g.PermissionsOraclev10g" name="Permissions41" id="ED197EEC-8D53-BAC7-B06F-84D0E72F9E8B">
<createdBy>calittle</createdBy>
<createdTime>2019-04-17 17:26:57 UTC</createdTime>
<ownerDesignName>ODEE_1262_Design</ownerDesignName>
<privileges>ALTER, DELETE, INDEX, INSERT, SELECT, UPDATE, REFERENCES, READ, ON COMMIT REFRESH, QUERY REWRITE, DEBUG, FLASHBACK</privileges>
<table>2CCA7CE5-C53C-4B4C-B04D-19CC04E8DBCC</table>
</Permission>
<Permission class="oracle.dbtools.crest.model.design.storage.oracle.v10g.PermissionsOraclev10g" name="Permissions42" id="B1455312-8034-7742-8B09-19339F15DC1D">
<createdBy>calittle</createdBy>
<createdTime>2019-04-17 17:26:57 UTC</createdTime>
<ownerDesignName>ODEE_1262_Design</ownerDesignName>
<privileges>ALTER, DELETE, INDEX, INSERT, SELECT, UPDATE, REFERENCES, READ, ON COMMIT REFRESH, QUERY REWRITE, DEBUG, FLASHBACK</privileges>
<table>038AF415-30AF-0483-EB96-725FEC505B00</table>
</Permission>
<Permission class="oracle.dbtools.crest.model.design.storage.oracle.v10g.PermissionsOraclev10g" name="Permissions43" id="2A1979B2-1223-DF51-1F6E-F8CFE4578B5B">
<createdBy>calittle</createdBy>
<createdTime>2019-04-17 17:26:57 UTC</createdTime>
<ownerDesignName>ODEE_1262_Design</ownerDesignName>
<privileges>ALTER, DELETE, INDEX, INSERT, SELECT, UPDATE, REFERENCES, READ, ON COMMIT REFRESH, QUERY REWRITE, DEBUG, FLASHBACK</privileges>
<table>2F8E6033-C67B-C215-9A0C-8BAD5E584085</table>
</Permission>
<Permission class="oracle.dbtools.crest.model.design.storage.oracle.v10g.PermissionsOraclev10g" name="Permissions44" id="BB6A09A1-E4C1-F03B-10C5-0C5D0847B7CA">
<createdBy>calittle</createdBy>
<createdTime>2019-04-17 17:26:57 UTC</createdTime>
<ownerDesignName>ODEE_1262_Design</ownerDesignName>
<privileges>ALTER, DELETE, INDEX, INSERT, SELECT, UPDATE, REFERENCES, READ, ON COMMIT REFRESH, QUERY REWRITE, DEBUG, FLASHBACK</privileges>
<table>D2307F6B-3968-449A-604C-37FB73DD79D7</table>
</Permission>
<Permission class="oracle.dbtools.crest.model.design.storage.oracle.v10g.PermissionsOraclev10g" name="Permissions45" id="4E170C2E-B5BE-2B63-2952-D2827E17050D">
<createdBy>calittle</createdBy>
<createdTime>2019-04-17 17:26:57 UTC</createdTime>
<ownerDesignName>ODEE_1262_Design</ownerDesignName>
<privileges>ALTER, DELETE, INDEX, INSERT, SELECT, UPDATE, REFERENCES, READ, ON COMMIT REFRESH, QUERY REWRITE, DEBUG, FLASHBACK</privileges>
<table>531B152F-9DC1-0A9C-D359-98BD4282CD3E</table>
</Permission>
<Permission class="oracle.dbtools.crest.model.design.storage.oracle.v10g.PermissionsOraclev10g" name="Permissions46" id="92CA2157-C02B-A7E4-0F60-C38AA844A8DA">
<createdBy>calittle</createdBy>
<createdTime>2019-04-17 17:26:57 UTC</createdTime>
<ownerDesignName>ODEE_1262_Design</ownerDesignName>
<privileges>ALTER, DELETE, INDEX, INSERT, SELECT, UPDATE, REFERENCES, READ, ON COMMIT REFRESH, QUERY REWRITE, DEBUG, FLASHBACK</privileges>
<table>084181BB-7B1A-8413-32C4-5E0DDE0577BD</table>
</Permission>
<Permission class="oracle.dbtools.crest.model.design.storage.oracle.v10g.PermissionsOraclev10g" name="Permissions47" id="09D59FA6-8CA6-CAE6-2749-C9BED2E53892">
<createdBy>calittle</createdBy>
<createdTime>2019-04-17 17:26:57 UTC</createdTime>
<ownerDesignName>ODEE_1262_Design</ownerDesignName>
<privileges>ALTER, DELETE, INDEX, INSERT, SELECT, UPDATE, REFERENCES, READ, ON COMMIT REFRESH, QUERY REWRITE, DEBUG, FLASHBACK</privileges>
<table>1F64F851-0D08-95DC-DDB7-2885D6D57441</table>
</Permission>
<Permission class="oracle.dbtools.crest.model.design.storage.oracle.v10g.PermissionsOraclev10g" name="Permissions48" id="0D22F3D4-E93F-61D6-E84D-A8A58196579B">
<createdBy>calittle</createdBy>
<createdTime>2019-04-17 17:26:57 UTC</createdTime>
<ownerDesignName>ODEE_1262_Design</ownerDesignName>
<privileges>ALTER, DELETE, INDEX, INSERT, SELECT, UPDATE, REFERENCES, READ, ON COMMIT REFRESH, QUERY REWRITE, DEBUG, FLASHBACK</privileges>
<table>8CF87378-EC7F-E500-2762-0AAEB46C1332</table>
</Permission>
<Permission class="oracle.dbtools.crest.model.design.storage.oracle.v10g.PermissionsOraclev10g" name="Permissions49" id="246C663C-C039-DFBB-E746-16420A9F2390">
<createdBy>calittle</createdBy>
<createdTime>2019-04-17 17:26:57 UTC</createdTime>
<ownerDesignName>ODEE_1262_Design</ownerDesignName>
<privileges>ALTER, DELETE, INDEX, INSERT, SELECT, UPDATE, REFERENCES, READ, ON COMMIT REFRESH, QUERY REWRITE, DEBUG, FLASHBACK</privileges>
<table>35E1A421-536C-8D1F-27F9-59C3A72E3240</table>
</Permission>
<Permission class="oracle.dbtools.crest.model.design.storage.oracle.v10g.PermissionsOraclev10g" name="Permissions50" id="EFF1C4E2-1BD9-2DDD-C217-3FAB2D7E2048">
<createdBy>calittle</createdBy>
<createdTime>2019-04-17 17:26:57 UTC</createdTime>
<ownerDesignName>ODEE_1262_Design</ownerDesignName>
<privileges>ALTER, DELETE, INDEX, INSERT, SELECT, UPDATE, REFERENCES, READ, ON COMMIT REFRESH, QUERY REWRITE, DEBUG, FLASHBACK</privileges>
<table>1AB3B8DA-F521-2A74-28F0-57BCAEE3FE9A</table>
</Permission>
<Permission class="oracle.dbtools.crest.model.design.storage.oracle.v10g.PermissionsOraclev10g" name="Permissions51" id="EB150F34-45C0-CB22-0B10-F9D6916915E8">
<createdBy>calittle</createdBy>
<createdTime>2019-04-17 17:26:57 UTC</createdTime>
<ownerDesignName>ODEE_1262_Design</ownerDesignName>
<privileges>ALTER, DELETE, INDEX, INSERT, SELECT, UPDATE, REFERENCES, READ, ON COMMIT REFRESH, QUERY REWRITE, DEBUG, FLASHBACK</privileges>
<table>1730D7F4-1B10-2A57-5109-0D89A3907D51</table>
</Permission>
<Permission class="oracle.dbtools.crest.model.design.storage.oracle.v10g.PermissionsOraclev10g" name="Permissions52" id="C53CD15B-31D0-452B-6320-060C50B9323F">
<createdBy>calittle</createdBy>
<createdTime>2019-04-17 17:26:57 UTC</createdTime>
<ownerDesignName>ODEE_1262_Design</ownerDesignName>
<privileges>ALTER, DELETE, INDEX, INSERT, SELECT, UPDATE, REFERENCES, READ, ON COMMIT REFRESH, QUERY REWRITE, DEBUG, FLASHBACK</privileges>
<table>972486B1-B415-F368-0360-2BA554B7A579</table>
</Permission>
<Permission class="oracle.dbtools.crest.model.design.storage.oracle.v10g.PermissionsOraclev10g" name="Permissions53" id="F023C072-747E-DDF1-D688-2002DB77DEBE">
<createdBy>calittle</createdBy>
<createdTime>2019-04-17 17:26:57 UTC</createdTime>
<ownerDesignName>ODEE_1262_Design</ownerDesignName>
<privileges>ALTER, DELETE, INDEX, INSERT, SELECT, UPDATE, REFERENCES, READ, ON COMMIT REFRESH, QUERY REWRITE, DEBUG, FLASHBACK</privileges>
<table>DF4216D1-8F93-FA84-23FF-36C7DA848706</table>
</Permission>
<Permission class="oracle.dbtools.crest.model.design.storage.oracle.v10g.PermissionsOraclev10g" name="Permissions54" id="261CA4E3-2B23-F182-81BB-4367D749599C">
<createdBy>calittle</createdBy>
<createdTime>2019-04-17 17:26:57 UTC</createdTime>
<ownerDesignName>ODEE_1262_Design</ownerDesignName>
<privileges>ALTER, DELETE, INDEX, INSERT, SELECT, UPDATE, REFERENCES, READ, ON COMMIT REFRESH, QUERY REWRITE, DEBUG, FLASHBACK</privileges>
<table>652C9265-A574-B2C1-98D3-913489D64A0A</table>
</Permission>
<Permission class="oracle.dbtools.crest.model.design.storage.oracle.v10g.PermissionsOraclev10g" name="Permissions55" id="0DE30A56-8F6E-4D92-2CE8-BAA75100E27A">
<createdBy>calittle</createdBy>
<createdTime>2019-04-17 17:26:57 UTC</createdTime>
<ownerDesignName>ODEE_1262_Design</ownerDesignName>
<privileges>ALTER, DELETE, INDEX, INSERT, SELECT, UPDATE, REFERENCES, READ, ON COMMIT REFRESH, QUERY REWRITE, DEBUG, FLASHBACK</privileges>
<table>ED6084CA-CE22-0003-25A8-2BA65678B4D3</table>
</Permission>
<Permission class="oracle.dbtools.crest.model.design.storage.oracle.v10g.PermissionsOraclev10g" name="Permissions56" id="6383C071-EDCA-9B05-CA19-D630FE9E6069">
<createdBy>calittle</createdBy>
<createdTime>2019-04-17 17:26:57 UTC</createdTime>
<ownerDesignName>ODEE_1262_Design</ownerDesignName>
<privileges>ALTER, DELETE, INDEX, INSERT, SELECT, UPDATE, REFERENCES, READ, ON COMMIT REFRESH, QUERY REWRITE, DEBUG, FLASHBACK</privileges>
<table>535B84B4-22FA-2F5A-74F4-390870CDFA17</table>
</Permission>
<Permission class="oracle.dbtools.crest.model.design.storage.oracle.v10g.PermissionsOraclev10g" name="Permissions57" id="4923C5EC-E00E-DA2F-C3FC-CC0AAF1FEE1F">
<createdBy>calittle</createdBy>
<createdTime>2019-04-17 17:26:57 UTC</createdTime>
<ownerDesignName>ODEE_1262_Design</ownerDesignName>
<privileges>ALTER, DELETE, INDEX, INSERT, SELECT, UPDATE, REFERENCES, READ, ON COMMIT REFRESH, QUERY REWRITE, DEBUG, FLASHBACK</privileges>
<table>F0783854-B7D3-FAB1-61A6-ED6F909063EF</table>
</Permission>
<Permission class="oracle.dbtools.crest.model.design.storage.oracle.v10g.PermissionsOraclev10g" name="Permissions58" id="2AA32E8D-3AEC-8713-90E1-F4FECD4767EC">
<createdBy>calittle</createdBy>
<createdTime>2019-04-17 17:26:57 UTC</createdTime>
<ownerDesignName>ODEE_1262_Design</ownerDesignName>
<privileges>ALTER, DELETE, INDEX, INSERT, SELECT, UPDATE, REFERENCES, READ, ON COMMIT REFRESH, QUERY REWRITE, DEBUG, FLASHBACK</privileges>
<table>138CDBBC-4DD0-D6FC-C708-A9005F499EB0</table>
</Permission>
<Permission class="oracle.dbtools.crest.model.design.storage.oracle.v10g.PermissionsOraclev10g" name="Permissions59" id="076F1EB2-7C66-3D89-A763-ECA29CB6DA78">
<createdBy>calittle</createdBy>
<createdTime>2019-04-17 17:26:57 UTC</createdTime>
<ownerDesignName>ODEE_1262_Design</ownerDesignName>
<privileges>ALTER, DELETE, INDEX, INSERT, SELECT, UPDATE, REFERENCES, READ, ON COMMIT REFRESH, QUERY REWRITE, DEBUG, FLASHBACK</privileges>
<table>97E93533-E973-184E-A0BF-E9F0ECC477EF</table>
</Permission>
<Permission class="oracle.dbtools.crest.model.design.storage.oracle.v10g.PermissionsOraclev10g" name="Permissions60" id="06D2FA5F-0835-E34B-3AE1-DCAB13661F9A">
<createdBy>calittle</createdBy>
<createdTime>2019-04-17 17:26:58 UTC</createdTime>
<ownerDesignName>ODEE_1262_Design</ownerDesignName>
<privileges>ALTER, DELETE, INDEX, INSERT, SELECT, UPDATE, REFERENCES, READ, ON COMMIT REFRESH, QUERY REWRITE, DEBUG, FLASHBACK</privileges>
<table>D3185649-826C-B625-42E7-4BDE840F2666</table>
</Permission>
<Permission class="oracle.dbtools.crest.model.design.storage.oracle.v10g.PermissionsOraclev10g" name="Permissions61" id="88739FCE-FD6E-C3A1-C0F8-6D0BF15095E2">
<createdBy>calittle</createdBy>
<createdTime>2019-04-17 17:26:58 UTC</createdTime>
<ownerDesignName>ODEE_1262_Design</ownerDesignName>
<privileges>ALTER, DELETE, INDEX, INSERT, SELECT, UPDATE, REFERENCES, READ, ON COMMIT REFRESH, QUERY REWRITE, DEBUG, FLASHBACK</privileges>
<table>327B8F3C-0747-8B65-FBF6-32F221DD1DB5</table>
</Permission>
<Permission class="oracle.dbtools.crest.model.design.storage.oracle.v10g.PermissionsOraclev10g" name="Permissions62" id="465587CA-5C93-FA86-28DF-262DA3A0B302">
<createdBy>calittle</createdBy>
<createdTime>2019-04-17 17:26:58 UTC</createdTime>
<ownerDesignName>ODEE_1262_Design</ownerDesignName>
<privileges>ALTER, DELETE, INDEX, INSERT, SELECT, UPDATE, REFERENCES, READ, ON COMMIT REFRESH, QUERY REWRITE, DEBUG, FLASHBACK</privileges>
<table>8DE10102-8541-72B1-A5BC-FBAFF342B5A3</table>
</Permission>
<Permission class="oracle.dbtools.crest.model.design.storage.oracle.v10g.PermissionsOraclev10g" name="Permissions63" id="048B1BBC-E791-D4DB-B3E7-FE34D8A31114">
<createdBy>calittle</createdBy>
<createdTime>2019-04-17 17:26:58 UTC</createdTime>
<ownerDesignName>ODEE_1262_Design</ownerDesignName>
<privileges>ALTER, DELETE, INDEX, INSERT, SELECT, UPDATE, REFERENCES, READ, ON COMMIT REFRESH, QUERY REWRITE, DEBUG, FLASHBACK</privileges>
<table>D4E116DD-C838-127F-D3FF-0D67CA930195</table>
</Permission>
<Permission class="oracle.dbtools.crest.model.design.storage.oracle.v10g.PermissionsOraclev10g" name="Permissions64" id="7021ACE0-1E88-A0AB-CB84-F55C00621E08">
<createdBy>calittle</createdBy>
<createdTime>2019-04-17 17:26:58 UTC</createdTime>
<ownerDesignName>ODEE_1262_Design</ownerDesignName>
<privileges>ALTER, DELETE, INDEX, INSERT, SELECT, UPDATE, REFERENCES, READ, ON COMMIT REFRESH, QUERY REWRITE, DEBUG, FLASHBACK</privileges>
<table>0F5B879F-C3EB-16BD-CB6C-4397E0C17EEE</table>
</Permission>
<Permission class="oracle.dbtools.crest.model.design.storage.oracle.v10g.PermissionsOraclev10g" name="Permissions65" id="7E6D8472-4EF2-5A6F-3350-6A06742299BE">
<createdBy>calittle</createdBy>
<createdTime>2019-04-17 17:26:58 UTC</createdTime>
<ownerDesignName>ODEE_1262_Design</ownerDesignName>
<privileges>ALTER, DELETE, INDEX, INSERT, SELECT, UPDATE, REFERENCES, READ, ON COMMIT REFRESH, QUERY REWRITE, DEBUG, FLASHBACK</privileges>
<table>6C6D5A07-F481-EA22-6B34-3D2D3778FB85</table>
</Permission>
<Permission class="oracle.dbtools.crest.model.design.storage.oracle.v10g.PermissionsOraclev10g" name="Permissions66" id="F00BA2A6-AA49-357E-5B20-364B18ACD711">
<createdBy>calittle</createdBy>
<createdTime>2019-04-17 17:26:58 UTC</createdTime>
<ownerDesignName>ODEE_1262_Design</ownerDesignName>
<privileges>ALTER, DELETE, INDEX, INSERT, SELECT, UPDATE, REFERENCES, READ, ON COMMIT REFRESH, QUERY REWRITE, DEBUG, FLASHBACK</privileges>
<table>287ABEE3-7321-13E6-FBAF-A029C1490FD0</table>
</Permission>
<Permission class="oracle.dbtools.crest.model.design.storage.oracle.v10g.PermissionsOraclev10g" name="Permissions67" id="91B054FC-778C-0D57-4694-EC07C9A52A19">
<createdBy>calittle</createdBy>
<createdTime>2019-04-17 17:26:58 UTC</createdTime>
<ownerDesignName>ODEE_1262_Design</ownerDesignName>
<privileges>ALTER, DELETE, INDEX, INSERT, SELECT, UPDATE, REFERENCES, READ, ON COMMIT REFRESH, QUERY REWRITE, DEBUG, FLASHBACK</privileges>
<table>B9A9110B-9B89-B49F-EC9B-1F2F12A12C5E</table>
</Permission>
<Permission class="oracle.dbtools.crest.model.design.storage.oracle.v10g.PermissionsOraclev10g" name="Permissions68" id="DD1613D1-0BAF-D5EF-43C3-2EF658992F5A">
<createdBy>calittle</createdBy>
<createdTime>2019-04-17 17:26:58 UTC</createdTime>
<ownerDesignName>ODEE_1262_Design</ownerDesignName>
<privileges>ALTER, DELETE, INDEX, INSERT, SELECT, UPDATE, REFERENCES, READ, ON COMMIT REFRESH, QUERY REWRITE, DEBUG, FLASHBACK</privileges>
<table>E24392BD-7C5A-0677-38BF-5ACCC6AAAB8C</table>
</Permission>
<Permission class="oracle.dbtools.crest.model.design.storage.oracle.v10g.PermissionsOraclev10g" name="Permissions69" id="05660089-796F-0062-7664-2C32384AB42B">
<createdBy>calittle</createdBy>
<createdTime>2019-04-17 17:26:58 UTC</createdTime>
<ownerDesignName>ODEE_1262_Design</ownerDesignName>
<privileges>ALTER, DELETE, INDEX, INSERT, SELECT, UPDATE, REFERENCES, READ, ON COMMIT REFRESH, QUERY REWRITE, DEBUG, FLASHBACK</privileges>
<table>1248CA2E-5F0C-5E7E-1B19-7F0E10B19638</table>
</Permission>
<Permission class="oracle.dbtools.crest.model.design.storage.oracle.v10g.PermissionsOraclev10g" name="Permissions70" id="11955515-AC5F-E151-F18C-C004CEC92928">
<createdBy>calittle</createdBy>
<createdTime>2019-04-17 17:26:58 UTC</createdTime>
<ownerDesignName>ODEE_1262_Design</ownerDesignName>
<privileges>ALTER, DELETE, INDEX, INSERT, SELECT, UPDATE, REFERENCES, READ, ON COMMIT REFRESH, QUERY REWRITE, DEBUG, FLASHBACK</privileges>
<table>75200012-E652-87F9-D56A-B9D9F4D1B54A</table>
</Permission>
<Permission class="oracle.dbtools.crest.model.design.storage.oracle.v10g.PermissionsOraclev10g" name="Permissions71" id="DE69C126-329A-AB50-340D-FCE7E9DCACA8">
<createdBy>calittle</createdBy>
<createdTime>2019-04-17 17:26:58 UTC</createdTime>
<ownerDesignName>ODEE_1262_Design</ownerDesignName>
<privileges>ALTER, DELETE, INDEX, INSERT, SELECT, UPDATE, REFERENCES, READ, ON COMMIT REFRESH, QUERY REWRITE, DEBUG, FLASHBACK</privileges>
<table>CE9F80DE-7A11-C4BC-2EF8-A699B304ABE9</table>
</Permission>
<Permission class="oracle.dbtools.crest.model.design.storage.oracle.v10g.PermissionsOraclev10g" name="Permissions72" id="C344CBA1-16F2-E1CA-AC69-DC071CC7EB30">
<createdBy>calittle</createdBy>
<createdTime>2019-04-17 17:26:58 UTC</createdTime>
<ownerDesignName>ODEE_1262_Design</ownerDesignName>
<privileges>ALTER, DELETE, INDEX, INSERT, SELECT, UPDATE, REFERENCES, READ, ON COMMIT REFRESH, QUERY REWRITE, DEBUG, FLASHBACK</privileges>
<table>572A8A69-2B8D-CD62-176A-FE97BCCBADB9</table>
</Permission>
<Permission class="oracle.dbtools.crest.model.design.storage.oracle.v10g.PermissionsOraclev10g" name="Permissions73" id="2245BCDF-0156-58DC-A247-BEF9441E3E23">
<createdBy>calittle</createdBy>
<createdTime>2019-04-17 17:26:58 UTC</createdTime>
<ownerDesignName>ODEE_1262_Design</ownerDesignName>
<privileges>ALTER, DELETE, INDEX, INSERT, SELECT, UPDATE, REFERENCES, READ, ON COMMIT REFRESH, QUERY REWRITE, DEBUG, FLASHBACK</privileges>
<table>A3AB70F1-6F5D-8483-1310-B86B075C43D8</table>
</Permission>
<Permission class="oracle.dbtools.crest.model.design.storage.oracle.v10g.PermissionsOraclev10g" name="Permissions74" id="1666F424-D69C-7CFF-2BAA-A12EA2C49EE7">
<createdBy>calittle</createdBy>
<createdTime>2019-04-17 17:26:58 UTC</createdTime>
<ownerDesignName>ODEE_1262_Design</ownerDesignName>
<privileges>DELETE, INSERT, SELECT, UPDATE, REFERENCES, READ, ON COMMIT REFRESH, QUERY REWRITE, DEBUG, FLASHBACK, MERGE VIEW</privileges>
<view>4D8DA207-49FC-F05F-A794-96B683216E20</view>
</Permission>
<Permission class="oracle.dbtools.crest.model.design.storage.oracle.v10g.PermissionsOraclev10g" name="Permissions75" id="3EF3B8C3-448C-A25F-56AB-76528EE7494C">
<createdBy>calittle</createdBy>
<createdTime>2019-04-17 17:26:58 UTC</createdTime>
<ownerDesignName>ODEE_1262_Design</ownerDesignName>
<privileges>DELETE, INSERT, SELECT, UPDATE, REFERENCES, READ, ON COMMIT REFRESH, QUERY REWRITE, DEBUG, FLASHBACK, MERGE VIEW</privileges>
<view>5D6AD7B8-9805-BD2D-DFD5-FA0BC39B84A7</view>
</Permission>
<Permission class="oracle.dbtools.crest.model.design.storage.oracle.v10g.PermissionsOraclev10g" name="Permissions76" id="9C854CDC-DDF5-4ADB-226B-2BF5B209EABD">
<createdBy>calittle</createdBy>
<createdTime>2019-04-17 17:26:58 UTC</createdTime>
<ownerDesignName>ODEE_1262_Design</ownerDesignName>
<privileges>DELETE, INSERT, SELECT, UPDATE, REFERENCES, READ, ON COMMIT REFRESH, QUERY REWRITE, DEBUG, FLASHBACK, MERGE VIEW</privileges>
<view>0E042ADE-A6AB-63C3-8501-8ED6045849BA</view>
</Permission>
<Permission class="oracle.dbtools.crest.model.design.storage.oracle.v10g.PermissionsOraclev10g" name="Permissions77" id="FB805C57-70BD-C7BD-077D-26203F5268DD">
<createdBy>calittle</createdBy>
<createdTime>2019-04-17 17:26:58 UTC</createdTime>
<ownerDesignName>ODEE_1262_Design</ownerDesignName>
<privileges>DELETE, INSERT, SELECT, UPDATE, REFERENCES, READ, ON COMMIT REFRESH, QUERY REWRITE, DEBUG, FLASHBACK, MERGE VIEW</privileges>
<view>06E3B8C8-FD90-4970-017E-FE11BF00C4B8</view>
</Permission>
<Permission class="oracle.dbtools.crest.model.design.storage.oracle.v10g.PermissionsOraclev10g" name="Permissions78" id="BBDA57B5-C911-C00B-89BF-3D305D1387D4">
<createdBy>calittle</createdBy>
<createdTime>2019-04-17 17:26:58 UTC</createdTime>
<ownerDesignName>ODEE_1262_Design</ownerDesignName>
<privileges>DELETE, INSERT, SELECT, UPDATE, REFERENCES, READ, ON COMMIT REFRESH, QUERY REWRITE, DEBUG, FLASHBACK, MERGE VIEW</privileges>
<view>729F3697-B9BA-B246-1C1F-E152DB5AD45D</view>
</Permission>
<Permission class="oracle.dbtools.crest.model.design.storage.oracle.v10g.PermissionsOraclev10g" name="Permissions79" id="04E49878-946C-EFB8-5B08-4E14E6F388B8">
<createdBy>calittle</createdBy>
<createdTime>2019-04-17 17:26:58 UTC</createdTime>
<ownerDesignName>ODEE_1262_Design</ownerDesignName>
<privileges>DELETE, INSERT, SELECT, UPDATE, REFERENCES, READ, ON COMMIT REFRESH, QUERY REWRITE, DEBUG, FLASHBACK, MERGE VIEW</privileges>
<view>E538EE20-77FD-8319-722B-5352B8EAC62D</view>
</Permission>
<Permission class="oracle.dbtools.crest.model.design.storage.oracle.v10g.PermissionsOraclev10g" name="Permissions80" id="4CD9E345-DB3B-B3D6-9CE3-895A1FAFF73E">
<createdBy>calittle</createdBy>
<createdTime>2019-04-17 17:26:58 UTC</createdTime>
<ownerDesignName>ODEE_1262_Design</ownerDesignName>
<privileges>DELETE, INSERT, SELECT, UPDATE, REFERENCES, READ, ON COMMIT REFRESH, QUERY REWRITE, DEBUG, FLASHBACK, MERGE VIEW</privileges>
<view>AAC6465C-A2F2-564A-D3CB-8CECBFD4BE8A</view>
</Permission>
</permissions>
</UserOraclev10g>