<?xml version = '1.0' encoding = 'UTF-8'?>
<FKIndexAssociation class="oracle.dbtools.crest.model.design.relational.FKIndexAssociation" directorySegmentName="seg_0" id="01C82E99-F8F0-8734-88D4-6DC7ED26C024" name="CATEGORY_FORM_REL1">
<sourceConnName>deepthought</sourceConnName>
<sourceObjSchema>DMKR_ASLINE</sourceObjSchema>
<sourceObjName>CATEGORY_FORM_REL1</sourceObjName>
<createdBy>calittle</createdBy>
<createdTime>2019-04-17 17:26:52 UTC</createdTime>
<ownerDesignName>ODEE_1262_Design</ownerDesignName>
<containerWithKeyObject>2F8E6033-C67B-C215-9A0C-8BAD5E584085</containerWithKeyObject>
<deleteRule>SET NULL</deleteRule>
<localFKIndex>FBD4ADF9-A3E9-8E73-CC5C-C02A5FE084A2</localFKIndex>
<keyObject>1BAFA1E1-27EC-F854-8AC8-30CB933437B9</keyObject>
<mandatory>false</mandatory>
<transferable>true</transferable>
<columnDependencyConstraintGenerateInDDL>true</columnDependencyConstraintGenerateInDDL>
</FKIndexAssociation>