<?xml version = '1.0' encoding = 'UTF-8'?>
<FKIndexAssociation class="oracle.dbtools.crest.model.design.relational.FKIndexAssociation" directorySegmentName="seg_0" id="08C10524-BC46-A90D-A65B-A57B8151A1BC" name="GROUP2_FROM_REL1">
<sourceConnName>deepthought</sourceConnName>
<sourceObjSchema>DMKR_ASLINE</sourceObjSchema>
<sourceObjName>GROUP2_FROM_REL1</sourceObjName>
<createdBy>calittle</createdBy>
<createdTime>2019-04-17 17:26:52 UTC</createdTime>
<ownerDesignName>ODEE_1262_Design</ownerDesignName>
<containerWithKeyObject>2F8E6033-C67B-C215-9A0C-8BAD5E584085</containerWithKeyObject>
<deleteRule>CASCADE</deleteRule>
<localFKIndex>1EB00C99-6CEE-7907-1E48-6C4795BABDAA</localFKIndex>
<keyObject>B2A09B08-53A9-E81E-4A41-CCF44154E7ED</keyObject>
<mandatory>false</mandatory>
<transferable>true</transferable>
<columnDependencyConstraintGenerateInDDL>true</columnDependencyConstraintGenerateInDDL>
</FKIndexAssociation>