<?xml version = '1.0' encoding = 'UTF-8'?>
<FKIndexAssociation class="oracle.dbtools.crest.model.design.relational.FKIndexAssociation" directorySegmentName="seg_0" id="0B0BCB1D-F139-6EA9-4C93-4901584A2EC4" name="DMKR_ABILITIES_TRANSLATIO_FK1">
<sourceConnName>deepthought</sourceConnName>
<sourceObjSchema>DMKR_ADMIN</sourceObjSchema>
<sourceObjName>DMKR_ABILITIES_TRANSLATIO_FK1</sourceObjName>
<createdBy>calittle</createdBy>
<createdTime>2019-04-17 17:26:52 UTC</createdTime>
<ownerDesignName>ODEE_1262_Design</ownerDesignName>
<containerWithKeyObject>493485EC-93DD-E738-0632-F4E90214337A</containerWithKeyObject>
<deleteRule>NO ACTION</deleteRule>
<localFKIndex>F05111C9-7C35-81E6-D90D-5F9605058579</localFKIndex>
<keyObject>6CC39278-0223-AB34-BEB1-587AC6AA4E86</keyObject>
<mandatory>true</mandatory>
<transferable>true</transferable>
<columnDependencyConstraintGenerateInDDL>true</columnDependencyConstraintGenerateInDDL>
</FKIndexAssociation>