<?xml version = '1.0' encoding = 'UTF-8'?>
<FKIndexAssociation class="oracle.dbtools.crest.model.design.relational.FKIndexAssociation" directorySegmentName="seg_0" id="0F47BBE3-3264-8633-FAAE-D67467C3E00D" name="TRNS_RCPS">
<sourceConnName>deepthought</sourceConnName>
<sourceObjSchema>DMKR_ASLINE</sourceObjSchema>
<sourceObjName>TRNS_RCPS</sourceObjName>
<createdBy>calittle</createdBy>
<createdTime>2019-04-17 17:26:52 UTC</createdTime>
<ownerDesignName>ODEE_1262_Design</ownerDesignName>
<containerWithKeyObject>D3185649-826C-B625-42E7-4BDE840F2666</containerWithKeyObject>
<deleteRule>NO ACTION</deleteRule>
<localFKIndex>70C625F2-88D4-E766-16B5-B1B5861A3CD9</localFKIndex>
<keyObject>0253FC48-EC4F-1931-FEFE-A30C69175688</keyObject>
<mandatory>true</mandatory>
<transferable>true</transferable>
<columnDependencyConstraintGenerateInDDL>true</columnDependencyConstraintGenerateInDDL>
</FKIndexAssociation>