<?xml version = '1.0' encoding = 'UTF-8'?>
<FKIndexAssociation class="oracle.dbtools.crest.model.design.relational.FKIndexAssociation" directorySegmentName="seg_0" id="144C1BF5-AC7C-B26C-60B0-6F83293E25DE" name="ATTACHMENTS_FK0">
<sourceConnName>deepthought</sourceConnName>
<sourceObjSchema>DMKR_ASLINE</sourceObjSchema>
<sourceObjName>ATTACHMENTS_FK0</sourceObjName>
<createdBy>calittle</createdBy>
<createdTime>2019-04-17 17:26:52 UTC</createdTime>
<ownerDesignName>ODEE_1262_Design</ownerDesignName>
<containerWithKeyObject>8CB3DE9F-49D0-D7FD-7F1D-74C319B99BF5</containerWithKeyObject>
<deleteRule>CASCADE</deleteRule>
<localFKIndex>5E43AF3F-7942-C84A-4941-97B0F696EE5F</localFKIndex>
<keyObject>D896C300-2B28-D786-7570-448CE57E1EF3</keyObject>
<mandatory>true</mandatory>
<transferable>true</transferable>
<columnDependencyConstraintGenerateInDDL>true</columnDependencyConstraintGenerateInDDL>
</FKIndexAssociation>