<?xml version = '1.0' encoding = 'UTF-8'?>
<FKIndexAssociation class="oracle.dbtools.crest.model.design.relational.FKIndexAssociation" directorySegmentName="seg_0" id="1BF87E14-8B5D-47FE-D7BD-A78CE72B6FBD" name="JOBS_TRNS">
<sourceConnName>deepthought</sourceConnName>
<sourceObjSchema>DMKR_ASLINE</sourceObjSchema>
<sourceObjName>JOBS_TRNS</sourceObjName>
<createdBy>calittle</createdBy>
<createdTime>2019-04-17 17:26:52 UTC</createdTime>
<ownerDesignName>ODEE_1262_Design</ownerDesignName>
<containerWithKeyObject>1248CA2E-5F0C-5E7E-1B19-7F0E10B19638</containerWithKeyObject>
<deleteRule>NO ACTION</deleteRule>
<localFKIndex>4733BBE5-494E-5CB8-8485-AD6B13DFD3FD</localFKIndex>
<keyObject>39AE6EFB-7C27-ED43-6936-35782E75780D</keyObject>
<mandatory>true</mandatory>
<transferable>true</transferable>
<columnDependencyConstraintGenerateInDDL>true</columnDependencyConstraintGenerateInDDL>
</FKIndexAssociation>