<?xml version = '1.0' encoding = 'UTF-8'?>
<FKIndexAssociation class="oracle.dbtools.crest.model.design.relational.FKIndexAssociation" directorySegmentName="seg_0" id="22F49285-0D55-AE2B-18DA-B819A05D3619" name="DMKR_ENTITY_ABILITYSET_FK2">
<sourceConnName>deepthought</sourceConnName>
<sourceObjSchema>DMKR_ADMIN</sourceObjSchema>
<sourceObjName>DMKR_ENTITY_ABILITYSET_FK2</sourceObjName>
<createdBy>calittle</createdBy>
<createdTime>2019-04-17 17:26:52 UTC</createdTime>
<ownerDesignName>ODEE_1262_Design</ownerDesignName>
<containerWithKeyObject>9144893F-8AC7-0738-8114-1495E60E93FC</containerWithKeyObject>
<deleteRule>CASCADE</deleteRule>
<localFKIndex>528CFEF3-681C-6E1F-AFE0-07A7257807F8</localFKIndex>
<keyObject>C0879477-3A58-337C-6770-9036D3E58A48</keyObject>
<mandatory>true</mandatory>
<transferable>true</transferable>
<columnDependencyConstraintGenerateInDDL>true</columnDependencyConstraintGenerateInDDL>
</FKIndexAssociation>