<?xml version = '1.0' encoding = 'UTF-8'?>
<FKIndexAssociation class="oracle.dbtools.crest.model.design.relational.FKIndexAssociation" directorySegmentName="seg_0" id="3AB7E103-FEED-A749-CB7D-45F857190AB5" name="ALS_APPS">
<sourceConnName>deepthought</sourceConnName>
<sourceObjSchema>DMKR_ADMIN</sourceObjSchema>
<sourceObjName>ALS_APPS</sourceObjName>
<createdBy>calittle</createdBy>
<createdTime>2019-04-17 17:26:52 UTC</createdTime>
<ownerDesignName>ODEE_1262_Design</ownerDesignName>
<containerWithKeyObject>AD6A03EB-BD86-466E-38A8-41B1C4E1EAF4</containerWithKeyObject>
<deleteRule>CASCADE</deleteRule>
<localFKIndex>F0262CCE-19CF-E7F1-3E58-4748D73AB008</localFKIndex>
<keyObject>3B67CC47-F060-7F40-E91A-6CC70957A981</keyObject>
<mandatory>true</mandatory>
<transferable>true</transferable>
<columnDependencyConstraintGenerateInDDL>true</columnDependencyConstraintGenerateInDDL>
</FKIndexAssociation>