<?xml version = '1.0' encoding = 'UTF-8'?>
<FKIndexAssociation class="oracle.dbtools.crest.model.design.relational.FKIndexAssociation" directorySegmentName="seg_0" id="5217AC1F-49B4-311B-3A8C-B6F58442AE15" name="SYSS_ALS">
<sourceConnName>deepthought</sourceConnName>
<sourceObjSchema>DMKR_ADMIN</sourceObjSchema>
<sourceObjName>SYSS_ALS</sourceObjName>
<createdBy>calittle</createdBy>
<createdTime>2019-04-17 17:26:52 UTC</createdTime>
<ownerDesignName>ODEE_1262_Design</ownerDesignName>
<containerWithKeyObject>98ED6A7C-350C-9BC5-7C07-EF9C71B1B8A8</containerWithKeyObject>
<deleteRule>CASCADE</deleteRule>
<localFKIndex>C02235D9-691A-C0BE-D581-1122399B04CB</localFKIndex>
<keyObject>FBB4C9C7-ED61-C10E-B810-FBC4188175C1</keyObject>
<mandatory>true</mandatory>
<transferable>true</transferable>
<columnDependencyConstraintGenerateInDDL>true</columnDependencyConstraintGenerateInDDL>
</FKIndexAssociation>