<?xml version = '1.0' encoding = 'UTF-8'?>
<FKIndexAssociation class="oracle.dbtools.crest.model.design.relational.FKIndexAssociation" directorySegmentName="seg_0" id="562759C5-5136-BB72-7AED-AC2ABDCDA17A" name="ATTACHMENTS_REL1">
<sourceConnName>deepthought</sourceConnName>
<sourceObjSchema>DMKR_ASLINE</sourceObjSchema>
<sourceObjName>ATTACHMENTS_REL1</sourceObjName>
<createdBy>calittle</createdBy>
<createdTime>2019-04-17 17:26:52 UTC</createdTime>
<ownerDesignName>ODEE_1262_Design</ownerDesignName>
<containerWithKeyObject>6C6D5A07-F481-EA22-6B34-3D2D3778FB85</containerWithKeyObject>
<deleteRule>CASCADE</deleteRule>
<localFKIndex>26E2F646-2851-3C6F-0200-DC6AD4020C81</localFKIndex>
<keyObject>D76A4D04-D5D9-C085-871F-9D295D449822</keyObject>
<mandatory>true</mandatory>
<transferable>true</transferable>
<columnDependencyConstraintGenerateInDDL>true</columnDependencyConstraintGenerateInDDL>
</FKIndexAssociation>