<?xml version = '1.0' encoding = 'UTF-8'?>
<FKIndexAssociation class="oracle.dbtools.crest.model.design.relational.FKIndexAssociation" directorySegmentName="seg_0" id="62F60633-1C42-A3AE-4F44-E46D0BBA8930" name="RECIPIENT_FORM_REL1">
<sourceConnName>deepthought</sourceConnName>
<sourceObjSchema>DMKR_ASLINE</sourceObjSchema>
<sourceObjName>RECIPIENT_FORM_REL1</sourceObjName>
<createdBy>calittle</createdBy>
<createdTime>2019-04-17 17:26:52 UTC</createdTime>
<ownerDesignName>ODEE_1262_Design</ownerDesignName>
<containerWithKeyObject>8DE10102-8541-72B1-A5BC-FBAFF342B5A3</containerWithKeyObject>
<deleteRule>CASCADE</deleteRule>
<localFKIndex>E4545288-BFCE-7130-1F9E-EEB7D0C80347</localFKIndex>
<keyObject>3D8D2D51-B06A-359C-4C39-79EAB2CE9BB2</keyObject>
<mandatory>false</mandatory>
<transferable>true</transferable>
<columnDependencyConstraintGenerateInDDL>true</columnDependencyConstraintGenerateInDDL>
</FKIndexAssociation>