<?xml version = '1.0' encoding = 'UTF-8'?>
<FKIndexAssociation class="oracle.dbtools.crest.model.design.relational.FKIndexAssociation" directorySegmentName="seg_0" id="68651296-4621-9371-A520-E9E1D6EEFFE6" name="DMKR_APPRLEVELSENTITIES_FK1">
<sourceConnName>deepthought</sourceConnName>
<sourceObjSchema>DMKR_ADMIN</sourceObjSchema>
<sourceObjName>DMKR_APPRLEVELSENTITIES_FK1</sourceObjName>
<createdBy>calittle</createdBy>
<createdTime>2019-04-17 17:26:52 UTC</createdTime>
<ownerDesignName>ODEE_1262_Design</ownerDesignName>
<containerWithKeyObject>7EAE13BF-1937-BFC0-9394-B30264F59E15</containerWithKeyObject>
<deleteRule>CASCADE</deleteRule>
<localFKIndex>7E696157-8175-BD1A-B7A2-0E87D714B507</localFKIndex>
<keyObject>D4694D3C-142F-8670-BFFE-0E2584D22460</keyObject>
<mandatory>false</mandatory>
<transferable>true</transferable>
<columnDependencyConstraintGenerateInDDL>true</columnDependencyConstraintGenerateInDDL>
</FKIndexAssociation>