<?xml version = '1.0' encoding = 'UTF-8'?>
<FKIndexAssociation class="oracle.dbtools.crest.model.design.relational.FKIndexAssociation" directorySegmentName="seg_0" id="6CB29F5D-6BAC-AC4D-BEE0-43869E9CF71B" name="DMKR_APPLICATION_ABILITY_FK1">
<sourceConnName>deepthought</sourceConnName>
<sourceObjSchema>DMKR_ADMIN</sourceObjSchema>
<sourceObjName>DMKR_APPLICATION_ABILITY_FK1</sourceObjName>
<createdBy>calittle</createdBy>
<createdTime>2019-04-17 17:26:52 UTC</createdTime>
<ownerDesignName>ODEE_1262_Design</ownerDesignName>
<containerWithKeyObject>B78D8116-D318-B651-FC2F-E4FC327D13A0</containerWithKeyObject>
<deleteRule>NO ACTION</deleteRule>
<localFKIndex>4C7F625A-E818-1647-2709-27944953F97D</localFKIndex>
<keyObject>6CC39278-0223-AB34-BEB1-587AC6AA4E86</keyObject>
<mandatory>true</mandatory>
<transferable>true</transferable>
<columnDependencyConstraintGenerateInDDL>true</columnDependencyConstraintGenerateInDDL>
</FKIndexAssociation>