<?xml version = '1.0' encoding = 'UTF-8'?>
<FKIndexAssociation class="oracle.dbtools.crest.model.design.relational.FKIndexAssociation" directorySegmentName="seg_0" id="7272934A-146B-6DFD-DEC7-78EEDAC1B46D" name="CATEGORY_MRL_REL1">
<sourceConnName>deepthought</sourceConnName>
<sourceObjSchema>DMKR_ASLINE</sourceObjSchema>
<sourceObjName>CATEGORY_MRL_REL1</sourceObjName>
<createdBy>calittle</createdBy>
<createdTime>2019-04-17 17:26:52 UTC</createdTime>
<ownerDesignName>ODEE_1262_Design</ownerDesignName>
<containerWithKeyObject>4703080E-D8DB-00DD-6ABB-F5B6E8FB2825</containerWithKeyObject>
<deleteRule>CASCADE</deleteRule>
<localFKIndex>119B9DF0-EA51-8FE3-7B77-4BF1655099CB</localFKIndex>
<keyObject>229B3CA4-6DE1-6349-9819-6B219A4D901C</keyObject>
<mandatory>false</mandatory>
<transferable>true</transferable>
<columnDependencyConstraintGenerateInDDL>true</columnDependencyConstraintGenerateInDDL>
</FKIndexAssociation>