<?xml version = '1.0' encoding = 'UTF-8'?>
<FKIndexAssociation class="oracle.dbtools.crest.model.design.relational.FKIndexAssociation" directorySegmentName="seg_0" id="7E5C073C-E9A4-447B-D803-F2E132C364B7" name="SELECTED_FORM_FK0">
<sourceConnName>deepthought</sourceConnName>
<sourceObjSchema>DMKR_ASLINE</sourceObjSchema>
<sourceObjName>SELECTED_FORM_FK0</sourceObjName>
<createdBy>calittle</createdBy>
<createdTime>2019-04-17 17:26:52 UTC</createdTime>
<ownerDesignName>ODEE_1262_Design</ownerDesignName>
<containerWithKeyObject>0F5B879F-C3EB-16BD-CB6C-4397E0C17EEE</containerWithKeyObject>
<deleteRule>CASCADE</deleteRule>
<localFKIndex>25D3281A-2645-32F0-EEFC-183F7B871FD0</localFKIndex>
<keyObject>D896C300-2B28-D786-7570-448CE57E1EF3</keyObject>
<mandatory>true</mandatory>
<transferable>true</transferable>
<columnDependencyConstraintGenerateInDDL>true</columnDependencyConstraintGenerateInDDL>
</FKIndexAssociation>