<?xml version = '1.0' encoding = 'UTF-8'?>
<FKIndexAssociation class="oracle.dbtools.crest.model.design.relational.FKIndexAssociation" directorySegmentName="seg_0" id="7E9815DD-A3B7-1E6B-1D9D-1FDAE2A32733" name="SELECTED_RECIP_FK0">
<sourceConnName>deepthought</sourceConnName>
<sourceObjSchema>DMKR_ASLINE</sourceObjSchema>
<sourceObjName>SELECTED_RECIP_FK0</sourceObjName>
<createdBy>calittle</createdBy>
<createdTime>2019-04-17 17:26:52 UTC</createdTime>
<ownerDesignName>ODEE_1262_Design</ownerDesignName>
<containerWithKeyObject>287ABEE3-7321-13E6-FBAF-A029C1490FD0</containerWithKeyObject>
<deleteRule>CASCADE</deleteRule>
<localFKIndex>32EEF1D5-10E3-D0E4-2F70-609F5D716A05</localFKIndex>
<keyObject>82847C01-5836-9543-977C-85C10CBD10F3</keyObject>
<mandatory>true</mandatory>
<transferable>true</transferable>
<columnDependencyConstraintGenerateInDDL>true</columnDependencyConstraintGenerateInDDL>
</FKIndexAssociation>