<?xml version = '1.0' encoding = 'UTF-8'?>
<FKIndexAssociation class="oracle.dbtools.crest.model.design.relational.FKIndexAssociation" directorySegmentName="seg_0" id="90AFAC5A-42F6-2360-5A20-6986926178AA" name="GROUP1_GROUP2">
<sourceConnName>deepthought</sourceConnName>
<sourceObjSchema>DMKR_ASLINE</sourceObjSchema>
<sourceObjName>GROUP1_GROUP2</sourceObjName>
<createdBy>calittle</createdBy>
<createdTime>2019-04-17 17:26:52 UTC</createdTime>
<ownerDesignName>ODEE_1262_Design</ownerDesignName>
<containerWithKeyObject>084181BB-7B1A-8413-32C4-5E0DDE0577BD</containerWithKeyObject>
<deleteRule>CASCADE</deleteRule>
<localFKIndex>FDE6D672-62AE-10E0-A183-589263D23FBB</localFKIndex>
<keyObject>B140D98C-4A72-37EA-C91E-D13E7D2CAD94</keyObject>
<mandatory>true</mandatory>
<transferable>true</transferable>
<columnDependencyConstraintGenerateInDDL>true</columnDependencyConstraintGenerateInDDL>
</FKIndexAssociation>