<?xml version = '1.0' encoding = 'UTF-8'?>
<FKIndexAssociation class="oracle.dbtools.crest.model.design.relational.FKIndexAssociation" directorySegmentName="seg_0" id="9B11EB1F-2C90-6C74-4E54-D1A2CB08490B" name="ADDRESSEE_FK0">
<sourceConnName>deepthought</sourceConnName>
<sourceObjSchema>DMKR_ASLINE</sourceObjSchema>
<sourceObjName>ADDRESSEE_FK0</sourceObjName>
<createdBy>calittle</createdBy>
<createdTime>2019-04-17 17:26:52 UTC</createdTime>
<ownerDesignName>ODEE_1262_Design</ownerDesignName>
<containerWithKeyObject>2760601E-4DE0-229A-E602-65B56D2AC048</containerWithKeyObject>
<deleteRule>CASCADE</deleteRule>
<localFKIndex>5FC30F05-5E5C-75D3-8237-8EF893161544</localFKIndex>
<keyObject>D896C300-2B28-D786-7570-448CE57E1EF3</keyObject>
<mandatory>true</mandatory>
<transferable>true</transferable>
<columnDependencyConstraintGenerateInDDL>true</columnDependencyConstraintGenerateInDDL>
</FKIndexAssociation>