<?xml version = '1.0' encoding = 'UTF-8'?>
<FKIndexAssociation class="oracle.dbtools.crest.model.design.relational.FKIndexAssociation" directorySegmentName="seg_0" id="A009E8CF-743F-A778-98CB-392054062750" name="DMKR_ENTITY_TO_ENTITY_FK2">
<sourceConnName>deepthought</sourceConnName>
<sourceObjSchema>DMKR_ADMIN</sourceObjSchema>
<sourceObjName>DMKR_ENTITY_TO_ENTITY_FK2</sourceObjName>
<createdBy>calittle</createdBy>
<createdTime>2019-04-17 17:26:52 UTC</createdTime>
<ownerDesignName>ODEE_1262_Design</ownerDesignName>
<containerWithKeyObject>A40A7876-0F05-B548-BCF7-2B8C1BB411BA</containerWithKeyObject>
<deleteRule>CASCADE</deleteRule>
<localFKIndex>F888C1FA-F686-4F1A-E100-C6C15DD552F6</localFKIndex>
<keyObject>2EFE40AC-C5BD-5E52-9AD1-E1FC37B79FCD</keyObject>
<mandatory>true</mandatory>
<transferable>true</transferable>
<columnDependencyConstraintGenerateInDDL>true</columnDependencyConstraintGenerateInDDL>
</FKIndexAssociation>