<?xml version = '1.0' encoding = 'UTF-8'?>
<FKIndexAssociation class="oracle.dbtools.crest.model.design.relational.FKIndexAssociation" directorySegmentName="seg_0" id="A9BD75EB-36DC-56C8-26EC-B69D52362B4F" name="DMKR_ENTITY_TO_ENTITY_FK1">
<sourceConnName>deepthought</sourceConnName>
<sourceObjSchema>DMKR_ADMIN</sourceObjSchema>
<sourceObjName>DMKR_ENTITY_TO_ENTITY_FK1</sourceObjName>
<createdBy>calittle</createdBy>
<createdTime>2019-04-17 17:26:52 UTC</createdTime>
<ownerDesignName>ODEE_1262_Design</ownerDesignName>
<containerWithKeyObject>A40A7876-0F05-B548-BCF7-2B8C1BB411BA</containerWithKeyObject>
<deleteRule>CASCADE</deleteRule>
<localFKIndex>BE1E0738-D355-A097-FD35-89E360493CEB</localFKIndex>
<keyObject>2EFE40AC-C5BD-5E52-9AD1-E1FC37B79FCD</keyObject>
<mandatory>true</mandatory>
<transferable>true</transferable>
<columnDependencyConstraintGenerateInDDL>true</columnDependencyConstraintGenerateInDDL>
</FKIndexAssociation>