<?xml version = '1.0' encoding = 'UTF-8'?>
<FKIndexAssociation class="oracle.dbtools.crest.model.design.relational.FKIndexAssociation" directorySegmentName="seg_0" id="B167229B-ACDB-8822-670B-F9A06105BABF" name="PRTPHYS_PRTPHYCFGS">
<sourceConnName>deepthought</sourceConnName>
<sourceObjSchema>DMKR_ASLINE</sourceObjSchema>
<sourceObjName>PRTPHYS_PRTPHYCFGS</sourceObjName>
<createdBy>calittle</createdBy>
<createdTime>2019-04-17 17:26:52 UTC</createdTime>
<ownerDesignName>ODEE_1262_Design</ownerDesignName>
<containerWithKeyObject>ED6084CA-CE22-0003-25A8-2BA65678B4D3</containerWithKeyObject>
<deleteRule>CASCADE</deleteRule>
<localFKIndex>FE1AB93F-0314-186D-5C9B-43F1F4642EA3</localFKIndex>
<keyObject>2EA485E5-54A9-40A6-2BA0-4F223763AE94</keyObject>
<mandatory>true</mandatory>
<transferable>true</transferable>
<columnDependencyConstraintGenerateInDDL>true</columnDependencyConstraintGenerateInDDL>
</FKIndexAssociation>