<?xml version = '1.0' encoding = 'UTF-8'?>
<FKIndexAssociation class="oracle.dbtools.crest.model.design.relational.FKIndexAssociation" directorySegmentName="seg_0" id="C7B5003C-37B8-66C9-A9E0-201729C9E2BD" name="SYSS_SYSCFGCTX">
<sourceConnName>deepthought</sourceConnName>
<sourceObjSchema>DMKR_ADMIN</sourceObjSchema>
<sourceObjName>SYSS_SYSCFGCTX</sourceObjName>
<createdBy>calittle</createdBy>
<createdTime>2019-04-17 17:26:52 UTC</createdTime>
<ownerDesignName>ODEE_1262_Design</ownerDesignName>
<containerWithKeyObject>8800F0EA-80F0-BB43-F44D-0E2BAAA46ED2</containerWithKeyObject>
<deleteRule>CASCADE</deleteRule>
<localFKIndex>FA597189-097C-5C4F-8F71-7FB8178C8016</localFKIndex>
<keyObject>FBB4C9C7-ED61-C10E-B810-FBC4188175C1</keyObject>
<mandatory>true</mandatory>
<transferable>true</transferable>
<columnDependencyConstraintGenerateInDDL>true</columnDependencyConstraintGenerateInDDL>
</FKIndexAssociation>