<?xml version = '1.0' encoding = 'UTF-8'?>
<FKIndexAssociation class="oracle.dbtools.crest.model.design.relational.FKIndexAssociation" directorySegmentName="seg_0" id="D13A5B03-48FA-ADAD-C279-54191EA25F86" name="BCHS_PUB">
<sourceConnName>deepthought</sourceConnName>
<sourceObjSchema>DMKR_ASLINE</sourceObjSchema>
<sourceObjName>BCHS_PUB</sourceObjName>
<createdBy>calittle</createdBy>
<createdTime>2019-04-17 17:26:52 UTC</createdTime>
<ownerDesignName>ODEE_1262_Design</ownerDesignName>
<containerWithKeyObject>138CDBBC-4DD0-D6FC-C708-A9005F499EB0</containerWithKeyObject>
<deleteRule>NO ACTION</deleteRule>
<localFKIndex>62E83D89-9DD8-692C-AB6E-778AE3E88288</localFKIndex>
<keyObject>86FA3A13-35C8-4389-7F48-01DF3F3AC1AA</keyObject>
<mandatory>true</mandatory>
<transferable>true</transferable>
<columnDependencyConstraintGenerateInDDL>true</columnDependencyConstraintGenerateInDDL>
</FKIndexAssociation>