<?xml version = '1.0' encoding = 'UTF-8'?>
<FKIndexAssociation class="oracle.dbtools.crest.model.design.relational.FKIndexAssociation" directorySegmentName="seg_0" id="DE29BFB5-20F7-B67D-C6FA-087C049A5C8E" name="MRLCONFIG_GROUP1_REL1">
<sourceConnName>deepthought</sourceConnName>
<sourceObjSchema>DMKR_ASLINE</sourceObjSchema>
<sourceObjName>MRLCONFIG_GROUP1_REL1</sourceObjName>
<createdBy>calittle</createdBy>
<createdTime>2019-04-17 17:26:52 UTC</createdTime>
<ownerDesignName>ODEE_1262_Design</ownerDesignName>
<containerWithKeyObject>531B152F-9DC1-0A9C-D359-98BD4282CD3E</containerWithKeyObject>
<deleteRule>CASCADE</deleteRule>
<localFKIndex>48157624-7068-0D1B-77AD-FB3299E0C882</localFKIndex>
<keyObject>229B3CA4-6DE1-6349-9819-6B219A4D901C</keyObject>
<mandatory>false</mandatory>
<transferable>true</transferable>
<columnDependencyConstraintGenerateInDDL>true</columnDependencyConstraintGenerateInDDL>
</FKIndexAssociation>