<?xml version = '1.0' encoding = 'UTF-8'?>
<FKIndexAssociation class="oracle.dbtools.crest.model.design.relational.FKIndexAssociation" directorySegmentName="seg_0" id="E6EAD581-31AE-77D3-2D1F-22EB64CA6ED3" name="PRTLOGICS_PRTPHYS">
<sourceConnName>deepthought</sourceConnName>
<sourceObjSchema>DMKR_ASLINE</sourceObjSchema>
<sourceObjName>PRTLOGICS_PRTPHYS</sourceObjName>
<createdBy>calittle</createdBy>
<createdTime>2019-04-17 17:26:52 UTC</createdTime>
<ownerDesignName>ODEE_1262_Design</ownerDesignName>
<containerWithKeyObject>535B84B4-22FA-2F5A-74F4-390870CDFA17</containerWithKeyObject>
<deleteRule>CASCADE</deleteRule>
<localFKIndex>E8196E8C-D023-0647-8C67-3A43CF86094E</localFKIndex>
<keyObject>F8C4DD3A-D8E6-4C86-E0FD-1BBF4262EACB</keyObject>
<mandatory>true</mandatory>
<transferable>true</transferable>
<columnDependencyConstraintGenerateInDDL>true</columnDependencyConstraintGenerateInDDL>
</FKIndexAssociation>