<?xml version = '1.0' encoding = 'UTF-8'?>
<FKIndexAssociation class="oracle.dbtools.crest.model.design.relational.FKIndexAssociation" directorySegmentName="seg_0" id="ECD45481-DC80-3489-8E89-F1E29B7C63AE" name="DMKR_ABILITYSET_ABILIITY_FK2">
<sourceConnName>deepthought</sourceConnName>
<sourceObjSchema>DMKR_ADMIN</sourceObjSchema>
<sourceObjName>DMKR_ABILITYSET_ABILIITY_FK2</sourceObjName>
<createdBy>calittle</createdBy>
<createdTime>2019-04-17 17:26:52 UTC</createdTime>
<ownerDesignName>ODEE_1262_Design</ownerDesignName>
<containerWithKeyObject>BFCF50F8-9677-FF1D-B47C-36103E134933</containerWithKeyObject>
<deleteRule>CASCADE</deleteRule>
<localFKIndex>953E154C-C2AB-F3D6-E72C-C45F85035C7B</localFKIndex>
<keyObject>C0879477-3A58-337C-6770-9036D3E58A48</keyObject>
<mandatory>true</mandatory>
<transferable>true</transferable>
<columnDependencyConstraintGenerateInDDL>true</columnDependencyConstraintGenerateInDDL>
</FKIndexAssociation>