<?xml version = '1.0' encoding = 'UTF-8'?>
<TableProxyOraclev11g class="oracle.dbtools.crest.model.design.storage.oracle.v11g.TableProxyOraclev11g" name="FAV_FORM" directorySegmentName="seg_0" id="038AF415-30AF-0483-EB96-725FEC505B00">
<createdBy>calittle</createdBy>
<createdTime>2019-04-17 17:25:43 UTC</createdTime>
<ownerDesignName>ODEE_1262_Design</ownerDesignName>
<schemaObject>8FC895A7-E0A2-11C9-AE90-BEF4CA704C97</schemaObject>
<logging>YES</logging>
<partitionedRowMovement>DISABLE</partitionedRowMovement>
<segment>C8C5DB75-8387-101B-E298-3461B2B213FB</segment>
<tableSpace>B4FE7603-2423-0888-71C6-BC38EA367033</tableSpace>
<temporaryChanged>false</temporaryChanged>
<accessDriverType>oracle_loader</accessDriverType>
<rejectLimit></rejectLimit>
<indexProxies>
<IndexProxy class="oracle.dbtools.crest.model.design.storage.oracle.v10g.IndexProxyOraclev10g" name="PK_FAV_FORM" id="A6AE4630-7A1C-E6C1-B30F-9EBEBD0F215A">
<createdBy>calittle</createdBy>
<createdTime>2019-04-17 17:26:48 UTC</createdTime>
<ownerDesignName>ODEE_1262_Design</ownerDesignName>
<schemaObject>8FC895A7-E0A2-11C9-AE90-BEF4CA704C97</schemaObject>
<segment>40B3AC24-9CF5-8A2D-F82F-B2CD0FB5CAA2</segment>
<tableSpace>B4FE7603-2423-0888-71C6-BC38EA367033</tableSpace>
</IndexProxy>
</indexProxies>
<columnProxies itemClass="oracle.dbtools.crest.model.design.storage.oracle.v12c.ColumnProxyOraclev12c">
<ColumnProxy name="NAME1" id="210D3C0D-3A69-1885-8BBD-FA074D598291">
<createdBy>calittle</createdBy>
<createdTime>2019-04-17 17:26:35 UTC</createdTime>
<ownerDesignName>ODEE_1262_Design</ownerDesignName>
</ColumnProxy>
<ColumnProxy name="NAME" id="3A3933F2-C3A4-6F12-EC55-332D4625FB45">
<createdBy>calittle</createdBy>
<createdTime>2019-04-17 17:26:35 UTC</createdTime>
<ownerDesignName>ODEE_1262_Design</ownerDesignName>
</ColumnProxy>
<ColumnProxy name="GROUP3" id="45D3CF77-BB46-37F4-4F69-629D007D490C">
<createdBy>calittle</createdBy>
<createdTime>2019-04-17 17:26:35 UTC</createdTime>
<ownerDesignName>ODEE_1262_Design</ownerDesignName>
</ColumnProxy>
<ColumnProxy name="NAME2" id="759AC8E3-B11B-4915-B100-248018FC5AAB">
<createdBy>calittle</createdBy>
<createdTime>2019-04-17 17:26:35 UTC</createdTime>
<ownerDesignName>ODEE_1262_Design</ownerDesignName>
</ColumnProxy>
<ColumnProxy name="CONFIG" id="8A4BF6B3-F0E7-4CF8-5FE8-85E0AB2195C4">
<createdBy>calittle</createdBy>
<createdTime>2019-04-17 17:26:35 UTC</createdTime>
<ownerDesignName>ODEE_1262_Design</ownerDesignName>
</ColumnProxy>
<ColumnProxy name="USERID" id="8ADAB459-BDB3-BE30-B76C-9459B6D63A6D">
<createdBy>calittle</createdBy>
<createdTime>2019-04-17 17:26:35 UTC</createdTime>
<ownerDesignName>ODEE_1262_Design</ownerDesignName>
</ColumnProxy>
<ColumnProxy name="LISTNAME" id="A9F76A95-319A-5CEC-0BDE-38366590081D">
<createdBy>calittle</createdBy>
<createdTime>2019-04-17 17:26:35 UTC</createdTime>
<ownerDesignName>ODEE_1262_Design</ownerDesignName>
</ColumnProxy>
</columnProxies>
<primaryKeys>
<PrimaryKey class="oracle.dbtools.crest.model.design.storage.oracle.v10g.PKProxyOraclev10g" name="PK_FAV_FORM" id="6C9DCDC4-5EDB-BF79-0DF4-93991FBF2E9C">
<createdBy>calittle</createdBy>
<createdTime>2019-04-17 17:26:50 UTC</createdTime>
<ownerDesignName>ODEE_1262_Design</ownerDesignName>
<segment>40B3AC24-9CF5-8A2D-F82F-B2CD0FB5CAA2</segment>
<tableSpace>B4FE7603-2423-0888-71C6-BC38EA367033</tableSpace>
<existingIndex>A6AE4630-7A1C-E6C1-B30F-9EBEBD0F215A</existingIndex>
<indexSegment>40B3AC24-9CF5-8A2D-F82F-B2CD0FB5CAA2</indexSegment>
<indexSort>SORTED</indexSort>
<usingIndex>BY INDEX NAME</usingIndex>
</PrimaryKey>
</primaryKeys>
</TableProxyOraclev11g>