<?xml version = '1.0' encoding = 'UTF-8'?>
<TableProxyOraclev11g class="oracle.dbtools.crest.model.design.storage.oracle.v11g.TableProxyOraclev11g" name="SELECTED_FORM" directorySegmentName="seg_0" id="0F5B879F-C3EB-16BD-CB6C-4397E0C17EEE">
<createdBy>calittle</createdBy>
<createdTime>2019-04-17 17:26:09 UTC</createdTime>
<ownerDesignName>ODEE_1262_Design</ownerDesignName>
<schemaObject>8FC895A7-E0A2-11C9-AE90-BEF4CA704C97</schemaObject>
<logging>YES</logging>
<partitionedRowMovement>DISABLE</partitionedRowMovement>
<segment>4AC90395-2168-6C73-9206-B942356832F0</segment>
<tableSpace>B4FE7603-2423-0888-71C6-BC38EA367033</tableSpace>
<temporaryChanged>false</temporaryChanged>
<accessDriverType>oracle_loader</accessDriverType>
<rejectLimit></rejectLimit>
<indexProxies>
<IndexProxy class="oracle.dbtools.crest.model.design.storage.oracle.v10g.IndexProxyOraclev10g" name="PK_SELECTEDFORM" id="0AED906E-79DA-BD03-8815-0B032DC71F00">
<createdBy>calittle</createdBy>
<createdTime>2019-04-17 17:26:49 UTC</createdTime>
<ownerDesignName>ODEE_1262_Design</ownerDesignName>
<schemaObject>8FC895A7-E0A2-11C9-AE90-BEF4CA704C97</schemaObject>
<segment>D84742F2-9E68-6614-C6EF-D3B7EF628E78</segment>
<tableSpace>B4FE7603-2423-0888-71C6-BC38EA367033</tableSpace>
</IndexProxy>
</indexProxies>
<columnProxies itemClass="oracle.dbtools.crest.model.design.storage.oracle.v12c.ColumnProxyOraclev12c">
<ColumnProxy name="GROUP3" id="179304B4-9D5B-F2F5-AD34-1D434880BF00">
<createdBy>calittle</createdBy>
<createdTime>2019-04-17 17:26:44 UTC</createdTime>
<ownerDesignName>ODEE_1262_Design</ownerDesignName>
</ColumnProxy>
<ColumnProxy name="TID" id="2247FE91-B8C1-1229-234A-B86D8D5DB126">
<createdBy>calittle</createdBy>
<createdTime>2019-04-17 17:26:44 UTC</createdTime>
<ownerDesignName>ODEE_1262_Design</ownerDesignName>
</ColumnProxy>
<ColumnProxy name="NAME1" id="2273A490-0186-E166-9499-7BB15B9549A1">
<createdBy>calittle</createdBy>
<createdTime>2019-04-17 17:26:44 UTC</createdTime>
<ownerDesignName>ODEE_1262_Design</ownerDesignName>
</ColumnProxy>
<ColumnProxy name="CATEGORY1" id="332605B0-0CCC-7B7A-A669-07F571F0DD29">
<createdBy>calittle</createdBy>
<createdTime>2019-04-17 17:26:44 UTC</createdTime>
<ownerDesignName>ODEE_1262_Design</ownerDesignName>
</ColumnProxy>
<ColumnProxy name="ID" id="3E98ADA2-9FA5-4F05-F4F2-2F3CF1714C38">
<createdBy>calittle</createdBy>
<createdTime>2019-04-17 17:26:44 UTC</createdTime>
<ownerDesignName>ODEE_1262_Design</ownerDesignName>
</ColumnProxy>
<ColumnProxy name="DESCRIPTION" id="62CF95EA-A0ED-675E-0877-2265D06D03A3">
<createdBy>calittle</createdBy>
<createdTime>2019-04-17 17:26:44 UTC</createdTime>
<ownerDesignName>ODEE_1262_Design</ownerDesignName>
</ColumnProxy>
<ColumnProxy name="LVL" id="63E281BA-44FB-D696-9D65-E3BB8A451BD9">
<createdBy>calittle</createdBy>
<createdTime>2019-04-17 17:26:44 UTC</createdTime>
<ownerDesignName>ODEE_1262_Design</ownerDesignName>
<defaultValue>4</defaultValue>
</ColumnProxy>
<ColumnProxy name="FORMID" id="98C7B34A-587A-4F56-DBB5-7C714E12BABE">
<createdBy>calittle</createdBy>
<createdTime>2019-04-17 17:26:44 UTC</createdTime>
<ownerDesignName>ODEE_1262_Design</ownerDesignName>
</ColumnProxy>
<ColumnProxy name="NAME" id="9E43C196-F984-A70A-3950-A306978626D9">
<createdBy>calittle</createdBy>
<createdTime>2019-04-17 17:26:44 UTC</createdTime>
<ownerDesignName>ODEE_1262_Design</ownerDesignName>
</ColumnProxy>
<ColumnProxy name="CREATION_TIMESTAMP" id="B1F69CC7-03FC-F4BF-564E-3B458B828A2D">
<createdBy>calittle</createdBy>
<createdTime>2019-04-17 17:26:44 UTC</createdTime>
<ownerDesignName>ODEE_1262_Design</ownerDesignName>
</ColumnProxy>
<ColumnProxy name="NAME2" id="CD93C759-671D-A667-524E-960144F4B975">
<createdBy>calittle</createdBy>
<createdTime>2019-04-17 17:26:44 UTC</createdTime>
<ownerDesignName>ODEE_1262_Design</ownerDesignName>
</ColumnProxy>
<ColumnProxy name="RECIPNAME" id="F2EEAEFD-724C-8F13-B4C5-1A931EB1C076">
<createdBy>calittle</createdBy>
<createdTime>2019-04-17 17:26:44 UTC</createdTime>
<ownerDesignName>ODEE_1262_Design</ownerDesignName>
</ColumnProxy>
</columnProxies>
<foreignKeys>
<ForeignKey class="oracle.dbtools.crest.model.design.storage.oracle.v10g.FKProxyOraclev10g" name="SELECTED_FORM_FK0" id="25D3281A-2645-32F0-EEFC-183F7B871FD0">
<createdBy>calittle</createdBy>
<createdTime>2019-04-17 17:26:52 UTC</createdTime>
<ownerDesignName>ODEE_1262_Design</ownerDesignName>
</ForeignKey>
</foreignKeys>
<primaryKeys>
<PrimaryKey class="oracle.dbtools.crest.model.design.storage.oracle.v10g.PKProxyOraclev10g" name="PK_SELECTEDFORM" id="82847C01-5836-9543-977C-85C10CBD10F3">
<createdBy>calittle</createdBy>
<createdTime>2019-04-17 17:26:51 UTC</createdTime>
<ownerDesignName>ODEE_1262_Design</ownerDesignName>
<segment>D84742F2-9E68-6614-C6EF-D3B7EF628E78</segment>
<tableSpace>B4FE7603-2423-0888-71C6-BC38EA367033</tableSpace>
<deferrable>YES</deferrable>
<existingIndex>0AED906E-79DA-BD03-8815-0B032DC71F00</existingIndex>
<indexSegment>D84742F2-9E68-6614-C6EF-D3B7EF628E78</indexSegment>
<indexSort>SORTED</indexSort>
<usingIndex>BY INDEX NAME</usingIndex>
</PrimaryKey>
</primaryKeys>
</TableProxyOraclev11g>