<?xml version = '1.0' encoding = 'UTF-8'?>
<TableProxyOraclev11g class="oracle.dbtools.crest.model.design.storage.oracle.v11g.TableProxyOraclev11g" name="TRNS" directorySegmentName="seg_0" id="1248CA2E-5F0C-5E7E-1B19-7F0E10B19638">
<createdBy>calittle</createdBy>
<createdTime>2019-04-17 17:26:15 UTC</createdTime>
<ownerDesignName>ODEE_1262_Design</ownerDesignName>
<schemaObject>8FC895A7-E0A2-11C9-AE90-BEF4CA704C97</schemaObject>
<logging>YES</logging>
<parallel>YES</parallel>
<partitionedRowMovement>DISABLE</partitionedRowMovement>
<segment>4AC90395-2168-6C73-9206-B942356832F0</segment>
<tableSpace>B4FE7603-2423-0888-71C6-BC38EA367033</tableSpace>
<temporaryChanged>false</temporaryChanged>
<accessDriverType>oracle_loader</accessDriverType>
<rejectLimit></rejectLimit>
<indexProxies>
<IndexProxy class="oracle.dbtools.crest.model.design.storage.oracle.v10g.IndexProxyOraclev10g" name="TRNS_TREND_ANALYTIC" id="0902AF6C-1B6E-7EDA-9201-91BE42577AD4">
<createdBy>calittle</createdBy>
<createdTime>2019-04-17 17:26:49 UTC</createdTime>
<ownerDesignName>ODEE_1262_Design</ownerDesignName>
<schemaObject>8FC895A7-E0A2-11C9-AE90-BEF4CA704C97</schemaObject>
<segment>D84742F2-9E68-6614-C6EF-D3B7EF628E78</segment>
<tableSpace>B4FE7603-2423-0888-71C6-BC38EA367033</tableSpace>
</IndexProxy>
<IndexProxy class="oracle.dbtools.crest.model.design.storage.oracle.v10g.IndexProxyOraclev10g" name="TRNS_DI_IX_1" id="275865F6-C89A-C465-5E9C-792198DCD83A">
<createdBy>calittle</createdBy>
<createdTime>2019-04-17 17:26:49 UTC</createdTime>
<ownerDesignName>ODEE_1262_Design</ownerDesignName>
<schemaObject>8FC895A7-E0A2-11C9-AE90-BEF4CA704C97</schemaObject>
<segment>D84742F2-9E68-6614-C6EF-D3B7EF628E78</segment>
<tableSpace>B4FE7603-2423-0888-71C6-BC38EA367033</tableSpace>
</IndexProxy>
<IndexProxy class="oracle.dbtools.crest.model.design.storage.oracle.v10g.IndexProxyOraclev10g" name="TRNS_ORIGSTATUS" id="5909FF45-799D-E819-7380-58EBDF8AD580">
<createdBy>calittle</createdBy>
<createdTime>2019-04-17 17:26:49 UTC</createdTime>
<ownerDesignName>ODEE_1262_Design</ownerDesignName>
<schemaObject>8FC895A7-E0A2-11C9-AE90-BEF4CA704C97</schemaObject>
<segment>D84742F2-9E68-6614-C6EF-D3B7EF628E78</segment>
<tableSpace>B4FE7603-2423-0888-71C6-BC38EA367033</tableSpace>
</IndexProxy>
<IndexProxy class="oracle.dbtools.crest.model.design.storage.oracle.v10g.IndexProxyOraclev10g" name="TRNS_APPROVALSTATE" id="7018084E-2ACB-2015-6079-16BF55DF896D">
<createdBy>calittle</createdBy>
<createdTime>2019-04-17 17:26:49 UTC</createdTime>
<ownerDesignName>ODEE_1262_Design</ownerDesignName>
<schemaObject>8FC895A7-E0A2-11C9-AE90-BEF4CA704C97</schemaObject>
<segment>D84742F2-9E68-6614-C6EF-D3B7EF628E78</segment>
<tableSpace>B4FE7603-2423-0888-71C6-BC38EA367033</tableSpace>
</IndexProxy>
<IndexProxy class="oracle.dbtools.crest.model.design.storage.oracle.v10g.IndexProxyOraclev10g" name="TRNS_KEYIDTAG" id="7397FFE8-0A09-6CCF-887C-C38B1E7C86C3">
<createdBy>calittle</createdBy>
<createdTime>2019-04-17 17:26:49 UTC</createdTime>
<ownerDesignName>ODEE_1262_Design</ownerDesignName>
<schemaObject>8FC895A7-E0A2-11C9-AE90-BEF4CA704C97</schemaObject>
<segment>D84742F2-9E68-6614-C6EF-D3B7EF628E78</segment>
<tableSpace>B4FE7603-2423-0888-71C6-BC38EA367033</tableSpace>
</IndexProxy>
<IndexProxy class="oracle.dbtools.crest.model.design.storage.oracle.v10g.IndexProxyOraclev10g" name="TRNS_GSTATUSCD" id="73DBCFE7-301F-F03C-B6DF-D0ACDD18E2E5">
<createdBy>calittle</createdBy>
<createdTime>2019-04-17 17:26:49 UTC</createdTime>
<ownerDesignName>ODEE_1262_Design</ownerDesignName>
<schemaObject>8FC895A7-E0A2-11C9-AE90-BEF4CA704C97</schemaObject>
<segment>D84742F2-9E68-6614-C6EF-D3B7EF628E78</segment>
<tableSpace>B4FE7603-2423-0888-71C6-BC38EA367033</tableSpace>
</IndexProxy>
<IndexProxy class="oracle.dbtools.crest.model.design.storage.oracle.v10g.IndexProxyOraclev10g" name="TRNS_KEY2TAG" id="74D146FC-C1DB-37E2-B14A-A7405064EF9A">
<createdBy>calittle</createdBy>
<createdTime>2019-04-17 17:26:49 UTC</createdTime>
<ownerDesignName>ODEE_1262_Design</ownerDesignName>
<schemaObject>8FC895A7-E0A2-11C9-AE90-BEF4CA704C97</schemaObject>
<segment>D84742F2-9E68-6614-C6EF-D3B7EF628E78</segment>
<tableSpace>B4FE7603-2423-0888-71C6-BC38EA367033</tableSpace>
</IndexProxy>
<IndexProxy class="oracle.dbtools.crest.model.design.storage.oracle.v10g.IndexProxyOraclev10g" name="TRNS_PK" id="759B4389-47F0-CDCF-CD78-CE7066BAAEE4">
<createdBy>calittle</createdBy>
<createdTime>2019-04-17 17:26:49 UTC</createdTime>
<ownerDesignName>ODEE_1262_Design</ownerDesignName>
<schemaObject>8FC895A7-E0A2-11C9-AE90-BEF4CA704C97</schemaObject>
<segment>D84742F2-9E68-6614-C6EF-D3B7EF628E78</segment>
<tableSpace>B4FE7603-2423-0888-71C6-BC38EA367033</tableSpace>
</IndexProxy>
<IndexProxy class="oracle.dbtools.crest.model.design.storage.oracle.v10g.IndexProxyOraclev10g" name="TRNS_GROUPTAG" id="804B7D66-F023-E653-72E7-C35CAF48D82D">
<createdBy>calittle</createdBy>
<createdTime>2019-04-17 17:26:49 UTC</createdTime>
<ownerDesignName>ODEE_1262_Design</ownerDesignName>
<schemaObject>8FC895A7-E0A2-11C9-AE90-BEF4CA704C97</schemaObject>
<segment>D84742F2-9E68-6614-C6EF-D3B7EF628E78</segment>
<tableSpace>B4FE7603-2423-0888-71C6-BC38EA367033</tableSpace>
</IndexProxy>
<IndexProxy class="oracle.dbtools.crest.model.design.storage.oracle.v10g.IndexProxyOraclev10g" name="TRNS_STAT_MT" id="8CD6866C-551D-1582-8718-F8D92C81A453">
<createdBy>calittle</createdBy>
<createdTime>2019-04-17 17:26:49 UTC</createdTime>
<ownerDesignName>ODEE_1262_Design</ownerDesignName>
<schemaObject>8FC895A7-E0A2-11C9-AE90-BEF4CA704C97</schemaObject>
<segment>D84742F2-9E68-6614-C6EF-D3B7EF628E78</segment>
<tableSpace>B4FE7603-2423-0888-71C6-BC38EA367033</tableSpace>
</IndexProxy>
<IndexProxy class="oracle.dbtools.crest.model.design.storage.oracle.v10g.IndexProxyOraclev10g" name="TRNS_KEY1TAG" id="8F455A0B-AD95-8BD9-2AF2-764F7C298402">
<createdBy>calittle</createdBy>
<createdTime>2019-04-17 17:26:49 UTC</createdTime>
<ownerDesignName>ODEE_1262_Design</ownerDesignName>
<schemaObject>8FC895A7-E0A2-11C9-AE90-BEF4CA704C97</schemaObject>
<segment>D84742F2-9E68-6614-C6EF-D3B7EF628E78</segment>
<tableSpace>B4FE7603-2423-0888-71C6-BC38EA367033</tableSpace>
</IndexProxy>
<IndexProxy class="oracle.dbtools.crest.model.design.storage.oracle.v10g.IndexProxyOraclev10g" name="TRNS_STATS" id="93D4AAAD-3CA1-396F-7E61-6EE48BCA98CB">
<createdBy>calittle</createdBy>
<createdTime>2019-04-17 17:26:49 UTC</createdTime>
<ownerDesignName>ODEE_1262_Design</ownerDesignName>
<schemaObject>8FC895A7-E0A2-11C9-AE90-BEF4CA704C97</schemaObject>
<segment>D84742F2-9E68-6614-C6EF-D3B7EF628E78</segment>
<tableSpace>B4FE7603-2423-0888-71C6-BC38EA367033</tableSpace>
</IndexProxy>
<IndexProxy class="oracle.dbtools.crest.model.design.storage.oracle.v10g.IndexProxyOraclev10g" name="TRNS_UNIQUE_ID" id="9D3A501C-B5FD-06BF-64A0-994CDC8DCC9F">
<createdBy>calittle</createdBy>
<createdTime>2019-04-17 17:26:49 UTC</createdTime>
<ownerDesignName>ODEE_1262_Design</ownerDesignName>
<schemaObject>8FC895A7-E0A2-11C9-AE90-BEF4CA704C97</schemaObject>
<segment>D84742F2-9E68-6614-C6EF-D3B7EF628E78</segment>
<tableSpace>B4FE7603-2423-0888-71C6-BC38EA367033</tableSpace>
</IndexProxy>
<IndexProxy class="oracle.dbtools.crest.model.design.storage.oracle.v10g.IndexProxyOraclev10g" name="TRNS_USTATUSCD" id="A3DC2FDF-C429-F6CB-EE5C-51BA25EC5E21">
<createdBy>calittle</createdBy>
<createdTime>2019-04-17 17:26:49 UTC</createdTime>
<ownerDesignName>ODEE_1262_Design</ownerDesignName>
<schemaObject>8FC895A7-E0A2-11C9-AE90-BEF4CA704C97</schemaObject>
<segment>D84742F2-9E68-6614-C6EF-D3B7EF628E78</segment>
<tableSpace>B4FE7603-2423-0888-71C6-BC38EA367033</tableSpace>
</IndexProxy>
<IndexProxy class="oracle.dbtools.crest.model.design.storage.oracle.v10g.IndexProxyOraclev10g" name="TRNS_ORIGUSER" id="B3B30E81-8B1C-40D6-0B04-5FFC948599FF">
<createdBy>calittle</createdBy>
<createdTime>2019-04-17 17:26:49 UTC</createdTime>
<ownerDesignName>ODEE_1262_Design</ownerDesignName>
<schemaObject>8FC895A7-E0A2-11C9-AE90-BEF4CA704C97</schemaObject>
<segment>D84742F2-9E68-6614-C6EF-D3B7EF628E78</segment>
<tableSpace>B4FE7603-2423-0888-71C6-BC38EA367033</tableSpace>
</IndexProxy>
<IndexProxy class="oracle.dbtools.crest.model.design.storage.oracle.v10g.IndexProxyOraclev10g" name="TRNS_DOCTAG" id="BF48C2B1-CD2B-373A-4630-534BCB1EBC64">
<createdBy>calittle</createdBy>
<createdTime>2019-04-17 17:26:49 UTC</createdTime>
<ownerDesignName>ODEE_1262_Design</ownerDesignName>
<schemaObject>8FC895A7-E0A2-11C9-AE90-BEF4CA704C97</schemaObject>
<segment>D84742F2-9E68-6614-C6EF-D3B7EF628E78</segment>
<tableSpace>B4FE7603-2423-0888-71C6-BC38EA367033</tableSpace>
</IndexProxy>
<IndexProxy class="oracle.dbtools.crest.model.design.storage.oracle.v10g.IndexProxyOraclev10g" name="TRNS_JOB_ID" id="C4F7662B-576F-772B-DC4B-A09F02322BED">
<createdBy>calittle</createdBy>
<createdTime>2019-04-17 17:26:49 UTC</createdTime>
<ownerDesignName>ODEE_1262_Design</ownerDesignName>
<schemaObject>8FC895A7-E0A2-11C9-AE90-BEF4CA704C97</schemaObject>
<segment>D84742F2-9E68-6614-C6EF-D3B7EF628E78</segment>
<tableSpace>B4FE7603-2423-0888-71C6-BC38EA367033</tableSpace>
</IndexProxy>
<IndexProxy class="oracle.dbtools.crest.model.design.storage.oracle.v10g.IndexProxyOraclev10g" name="TRNS_USERTAG" id="CE620190-1F63-F1C1-64A2-06F17B2E7AF5">
<createdBy>calittle</createdBy>
<createdTime>2019-04-17 17:26:49 UTC</createdTime>
<ownerDesignName>ODEE_1262_Design</ownerDesignName>
<schemaObject>8FC895A7-E0A2-11C9-AE90-BEF4CA704C97</schemaObject>
<segment>D84742F2-9E68-6614-C6EF-D3B7EF628E78</segment>
<tableSpace>B4FE7603-2423-0888-71C6-BC38EA367033</tableSpace>
</IndexProxy>
<IndexProxy class="oracle.dbtools.crest.model.design.storage.oracle.v10g.IndexProxyOraclev10g" name="TRNS_APPSTATE_STCD" id="CF5D8BC1-F3C5-9A24-CB09-435C093287D6">
<createdBy>calittle</createdBy>
<createdTime>2019-04-17 17:26:49 UTC</createdTime>
<ownerDesignName>ODEE_1262_Design</ownerDesignName>
<schemaObject>8FC895A7-E0A2-11C9-AE90-BEF4CA704C97</schemaObject>
<segment>D84742F2-9E68-6614-C6EF-D3B7EF628E78</segment>
<tableSpace>B4FE7603-2423-0888-71C6-BC38EA367033</tableSpace>
</IndexProxy>
<IndexProxy class="oracle.dbtools.crest.model.design.storage.oracle.v10g.IndexProxyOraclev10g" name="TRNS_TRNSTATS" id="D3321C5F-FBF2-96FE-F9F3-435F9D235101">
<createdBy>calittle</createdBy>
<createdTime>2019-04-17 17:26:49 UTC</createdTime>
<ownerDesignName>ODEE_1262_Design</ownerDesignName>
<schemaObject>8FC895A7-E0A2-11C9-AE90-BEF4CA704C97</schemaObject>
<segment>D84742F2-9E68-6614-C6EF-D3B7EF628E78</segment>
<tableSpace>B4FE7603-2423-0888-71C6-BC38EA367033</tableSpace>
</IndexProxy>
<IndexProxy class="oracle.dbtools.crest.model.design.storage.oracle.v10g.IndexProxyOraclev10g" name="TRNS_FORMSETID" id="F84057A5-CFE8-7F69-A435-A1223394B4C6">
<createdBy>calittle</createdBy>
<createdTime>2019-04-17 17:26:49 UTC</createdTime>
<ownerDesignName>ODEE_1262_Design</ownerDesignName>
<schemaObject>8FC895A7-E0A2-11C9-AE90-BEF4CA704C97</schemaObject>
<segment>D84742F2-9E68-6614-C6EF-D3B7EF628E78</segment>
<tableSpace>B4FE7603-2423-0888-71C6-BC38EA367033</tableSpace>
</IndexProxy>
</indexProxies>
<columnProxies itemClass="oracle.dbtools.crest.model.design.storage.oracle.v12c.ColumnProxyOraclev12c">
<ColumnProxy name="ACTION" id="0072276A-D424-607F-CC36-451F1013B271">
<createdBy>calittle</createdBy>
<createdTime>2019-04-17 17:26:46 UTC</createdTime>
<ownerDesignName>ODEE_1262_Design</ownerDesignName>
<defaultValue>100011</defaultValue>
</ColumnProxy>
<ColumnProxy name="KEY3" id="02C196E3-F350-E0A8-8F47-7FD597AB360E">
<createdBy>calittle</createdBy>
<createdTime>2019-04-17 17:26:46 UTC</createdTime>
<ownerDesignName>ODEE_1262_Design</ownerDesignName>
</ColumnProxy>
<ColumnProxy name="TRNAPPINT004" id="02EBC2BA-3AEB-AF47-8414-C2DA05AAC2F1">
<createdBy>calittle</createdBy>
<createdTime>2019-04-17 17:26:46 UTC</createdTime>
<ownerDesignName>ODEE_1262_Design</ownerDesignName>
<defaultValue>0</defaultValue>
</ColumnProxy>
<ColumnProxy name="PROCESSNAME" id="04FA87EC-9897-BE34-A6E7-16664E04F289">
<createdBy>calittle</createdBy>
<createdTime>2019-04-17 17:26:46 UTC</createdTime>
<ownerDesignName>ODEE_1262_Design</ownerDesignName>
</ColumnProxy>
<ColumnProxy name="TRNCUSSTR001" id="078BC409-CB5F-33C9-5F0D-D25413872711">
<createdBy>calittle</createdBy>
<createdTime>2019-04-17 17:26:46 UTC</createdTime>
<ownerDesignName>ODEE_1262_Design</ownerDesignName>
</ColumnProxy>
<ColumnProxy name="TRNAPPSTR002" id="0E4EB608-D038-764D-EB11-EE15FF99B596">
<createdBy>calittle</createdBy>
<createdTime>2019-04-17 17:26:46 UTC</createdTime>
<ownerDesignName>ODEE_1262_Design</ownerDesignName>
</ColumnProxy>
<ColumnProxy name="ARCKEY" id="0ED40C2C-D828-7381-FADA-DA711D8708DF">
<createdBy>calittle</createdBy>
<createdTime>2019-04-17 17:26:46 UTC</createdTime>
<ownerDesignName>ODEE_1262_Design</ownerDesignName>
</ColumnProxy>
<ColumnProxy name="TRNCUSDATE014" id="1580F3C1-A47F-10E2-5BEA-01B8EE8DB8D3">
<createdBy>calittle</createdBy>
<createdTime>2019-04-17 17:26:46 UTC</createdTime>
<ownerDesignName>ODEE_1262_Design</ownerDesignName>
</ColumnProxy>
<ColumnProxy name="TRNAPPSTR006" id="160AC312-D867-01C6-DB08-65EA3AACE401">
<createdBy>calittle</createdBy>
<createdTime>2019-04-17 17:26:46 UTC</createdTime>
<ownerDesignName>ODEE_1262_Design</ownerDesignName>
</ColumnProxy>
<ColumnProxy name="TRNAPPDATE004" id="1BAA02AC-A431-C4C3-187E-C493E4ECFDFA">
<createdBy>calittle</createdBy>
<createdTime>2019-04-17 17:26:46 UTC</createdTime>
<ownerDesignName>ODEE_1262_Design</ownerDesignName>
</ColumnProxy>
<ColumnProxy name="TRNCUSDATE009" id="1BD92E55-B705-5810-6192-E4FF095583E0">
<createdBy>calittle</createdBy>
<createdTime>2019-04-17 17:26:46 UTC</createdTime>
<ownerDesignName>ODEE_1262_Design</ownerDesignName>
</ColumnProxy>
<ColumnProxy name="TRNMODIFYTIME" id="1D34C26C-6912-1C02-7BC6-BFE3B99A65B7">
<createdBy>calittle</createdBy>
<createdTime>2019-04-17 17:26:46 UTC</createdTime>
<ownerDesignName>ODEE_1262_Design</ownerDesignName>
</ColumnProxy>
<ColumnProxy name="TRNCUSSTR002" id="1EF0D02E-C4B1-33BE-1EF3-948FB8F643C7">
<createdBy>calittle</createdBy>
<createdTime>2019-04-17 17:26:46 UTC</createdTime>
<ownerDesignName>ODEE_1262_Design</ownerDesignName>
</ColumnProxy>
<ColumnProxy name="TRNAPPSTR013" id="266D9723-D318-EB52-BFAA-E73DF6977E6E">
<createdBy>calittle</createdBy>
<createdTime>2019-04-17 17:26:46 UTC</createdTime>
<ownerDesignName>ODEE_1262_Design</ownerDesignName>
</ColumnProxy>
<ColumnProxy name="TRNAPPSTR003" id="280AC9DC-927F-72E7-515C-61DB92DBC025">
<createdBy>calittle</createdBy>
<createdTime>2019-04-17 17:26:46 UTC</createdTime>
<ownerDesignName>ODEE_1262_Design</ownerDesignName>
</ColumnProxy>
<ColumnProxy name="TRNRCPPROC" id="281C8DC2-BEC0-6CE7-CA07-4F39D9D18261">
<createdBy>calittle</createdBy>
<createdTime>2019-04-17 17:26:46 UTC</createdTime>
<ownerDesignName>ODEE_1262_Design</ownerDesignName>
<defaultValue>0</defaultValue>
</ColumnProxy>
<ColumnProxy name="KEYID" id="282715E3-4D7E-2AD7-87E4-495279374524">
<createdBy>calittle</createdBy>
<createdTime>2019-04-17 17:26:46 UTC</createdTime>
<ownerDesignName>ODEE_1262_Design</ownerDesignName>
</ColumnProxy>
<ColumnProxy name="RETENTION" id="2864CA99-EA43-59FF-9494-B777456184B1">
<createdBy>calittle</createdBy>
<createdTime>2019-04-17 17:26:46 UTC</createdTime>
<ownerDesignName>ODEE_1262_Design</ownerDesignName>
</ColumnProxy>
<ColumnProxy name="TRNCUSSTR012" id="2E5BAA53-9C92-F829-62E5-EDE939290783">
<createdBy>calittle</createdBy>
<createdTime>2019-04-17 17:26:46 UTC</createdTime>
<ownerDesignName>ODEE_1262_Design</ownerDesignName>
</ColumnProxy>
<ColumnProxy name="TRNCUSDATE015" id="2E8D458D-35AC-D0AD-41D8-68A3882BAD3D">
<createdBy>calittle</createdBy>
<createdTime>2019-04-17 17:26:46 UTC</createdTime>
<ownerDesignName>ODEE_1262_Design</ownerDesignName>
</ColumnProxy>
<ColumnProxy name="TRNNAPOLREF" id="328BBC30-4BFB-B755-BDDD-9E70C6A822A8">
<createdBy>calittle</createdBy>
<createdTime>2019-04-17 17:26:46 UTC</createdTime>
<ownerDesignName>ODEE_1262_Design</ownerDesignName>
</ColumnProxy>
<ColumnProxy name="CREATETIME" id="3469CE23-64EA-8F74-3DD0-012D97737383">
<createdBy>calittle</createdBy>
<createdTime>2019-04-17 17:26:46 UTC</createdTime>
<ownerDesignName>ODEE_1262_Design</ownerDesignName>
</ColumnProxy>
<ColumnProxy name="TRNCUSSTR016" id="3515C463-5CAC-BBB9-3632-479101C85B7B">
<createdBy>calittle</createdBy>
<createdTime>2019-04-17 17:26:46 UTC</createdTime>
<ownerDesignName>ODEE_1262_Design</ownerDesignName>
</ColumnProxy>
<ColumnProxy name="DESCR" id="3622760E-E6FE-D28E-9423-BB593CC187C1">
<createdBy>calittle</createdBy>
<createdTime>2019-04-17 17:26:46 UTC</createdTime>
<ownerDesignName>ODEE_1262_Design</ownerDesignName>
</ColumnProxy>
<ColumnProxy name="TOUSER" id="36B8D460-4005-F60B-3A36-04F8D83E34DF">
<createdBy>calittle</createdBy>
<createdTime>2019-04-17 17:26:46 UTC</createdTime>
<ownerDesignName>ODEE_1262_Design</ownerDesignName>
</ColumnProxy>
<ColumnProxy name="CUSTOMIZED" id="37493483-0C83-F416-89B8-FDE547348E9A">
<createdBy>calittle</createdBy>
<createdTime>2019-04-17 17:26:46 UTC</createdTime>
<ownerDesignName>ODEE_1262_Design</ownerDesignName>
</ColumnProxy>
<ColumnProxy name="QUEUEID" id="37F2B3FC-62C5-3993-5D24-1CAC1B0C41F5">
<createdBy>calittle</createdBy>
<createdTime>2019-04-17 17:26:46 UTC</createdTime>
<ownerDesignName>ODEE_1262_Design</ownerDesignName>
</ColumnProxy>
<ColumnProxy name="TRNAPPDEC004" id="3A2E995E-3465-1E5D-1328-B47499BEEA93">
<createdBy>calittle</createdBy>
<createdTime>2019-04-17 17:26:46 UTC</createdTime>
<ownerDesignName>ODEE_1262_Design</ownerDesignName>
</ColumnProxy>
<ColumnProxy name="TRNDATAREF" id="3B11495E-5628-360C-1900-CFE0C25ACAD8">
<createdBy>calittle</createdBy>
<createdTime>2019-04-17 17:26:46 UTC</createdTime>
<ownerDesignName>ODEE_1262_Design</ownerDesignName>
</ColumnProxy>
<ColumnProxy name="TRNAPPDATE005" id="3E7D5069-77FC-71A1-DD89-02D95BD1FA67">
<createdBy>calittle</createdBy>
<createdTime>2019-04-17 17:26:46 UTC</createdTime>
<ownerDesignName>ODEE_1262_Design</ownerDesignName>
</ColumnProxy>
<ColumnProxy name="TRNBCHTOTAL" id="4601525A-35C1-6B8D-1E27-7AEF998940B6">
<createdBy>calittle</createdBy>
<createdTime>2019-04-17 17:26:46 UTC</createdTime>
<ownerDesignName>ODEE_1262_Design</ownerDesignName>
<defaultValue>0</defaultValue>
</ColumnProxy>
<ColumnProxy name="TRNSTATUS" id="4786215D-04BA-3999-2259-BB80EB748182">
<createdBy>calittle</createdBy>
<createdTime>2019-04-17 17:26:46 UTC</createdTime>
<ownerDesignName>ODEE_1262_Design</ownerDesignName>
<defaultValue>190</defaultValue>
</ColumnProxy>
<ColumnProxy name="TRNCUSDATE013" id="48E51269-EA8B-D11D-21AE-E1AE91F92BD8">
<createdBy>calittle</createdBy>
<createdTime>2019-04-17 17:26:46 UTC</createdTime>
<ownerDesignName>ODEE_1262_Design</ownerDesignName>
</ColumnProxy>
<ColumnProxy name="DOCSUBTYPE" id="4A1735EA-E504-79D8-1F5E-95FC8D5557DA">
<createdBy>calittle</createdBy>
<createdTime>2019-04-17 17:26:46 UTC</createdTime>
<ownerDesignName>ODEE_1262_Design</ownerDesignName>
</ColumnProxy>
<ColumnProxy name="TRNNAPOLSIZE" id="4E64DE62-2418-9888-3607-C6FF2A77C254">
<createdBy>calittle</createdBy>
<createdTime>2019-04-17 17:26:46 UTC</createdTime>
<ownerDesignName>ODEE_1262_Design</ownerDesignName>
<defaultValue>0</defaultValue>
</ColumnProxy>
<ColumnProxy name="TRNDOLOG" id="4F21C365-E0BE-2FBB-8EA7-844CC1F35FB2">
<createdBy>calittle</createdBy>
<createdTime>2019-04-17 17:26:46 UTC</createdTime>
<ownerDesignName>ODEE_1262_Design</ownerDesignName>
<defaultValue>0</defaultValue>
</ColumnProxy>
<ColumnProxy name="TRNRCPERR" id="4F50C17B-8332-04FA-E710-77E4AFC8D105">
<createdBy>calittle</createdBy>
<createdTime>2019-04-17 17:26:46 UTC</createdTime>
<ownerDesignName>ODEE_1262_Design</ownerDesignName>
<defaultValue>0</defaultValue>
</ColumnProxy>
<ColumnProxy name="TRNAPPSTR007" id="4F54B09E-B00D-7CDF-2361-FADE045E22C7">
<createdBy>calittle</createdBy>
<createdTime>2019-04-17 17:26:46 UTC</createdTime>
<ownerDesignName>ODEE_1262_Design</ownerDesignName>
</ColumnProxy>
<ColumnProxy name="TRNAPPDATE002" id="52253CAB-336A-6000-E3FC-68E14870806A">
<createdBy>calittle</createdBy>
<createdTime>2019-04-17 17:26:46 UTC</createdTime>
<ownerDesignName>ODEE_1262_Design</ownerDesignName>
</ColumnProxy>
<ColumnProxy name="KEY2" id="526E5758-9C40-7722-66A1-B4A68653C7E2">
<createdBy>calittle</createdBy>
<createdTime>2019-04-17 17:26:46 UTC</createdTime>
<ownerDesignName>ODEE_1262_Design</ownerDesignName>
</ColumnProxy>
<ColumnProxy name="TRNCUSDATE010" id="55A846B7-ABE7-F55B-467E-E6C1C0EA7CCB">
<createdBy>calittle</createdBy>
<createdTime>2019-04-17 17:26:46 UTC</createdTime>
<ownerDesignName>ODEE_1262_Design</ownerDesignName>
</ColumnProxy>
<ColumnProxy name="TRNRCPSCH" id="5752790B-8445-4AFA-9F53-B51AF8BD921B">
<createdBy>calittle</createdBy>
<createdTime>2019-04-17 17:26:46 UTC</createdTime>
<ownerDesignName>ODEE_1262_Design</ownerDesignName>
<defaultValue>0</defaultValue>
</ColumnProxy>
<ColumnProxy name="TRNAPPINT002" id="58C17DD8-428E-3F02-3D7F-CA2426D9FD97">
<createdBy>calittle</createdBy>
<createdTime>2019-04-17 17:26:46 UTC</createdTime>
<ownerDesignName>ODEE_1262_Design</ownerDesignName>
<defaultValue>0</defaultValue>
</ColumnProxy>
<ColumnProxy name="TRNAPPSTR015" id="5922B0DB-B236-CB0F-7C2E-043C34C26776">
<createdBy>calittle</createdBy>
<createdTime>2019-04-17 17:26:46 UTC</createdTime>
<ownerDesignName>ODEE_1262_Design</ownerDesignName>
</ColumnProxy>
<ColumnProxy name="SECLEVEL" id="5CA0C6C8-1105-C9A3-D7BD-73ACF34AA0A7">
<createdBy>calittle</createdBy>
<createdTime>2019-04-17 17:26:46 UTC</createdTime>
<ownerDesignName>ODEE_1262_Design</ownerDesignName>
</ColumnProxy>
<ColumnProxy name="TRNDATASIZE" id="5D07BC3C-8CAF-8529-8BC6-81CDEA1A7150">
<createdBy>calittle</createdBy>
<createdTime>2019-04-17 17:26:46 UTC</createdTime>
<ownerDesignName>ODEE_1262_Design</ownerDesignName>
<defaultValue>0</defaultValue>
</ColumnProxy>
<ColumnProxy name="CURRAPP_ID" id="5D8187EF-788F-8233-4178-A03285D27361">
<createdBy>calittle</createdBy>
<createdTime>2019-04-17 17:26:46 UTC</createdTime>
<ownerDesignName>ODEE_1262_Design</ownerDesignName>
<defaultValue>0</defaultValue>
</ColumnProxy>
<ColumnProxy name="TRNBCHSCH" id="5E41FDF0-5A11-146B-DA38-70581EC7DFA0">
<createdBy>calittle</createdBy>
<createdTime>2019-04-17 17:26:46 UTC</createdTime>
<ownerDesignName>ODEE_1262_Design</ownerDesignName>
<defaultValue>0</defaultValue>
</ColumnProxy>
<ColumnProxy name="CURRUSER" id="5E6CC66E-A75D-8632-2650-7B6FC6E977D8">
<createdBy>calittle</createdBy>
<createdTime>2019-04-17 17:26:46 UTC</createdTime>
<ownerDesignName>ODEE_1262_Design</ownerDesignName>
</ColumnProxy>
<ColumnProxy name="JOB_ID" id="6287A7A3-054E-E56A-EDDA-C0844ED3B4A4">
<createdBy>calittle</createdBy>
<createdTime>2019-04-17 17:26:46 UTC</createdTime>
<ownerDesignName>ODEE_1262_Design</ownerDesignName>
<defaultValue>0</defaultValue>
</ColumnProxy>
<ColumnProxy name="KEY1" id="6394CAEC-0281-60E5-C77B-CD8EF6889122">
<createdBy>calittle</createdBy>
<createdTime>2019-04-17 17:26:46 UTC</createdTime>
<ownerDesignName>ODEE_1262_Design</ownerDesignName>
</ColumnProxy>
<ColumnProxy name="TRNNAPOLBLOB" id="6417558A-3062-3E41-E996-8B97998DF1BA">
<createdBy>calittle</createdBy>
<createdTime>2019-04-17 17:26:46 UTC</createdTime>
<ownerDesignName>ODEE_1262_Design</ownerDesignName>
</ColumnProxy>
<ColumnProxy name="TRNCUSSTR006" id="6466F795-2102-091E-2A75-20EEA38BCF2A">
<createdBy>calittle</createdBy>
<createdTime>2019-04-17 17:26:46 UTC</createdTime>
<ownerDesignName>ODEE_1262_Design</ownerDesignName>
</ColumnProxy>
<ColumnProxy name="ORIGUSER" id="65A08C61-FC18-EF3A-0FAA-C984A7351398">
<createdBy>calittle</createdBy>
<createdTime>2019-04-17 17:26:46 UTC</createdTime>
<ownerDesignName>ODEE_1262_Design</ownerDesignName>
</ColumnProxy>
<ColumnProxy name="TRNRETHOLD" id="65D0C494-07C4-449B-80E3-E9E4BDA9BBBC">
<createdBy>calittle</createdBy>
<createdTime>2019-04-17 17:26:46 UTC</createdTime>
<ownerDesignName>ODEE_1262_Design</ownerDesignName>
<defaultValue>0</defaultValue>
</ColumnProxy>
<ColumnProxy name="TRNCUSDEC003" id="6675CCC0-8067-1610-3710-9ADC4C456707">
<createdBy>calittle</createdBy>
<createdTime>2019-04-17 17:26:46 UTC</createdTime>
<ownerDesignName>ODEE_1262_Design</ownerDesignName>
</ColumnProxy>
<ColumnProxy name="TRNDATABLOB" id="668ED191-C0C4-F5D7-EC4D-CBA0E3823060">
<createdBy>calittle</createdBy>
<createdTime>2019-04-17 17:26:46 UTC</createdTime>
<ownerDesignName>ODEE_1262_Design</ownerDesignName>
</ColumnProxy>
<ColumnProxy name="TRNAPPDEC005" id="6745E7D1-3674-769B-24F2-5EBED511BC7E">
<createdBy>calittle</createdBy>
<createdTime>2019-04-17 17:26:46 UTC</createdTime>
<ownerDesignName>ODEE_1262_Design</ownerDesignName>
</ColumnProxy>
<ColumnProxy name="TRNAPPDEC001" id="6812A2A2-259F-41E9-E209-F81C7BFBF628">
<createdBy>calittle</createdBy>
<createdTime>2019-04-17 17:26:46 UTC</createdTime>
<ownerDesignName>ODEE_1262_Design</ownerDesignName>
</ColumnProxy>
<ColumnProxy name="TRNCUSSTR009" id="69A65882-1E64-AA62-5195-81C0B2323EA0">
<createdBy>calittle</createdBy>
<createdTime>2019-04-17 17:26:46 UTC</createdTime>
<ownerDesignName>ODEE_1262_Design</ownerDesignName>
</ColumnProxy>
<ColumnProxy name="DOCTYPE" id="69F4C7CD-2B9D-FD11-3866-8748505F529E">
<createdBy>calittle</createdBy>
<createdTime>2019-04-17 17:26:46 UTC</createdTime>
<ownerDesignName>ODEE_1262_Design</ownerDesignName>
</ColumnProxy>
<ColumnProxy name="TRNCUSSTR003" id="6B2DB06B-6EAB-2498-508B-1681D5F54DDD">
<createdBy>calittle</createdBy>
<createdTime>2019-04-17 17:26:46 UTC</createdTime>
<ownerDesignName>ODEE_1262_Design</ownerDesignName>
</ColumnProxy>
<ColumnProxy name="TRNRCPTOTAL" id="6B708827-E332-C1BF-3DFB-93F0699A2FFF">
<createdBy>calittle</createdBy>
<createdTime>2019-04-17 17:26:46 UTC</createdTime>
<ownerDesignName>ODEE_1262_Design</ownerDesignName>
<defaultValue>0</defaultValue>
</ColumnProxy>
<ColumnProxy name="BEGINTIME" id="6F051DFD-EDAF-FF7B-4838-1BC23B3A76E9">
<createdBy>calittle</createdBy>
<createdTime>2019-04-17 17:26:46 UTC</createdTime>
<ownerDesignName>ODEE_1262_Design</ownerDesignName>
</ColumnProxy>
<ColumnProxy name="TRNAPPDATE001" id="6FEC6561-FDFD-BC78-62EE-959D90D7D99E">
<createdBy>calittle</createdBy>
<createdTime>2019-04-17 17:26:46 UTC</createdTime>
<ownerDesignName>ODEE_1262_Design</ownerDesignName>
</ColumnProxy>
<ColumnProxy name="TRNCUSDEC001" id="7161BFD7-2F42-56E9-9AA2-B3B2A9CFC6AA">
<createdBy>calittle</createdBy>
<createdTime>2019-04-17 17:26:46 UTC</createdTime>
<ownerDesignName>ODEE_1262_Design</ownerDesignName>
</ColumnProxy>
<ColumnProxy name="TRNAPPSTR014" id="73E2EB7B-C7A3-FC62-B2D5-C85DD7A1AF53">
<createdBy>calittle</createdBy>
<createdTime>2019-04-17 17:26:46 UTC</createdTime>
<ownerDesignName>ODEE_1262_Design</ownerDesignName>
</ColumnProxy>
<ColumnProxy name="TRANCODE" id="747C7CD5-331A-99F7-D13E-7B75A1FE4240">
<createdBy>calittle</createdBy>
<createdTime>2019-04-17 17:26:46 UTC</createdTime>
<ownerDesignName>ODEE_1262_Design</ownerDesignName>
</ColumnProxy>
<ColumnProxy name="FROMUSER" id="757C55ED-E76E-CC2F-4267-CDA1FA19B1D9">
<createdBy>calittle</createdBy>
<createdTime>2019-04-17 17:26:46 UTC</createdTime>
<ownerDesignName>ODEE_1262_Design</ownerDesignName>
</ColumnProxy>
<ColumnProxy name="TRNNAME" id="76216644-3ED5-991B-316C-E2BD799330A1">
<createdBy>calittle</createdBy>
<createdTime>2019-04-17 17:26:46 UTC</createdTime>
<ownerDesignName>ODEE_1262_Design</ownerDesignName>
</ColumnProxy>
<ColumnProxy name="TRNAPPDEC003" id="78992B77-EE4E-1EDF-0092-9DA0009A2E71">
<createdBy>calittle</createdBy>
<createdTime>2019-04-17 17:26:46 UTC</createdTime>
<ownerDesignName>ODEE_1262_Design</ownerDesignName>
</ColumnProxy>
<ColumnProxy name="TRNAPPSTR010" id="7B5367C8-FABF-B3A6-C46E-1CC9008534F8">
<createdBy>calittle</createdBy>
<createdTime>2019-04-17 17:26:46 UTC</createdTime>
<ownerDesignName>ODEE_1262_Design</ownerDesignName>
</ColumnProxy>
<ColumnProxy name="TRNAPPSTR005" id="7DDE9ED3-7C02-353E-0983-2322C8F1AD46">
<createdBy>calittle</createdBy>
<createdTime>2019-04-17 17:26:46 UTC</createdTime>
<ownerDesignName>ODEE_1262_Design</ownerDesignName>
</ColumnProxy>
<ColumnProxy name="JURISDICTN" id="7F9CE7A6-7417-BFC6-6241-CFFC9DF90A77">
<createdBy>calittle</createdBy>
<createdTime>2019-04-17 17:26:46 UTC</createdTime>
<ownerDesignName>ODEE_1262_Design</ownerDesignName>
</ColumnProxy>
<ColumnProxy name="CURRROLE" id="800C52CB-0C86-B865-AC6D-CD049A990D36">
<createdBy>calittle</createdBy>
<createdTime>2019-04-17 17:26:46 UTC</createdTime>
<ownerDesignName>ODEE_1262_Design</ownerDesignName>
</ColumnProxy>
<ColumnProxy name="TRNCUSSTR004" id="8146D4D2-3021-5B02-04AB-4C5DDD7B9F11">
<createdBy>calittle</createdBy>
<createdTime>2019-04-17 17:26:46 UTC</createdTime>
<ownerDesignName>ODEE_1262_Design</ownerDesignName>
</ColumnProxy>
<ColumnProxy name="TRNCUSSTR015" id="83011910-278D-35F8-45C3-9F8A15948B6E">
<createdBy>calittle</createdBy>
<createdTime>2019-04-17 17:26:46 UTC</createdTime>
<ownerDesignName>ODEE_1262_Design</ownerDesignName>
</ColumnProxy>
<ColumnProxy name="TRNSTARTTIME" id="8303916F-345C-CAFF-31CD-9DDD3E5E8376">
<createdBy>calittle</createdBy>
<createdTime>2019-04-17 17:26:46 UTC</createdTime>
<ownerDesignName>ODEE_1262_Design</ownerDesignName>
</ColumnProxy>
<ColumnProxy name="ARCTIME" id="855D60E8-063E-21EA-0DAC-C7C3F278445C">
<createdBy>calittle</createdBy>
<createdTime>2019-04-17 17:26:46 UTC</createdTime>
<ownerDesignName>ODEE_1262_Design</ownerDesignName>
</ColumnProxy>
<ColumnProxy name="APPDATA" id="85D8A205-0FB3-2628-4CB2-3B59E96DBF69">
<createdBy>calittle</createdBy>
<createdTime>2019-04-17 17:26:46 UTC</createdTime>
<ownerDesignName>ODEE_1262_Design</ownerDesignName>
</ColumnProxy>
<ColumnProxy name="TRNAPPINT003" id="87364172-7C14-B24B-EAA2-BA18A21DF774">
<createdBy>calittle</createdBy>
<createdTime>2019-04-17 17:26:46 UTC</createdTime>
<ownerDesignName>ODEE_1262_Design</ownerDesignName>
<defaultValue>0</defaultValue>
</ColumnProxy>
<ColumnProxy name="TRNCUSDEC002" id="873C7025-B214-401C-5A65-824AB20A358A">
<createdBy>calittle</createdBy>
<createdTime>2019-04-17 17:26:46 UTC</createdTime>
<ownerDesignName>ODEE_1262_Design</ownerDesignName>
</ColumnProxy>
<ColumnProxy name="TRNCUSINT004" id="878EB5D7-59FF-1D0B-141C-509D20B87A88">
<createdBy>calittle</createdBy>
<createdTime>2019-04-17 17:26:46 UTC</createdTime>
<ownerDesignName>ODEE_1262_Design</ownerDesignName>
<defaultValue>0</defaultValue>
</ColumnProxy>
<ColumnProxy name="TRNAPPDATE003" id="87E4F0C5-86A3-F9B2-21C8-2C33097AD4FD">
<createdBy>calittle</createdBy>
<createdTime>2019-04-17 17:26:46 UTC</createdTime>
<ownerDesignName>ODEE_1262_Design</ownerDesignName>
</ColumnProxy>
<ColumnProxy name="TRNBCHPROC" id="8939040E-F2A3-6A0D-76B6-205CA6C9062B">
<createdBy>calittle</createdBy>
<createdTime>2019-04-17 17:26:46 UTC</createdTime>
<ownerDesignName>ODEE_1262_Design</ownerDesignName>
<defaultValue>0</defaultValue>
</ColumnProxy>
<ColumnProxy name="STATUSCODE" id="89F23AE1-338A-ACA8-EEDE-B5A1F7C0B5B0">
<createdBy>calittle</createdBy>
<createdTime>2019-04-17 17:26:46 UTC</createdTime>
<ownerDesignName>ODEE_1262_Design</ownerDesignName>
<defaultValue>&apos;B&apos;</defaultValue>
</ColumnProxy>
<ColumnProxy name="FORMSETID" id="8AEE029F-877A-CB24-A399-DD53E15481C6">
<createdBy>calittle</createdBy>
<createdTime>2019-04-17 17:26:46 UTC</createdTime>
<ownerDesignName>ODEE_1262_Design</ownerDesignName>
</ColumnProxy>
<ColumnProxy name="TRNCUSINT005" id="8C3560B3-BD7C-4ACE-A8EB-0A4113ED629C">
<createdBy>calittle</createdBy>
<createdTime>2019-04-17 17:26:46 UTC</createdTime>
<ownerDesignName>ODEE_1262_Design</ownerDesignName>
<defaultValue>0</defaultValue>
</ColumnProxy>
<ColumnProxy name="MODIFYTIME" id="8D612B68-3F5F-95B6-839E-49A21B5F86B1">
<createdBy>calittle</createdBy>
<createdTime>2019-04-17 17:26:46 UTC</createdTime>
<ownerDesignName>ODEE_1262_Design</ownerDesignName>
</ColumnProxy>
<ColumnProxy name="TRNNAPOLTYPE" id="90AAEB30-F3D6-0869-05BF-F6AEF1B025DC">
<createdBy>calittle</createdBy>
<createdTime>2019-04-17 17:26:46 UTC</createdTime>
<ownerDesignName>ODEE_1262_Design</ownerDesignName>
</ColumnProxy>
<ColumnProxy name="TRNPRTLOGNAME" id="90AC88EC-4394-322C-2ECD-0019151B33B6">
<createdBy>calittle</createdBy>
<createdTime>2019-04-17 17:26:46 UTC</createdTime>
<ownerDesignName>ODEE_1262_Design</ownerDesignName>
</ColumnProxy>
<ColumnProxy name="TRNDATATYPE" id="912C759F-52F1-0503-1735-5ADA78D4EE6E">
<createdBy>calittle</createdBy>
<createdTime>2019-04-17 17:26:46 UTC</createdTime>
<ownerDesignName>ODEE_1262_Design</ownerDesignName>
<defaultValue>99</defaultValue>
</ColumnProxy>
<ColumnProxy name="TRNCUSDATE011" id="922D58A0-FDD4-6387-BA97-364D700DA160">
<createdBy>calittle</createdBy>
<createdTime>2019-04-17 17:26:46 UTC</createdTime>
<ownerDesignName>ODEE_1262_Design</ownerDesignName>
</ColumnProxy>
<ColumnProxy name="TRNCUSDATE003" id="92FB0C6A-65D5-CF44-F615-E46DD00AF07A">
<createdBy>calittle</createdBy>
<createdTime>2019-04-17 17:26:46 UTC</createdTime>
<ownerDesignName>ODEE_1262_Design</ownerDesignName>
</ColumnProxy>
<ColumnProxy name="TRNAPPINT005" id="93CB77B4-787B-4A37-DDE8-5ED1605A3C6D">
<createdBy>calittle</createdBy>
<createdTime>2019-04-17 17:26:46 UTC</createdTime>
<ownerDesignName>ODEE_1262_Design</ownerDesignName>
<defaultValue>0</defaultValue>
</ColumnProxy>
<ColumnProxy name="CURRGROUP" id="951761EB-9CD9-BA10-BFE6-2D8330E6CB06">
<createdBy>calittle</createdBy>
<createdTime>2019-04-17 17:26:46 UTC</createdTime>
<ownerDesignName>ODEE_1262_Design</ownerDesignName>
</ColumnProxy>
<ColumnProxy name="TRNCUSDATE007" id="95DE8D0F-3382-B148-D774-A581DCED2CB2">
<createdBy>calittle</createdBy>
<createdTime>2019-04-17 17:26:46 UTC</createdTime>
<ownerDesignName>ODEE_1262_Design</ownerDesignName>
</ColumnProxy>
<ColumnProxy name="TRNCUSINT003" id="967614C4-8D7C-D0C9-55A4-DFE5D25E8CFA">
<createdBy>calittle</createdBy>
<createdTime>2019-04-17 17:26:46 UTC</createdTime>
<ownerDesignName>ODEE_1262_Design</ownerDesignName>
<defaultValue>0</defaultValue>
</ColumnProxy>
<ColumnProxy name="TRNDATAXML" id="9776EFCE-FCEC-F6FA-BB72-5E7DD9ECA49B">
<createdBy>calittle</createdBy>
<createdTime>2019-04-17 17:26:46 UTC</createdTime>
<ownerDesignName>ODEE_1262_Design</ownerDesignName>
<cache>NOCACHE</cache>
<storeAs>CLOB</storeAs>
</ColumnProxy>
<ColumnProxy name="INUSE" id="9A3DBA13-986D-3B7A-6E1B-30AE668E38CB">
<createdBy>calittle</createdBy>
<createdTime>2019-04-17 17:26:46 UTC</createdTime>
<ownerDesignName>ODEE_1262_Design</ownerDesignName>
</ColumnProxy>
<ColumnProxy name="TRNERR_ID" id="9C2ADBEB-11BA-D21A-DDDD-0B3B8945697D">
<createdBy>calittle</createdBy>
<createdTime>2019-04-17 17:26:46 UTC</createdTime>
<ownerDesignName>ODEE_1262_Design</ownerDesignName>
</ColumnProxy>
<ColumnProxy name="TRNAPPSTR009" id="9D1B3022-8B07-6184-6EAE-25C852CE37C2">
<createdBy>calittle</createdBy>
<createdTime>2019-04-17 17:26:46 UTC</createdTime>
<ownerDesignName>ODEE_1262_Design</ownerDesignName>
</ColumnProxy>
<ColumnProxy name="TRNCUSSTR018" id="9DD53109-7F71-420C-248C-7030DD212E50">
<createdBy>calittle</createdBy>
<createdTime>2019-04-17 17:26:46 UTC</createdTime>
<ownerDesignName>ODEE_1262_Design</ownerDesignName>
</ColumnProxy>
<ColumnProxy name="TRNCUSDATE001" id="9E3CEF3B-17DB-5020-9F50-B8030DC1F1BF">
<createdBy>calittle</createdBy>
<createdTime>2019-04-17 17:26:46 UTC</createdTime>
<ownerDesignName>ODEE_1262_Design</ownerDesignName>
</ColumnProxy>
<ColumnProxy name="LOCID" id="9EDA6518-F7CA-472F-0A04-1CC79AD5606A">
<createdBy>calittle</createdBy>
<createdTime>2019-04-17 17:26:46 UTC</createdTime>
<ownerDesignName>ODEE_1262_Design</ownerDesignName>
</ColumnProxy>
<ColumnProxy name="TOTIME" id="9F231266-3853-6944-0D6D-A7D4CD9B32C9">
<createdBy>calittle</createdBy>
<createdTime>2019-04-17 17:26:46 UTC</createdTime>
<ownerDesignName>ODEE_1262_Design</ownerDesignName>
</ColumnProxy>
<ColumnProxy name="TRNCUSDATE012" id="A132C339-0DE4-2B90-C1EE-D68221EECD03">
<createdBy>calittle</createdBy>
<createdTime>2019-04-17 17:26:46 UTC</createdTime>
<ownerDesignName>ODEE_1262_Design</ownerDesignName>
</ColumnProxy>
<ColumnProxy name="TRN_ID" id="A2074060-5DA5-2947-0F4B-929580A8B856">
<createdBy>calittle</createdBy>
<createdTime>2019-04-17 17:26:46 UTC</createdTime>
<ownerDesignName>ODEE_1262_Design</ownerDesignName>
</ColumnProxy>
<ColumnProxy name="TRNCUSDEC004" id="A33070C6-7600-8E73-BD68-1741359B52B0">
<createdBy>calittle</createdBy>
<createdTime>2019-04-17 17:26:46 UTC</createdTime>
<ownerDesignName>ODEE_1262_Design</ownerDesignName>
</ColumnProxy>
<ColumnProxy name="RECTYPE" id="A3DBB684-5BCC-E2C6-415D-CEA2C335FB11">
<createdBy>calittle</createdBy>
<createdTime>2019-04-17 17:26:46 UTC</createdTime>
<ownerDesignName>ODEE_1262_Design</ownerDesignName>
</ColumnProxy>
<ColumnProxy name="TRNCUSDATE005" id="A3EB8610-A72D-FFC3-4AFA-A769AFAA28C6">
<createdBy>calittle</createdBy>
<createdTime>2019-04-17 17:26:46 UTC</createdTime>
<ownerDesignName>ODEE_1262_Design</ownerDesignName>
</ColumnProxy>
<ColumnProxy name="TRNCUSINT001" id="A542F9A0-4399-3473-A549-20EBB8F07582">
<createdBy>calittle</createdBy>
<createdTime>2019-04-17 17:26:46 UTC</createdTime>
<ownerDesignName>ODEE_1262_Design</ownerDesignName>
<defaultValue>0</defaultValue>
</ColumnProxy>
<ColumnProxy name="SUBLOCID" id="A7FE241E-2D5B-617C-C196-0D9A346BDD3A">
<createdBy>calittle</createdBy>
<createdTime>2019-04-17 17:26:46 UTC</createdTime>
<ownerDesignName>ODEE_1262_Design</ownerDesignName>
</ColumnProxy>
<ColumnProxy name="TRNCUSSTR020" id="A95ACA58-A8C4-BC90-FE09-654436AB6AF3">
<createdBy>calittle</createdBy>
<createdTime>2019-04-17 17:26:46 UTC</createdTime>
<ownerDesignName>ODEE_1262_Design</ownerDesignName>
</ColumnProxy>
<ColumnProxy name="TRNCUSSTR014" id="AC579E0B-64FA-80F8-FA4D-0CDCBB5F451F">
<createdBy>calittle</createdBy>
<createdTime>2019-04-17 17:26:46 UTC</createdTime>
<ownerDesignName>ODEE_1262_Design</ownerDesignName>
</ColumnProxy>
<ColumnProxy name="TOGROUP" id="B15EF9CC-7DE4-CE4B-51E4-414336161908">
<createdBy>calittle</createdBy>
<createdTime>2019-04-17 17:26:46 UTC</createdTime>
<ownerDesignName>ODEE_1262_Design</ownerDesignName>
</ColumnProxy>
<ColumnProxy name="CURRSUPER" id="B3E4EB1D-EB85-928E-53E4-EF81F3F8E15E">
<createdBy>calittle</createdBy>
<createdTime>2019-04-17 17:26:46 UTC</createdTime>
<ownerDesignName>ODEE_1262_Design</ownerDesignName>
</ColumnProxy>
<ColumnProxy name="FROMTIME" id="B4BB2E5C-8B58-E9EB-E273-043004082147">
<createdBy>calittle</createdBy>
<createdTime>2019-04-17 17:26:46 UTC</createdTime>
<ownerDesignName>ODEE_1262_Design</ownerDesignName>
</ColumnProxy>
<ColumnProxy name="TRNBCHERR" id="B80E01CF-8ADE-6014-146F-39F1A784D9D8">
<createdBy>calittle</createdBy>
<createdTime>2019-04-17 17:26:46 UTC</createdTime>
<ownerDesignName>ODEE_1262_Design</ownerDesignName>
<defaultValue>0</defaultValue>
</ColumnProxy>
<ColumnProxy name="TRNCUSSTR010" id="B85B4F21-7EC6-F96E-BA65-92B4513E8B9A">
<createdBy>calittle</createdBy>
<createdTime>2019-04-17 17:26:46 UTC</createdTime>
<ownerDesignName>ODEE_1262_Design</ownerDesignName>
</ColumnProxy>
<ColumnProxy name="TRNAPPSTR004" id="B885250B-75F2-F5DF-481D-85FF7C00A130">
<createdBy>calittle</createdBy>
<createdTime>2019-04-17 17:26:46 UTC</createdTime>
<ownerDesignName>ODEE_1262_Design</ownerDesignName>
</ColumnProxy>
<ColumnProxy name="TRNCUSSTR007" id="B9F27772-9D09-49F3-1A3F-C1D1D06A9177">
<createdBy>calittle</createdBy>
<createdTime>2019-04-17 17:26:46 UTC</createdTime>
<ownerDesignName>ODEE_1262_Design</ownerDesignName>
</ColumnProxy>
<ColumnProxy name="TRNAPPDEC002" id="BAC6368D-C901-D922-6CFC-B20C85973914">
<createdBy>calittle</createdBy>
<createdTime>2019-04-17 17:26:46 UTC</createdTime>
<ownerDesignName>ODEE_1262_Design</ownerDesignName>
</ColumnProxy>
<ColumnProxy name="UNIQUE_ID" id="BD13C19E-3CF5-D464-E638-2FF2EDFF0343">
<createdBy>calittle</createdBy>
<createdTime>2019-04-17 17:26:46 UTC</createdTime>
<ownerDesignName>ODEE_1262_Design</ownerDesignName>
</ColumnProxy>
<ColumnProxy name="TRNAPPSTR001" id="BFED9331-0017-1421-7B86-2626B78A81C2">
<createdBy>calittle</createdBy>
<createdTime>2019-04-17 17:26:46 UTC</createdTime>
<ownerDesignName>ODEE_1262_Design</ownerDesignName>
</ColumnProxy>
<ColumnProxy name="ENDTIME" id="C3DE2460-E7BF-5DFC-E047-A3B7582830B3">
<createdBy>calittle</createdBy>
<createdTime>2019-04-17 17:26:46 UTC</createdTime>
<ownerDesignName>ODEE_1262_Design</ownerDesignName>
</ColumnProxy>
<ColumnProxy name="TRNHISTORY" id="C790BD97-F4AD-3F2C-DDE2-DDB9AE98D3E4">
<createdBy>calittle</createdBy>
<createdTime>2019-04-17 17:26:46 UTC</createdTime>
<ownerDesignName>ODEE_1262_Design</ownerDesignName>
<defaultValue>1</defaultValue>
</ColumnProxy>
<ColumnProxy name="TRNHISTORICAL" id="C8AF997A-3278-7CCB-50F3-4BC96BCFE5F7">
<createdBy>calittle</createdBy>
<createdTime>2019-04-17 17:26:46 UTC</createdTime>
<ownerDesignName>ODEE_1262_Design</ownerDesignName>
<defaultValue>0</defaultValue>
</ColumnProxy>
<ColumnProxy name="TRNCUSSTR017" id="CB855181-1E58-C297-E029-5F20052462D3">
<createdBy>calittle</createdBy>
<createdTime>2019-04-17 17:26:46 UTC</createdTime>
<ownerDesignName>ODEE_1262_Design</ownerDesignName>
</ColumnProxy>
<ColumnProxy name="TRNNAPOLXML" id="CB89830C-F14B-C9F1-AAD0-12884E666572">
<createdBy>calittle</createdBy>
<createdTime>2019-04-17 17:26:46 UTC</createdTime>
<ownerDesignName>ODEE_1262_Design</ownerDesignName>
<cache>NOCACHE</cache>
<storeAs>CLOB</storeAs>
</ColumnProxy>
<ColumnProxy name="FROMGROUP" id="CC342081-3AF6-60A7-6938-1CB64928F181">
<createdBy>calittle</createdBy>
<createdTime>2019-04-17 17:26:46 UTC</createdTime>
<ownerDesignName>ODEE_1262_Design</ownerDesignName>
</ColumnProxy>
<ColumnProxy name="TRNCUSDATE004" id="D0E64553-6142-638F-B5D9-5B4C323AC5C1">
<createdBy>calittle</createdBy>
<createdTime>2019-04-17 17:26:46 UTC</createdTime>
<ownerDesignName>ODEE_1262_Design</ownerDesignName>
</ColumnProxy>
<ColumnProxy name="TRNCUSINT002" id="D1EF108D-BFEA-F102-8EBE-FC119B6D2E38">
<createdBy>calittle</createdBy>
<createdTime>2019-04-17 17:26:46 UTC</createdTime>
<ownerDesignName>ODEE_1262_Design</ownerDesignName>
<defaultValue>0</defaultValue>
</ColumnProxy>
<ColumnProxy name="TRNCUSSTR008" id="D27ED083-460F-4591-0943-D37B2AF658C4">
<createdBy>calittle</createdBy>
<createdTime>2019-04-17 17:26:46 UTC</createdTime>
<ownerDesignName>ODEE_1262_Design</ownerDesignName>
</ColumnProxy>
<ColumnProxy name="TRNCUSDATE002" id="D6D10893-67AA-0BD5-B28C-F12A267EDA26">
<createdBy>calittle</createdBy>
<createdTime>2019-04-17 17:26:46 UTC</createdTime>
<ownerDesignName>ODEE_1262_Design</ownerDesignName>
</ColumnProxy>
<ColumnProxy name="TRNAPPINT001" id="D887AEDE-EFA2-A9E7-05AE-E8AB78E63CE0">
<createdBy>calittle</createdBy>
<createdTime>2019-04-17 17:26:46 UTC</createdTime>
<ownerDesignName>ODEE_1262_Design</ownerDesignName>
<defaultValue>0</defaultValue>
</ColumnProxy>
<ColumnProxy name="TRNCUSDEC005" id="DD1389C4-D49A-30EB-059F-66B714503BD9">
<createdBy>calittle</createdBy>
<createdTime>2019-04-17 17:26:46 UTC</createdTime>
<ownerDesignName>ODEE_1262_Design</ownerDesignName>
</ColumnProxy>
<ColumnProxy name="TRNAPPSTR008" id="DD54FA43-3D2A-9267-B366-60EABB54B4BB">
<createdBy>calittle</createdBy>
<createdTime>2019-04-17 17:26:46 UTC</createdTime>
<ownerDesignName>ODEE_1262_Design</ownerDesignName>
</ColumnProxy>
<ColumnProxy name="TRNCUSDATE006" id="DEBF3A0F-1C50-9B3D-7E63-F9ED2E89F0E4">
<createdBy>calittle</createdBy>
<createdTime>2019-04-17 17:26:46 UTC</createdTime>
<ownerDesignName>ODEE_1262_Design</ownerDesignName>
</ColumnProxy>
<ColumnProxy name="TRNENDTIME" id="DEDFDED5-6074-1BBB-3206-A571C57A28FA">
<createdBy>calittle</createdBy>
<createdTime>2019-04-17 17:26:46 UTC</createdTime>
<ownerDesignName>ODEE_1262_Design</ownerDesignName>
</ColumnProxy>
<ColumnProxy name="TRNAPPSTR012" id="DF497D85-D88A-B0D2-132A-EA52318603D9">
<createdBy>calittle</createdBy>
<createdTime>2019-04-17 17:26:46 UTC</createdTime>
<ownerDesignName>ODEE_1262_Design</ownerDesignName>
</ColumnProxy>
<ColumnProxy name="TRNAPPSTR011" id="DF561CFA-BE6A-44C5-96DC-FFBEB422B1D9">
<createdBy>calittle</createdBy>
<createdTime>2019-04-17 17:26:46 UTC</createdTime>
<ownerDesignName>ODEE_1262_Design</ownerDesignName>
</ColumnProxy>
<ColumnProxy name="TRNCUSDATE008" id="DFA61005-B66B-47A7-FCD6-D5AFD6684BDB">
<createdBy>calittle</createdBy>
<createdTime>2019-04-17 17:26:46 UTC</createdTime>
<ownerDesignName>ODEE_1262_Design</ownerDesignName>
</ColumnProxy>
<ColumnProxy name="ROUTEDESC" id="DFEA87D0-FAAA-6CE1-6EE9-D573A8F30A90">
<createdBy>calittle</createdBy>
<createdTime>2019-04-17 17:26:46 UTC</createdTime>
<ownerDesignName>ODEE_1262_Design</ownerDesignName>
</ColumnProxy>
<ColumnProxy name="APPROVALSTATE" id="E3A81F12-BB07-0AF5-0BB3-34570675DBD4">
<createdBy>calittle</createdBy>
<createdTime>2019-04-17 17:26:46 UTC</createdTime>
<ownerDesignName>ODEE_1262_Design</ownerDesignName>
<defaultValue>&apos;50&apos;</defaultValue>
</ColumnProxy>
<ColumnProxy name="TRNCUSSTR005" id="E3DB4176-E741-526B-7FE6-2D193A7A8ACF">
<createdBy>calittle</createdBy>
<createdTime>2019-04-17 17:26:46 UTC</createdTime>
<ownerDesignName>ODEE_1262_Design</ownerDesignName>
</ColumnProxy>
<ColumnProxy name="TRNCUSSTR013" id="E59738CD-40A8-B589-761F-6647C1925023">
<createdBy>calittle</createdBy>
<createdTime>2019-04-17 17:26:46 UTC</createdTime>
<ownerDesignName>ODEE_1262_Design</ownerDesignName>
</ColumnProxy>
<ColumnProxy name="TRNCUSSTR011" id="E86DE829-9813-7360-49FB-3DB61EC9B6DD">
<createdBy>calittle</createdBy>
<createdTime>2019-04-17 17:26:46 UTC</createdTime>
<ownerDesignName>ODEE_1262_Design</ownerDesignName>
</ColumnProxy>
<ColumnProxy name="TRNCUSSTR019" id="EC4D7CA3-2AF9-CDBD-C83E-8123D36DFA05">
<createdBy>calittle</createdBy>
<createdTime>2019-04-17 17:26:46 UTC</createdTime>
<ownerDesignName>ODEE_1262_Design</ownerDesignName>
</ColumnProxy>
<ColumnProxy name="REASON_ID" id="F3D7EB1F-95A2-9779-CBE1-8BD9FF4F1BDF">
<createdBy>calittle</createdBy>
<createdTime>2019-04-17 17:26:46 UTC</createdTime>
<ownerDesignName>ODEE_1262_Design</ownerDesignName>
</ColumnProxy>
<ColumnProxy name="AGENCYID" id="F4668425-71D7-96AC-15F7-95DF0492DA67">
<createdBy>calittle</createdBy>
<createdTime>2019-04-17 17:26:46 UTC</createdTime>
<ownerDesignName>ODEE_1262_Design</ownerDesignName>
</ColumnProxy>
<ColumnProxy name="SRCTRN_ID" id="FEE89F89-D18C-08D7-A1A4-E1709FC05ED3">
<createdBy>calittle</createdBy>
<createdTime>2019-04-17 17:26:46 UTC</createdTime>
<ownerDesignName>ODEE_1262_Design</ownerDesignName>
<defaultValue>0</defaultValue>
</ColumnProxy>
</columnProxies>
<foreignKeys>
<ForeignKey class="oracle.dbtools.crest.model.design.storage.oracle.v10g.FKProxyOraclev10g" name="JOBS_TRNS" id="4733BBE5-494E-5CB8-8485-AD6B13DFD3FD">
<createdBy>calittle</createdBy>
<createdTime>2019-04-17 17:26:52 UTC</createdTime>
<ownerDesignName>ODEE_1262_Design</ownerDesignName>
</ForeignKey>
</foreignKeys>
<lobStorages>
<LobStorage class="oracle.dbtools.crest.model.design.storage.oracle.v11g.LobStorageOraclev11g" name="SYS_LOB0000140101C00141$$" id="DCDCB5C1-DA18-454D-63C2-3E3E8661A535">
<createdBy>calittle</createdBy>
<createdTime>2019-04-17 17:26:52 UTC</createdTime>
<ownerDesignName>ODEE_1262_Design</ownerDesignName>
<cache>NOCACHE</cache>
<chunk>8192</chunk>
<column>TRNDATABLOB</column>
<compression>NO</compression>
<duplication>KEEP_DUPLICATES</duplication>
<logging>FILESYSTEM_LIKE_LOGGING</logging>
<tableSpace>B4FE7603-2423-0888-71C6-BC38EA367033</tableSpace>
<lobStorageType>SECUREFILE</lobStorageType>
</LobStorage>
<LobStorage class="oracle.dbtools.crest.model.design.storage.oracle.v11g.LobStorageOraclev11g" name="SYS_LOB0000140101C00147$$" id="A0A095CC-4E63-3527-3479-5AD2486875AE">
<createdBy>calittle</createdBy>
<createdTime>2019-04-17 17:26:52 UTC</createdTime>
<ownerDesignName>ODEE_1262_Design</ownerDesignName>
<cache>NOCACHE</cache>
<chunk>8192</chunk>
<column>TRNNAPOLBLOB</column>
<compression>NO</compression>
<duplication>KEEP_DUPLICATES</duplication>
<logging>FILESYSTEM_LIKE_LOGGING</logging>
<tableSpace>B4FE7603-2423-0888-71C6-BC38EA367033</tableSpace>
<lobStorageType>SECUREFILE</lobStorageType>
</LobStorage>
</lobStorages>
<primaryKeys>
<PrimaryKey class="oracle.dbtools.crest.model.design.storage.oracle.v10g.PKProxyOraclev10g" name="TRNS_PK" id="0253FC48-EC4F-1931-FEFE-A30C69175688">
<createdBy>calittle</createdBy>
<createdTime>2019-04-17 17:26:51 UTC</createdTime>
<ownerDesignName>ODEE_1262_Design</ownerDesignName>
<segment>D84742F2-9E68-6614-C6EF-D3B7EF628E78</segment>
<tableSpace>B4FE7603-2423-0888-71C6-BC38EA367033</tableSpace>
<existingIndex>759B4389-47F0-CDCF-CD78-CE7066BAAEE4</existingIndex>
<indexSegment>D84742F2-9E68-6614-C6EF-D3B7EF628E78</indexSegment>
<indexSort>SORTED</indexSort>
<usingIndex>BY INDEX NAME</usingIndex>
</PrimaryKey>
</primaryKeys>
<uniqueKeys>
<UniqueKey class="oracle.dbtools.crest.model.design.storage.oracle.v10g.UniqueOraclev10g" name="TRNS_FORMSETID" id="0E4D0D86-43AC-8D06-4904-59E3CB6E7E77">
<createdBy>calittle</createdBy>
<createdTime>2019-04-17 17:26:51 UTC</createdTime>
<ownerDesignName>ODEE_1262_Design</ownerDesignName>
<segment>D84742F2-9E68-6614-C6EF-D3B7EF628E78</segment>
<tableSpace>B4FE7603-2423-0888-71C6-BC38EA367033</tableSpace>
<existingIndex>F84057A5-CFE8-7F69-A435-A1223394B4C6</existingIndex>
<indexSegment>D84742F2-9E68-6614-C6EF-D3B7EF628E78</indexSegment>
<indexSort>SORTED</indexSort>
<usingIndex>BY INDEX NAME</usingIndex>
</UniqueKey>
<UniqueKey class="oracle.dbtools.crest.model.design.storage.oracle.v10g.UniqueOraclev10g" name="TRNS_UNIQUE_ID" id="FA1257D2-08D4-3B5B-1640-2903098EA691">
<createdBy>calittle</createdBy>
<createdTime>2019-04-17 17:26:51 UTC</createdTime>
<ownerDesignName>ODEE_1262_Design</ownerDesignName>
<segment>D84742F2-9E68-6614-C6EF-D3B7EF628E78</segment>
<tableSpace>B4FE7603-2423-0888-71C6-BC38EA367033</tableSpace>
<existingIndex>9D3A501C-B5FD-06BF-64A0-994CDC8DCC9F</existingIndex>
<indexSegment>D84742F2-9E68-6614-C6EF-D3B7EF628E78</indexSegment>
<indexSort>SORTED</indexSort>
<usingIndex>BY INDEX NAME</usingIndex>
</UniqueKey>
</uniqueKeys>
</TableProxyOraclev11g>