<?xml version = '1.0' encoding = 'UTF-8'?>
<TableProxyOraclev11g class="oracle.dbtools.crest.model.design.storage.oracle.v11g.TableProxyOraclev11g" name="PUBS" directorySegmentName="seg_0" id="138CDBBC-4DD0-D6FC-C708-A9005F499EB0">
<createdBy>calittle</createdBy>
<createdTime>2019-04-17 17:26:02 UTC</createdTime>
<ownerDesignName>ODEE_1262_Design</ownerDesignName>
<schemaObject>8FC895A7-E0A2-11C9-AE90-BEF4CA704C97</schemaObject>
<logging>YES</logging>
<partitionedRowMovement>DISABLE</partitionedRowMovement>
<segment>4AC90395-2168-6C73-9206-B942356832F0</segment>
<tableSpace>B4FE7603-2423-0888-71C6-BC38EA367033</tableSpace>
<temporaryChanged>false</temporaryChanged>
<accessDriverType>oracle_loader</accessDriverType>
<rejectLimit></rejectLimit>
<indexProxies>
<IndexProxy class="oracle.dbtools.crest.model.design.storage.oracle.v10g.IndexProxyOraclev10g" name="PUB_PK" id="3D837D93-5CA2-52DD-2413-BEC6935E62C8">
<createdBy>calittle</createdBy>
<createdTime>2019-04-17 17:26:48 UTC</createdTime>
<ownerDesignName>ODEE_1262_Design</ownerDesignName>
<schemaObject>8FC895A7-E0A2-11C9-AE90-BEF4CA704C97</schemaObject>
<segment>D84742F2-9E68-6614-C6EF-D3B7EF628E78</segment>
<tableSpace>B4FE7603-2423-0888-71C6-BC38EA367033</tableSpace>
</IndexProxy>
<IndexProxy class="oracle.dbtools.crest.model.design.storage.oracle.v10g.IndexProxyOraclev10g" name="PUBS_PUBPUBLISHED" id="60BC3A66-87BC-2062-4278-E14FAC90F9F5">
<createdBy>calittle</createdBy>
<createdTime>2019-04-17 17:26:48 UTC</createdTime>
<ownerDesignName>ODEE_1262_Design</ownerDesignName>
<schemaObject>8FC895A7-E0A2-11C9-AE90-BEF4CA704C97</schemaObject>
<segment>D84742F2-9E68-6614-C6EF-D3B7EF628E78</segment>
<tableSpace>B4FE7603-2423-0888-71C6-BC38EA367033</tableSpace>
</IndexProxy>
<IndexProxy class="oracle.dbtools.crest.model.design.storage.oracle.v10g.IndexProxyOraclev10g" name="PUBUNIQUE_ID" id="64924E4E-6E3E-D1CC-CE00-FB32EB03422E">
<createdBy>calittle</createdBy>
<createdTime>2019-04-17 17:26:48 UTC</createdTime>
<ownerDesignName>ODEE_1262_Design</ownerDesignName>
<schemaObject>8FC895A7-E0A2-11C9-AE90-BEF4CA704C97</schemaObject>
<segment>D84742F2-9E68-6614-C6EF-D3B7EF628E78</segment>
<tableSpace>B4FE7603-2423-0888-71C6-BC38EA367033</tableSpace>
</IndexProxy>
<IndexProxy class="oracle.dbtools.crest.model.design.storage.oracle.v10g.IndexProxyOraclev10g" name="PUBS_SEQ" id="6B02A077-2D72-63F0-2D03-BCB9EDEF0208">
<createdBy>calittle</createdBy>
<createdTime>2019-04-17 17:26:48 UTC</createdTime>
<ownerDesignName>ODEE_1262_Design</ownerDesignName>
<schemaObject>8FC895A7-E0A2-11C9-AE90-BEF4CA704C97</schemaObject>
<segment>D84742F2-9E68-6614-C6EF-D3B7EF628E78</segment>
<tableSpace>B4FE7603-2423-0888-71C6-BC38EA367033</tableSpace>
</IndexProxy>
<IndexProxy class="oracle.dbtools.crest.model.design.storage.oracle.v10g.IndexProxyOraclev10g" name="PUBS_STATS" id="AE691EBE-7EC3-6B6D-1D45-00704D11C68E">
<createdBy>calittle</createdBy>
<createdTime>2019-04-17 17:26:48 UTC</createdTime>
<ownerDesignName>ODEE_1262_Design</ownerDesignName>
<schemaObject>8FC895A7-E0A2-11C9-AE90-BEF4CA704C97</schemaObject>
<segment>D84742F2-9E68-6614-C6EF-D3B7EF628E78</segment>
<tableSpace>B4FE7603-2423-0888-71C6-BC38EA367033</tableSpace>
</IndexProxy>
<IndexProxy class="oracle.dbtools.crest.model.design.storage.oracle.v10g.IndexProxyOraclev10g" name="PUBS_PUBNOTIFIED" id="BA6A567A-ABE0-ACBA-31FD-E528796D68BA">
<createdBy>calittle</createdBy>
<createdTime>2019-04-17 17:26:48 UTC</createdTime>
<ownerDesignName>ODEE_1262_Design</ownerDesignName>
<schemaObject>8FC895A7-E0A2-11C9-AE90-BEF4CA704C97</schemaObject>
<segment>D84742F2-9E68-6614-C6EF-D3B7EF628E78</segment>
<tableSpace>B4FE7603-2423-0888-71C6-BC38EA367033</tableSpace>
</IndexProxy>
<IndexProxy class="oracle.dbtools.crest.model.design.storage.oracle.v10g.IndexProxyOraclev10g" name="PUBS_PUBARCHIVED" id="CCE43276-4565-4015-C1B3-2220DC23C9C8">
<createdBy>calittle</createdBy>
<createdTime>2019-04-17 17:26:48 UTC</createdTime>
<ownerDesignName>ODEE_1262_Design</ownerDesignName>
<schemaObject>8FC895A7-E0A2-11C9-AE90-BEF4CA704C97</schemaObject>
<segment>D84742F2-9E68-6614-C6EF-D3B7EF628E78</segment>
<tableSpace>B4FE7603-2423-0888-71C6-BC38EA367033</tableSpace>
</IndexProxy>
<IndexProxy class="oracle.dbtools.crest.model.design.storage.oracle.v10g.IndexProxyOraclev10g" name="PUBS_BCH_ID" id="DCDD09E5-8314-7A4D-BBBA-DFC860A92F02">
<createdBy>calittle</createdBy>
<createdTime>2019-04-17 17:26:48 UTC</createdTime>
<ownerDesignName>ODEE_1262_Design</ownerDesignName>
<schemaObject>8FC895A7-E0A2-11C9-AE90-BEF4CA704C97</schemaObject>
<segment>D84742F2-9E68-6614-C6EF-D3B7EF628E78</segment>
<tableSpace>B4FE7603-2423-0888-71C6-BC38EA367033</tableSpace>
</IndexProxy>
</indexProxies>
<columnProxies itemClass="oracle.dbtools.crest.model.design.storage.oracle.v12c.ColumnProxyOraclev12c">
<ColumnProxy name="PUBHISTORY" id="00BC5B0B-023A-BC40-F94A-52E77B0F73AE">
<createdBy>calittle</createdBy>
<createdTime>2019-04-17 17:26:41 UTC</createdTime>
<ownerDesignName>ODEE_1262_Design</ownerDesignName>
<defaultValue>1</defaultValue>
</ColumnProxy>
<ColumnProxy name="PUBPAGECOUNT" id="03AC290A-08DA-21F1-353E-F6E428341867">
<createdBy>calittle</createdBy>
<createdTime>2019-04-17 17:26:41 UTC</createdTime>
<ownerDesignName>ODEE_1262_Design</ownerDesignName>
</ColumnProxy>
<ColumnProxy name="PUBAPPSTR013" id="03E0C235-88CF-2EDE-8E6D-683D61DF5777">
<createdBy>calittle</createdBy>
<createdTime>2019-04-17 17:26:41 UTC</createdTime>
<ownerDesignName>ODEE_1262_Design</ownerDesignName>
</ColumnProxy>
<ColumnProxy name="PUBTRAY5" id="08F112F0-2480-EDAC-AE50-62DB580136F5">
<createdBy>calittle</createdBy>
<createdTime>2019-04-17 17:26:41 UTC</createdTime>
<ownerDesignName>ODEE_1262_Design</ownerDesignName>
<defaultValue>0</defaultValue>
</ColumnProxy>
<ColumnProxy name="PUBAPPDEC003" id="09D6B011-C89B-C049-7F8A-207BE842E195">
<createdBy>calittle</createdBy>
<createdTime>2019-04-17 17:26:41 UTC</createdTime>
<ownerDesignName>ODEE_1262_Design</ownerDesignName>
</ColumnProxy>
<ColumnProxy name="PUBCUSSTR009" id="09E31628-6FA6-9B5E-325C-81A160C78C38">
<createdBy>calittle</createdBy>
<createdTime>2019-04-17 17:26:41 UTC</createdTime>
<ownerDesignName>ODEE_1262_Design</ownerDesignName>
</ColumnProxy>
<ColumnProxy name="PUBSTARTTIME" id="0A0070D0-908A-5610-348D-3A42A6650F68">
<createdBy>calittle</createdBy>
<createdTime>2019-04-17 17:26:41 UTC</createdTime>
<ownerDesignName>ODEE_1262_Design</ownerDesignName>
</ColumnProxy>
<ColumnProxy name="PUBAPPSTR001" id="0AE748F8-434B-D01B-7046-238808360C6A">
<createdBy>calittle</createdBy>
<createdTime>2019-04-17 17:26:41 UTC</createdTime>
<ownerDesignName>ODEE_1262_Design</ownerDesignName>
</ColumnProxy>
<ColumnProxy name="PUBCUSSTR001" id="0CB8DC1C-2280-FEB6-47B8-C381F0C05165">
<createdBy>calittle</createdBy>
<createdTime>2019-04-17 17:26:41 UTC</createdTime>
<ownerDesignName>ODEE_1262_Design</ownerDesignName>
</ColumnProxy>
<ColumnProxy name="PUBHISTORICAL" id="0CEF4D64-A287-FC43-A930-08064F719BAE">
<createdBy>calittle</createdBy>
<createdTime>2019-04-17 17:26:41 UTC</createdTime>
<ownerDesignName>ODEE_1262_Design</ownerDesignName>
<defaultValue>0</defaultValue>
</ColumnProxy>
<ColumnProxy name="PUBCUSINT004" id="11563806-E5BC-647E-6E72-69C3DEC8AD14">
<createdBy>calittle</createdBy>
<createdTime>2019-04-17 17:26:41 UTC</createdTime>
<ownerDesignName>ODEE_1262_Design</ownerDesignName>
</ColumnProxy>
<ColumnProxy name="PUBSGNREF" id="1393315F-42CD-7230-58EA-34C941DB6AD8">
<createdBy>calittle</createdBy>
<createdTime>2019-04-17 17:26:41 UTC</createdTime>
<ownerDesignName>ODEE_1262_Design</ownerDesignName>
</ColumnProxy>
<ColumnProxy name="PUBTRAY7" id="14491558-DD6D-6E79-8275-F53157154C75">
<createdBy>calittle</createdBy>
<createdTime>2019-04-17 17:26:41 UTC</createdTime>
<ownerDesignName>ODEE_1262_Design</ownerDesignName>
<defaultValue>0</defaultValue>
</ColumnProxy>
<ColumnProxy name="PUBARCHIVED" id="1547853F-282A-5F5D-603D-C36D5F08A36A">
<createdBy>calittle</createdBy>
<createdTime>2019-04-17 17:26:41 UTC</createdTime>
<ownerDesignName>ODEE_1262_Design</ownerDesignName>
<defaultValue>0</defaultValue>
</ColumnProxy>
<ColumnProxy name="PUBCUSDATE005" id="16926732-D6A3-4391-753B-4D0330CD9BA9">
<createdBy>calittle</createdBy>
<createdTime>2019-04-17 17:26:41 UTC</createdTime>
<ownerDesignName>ODEE_1262_Design</ownerDesignName>
</ColumnProxy>
<ColumnProxy name="PUBSEQ" id="1738C829-7B94-F431-D379-0E163BD2EA4D">
<createdBy>calittle</createdBy>
<createdTime>2019-04-17 17:26:41 UTC</createdTime>
<ownerDesignName>ODEE_1262_Design</ownerDesignName>
</ColumnProxy>
<ColumnProxy name="PUBENDTIME" id="1783BBB9-6000-4F8B-4450-3BED6DDC7E62">
<createdBy>calittle</createdBy>
<createdTime>2019-04-17 17:26:41 UTC</createdTime>
<ownerDesignName>ODEE_1262_Design</ownerDesignName>
</ColumnProxy>
<ColumnProxy name="PUBTRAY4" id="1BD360A0-504B-5BE1-4CAF-D10214D31164">
<createdBy>calittle</createdBy>
<createdTime>2019-04-17 17:26:41 UTC</createdTime>
<ownerDesignName>ODEE_1262_Design</ownerDesignName>
<defaultValue>0</defaultValue>
</ColumnProxy>
<ColumnProxy name="PUBTRAY5DESC" id="1C8B1011-A58E-A335-FF06-62663A464DD1">
<createdBy>calittle</createdBy>
<createdTime>2019-04-17 17:26:41 UTC</createdTime>
<ownerDesignName>ODEE_1262_Design</ownerDesignName>
</ColumnProxy>
<ColumnProxy name="PUBAPPSTR010" id="1D92B223-30DE-450F-ECE2-88378B2E2692">
<createdBy>calittle</createdBy>
<createdTime>2019-04-17 17:26:41 UTC</createdTime>
<ownerDesignName>ODEE_1262_Design</ownerDesignName>
</ColumnProxy>
<ColumnProxy name="PUBTRAY9DESC" id="1E0B9459-0664-A918-9E09-28A526C6BA0E">
<createdBy>calittle</createdBy>
<createdTime>2019-04-17 17:26:41 UTC</createdTime>
<ownerDesignName>ODEE_1262_Design</ownerDesignName>
</ColumnProxy>
<ColumnProxy name="PUB_ID" id="1F0267AC-C25E-2583-5A82-0C9ECD4023C2">
<createdBy>calittle</createdBy>
<createdTime>2019-04-17 17:26:41 UTC</createdTime>
<ownerDesignName>ODEE_1262_Design</ownerDesignName>
</ColumnProxy>
<ColumnProxy name="PUBTRAY8DESC" id="205F50DA-0530-F2BE-01D1-402C10418B7B">
<createdBy>calittle</createdBy>
<createdTime>2019-04-17 17:26:41 UTC</createdTime>
<ownerDesignName>ODEE_1262_Design</ownerDesignName>
</ColumnProxy>
<ColumnProxy name="PUBSGNDOCTYPE" id="209B760C-729C-7C11-D911-38ACE5427CD5">
<createdBy>calittle</createdBy>
<createdTime>2019-04-17 17:26:41 UTC</createdTime>
<ownerDesignName>ODEE_1262_Design</ownerDesignName>
</ColumnProxy>
<ColumnProxy name="PUBPRTEXT" id="209F6272-EE10-77D0-C6F7-E538F1FF97C7">
<createdBy>calittle</createdBy>
<createdTime>2019-04-17 17:26:41 UTC</createdTime>
<ownerDesignName>ODEE_1262_Design</ownerDesignName>
</ColumnProxy>
<ColumnProxy name="PUBNOTIFIED" id="24EF6153-74A9-1520-C424-510835C9AEC5">
<createdBy>calittle</createdBy>
<createdTime>2019-04-17 17:26:41 UTC</createdTime>
<ownerDesignName>ODEE_1262_Design</ownerDesignName>
<defaultValue>0</defaultValue>
</ColumnProxy>
<ColumnProxy name="PUBAPPDEC004" id="28974B84-89F6-4C5C-D016-31D03623BC1B">
<createdBy>calittle</createdBy>
<createdTime>2019-04-17 17:26:41 UTC</createdTime>
<ownerDesignName>ODEE_1262_Design</ownerDesignName>
</ColumnProxy>
<ColumnProxy name="PUBCUSDEC003" id="29E84DFE-EF99-0CC8-2D36-07C38843F3EE">
<createdBy>calittle</createdBy>
<createdTime>2019-04-17 17:26:41 UTC</createdTime>
<ownerDesignName>ODEE_1262_Design</ownerDesignName>
</ColumnProxy>
<ColumnProxy name="PUBCUSDATE002" id="2B2A2D67-A440-26DE-C825-0994F46BDADB">
<createdBy>calittle</createdBy>
<createdTime>2019-04-17 17:26:41 UTC</createdTime>
<ownerDesignName>ODEE_1262_Design</ownerDesignName>
</ColumnProxy>
<ColumnProxy name="PUBAPPINT005" id="2BDCCF1D-8611-0CDB-F7F1-870AF64E6E30">
<createdBy>calittle</createdBy>
<createdTime>2019-04-17 17:26:41 UTC</createdTime>
<ownerDesignName>ODEE_1262_Design</ownerDesignName>
</ColumnProxy>
<ColumnProxy name="PUBAPPSTR008" id="2F1A4F95-9CFF-88C2-6EF3-DA402C533B04">
<createdBy>calittle</createdBy>
<createdTime>2019-04-17 17:26:41 UTC</createdTime>
<ownerDesignName>ODEE_1262_Design</ownerDesignName>
</ColumnProxy>
<ColumnProxy name="PUBAPPSTR012" id="2FCE1704-890F-1219-1ADB-EF5821AFBC1B">
<createdBy>calittle</createdBy>
<createdTime>2019-04-17 17:26:41 UTC</createdTime>
<ownerDesignName>ODEE_1262_Design</ownerDesignName>
</ColumnProxy>
<ColumnProxy name="PUBCUSINT005" id="30618907-E922-3D46-9499-234F8E4DF043">
<createdBy>calittle</createdBy>
<createdTime>2019-04-17 17:26:41 UTC</createdTime>
<ownerDesignName>ODEE_1262_Design</ownerDesignName>
</ColumnProxy>
<ColumnProxy name="PUBWEIGHT" id="31BE2D52-A9DA-AC72-5B73-A2779B560679">
<createdBy>calittle</createdBy>
<createdTime>2019-04-17 17:26:41 UTC</createdTime>
<ownerDesignName>ODEE_1262_Design</ownerDesignName>
</ColumnProxy>
<ColumnProxy name="PUBENDRCP_ID" id="344A927B-2298-4829-9F6F-1DEB6539807F">
<createdBy>calittle</createdBy>
<createdTime>2019-04-17 17:26:41 UTC</createdTime>
<ownerDesignName>ODEE_1262_Design</ownerDesignName>
</ColumnProxy>
<ColumnProxy name="PUBCUSDATE003" id="360EE023-5DF0-21FC-D68C-2863E74A1E12">
<createdBy>calittle</createdBy>
<createdTime>2019-04-17 17:26:41 UTC</createdTime>
<ownerDesignName>ODEE_1262_Design</ownerDesignName>
</ColumnProxy>
<ColumnProxy name="PUBARCDOCTYPE" id="3625A69B-7001-40BB-C25F-1004E0C6C59C">
<createdBy>calittle</createdBy>
<createdTime>2019-04-17 17:26:41 UTC</createdTime>
<ownerDesignName>ODEE_1262_Design</ownerDesignName>
</ColumnProxy>
<ColumnProxy name="PUBARCTITLE" id="36641E48-9768-142B-27CF-33482974D8BA">
<createdBy>calittle</createdBy>
<createdTime>2019-04-17 17:26:41 UTC</createdTime>
<ownerDesignName>ODEE_1262_Design</ownerDesignName>
</ColumnProxy>
<ColumnProxy name="PUBAPPINT002" id="37CAADA7-B941-E724-121F-D6C8AD158916">
<createdBy>calittle</createdBy>
<createdTime>2019-04-17 17:26:41 UTC</createdTime>
<ownerDesignName>ODEE_1262_Design</ownerDesignName>
</ColumnProxy>
<ColumnProxy name="PUBUNIQUE_ID" id="39465DB2-CCA4-F4EB-1872-3B48B100F0AC">
<createdBy>calittle</createdBy>
<createdTime>2019-04-17 17:26:41 UTC</createdTime>
<ownerDesignName>ODEE_1262_Design</ownerDesignName>
</ColumnProxy>
<ColumnProxy name="PUBAPPDEC005" id="39AC8DD5-A0C8-C19D-B9FB-2955F701CB55">
<createdBy>calittle</createdBy>
<createdTime>2019-04-17 17:26:41 UTC</createdTime>
<ownerDesignName>ODEE_1262_Design</ownerDesignName>
</ColumnProxy>
<ColumnProxy name="PUBAPPINT001" id="39C6DF80-F46B-F9DE-CA4A-4418B9256E4F">
<createdBy>calittle</createdBy>
<createdTime>2019-04-17 17:26:41 UTC</createdTime>
<ownerDesignName>ODEE_1262_Design</ownerDesignName>
</ColumnProxy>
<ColumnProxy name="PUBNTFTYPE" id="3AE5F3E4-5236-D78E-B7B5-90A8D337CEF8">
<createdBy>calittle</createdBy>
<createdTime>2019-04-17 17:26:41 UTC</createdTime>
<ownerDesignName>ODEE_1262_Design</ownerDesignName>
</ColumnProxy>
<ColumnProxy name="PUBCUSSTR012" id="3D9E34D8-D7BB-78CC-2B4F-D2623AF89803">
<createdBy>calittle</createdBy>
<createdTime>2019-04-17 17:26:41 UTC</createdTime>
<ownerDesignName>ODEE_1262_Design</ownerDesignName>
</ColumnProxy>
<ColumnProxy name="PUBSGNDOCNAME" id="4024271E-A856-B127-D531-8566FD8D522B">
<createdBy>calittle</createdBy>
<createdTime>2019-04-17 17:26:41 UTC</createdTime>
<ownerDesignName>ODEE_1262_Design</ownerDesignName>
</ColumnProxy>
<ColumnProxy name="PUBAPPINT003" id="44B17CEB-9A6A-9803-C406-E7CA25B9ECE2">
<createdBy>calittle</createdBy>
<createdTime>2019-04-17 17:26:41 UTC</createdTime>
<ownerDesignName>ODEE_1262_Design</ownerDesignName>
</ColumnProxy>
<ColumnProxy name="PUBCUSINT002" id="45BA325E-AE9B-2250-F9D3-D64B022B222C">
<createdBy>calittle</createdBy>
<createdTime>2019-04-17 17:26:41 UTC</createdTime>
<ownerDesignName>ODEE_1262_Design</ownerDesignName>
</ColumnProxy>
<ColumnProxy name="PUBMIMETYPE" id="46408CE0-866A-37C1-C05B-CA919016141C">
<createdBy>calittle</createdBy>
<createdTime>2019-04-17 17:26:41 UTC</createdTime>
<ownerDesignName>ODEE_1262_Design</ownerDesignName>
</ColumnProxy>
<ColumnProxy name="PUBTRAY1DESC" id="49FD5663-7193-5C88-EE3E-F08811C37F19">
<createdBy>calittle</createdBy>
<createdTime>2019-04-17 17:26:41 UTC</createdTime>
<ownerDesignName>ODEE_1262_Design</ownerDesignName>
</ColumnProxy>
<ColumnProxy name="PUBNTFENDTIME" id="4CCA1710-EE5B-9947-1923-183E7731CED7">
<createdBy>calittle</createdBy>
<createdTime>2019-04-17 17:26:41 UTC</createdTime>
<ownerDesignName>ODEE_1262_Design</ownerDesignName>
</ColumnProxy>
<ColumnProxy name="PUBSIGNED" id="4F186D80-289E-DF49-C7A3-B62B7F8E88A6">
<createdBy>calittle</createdBy>
<createdTime>2019-04-17 17:26:41 UTC</createdTime>
<ownerDesignName>ODEE_1262_Design</ownerDesignName>
<defaultValue>0</defaultValue>
</ColumnProxy>
<ColumnProxy name="PUBAPPSTR009" id="51A11247-8C94-C49E-BD78-470F836B128C">
<createdBy>calittle</createdBy>
<createdTime>2019-04-17 17:26:41 UTC</createdTime>
<ownerDesignName>ODEE_1262_Design</ownerDesignName>
</ColumnProxy>
<ColumnProxy name="PUBCUSSTR015" id="52D02F56-9488-B1EB-8864-570A62CB1F8F">
<createdBy>calittle</createdBy>
<createdTime>2019-04-17 17:26:41 UTC</createdTime>
<ownerDesignName>ODEE_1262_Design</ownerDesignName>
</ColumnProxy>
<ColumnProxy name="PUBAPPINT004" id="559E0253-A219-D891-BE63-F1C47FBCCC80">
<createdBy>calittle</createdBy>
<createdTime>2019-04-17 17:26:41 UTC</createdTime>
<ownerDesignName>ODEE_1262_Design</ownerDesignName>
</ColumnProxy>
<ColumnProxy name="PUBARCDOCNAME" id="56FB9F7E-F42D-7596-D9F6-373DB358CEB4">
<createdBy>calittle</createdBy>
<createdTime>2019-04-17 17:26:41 UTC</createdTime>
<ownerDesignName>ODEE_1262_Design</ownerDesignName>
</ColumnProxy>
<ColumnProxy name="PUBCUSSTR002" id="59DE87F7-9982-7AB3-C829-F93F8E2F148B">
<createdBy>calittle</createdBy>
<createdTime>2019-04-17 17:26:41 UTC</createdTime>
<ownerDesignName>ODEE_1262_Design</ownerDesignName>
</ColumnProxy>
<ColumnProxy name="PUBCUSSTR007" id="5C4FC8F6-1696-4321-7085-187FD6AF2DE0">
<createdBy>calittle</createdBy>
<createdTime>2019-04-17 17:26:41 UTC</createdTime>
<ownerDesignName>ODEE_1262_Design</ownerDesignName>
</ColumnProxy>
<ColumnProxy name="PUBNTFMSGTYP" id="5CD07170-A177-FD23-74D5-E9E683F34930">
<createdBy>calittle</createdBy>
<createdTime>2019-04-17 17:26:41 UTC</createdTime>
<ownerDesignName>ODEE_1262_Design</ownerDesignName>
</ColumnProxy>
<ColumnProxy name="PUBCUSSTR011" id="5CFA36F0-8257-C453-AE2C-46897ACF8C63">
<createdBy>calittle</createdBy>
<createdTime>2019-04-17 17:26:41 UTC</createdTime>
<ownerDesignName>ODEE_1262_Design</ownerDesignName>
</ColumnProxy>
<ColumnProxy name="PUBTRAY6" id="5F5CE0A5-0EB0-C36B-E411-C5A4EC1A8375">
<createdBy>calittle</createdBy>
<createdTime>2019-04-17 17:26:41 UTC</createdTime>
<ownerDesignName>ODEE_1262_Design</ownerDesignName>
<defaultValue>0</defaultValue>
</ColumnProxy>
<ColumnProxy name="PUBCUSDEC002" id="61A1F4C9-1526-64FA-AA7B-0B81379504C6">
<createdBy>calittle</createdBy>
<createdTime>2019-04-17 17:26:41 UTC</createdTime>
<ownerDesignName>ODEE_1262_Design</ownerDesignName>
</ColumnProxy>
<ColumnProxy name="PUBSGNTITLE" id="622C1863-8852-2183-8CC7-2C052AAC8CA8">
<createdBy>calittle</createdBy>
<createdTime>2019-04-17 17:26:41 UTC</createdTime>
<ownerDesignName>ODEE_1262_Design</ownerDesignName>
</ColumnProxy>
<ColumnProxy name="PUBAPPDATE005" id="687F2272-48BE-EA63-04D7-FC68C5079347">
<createdBy>calittle</createdBy>
<createdTime>2019-04-17 17:26:41 UTC</createdTime>
<ownerDesignName>ODEE_1262_Design</ownerDesignName>
</ColumnProxy>
<ColumnProxy name="PUBAPPSTR007" id="689453CD-1863-7C1D-6F2A-56C18E127D67">
<createdBy>calittle</createdBy>
<createdTime>2019-04-17 17:26:41 UTC</createdTime>
<ownerDesignName>ODEE_1262_Design</ownerDesignName>
</ColumnProxy>
<ColumnProxy name="PUBCUSSTR010" id="6B102686-6EB5-E8B6-E498-513A15FB2D22">
<createdBy>calittle</createdBy>
<createdTime>2019-04-17 17:26:41 UTC</createdTime>
<ownerDesignName>ODEE_1262_Design</ownerDesignName>
</ColumnProxy>
<ColumnProxy name="PUBCUSSTR003" id="6C15C458-B6F7-9607-9F91-745A9920DAC9">
<createdBy>calittle</createdBy>
<createdTime>2019-04-17 17:26:41 UTC</createdTime>
<ownerDesignName>ODEE_1262_Design</ownerDesignName>
</ColumnProxy>
<ColumnProxy name="PUBAPPSTR003" id="6C97D935-6D61-0479-31D8-D9475646D744">
<createdBy>calittle</createdBy>
<createdTime>2019-04-17 17:26:41 UTC</createdTime>
<ownerDesignName>ODEE_1262_Design</ownerDesignName>
</ColumnProxy>
<ColumnProxy name="PUBAPPDATE002" id="70177498-B1E5-A30A-76D6-5AD5CDD38AF4">
<createdBy>calittle</createdBy>
<createdTime>2019-04-17 17:26:41 UTC</createdTime>
<ownerDesignName>ODEE_1262_Design</ownerDesignName>
</ColumnProxy>
<ColumnProxy name="PUBAPPDATE001" id="70D0BEA5-228C-81B7-9612-B81C4C551B3D">
<createdBy>calittle</createdBy>
<createdTime>2019-04-17 17:26:41 UTC</createdTime>
<ownerDesignName>ODEE_1262_Design</ownerDesignName>
</ColumnProxy>
<ColumnProxy name="PUBOUTTYPE" id="7155254D-4174-8911-0CAB-2B17F322D852">
<createdBy>calittle</createdBy>
<createdTime>2019-04-17 17:26:41 UTC</createdTime>
<ownerDesignName>ODEE_1262_Design</ownerDesignName>
<defaultValue>0</defaultValue>
</ColumnProxy>
<ColumnProxy name="PUBARCDOCSUBTYPE" id="73E96DC0-0D9E-0B54-0D96-73B9B0DA0B1B">
<createdBy>calittle</createdBy>
<createdTime>2019-04-17 17:26:41 UTC</createdTime>
<ownerDesignName>ODEE_1262_Design</ownerDesignName>
</ColumnProxy>
<ColumnProxy name="PUBCUSSTR013" id="7429F49E-A265-279D-229A-4424F874CB12">
<createdBy>calittle</createdBy>
<createdTime>2019-04-17 17:26:41 UTC</createdTime>
<ownerDesignName>ODEE_1262_Design</ownerDesignName>
</ColumnProxy>
<ColumnProxy name="PUBAPPDEC001" id="7A17CD49-45DF-196C-68E9-2FCF642B8704">
<createdBy>calittle</createdBy>
<createdTime>2019-04-17 17:26:41 UTC</createdTime>
<ownerDesignName>ODEE_1262_Design</ownerDesignName>
</ColumnProxy>
<ColumnProxy name="PUBTRAY2" id="7A63C02A-0BD7-4051-9CBF-D0129C65B6F2">
<createdBy>calittle</createdBy>
<createdTime>2019-04-17 17:26:41 UTC</createdTime>
<ownerDesignName>ODEE_1262_Design</ownerDesignName>
<defaultValue>0</defaultValue>
</ColumnProxy>
<ColumnProxy name="PUBDATATYPE" id="7B577B25-D296-2408-E481-C5EF496B78F3">
<createdBy>calittle</createdBy>
<createdTime>2019-04-17 17:26:41 UTC</createdTime>
<ownerDesignName>ODEE_1262_Design</ownerDesignName>
</ColumnProxy>
<ColumnProxy name="PUBAPPDATE003" id="7C568304-B61A-F493-CA09-22A2EAEE5410">
<createdBy>calittle</createdBy>
<createdTime>2019-04-17 17:26:41 UTC</createdTime>
<ownerDesignName>ODEE_1262_Design</ownerDesignName>
</ColumnProxy>
<ColumnProxy name="PUBTRAY3DESC" id="7DF0B510-0D1F-33EA-F76C-0055D116A68B">
<createdBy>calittle</createdBy>
<createdTime>2019-04-17 17:26:41 UTC</createdTime>
<ownerDesignName>ODEE_1262_Design</ownerDesignName>
</ColumnProxy>
<ColumnProxy name="PUBCUSINT001" id="7E5B9FDB-550B-4B5C-85DC-028ABF24700D">
<createdBy>calittle</createdBy>
<createdTime>2019-04-17 17:26:41 UTC</createdTime>
<ownerDesignName>ODEE_1262_Design</ownerDesignName>
</ColumnProxy>
<ColumnProxy name="PUBCUSSTR014" id="7E91D918-A11F-E301-2E0F-4D77D8DE8002">
<createdBy>calittle</createdBy>
<createdTime>2019-04-17 17:26:41 UTC</createdTime>
<ownerDesignName>ODEE_1262_Design</ownerDesignName>
</ColumnProxy>
<ColumnProxy name="PUBTRAY7DESC" id="8073E5D4-75AA-8825-D241-2FF7A66F3562">
<createdBy>calittle</createdBy>
<createdTime>2019-04-17 17:26:41 UTC</createdTime>
<ownerDesignName>ODEE_1262_Design</ownerDesignName>
</ColumnProxy>
<ColumnProxy name="PUBPRTPHYNAME" id="808712E0-BDD8-C5F8-FCAE-F6785D5D6BF6">
<createdBy>calittle</createdBy>
<createdTime>2019-04-17 17:26:41 UTC</createdTime>
<ownerDesignName>ODEE_1262_Design</ownerDesignName>
</ColumnProxy>
<ColumnProxy name="PUBPUBLISHED" id="8BC5B854-037A-066B-2D45-7CAED79A01B4">
<createdBy>calittle</createdBy>
<createdTime>2019-04-17 17:26:41 UTC</createdTime>
<ownerDesignName>ODEE_1262_Design</ownerDesignName>
<defaultValue>0</defaultValue>
</ColumnProxy>
<ColumnProxy name="PUBBEGINRCP_ID" id="939BD2F5-841B-45E2-AF58-13E914A8AFD3">
<createdBy>calittle</createdBy>
<createdTime>2019-04-17 17:26:41 UTC</createdTime>
<ownerDesignName>ODEE_1262_Design</ownerDesignName>
</ColumnProxy>
<ColumnProxy name="PUBOUTBLOB" id="950D468C-D15B-CA67-C5B8-CEFE1AE09BD6">
<createdBy>calittle</createdBy>
<createdTime>2019-04-17 17:26:41 UTC</createdTime>
<ownerDesignName>ODEE_1262_Design</ownerDesignName>
</ColumnProxy>
<ColumnProxy name="BCH_ID" id="9607ECBA-5A8B-3E50-6ABF-984166E5B290">
<createdBy>calittle</createdBy>
<createdTime>2019-04-17 17:26:41 UTC</createdTime>
<ownerDesignName>ODEE_1262_Design</ownerDesignName>
</ColumnProxy>
<ColumnProxy name="PUBAPPSTR015" id="97937425-0BDD-D5E6-A63C-8B8FBF3E0D2D">
<createdBy>calittle</createdBy>
<createdTime>2019-04-17 17:26:41 UTC</createdTime>
<ownerDesignName>ODEE_1262_Design</ownerDesignName>
</ColumnProxy>
<ColumnProxy name="PUBTRAY2DESC" id="9E59933B-85FF-6B78-3348-3DC1D8A1E8C6">
<createdBy>calittle</createdBy>
<createdTime>2019-04-17 17:26:41 UTC</createdTime>
<ownerDesignName>ODEE_1262_Design</ownerDesignName>
</ColumnProxy>
<ColumnProxy name="PUBTRAY1" id="9FAB1CCF-EBC3-055C-E680-D38F1DB74FB1">
<createdBy>calittle</createdBy>
<createdTime>2019-04-17 17:26:41 UTC</createdTime>
<ownerDesignName>ODEE_1262_Design</ownerDesignName>
<defaultValue>0</defaultValue>
</ColumnProxy>
<ColumnProxy name="PUBARCENDTIME" id="9FBD3344-3285-27C4-5707-6C3E9AC0B6FD">
<createdBy>calittle</createdBy>
<createdTime>2019-04-17 17:26:41 UTC</createdTime>
<ownerDesignName>ODEE_1262_Design</ownerDesignName>
</ColumnProxy>
<ColumnProxy name="PUBCUSDEC004" id="A234342B-02F5-7FC2-2B88-ECEBB28195D4">
<createdBy>calittle</createdBy>
<createdTime>2019-04-17 17:26:41 UTC</createdTime>
<ownerDesignName>ODEE_1262_Design</ownerDesignName>
</ColumnProxy>
<ColumnProxy name="PUBSTATUS" id="A4FE8200-B470-0940-81D6-7FA12902D3D2">
<createdBy>calittle</createdBy>
<createdTime>2019-04-17 17:26:41 UTC</createdTime>
<ownerDesignName>ODEE_1262_Design</ownerDesignName>
<defaultValue>490</defaultValue>
</ColumnProxy>
<ColumnProxy name="PUBCUSDEC005" id="A5D773DF-07BD-3DB4-3383-55BE7C033BEF">
<createdBy>calittle</createdBy>
<createdTime>2019-04-17 17:26:41 UTC</createdTime>
<ownerDesignName>ODEE_1262_Design</ownerDesignName>
</ColumnProxy>
<ColumnProxy name="PUBAPPSTR004" id="A6665F99-7800-7DDE-156F-3099464E8013">
<createdBy>calittle</createdBy>
<createdTime>2019-04-17 17:26:41 UTC</createdTime>
<ownerDesignName>ODEE_1262_Design</ownerDesignName>
</ColumnProxy>
<ColumnProxy name="PUBAPPSTR005" id="A81564C7-C0C1-EA62-3366-AEFE3A905F6B">
<createdBy>calittle</createdBy>
<createdTime>2019-04-17 17:26:41 UTC</createdTime>
<ownerDesignName>ODEE_1262_Design</ownerDesignName>
</ColumnProxy>
<ColumnProxy name="PUBARCSTARTTIME" id="A8380E1D-EB16-3DB6-18A0-4FFA5E449CFC">
<createdBy>calittle</createdBy>
<createdTime>2019-04-17 17:26:41 UTC</createdTime>
<ownerDesignName>ODEE_1262_Design</ownerDesignName>
</ColumnProxy>
<ColumnProxy name="PUBPRTTYPE" id="A9536FC9-B09F-2C61-233E-EB60F1AE6F5E">
<createdBy>calittle</createdBy>
<createdTime>2019-04-17 17:26:41 UTC</createdTime>
<ownerDesignName>ODEE_1262_Design</ownerDesignName>
</ColumnProxy>
<ColumnProxy name="PUBRCPCOUNT" id="A95EC15C-9F41-2A94-4E23-C86FB794D1C7">
<createdBy>calittle</createdBy>
<createdTime>2019-04-17 17:26:41 UTC</createdTime>
<ownerDesignName>ODEE_1262_Design</ownerDesignName>
</ColumnProxy>
<ColumnProxy name="PUBCUSINT003" id="AB9D6B40-F73F-1CA0-6905-31FA0F2E6FFC">
<createdBy>calittle</createdBy>
<createdTime>2019-04-17 17:26:41 UTC</createdTime>
<ownerDesignName>ODEE_1262_Design</ownerDesignName>
</ColumnProxy>
<ColumnProxy name="PUBAPPDEC002" id="AF3E1B70-2497-90C9-F2A7-081708D3534E">
<createdBy>calittle</createdBy>
<createdTime>2019-04-17 17:26:41 UTC</createdTime>
<ownerDesignName>ODEE_1262_Design</ownerDesignName>
</ColumnProxy>
<ColumnProxy name="PUBPUBENDTIME" id="B0B9B0F6-F64A-0262-8CFE-8E4076D502F1">
<createdBy>calittle</createdBy>
<createdTime>2019-04-17 17:26:41 UTC</createdTime>
<ownerDesignName>ODEE_1262_Design</ownerDesignName>
</ColumnProxy>
<ColumnProxy name="PUBSIGNOFFTIME" id="B38E1448-248D-736E-6F5C-1F4F8421C03B">
<createdBy>calittle</createdBy>
<createdTime>2019-04-17 17:26:41 UTC</createdTime>
<ownerDesignName>ODEE_1262_Design</ownerDesignName>
</ColumnProxy>
<ColumnProxy name="PUBCUSSTR005" id="B3A862E7-C646-5208-8259-EF3AAB1E3393">
<createdBy>calittle</createdBy>
<createdTime>2019-04-17 17:26:41 UTC</createdTime>
<ownerDesignName>ODEE_1262_Design</ownerDesignName>
</ColumnProxy>
<ColumnProxy name="PUBAPPSTR002" id="B6DB4B18-C682-E53B-06D4-9BF8ABFF9FBB">
<createdBy>calittle</createdBy>
<createdTime>2019-04-17 17:26:41 UTC</createdTime>
<ownerDesignName>ODEE_1262_Design</ownerDesignName>
</ColumnProxy>
<ColumnProxy name="PUBAPPDATE004" id="B7239D17-E5FB-B7CF-9EBF-97B21C49CB16">
<createdBy>calittle</createdBy>
<createdTime>2019-04-17 17:26:41 UTC</createdTime>
<ownerDesignName>ODEE_1262_Design</ownerDesignName>
</ColumnProxy>
<ColumnProxy name="PUBCUSSTR008" id="BB4C25CA-3A32-2A8D-3BB2-8EE880A88D1A">
<createdBy>calittle</createdBy>
<createdTime>2019-04-17 17:26:41 UTC</createdTime>
<ownerDesignName>ODEE_1262_Design</ownerDesignName>
</ColumnProxy>
<ColumnProxy name="PUBNTFSTATUS" id="BC16686F-8B67-5CE0-2541-6F6A08EBBC10">
<createdBy>calittle</createdBy>
<createdTime>2019-04-17 17:26:41 UTC</createdTime>
<ownerDesignName>ODEE_1262_Design</ownerDesignName>
</ColumnProxy>
<ColumnProxy name="PUBSHEETCOUNT" id="BCA787F3-0C47-B011-D5B0-9AA9D4BF1742">
<createdBy>calittle</createdBy>
<createdTime>2019-04-17 17:26:41 UTC</createdTime>
<ownerDesignName>ODEE_1262_Design</ownerDesignName>
</ColumnProxy>
<ColumnProxy name="PUBSGNSTATUS" id="BD8E0011-F796-A6A1-06FF-E3262998FEE7">
<createdBy>calittle</createdBy>
<createdTime>2019-04-17 17:26:41 UTC</createdTime>
<ownerDesignName>ODEE_1262_Design</ownerDesignName>
</ColumnProxy>
<ColumnProxy name="PUBRETENTION" id="C00D3E84-0BAF-AEA9-AD9E-F4D64C496C53">
<createdBy>calittle</createdBy>
<createdTime>2019-04-17 17:26:41 UTC</createdTime>
<ownerDesignName>ODEE_1262_Design</ownerDesignName>
</ColumnProxy>
<ColumnProxy name="PUBAPPSTR006" id="C0A837CB-A5A6-CE53-BA2F-438AEA8C9FB5">
<createdBy>calittle</createdBy>
<createdTime>2019-04-17 17:26:41 UTC</createdTime>
<ownerDesignName>ODEE_1262_Design</ownerDesignName>
</ColumnProxy>
<ColumnProxy name="PUBPUBSTATUS" id="C3D161A5-8FDC-562E-67A7-2B154A46C784">
<createdBy>calittle</createdBy>
<createdTime>2019-04-17 17:26:41 UTC</createdTime>
<ownerDesignName>ODEE_1262_Design</ownerDesignName>
</ColumnProxy>
<ColumnProxy name="PUBTRAY4DESC" id="C7521A1C-D7A6-7CB5-C272-DBE1C13E1ED1">
<createdBy>calittle</createdBy>
<createdTime>2019-04-17 17:26:41 UTC</createdTime>
<ownerDesignName>ODEE_1262_Design</ownerDesignName>
</ColumnProxy>
<ColumnProxy name="PUBSGNDOCSUBTYPE" id="C8616496-0B69-E407-234F-E8CCFDDB977A">
<createdBy>calittle</createdBy>
<createdTime>2019-04-17 17:26:41 UTC</createdTime>
<ownerDesignName>ODEE_1262_Design</ownerDesignName>
</ColumnProxy>
<ColumnProxy name="PUBPUBSTARTTIME" id="CA648D43-858F-D603-EEEC-6F1E074611A1">
<createdBy>calittle</createdBy>
<createdTime>2019-04-17 17:26:41 UTC</createdTime>
<ownerDesignName>ODEE_1262_Design</ownerDesignName>
</ColumnProxy>
<ColumnProxy name="PUBCUSDEC001" id="D0F470CA-40BC-BF83-CF8E-96EDB3A28269">
<createdBy>calittle</createdBy>
<createdTime>2019-04-17 17:26:41 UTC</createdTime>
<ownerDesignName>ODEE_1262_Design</ownerDesignName>
</ColumnProxy>
<ColumnProxy name="PUBAPPSTR014" id="D5E39CF8-3D14-B8EB-ED45-782323338980">
<createdBy>calittle</createdBy>
<createdTime>2019-04-17 17:26:41 UTC</createdTime>
<ownerDesignName>ODEE_1262_Design</ownerDesignName>
</ColumnProxy>
<ColumnProxy name="PUBSGNENDTIME" id="D678B4D5-1668-F292-D69B-288EC33333AC">
<createdBy>calittle</createdBy>
<createdTime>2019-04-17 17:26:41 UTC</createdTime>
<ownerDesignName>ODEE_1262_Design</ownerDesignName>
</ColumnProxy>
<ColumnProxy name="PUBCUSDATE001" id="D89ACE3F-05AE-926C-55D4-64DD22F4CAAE">
<createdBy>calittle</createdBy>
<createdTime>2019-04-17 17:26:41 UTC</createdTime>
<ownerDesignName>ODEE_1262_Design</ownerDesignName>
</ColumnProxy>
<ColumnProxy name="PUBOUTREF" id="D96EAD69-2CB6-6917-9FF2-6212C026D0CA">
<createdBy>calittle</createdBy>
<createdTime>2019-04-17 17:26:41 UTC</createdTime>
<ownerDesignName>ODEE_1262_Design</ownerDesignName>
</ColumnProxy>
<ColumnProxy name="PUBTRAY6DESC" id="D9D6A690-30F8-91D4-84D4-3AC3B212DADB">
<createdBy>calittle</createdBy>
<createdTime>2019-04-17 17:26:41 UTC</createdTime>
<ownerDesignName>ODEE_1262_Design</ownerDesignName>
</ColumnProxy>
<ColumnProxy name="PUBSIGNOFF" id="DAC9851B-8907-8EC8-4FD7-B27948C68635">
<createdBy>calittle</createdBy>
<createdTime>2019-04-17 17:26:41 UTC</createdTime>
<ownerDesignName>ODEE_1262_Design</ownerDesignName>
</ColumnProxy>
<ColumnProxy name="PUBNAME" id="DD36465D-BF9D-9B6C-52D3-155F1C23804D">
<createdBy>calittle</createdBy>
<createdTime>2019-04-17 17:26:41 UTC</createdTime>
<ownerDesignName>ODEE_1262_Design</ownerDesignName>
</ColumnProxy>
<ColumnProxy name="PUBPRTLOGNAME" id="DDCC6D33-67D1-2287-750C-A7FD25A7AE38">
<createdBy>calittle</createdBy>
<createdTime>2019-04-17 17:26:41 UTC</createdTime>
<ownerDesignName>ODEE_1262_Design</ownerDesignName>
</ColumnProxy>
<ColumnProxy name="PUBCUSSTR004" id="DDE85543-3733-C032-BC3B-ACEA1943D4AC">
<createdBy>calittle</createdBy>
<createdTime>2019-04-17 17:26:41 UTC</createdTime>
<ownerDesignName>ODEE_1262_Design</ownerDesignName>
</ColumnProxy>
<ColumnProxy name="PUBARCSTATUS" id="E1085D76-448F-40FE-7DD7-1ED4AE0D389F">
<createdBy>calittle</createdBy>
<createdTime>2019-04-17 17:26:41 UTC</createdTime>
<ownerDesignName>ODEE_1262_Design</ownerDesignName>
</ColumnProxy>
<ColumnProxy name="PUBSGNSTARTTIME" id="E705216E-DE7C-4997-0E30-29EF3CA51403">
<createdBy>calittle</createdBy>
<createdTime>2019-04-17 17:26:41 UTC</createdTime>
<ownerDesignName>ODEE_1262_Design</ownerDesignName>
</ColumnProxy>
<ColumnProxy name="PUBTRAY9" id="E8F838C3-9E4B-382B-B1BD-BC1B641C3F75">
<createdBy>calittle</createdBy>
<createdTime>2019-04-17 17:26:41 UTC</createdTime>
<ownerDesignName>ODEE_1262_Design</ownerDesignName>
<defaultValue>0</defaultValue>
</ColumnProxy>
<ColumnProxy name="PUBAPPSTR011" id="EB45AFD0-28B3-8D8B-B6AA-BA0FDEF92771">
<createdBy>calittle</createdBy>
<createdTime>2019-04-17 17:26:41 UTC</createdTime>
<ownerDesignName>ODEE_1262_Design</ownerDesignName>
</ColumnProxy>
<ColumnProxy name="PUBARCREF" id="ECB0D777-A700-AD74-FC92-72C204497A88">
<createdBy>calittle</createdBy>
<createdTime>2019-04-17 17:26:41 UTC</createdTime>
<ownerDesignName>ODEE_1262_Design</ownerDesignName>
</ColumnProxy>
<ColumnProxy name="PUBOUTSIZE" id="ED069240-177C-3CDC-A0E5-508EAF548158">
<createdBy>calittle</createdBy>
<createdTime>2019-04-17 17:26:41 UTC</createdTime>
<ownerDesignName>ODEE_1262_Design</ownerDesignName>
<defaultValue>0</defaultValue>
</ColumnProxy>
<ColumnProxy name="PUBERR_ID" id="EF52CA00-039B-7E33-E65B-AA3BE1B586AF">
<createdBy>calittle</createdBy>
<createdTime>2019-04-17 17:26:41 UTC</createdTime>
<ownerDesignName>ODEE_1262_Design</ownerDesignName>
</ColumnProxy>
<ColumnProxy name="PUBTRAY3" id="EFFB9D95-CFE2-03A3-7975-6D608F82D0D6">
<createdBy>calittle</createdBy>
<createdTime>2019-04-17 17:26:41 UTC</createdTime>
<ownerDesignName>ODEE_1262_Design</ownerDesignName>
<defaultValue>0</defaultValue>
</ColumnProxy>
<ColumnProxy name="PUBNTFSTARTTIME" id="F006B4EE-0AD2-329B-B5A5-61E9471C1E37">
<createdBy>calittle</createdBy>
<createdTime>2019-04-17 17:26:41 UTC</createdTime>
<ownerDesignName>ODEE_1262_Design</ownerDesignName>
</ColumnProxy>
<ColumnProxy name="PUBCUSDATE004" id="F1F3F441-6003-96A1-D408-CC2445677F28">
<createdBy>calittle</createdBy>
<createdTime>2019-04-17 17:26:41 UTC</createdTime>
<ownerDesignName>ODEE_1262_Design</ownerDesignName>
</ColumnProxy>
<ColumnProxy name="PUBRETHOLD" id="F1FDC923-0A62-0F52-8936-50A4D4802481">
<createdBy>calittle</createdBy>
<createdTime>2019-04-17 17:26:41 UTC</createdTime>
<ownerDesignName>ODEE_1262_Design</ownerDesignName>
<defaultValue>0</defaultValue>
</ColumnProxy>
<ColumnProxy name="PUBTRAY8" id="F5A32CB4-FD6A-B42A-D14F-296A08473341">
<createdBy>calittle</createdBy>
<createdTime>2019-04-17 17:26:41 UTC</createdTime>
<ownerDesignName>ODEE_1262_Design</ownerDesignName>
<defaultValue>0</defaultValue>
</ColumnProxy>
<ColumnProxy name="PUBCUSSTR006" id="F740C04F-E149-8A69-C121-5400D7926CCE">
<createdBy>calittle</createdBy>
<createdTime>2019-04-17 17:26:41 UTC</createdTime>
<ownerDesignName>ODEE_1262_Design</ownerDesignName>
</ColumnProxy>
<ColumnProxy name="PUBTRNCOUNT" id="F944DD4A-2A2B-CC2B-6A3D-9FB7337418A8">
<createdBy>calittle</createdBy>
<createdTime>2019-04-17 17:26:41 UTC</createdTime>
<ownerDesignName>ODEE_1262_Design</ownerDesignName>
</ColumnProxy>
</columnProxies>
<foreignKeys>
<ForeignKey class="oracle.dbtools.crest.model.design.storage.oracle.v10g.FKProxyOraclev10g" name="BCHS_PUB" id="62E83D89-9DD8-692C-AB6E-778AE3E88288">
<createdBy>calittle</createdBy>
<createdTime>2019-04-17 17:26:52 UTC</createdTime>
<ownerDesignName>ODEE_1262_Design</ownerDesignName>
</ForeignKey>
</foreignKeys>
<lobStorages>
<LobStorage class="oracle.dbtools.crest.model.design.storage.oracle.v11g.LobStorageOraclev11g" name="SYS_LOB0000140052C00015$$" id="ACD5D3D8-2613-2A62-10C7-1D03CEFE5163">
<createdBy>calittle</createdBy>
<createdTime>2019-04-17 17:26:52 UTC</createdTime>
<ownerDesignName>ODEE_1262_Design</ownerDesignName>
<cache>NOCACHE</cache>
<chunk>8192</chunk>
<column>PUBOUTBLOB</column>
<compression>NO</compression>
<duplication>KEEP_DUPLICATES</duplication>
<logging>FILESYSTEM_LIKE_LOGGING</logging>
<tableSpace>B4FE7603-2423-0888-71C6-BC38EA367033</tableSpace>
<lobStorageType>SECUREFILE</lobStorageType>
</LobStorage>
</lobStorages>
<primaryKeys>
<PrimaryKey class="oracle.dbtools.crest.model.design.storage.oracle.v10g.PKProxyOraclev10g" name="PUB_PK" id="37ACD5C8-B62C-9A77-4379-6334F7AE2BD0">
<createdBy>calittle</createdBy>
<createdTime>2019-04-17 17:26:51 UTC</createdTime>
<ownerDesignName>ODEE_1262_Design</ownerDesignName>
<segment>D84742F2-9E68-6614-C6EF-D3B7EF628E78</segment>
<tableSpace>B4FE7603-2423-0888-71C6-BC38EA367033</tableSpace>
<existingIndex>3D837D93-5CA2-52DD-2413-BEC6935E62C8</existingIndex>
<indexSegment>D84742F2-9E68-6614-C6EF-D3B7EF628E78</indexSegment>
<indexSort>SORTED</indexSort>
<usingIndex>BY INDEX NAME</usingIndex>
</PrimaryKey>
</primaryKeys>
<uniqueKeys>
<UniqueKey class="oracle.dbtools.crest.model.design.storage.oracle.v10g.UniqueOraclev10g" name="PUBUNIQUE_ID" id="AFDFFB30-BF56-20BB-8F7B-AA554CFEE296">
<createdBy>calittle</createdBy>
<createdTime>2019-04-17 17:26:51 UTC</createdTime>
<ownerDesignName>ODEE_1262_Design</ownerDesignName>
<segment>D84742F2-9E68-6614-C6EF-D3B7EF628E78</segment>
<tableSpace>B4FE7603-2423-0888-71C6-BC38EA367033</tableSpace>
<existingIndex>64924E4E-6E3E-D1CC-CE00-FB32EB03422E</existingIndex>
<indexSegment>D84742F2-9E68-6614-C6EF-D3B7EF628E78</indexSegment>
<indexSort>SORTED</indexSort>
<usingIndex>BY INDEX NAME</usingIndex>
</UniqueKey>
</uniqueKeys>
</TableProxyOraclev11g>