<?xml version = '1.0' encoding = 'UTF-8'?>
<TableProxyOraclev11g class="oracle.dbtools.crest.model.design.storage.oracle.v11g.TableProxyOraclev11g" name="INFO" directorySegmentName="seg_0" id="1F64F851-0D08-95DC-DDB7-2885D6D57441">
<createdBy>calittle</createdBy>
<createdTime>2019-04-17 17:25:49 UTC</createdTime>
<ownerDesignName>ODEE_1262_Design</ownerDesignName>
<schemaObject>8FC895A7-E0A2-11C9-AE90-BEF4CA704C97</schemaObject>
<logging>YES</logging>
<partitionedRowMovement>DISABLE</partitionedRowMovement>
<segment>C8C5DB75-8387-101B-E298-3461B2B213FB</segment>
<tableSpace>B4FE7603-2423-0888-71C6-BC38EA367033</tableSpace>
<temporaryChanged>false</temporaryChanged>
<accessDriverType>oracle_loader</accessDriverType>
<rejectLimit></rejectLimit>
<indexProxies>
<IndexProxy class="oracle.dbtools.crest.model.design.storage.oracle.v10g.IndexProxyOraclev10g" name="PK_INFO" id="E3A7C819-AF6E-472F-93A2-50B5BB15EC68">
<createdBy>calittle</createdBy>
<createdTime>2019-04-17 17:26:48 UTC</createdTime>
<ownerDesignName>ODEE_1262_Design</ownerDesignName>
<schemaObject>8FC895A7-E0A2-11C9-AE90-BEF4CA704C97</schemaObject>
<segment>40B3AC24-9CF5-8A2D-F82F-B2CD0FB5CAA2</segment>
<tableSpace>B4FE7603-2423-0888-71C6-BC38EA367033</tableSpace>
</IndexProxy>
</indexProxies>
<columnProxies itemClass="oracle.dbtools.crest.model.design.storage.oracle.v12c.ColumnProxyOraclev12c">
<ColumnProxy name="ID" id="0F6F9B9C-CD36-F203-9EE1-4F4F9387A98F">
<createdBy>calittle</createdBy>
<createdTime>2019-04-17 17:26:38 UTC</createdTime>
<ownerDesignName>ODEE_1262_Design</ownerDesignName>
</ColumnProxy>
<ColumnProxy name="NAME" id="521505CE-DDFA-96E6-E558-5EA8DACB205B">
<createdBy>calittle</createdBy>
<createdTime>2019-04-17 17:26:38 UTC</createdTime>
<ownerDesignName>ODEE_1262_Design</ownerDesignName>
</ColumnProxy>
<ColumnProxy name="MRLVERSION" id="5A029B39-820B-C9D6-99BB-24E9DC21E07A">
<createdBy>calittle</createdBy>
<createdTime>2019-04-17 17:26:38 UTC</createdTime>
<ownerDesignName>ODEE_1262_Design</ownerDesignName>
</ColumnProxy>
<ColumnProxy name="VALUE" id="5A447457-A94A-F52A-5E87-43D79617ECBD">
<createdBy>calittle</createdBy>
<createdTime>2019-04-17 17:26:38 UTC</createdTime>
<ownerDesignName>ODEE_1262_Design</ownerDesignName>
</ColumnProxy>
<ColumnProxy name="FORMID" id="7E43B04A-3256-05DF-8BFF-7228946443FB">
<createdBy>calittle</createdBy>
<createdTime>2019-04-17 17:26:38 UTC</createdTime>
<ownerDesignName>ODEE_1262_Design</ownerDesignName>
</ColumnProxy>
<ColumnProxy name="EFFECTIVESTARTDATE" id="9668FCC5-E7C8-4DE6-8FB5-62A373AA25B6">
<createdBy>calittle</createdBy>
<createdTime>2019-04-17 17:26:38 UTC</createdTime>
<ownerDesignName>ODEE_1262_Design</ownerDesignName>
</ColumnProxy>
<ColumnProxy name="CONFIG" id="9BA2D562-D979-6773-D484-039664C42483">
<createdBy>calittle</createdBy>
<createdTime>2019-04-17 17:26:38 UTC</createdTime>
<ownerDesignName>ODEE_1262_Design</ownerDesignName>
</ColumnProxy>
<ColumnProxy name="EFFECTIVEENDDATE" id="9F14DD0B-9CDC-7558-8331-DCFBA3B45F15">
<createdBy>calittle</createdBy>
<createdTime>2019-04-17 17:26:38 UTC</createdTime>
<ownerDesignName>ODEE_1262_Design</ownerDesignName>
</ColumnProxy>
<ColumnProxy name="MRLREVISION" id="A3313222-0FDD-6F01-E974-0D5847F79EEC">
<createdBy>calittle</createdBy>
<createdTime>2019-04-17 17:26:38 UTC</createdTime>
<ownerDesignName>ODEE_1262_Design</ownerDesignName>
</ColumnProxy>
</columnProxies>
<foreignKeys>
<ForeignKey class="oracle.dbtools.crest.model.design.storage.oracle.v10g.FKProxyOraclev10g" name="FORM_INFO_REL1" id="3AD09AB7-3E1B-D025-BD8B-86080F0457B1">
<createdBy>calittle</createdBy>
<createdTime>2019-04-17 17:26:52 UTC</createdTime>
<ownerDesignName>ODEE_1262_Design</ownerDesignName>
</ForeignKey>
</foreignKeys>
<primaryKeys>
<PrimaryKey class="oracle.dbtools.crest.model.design.storage.oracle.v10g.PKProxyOraclev10g" name="PK_INFO" id="20AFFD69-6E34-949D-9FC8-7DEF605729BD">
<createdBy>calittle</createdBy>
<createdTime>2019-04-17 17:26:50 UTC</createdTime>
<ownerDesignName>ODEE_1262_Design</ownerDesignName>
<segment>40B3AC24-9CF5-8A2D-F82F-B2CD0FB5CAA2</segment>
<tableSpace>B4FE7603-2423-0888-71C6-BC38EA367033</tableSpace>
<existingIndex>E3A7C819-AF6E-472F-93A2-50B5BB15EC68</existingIndex>
<indexSegment>40B3AC24-9CF5-8A2D-F82F-B2CD0FB5CAA2</indexSegment>
<indexSort>SORTED</indexSort>
<usingIndex>BY INDEX NAME</usingIndex>
</PrimaryKey>
</primaryKeys>
</TableProxyOraclev11g>