<?xml version = '1.0' encoding = 'UTF-8'?>
<TableProxyOraclev11g class="oracle.dbtools.crest.model.design.storage.oracle.v11g.TableProxyOraclev11g" name="DMRES_FLDB" directorySegmentName="seg_0" id="20529563-48EE-BEE0-4F4F-CA5B6D98CDA5">
<createdBy>calittle</createdBy>
<createdTime>2019-04-17 17:25:36 UTC</createdTime>
<ownerDesignName>ODEE_1262_Design</ownerDesignName>
<schemaObject>8FC895A7-E0A2-11C9-AE90-BEF4CA704C97</schemaObject>
<logging>YES</logging>
<partitionedRowMovement>DISABLE</partitionedRowMovement>
<segment>C8C5DB75-8387-101B-E298-3461B2B213FB</segment>
<tableSpace>B4FE7603-2423-0888-71C6-BC38EA367033</tableSpace>
<temporaryChanged>false</temporaryChanged>
<accessDriverType>oracle_loader</accessDriverType>
<rejectLimit></rejectLimit>
<indexProxies>
<IndexProxy class="oracle.dbtools.crest.model.design.storage.oracle.v10g.IndexProxyOraclev10g" name="DMRESFDBUNIQUET" id="A1267F73-F018-D699-83BE-02FBD97CC7BD">
<createdBy>calittle</createdBy>
<createdTime>2019-04-17 17:26:48 UTC</createdTime>
<ownerDesignName>ODEE_1262_Design</ownerDesignName>
<schemaObject>8FC895A7-E0A2-11C9-AE90-BEF4CA704C97</schemaObject>
<segment>40B3AC24-9CF5-8A2D-F82F-B2CD0FB5CAA2</segment>
<tableSpace>B4FE7603-2423-0888-71C6-BC38EA367033</tableSpace>
</IndexProxy>
<IndexProxy class="oracle.dbtools.crest.model.design.storage.oracle.v10g.IndexProxyOraclev10g" name="DMRESBYNAME" id="FCFEF5A6-D8AF-9261-1A2F-4866F5B5D713">
<createdBy>calittle</createdBy>
<createdTime>2019-04-17 17:26:48 UTC</createdTime>
<ownerDesignName>ODEE_1262_Design</ownerDesignName>
<schemaObject>8FC895A7-E0A2-11C9-AE90-BEF4CA704C97</schemaObject>
<segment>40B3AC24-9CF5-8A2D-F82F-B2CD0FB5CAA2</segment>
<tableSpace>B4FE7603-2423-0888-71C6-BC38EA367033</tableSpace>
</IndexProxy>
</indexProxies>
<columnProxies itemClass="oracle.dbtools.crest.model.design.storage.oracle.v12c.ColumnProxyOraclev12c">
<ColumnProxy name="ENTRYTYPE" id="1F7BB68C-140B-57D0-5F12-672FD4DB55D0">
<createdBy>calittle</createdBy>
<createdTime>2019-04-17 17:26:34 UTC</createdTime>
<ownerDesignName>ODEE_1262_Design</ownerDesignName>
</ColumnProxy>
<ColumnProxy name="LENGTH" id="7948E8ED-ECFF-8801-C41E-8C23E2FF7F31">
<createdBy>calittle</createdBy>
<createdTime>2019-04-17 17:26:34 UTC</createdTime>
<ownerDesignName>ODEE_1262_Design</ownerDesignName>
</ColumnProxy>
<ColumnProxy name="UNIQUE_ID" id="9B0341BE-4280-BEAC-E5C7-FED775A3E365">
<createdBy>calittle</createdBy>
<createdTime>2019-04-17 17:26:34 UTC</createdTime>
<ownerDesignName>ODEE_1262_Design</ownerDesignName>
</ColumnProxy>
<ColumnProxy name="SRCHNAME" id="9F8ADE00-5D8C-3265-7E3C-C94FC77A88BA">
<createdBy>calittle</createdBy>
<createdTime>2019-04-17 17:26:34 UTC</createdTime>
<ownerDesignName>ODEE_1262_Design</ownerDesignName>
</ColumnProxy>
<ColumnProxy name="NAME" id="A59060C7-B3A2-6210-9804-6E97936FADBA">
<createdBy>calittle</createdBy>
<createdTime>2019-04-17 17:26:34 UTC</createdTime>
<ownerDesignName>ODEE_1262_Design</ownerDesignName>
</ColumnProxy>
<ColumnProxy name="FIELDDATA" id="CECDFA46-7B6F-E86F-DA97-F2603A624CDA">
<createdBy>calittle</createdBy>
<createdTime>2019-04-17 17:26:34 UTC</createdTime>
<ownerDesignName>ODEE_1262_Design</ownerDesignName>
</ColumnProxy>
<ColumnProxy name="PROMPT" id="D3DD8360-94B4-C338-126D-244433980BBF">
<createdBy>calittle</createdBy>
<createdTime>2019-04-17 17:26:34 UTC</createdTime>
<ownerDesignName>ODEE_1262_Design</ownerDesignName>
</ColumnProxy>
</columnProxies>
<lobStorages>
<LobStorage class="oracle.dbtools.crest.model.design.storage.oracle.v11g.LobStorageOraclev11g" name="SYS_LOB0000140261C00006$$" id="17B53EA8-8B97-D7EE-6F00-685A8EA37A5C">
<createdBy>calittle</createdBy>
<createdTime>2019-04-17 17:26:52 UTC</createdTime>
<ownerDesignName>ODEE_1262_Design</ownerDesignName>
<cache>NOCACHE</cache>
<chunk>8192</chunk>
<column>FIELDDATA</column>
<compression>NO</compression>
<duplication>KEEP_DUPLICATES</duplication>
<logging>YES</logging>
<tableSpace>B4FE7603-2423-0888-71C6-BC38EA367033</tableSpace>
<lobStorageType>SECUREFILE</lobStorageType>
</LobStorage>
</lobStorages>
</TableProxyOraclev11g>