<?xml version = '1.0' encoding = 'UTF-8'?>
<TableProxyOraclev11g class="oracle.dbtools.crest.model.design.storage.oracle.v11g.TableProxyOraclev11g" name="CONFIGCONTEXTLOG" directorySegmentName="seg_0" id="252CCD9B-9BE8-DA14-1E79-918064D79D01">
<createdBy>calittle</createdBy>
<createdTime>2019-04-17 17:24:57 UTC</createdTime>
<ownerDesignName>ODEE_1262_Design</ownerDesignName>
<schemaObject>0323F05B-A91A-E5F5-C386-B3516E1DFCEB</schemaObject>
<logging>YES</logging>
<partitionedRowMovement>DISABLE</partitionedRowMovement>
<segment>4AC90395-2168-6C73-9206-B942356832F0</segment>
<tableSpace>DF7AC7A0-6C81-FCE6-836E-6026E18400F7</tableSpace>
<temporaryChanged>false</temporaryChanged>
<accessDriverType>oracle_loader</accessDriverType>
<rejectLimit></rejectLimit>
<indexProxies>
<IndexProxy class="oracle.dbtools.crest.model.design.storage.oracle.v10g.IndexProxyOraclev10g" name="CFGCTXLOG_CHG_INDEX" id="04B702B0-8F72-A0DB-6E6A-BCB7E91BB50A">
<createdBy>calittle</createdBy>
<createdTime>2019-04-17 17:26:48 UTC</createdTime>
<ownerDesignName>ODEE_1262_Design</ownerDesignName>
<schemaObject>0323F05B-A91A-E5F5-C386-B3516E1DFCEB</schemaObject>
<segment>D84742F2-9E68-6614-C6EF-D3B7EF628E78</segment>
<tableSpace>DF7AC7A0-6C81-FCE6-836E-6026E18400F7</tableSpace>
</IndexProxy>
<IndexProxy class="oracle.dbtools.crest.model.design.storage.oracle.v10g.IndexProxyOraclev10g" name="CFGCTXLOG_PK" id="7AE1A738-6C93-D0FE-A559-2AF511E1B75A">
<createdBy>calittle</createdBy>
<createdTime>2019-04-17 17:26:48 UTC</createdTime>
<ownerDesignName>ODEE_1262_Design</ownerDesignName>
<schemaObject>0323F05B-A91A-E5F5-C386-B3516E1DFCEB</schemaObject>
<segment>D84742F2-9E68-6614-C6EF-D3B7EF628E78</segment>
<tableSpace>DF7AC7A0-6C81-FCE6-836E-6026E18400F7</tableSpace>
</IndexProxy>
<IndexProxy class="oracle.dbtools.crest.model.design.storage.oracle.v10g.IndexProxyOraclev10g" name="CFGCTXLOG_CHG_IDX2" id="EBC2286B-71C6-D6CC-96F1-83700A8F570F">
<createdBy>calittle</createdBy>
<createdTime>2019-04-17 17:26:48 UTC</createdTime>
<ownerDesignName>ODEE_1262_Design</ownerDesignName>
<schemaObject>0323F05B-A91A-E5F5-C386-B3516E1DFCEB</schemaObject>
<segment>D84742F2-9E68-6614-C6EF-D3B7EF628E78</segment>
<tableSpace>DF7AC7A0-6C81-FCE6-836E-6026E18400F7</tableSpace>
</IndexProxy>
</indexProxies>
<columnProxies itemClass="oracle.dbtools.crest.model.design.storage.oracle.v12c.ColumnProxyOraclev12c">
<ColumnProxy name="CATEGORY" id="00904CBB-689D-49A1-4C74-D81DCEEC588E">
<createdBy>calittle</createdBy>
<createdTime>2019-04-17 17:26:22 UTC</createdTime>
<ownerDesignName>ODEE_1262_Design</ownerDesignName>
</ColumnProxy>
<ColumnProxy name="USERTAG1" id="0956BE82-7571-8084-21C0-8503A4B20D9F">
<createdBy>calittle</createdBy>
<createdTime>2019-04-17 17:26:22 UTC</createdTime>
<ownerDesignName>ODEE_1262_Design</ownerDesignName>
</ColumnProxy>
<ColumnProxy name="VALUE_TYPE" id="29D9602E-42F9-4E58-8929-E16F392A184B">
<createdBy>calittle</createdBy>
<createdTime>2019-04-17 17:26:22 UTC</createdTime>
<ownerDesignName>ODEE_1262_Design</ownerDesignName>
<defaultValue>0</defaultValue>
</ColumnProxy>
<ColumnProxy name="APP_ID" id="3ED37BDC-136A-EBBD-3FB1-CDC591FBF521">
<createdBy>calittle</createdBy>
<createdTime>2019-04-17 17:26:22 UTC</createdTime>
<ownerDesignName>ODEE_1262_Design</ownerDesignName>
</ColumnProxy>
<ColumnProxy name="CREATETIME" id="45F8D9CB-565D-34C3-8104-E0C22F2AFEA8">
<createdBy>calittle</createdBy>
<createdTime>2019-04-17 17:26:22 UTC</createdTime>
<ownerDesignName>ODEE_1262_Design</ownerDesignName>
</ColumnProxy>
<ColumnProxy name="ACTIVE" id="4C109EE1-C0FE-E115-8FE2-172AE4C75D57">
<createdBy>calittle</createdBy>
<createdTime>2019-04-17 17:26:22 UTC</createdTime>
<ownerDesignName>ODEE_1262_Design</ownerDesignName>
</ColumnProxy>
<ColumnProxy name="USER_NAME" id="55EC99C6-31EF-F1DB-AAE8-B171B770CA6C">
<createdBy>calittle</createdBy>
<createdTime>2019-04-17 17:26:22 UTC</createdTime>
<ownerDesignName>ODEE_1262_Design</ownerDesignName>
</ColumnProxy>
<ColumnProxy name="USER_ID" id="5FEE432F-6E88-8189-8793-771327C3EB0E">
<createdBy>calittle</createdBy>
<createdTime>2019-04-17 17:26:22 UTC</createdTime>
<ownerDesignName>ODEE_1262_Design</ownerDesignName>
</ColumnProxy>
<ColumnProxy name="ACTION" id="64F37525-F07A-AF6B-6CCE-0133ADFB29F2">
<createdBy>calittle</createdBy>
<createdTime>2019-04-17 17:26:22 UTC</createdTime>
<ownerDesignName>ODEE_1262_Design</ownerDesignName>
</ColumnProxy>
<ColumnProxy name="IS_ENCRYPT" id="66D86AE5-7465-17B2-2CE3-5FD8E88E36DF">
<createdBy>calittle</createdBy>
<createdTime>2019-04-17 17:26:22 UTC</createdTime>
<ownerDesignName>ODEE_1262_Design</ownerDesignName>
</ColumnProxy>
<ColumnProxy name="VALUE_REF" id="6D9DB874-7CA8-50C0-57CC-D5D14E11B099">
<createdBy>calittle</createdBy>
<createdTime>2019-04-17 17:26:22 UTC</createdTime>
<ownerDesignName>ODEE_1262_Design</ownerDesignName>
</ColumnProxy>
<ColumnProxy name="PROPERTY" id="74C68BC7-B06E-9E68-E803-E0BE2707A831">
<createdBy>calittle</createdBy>
<createdTime>2019-04-17 17:26:22 UTC</createdTime>
<ownerDesignName>ODEE_1262_Design</ownerDesignName>
</ColumnProxy>
<ColumnProxy name="GROUPSEQ" id="7AEC873B-DA7B-3E93-B517-927D2EACC41F">
<createdBy>calittle</createdBy>
<createdTime>2019-04-17 17:26:22 UTC</createdTime>
<ownerDesignName>ODEE_1262_Design</ownerDesignName>
</ColumnProxy>
<ColumnProxy name="GROUP_NAME" id="8848986F-4F59-7A13-E2DC-CB6E6CBA4E4A">
<createdBy>calittle</createdBy>
<createdTime>2019-04-17 17:26:22 UTC</createdTime>
<ownerDesignName>ODEE_1262_Design</ownerDesignName>
</ColumnProxy>
<ColumnProxy name="CTX_ID" id="8E7ED825-96FE-389F-CDB0-35819C0CF3CC">
<createdBy>calittle</createdBy>
<createdTime>2019-04-17 17:26:22 UTC</createdTime>
<ownerDesignName>ODEE_1262_Design</ownerDesignName>
</ColumnProxy>
<ColumnProxy name="VALUE" id="9F1B8429-86E0-20E8-5122-57661F29BB04">
<createdBy>calittle</createdBy>
<createdTime>2019-04-17 17:26:22 UTC</createdTime>
<ownerDesignName>ODEE_1262_Design</ownerDesignName>
</ColumnProxy>
<ColumnProxy name="AL_ID" id="AC173FC2-70EB-EDA7-7BFB-46F1F5E3CE84">
<createdBy>calittle</createdBy>
<createdTime>2019-04-17 17:26:22 UTC</createdTime>
<ownerDesignName>ODEE_1262_Design</ownerDesignName>
</ColumnProxy>
<ColumnProxy name="IS_SECRET" id="AC46A976-FC6D-A1AA-E20C-86D16C69E5C9">
<createdBy>calittle</createdBy>
<createdTime>2019-04-17 17:26:22 UTC</createdTime>
<ownerDesignName>ODEE_1262_Design</ownerDesignName>
</ColumnProxy>
<ColumnProxy name="MODIFYTIME" id="CBD03808-72E5-0289-7F66-9F7117A94DC6">
<createdBy>calittle</createdBy>
<createdTime>2019-04-17 17:26:22 UTC</createdTime>
<ownerDesignName>ODEE_1262_Design</ownerDesignName>
</ColumnProxy>
<ColumnProxy name="NOTES" id="CCB18564-BE46-BD9D-BA48-7E7F22057247">
<createdBy>calittle</createdBy>
<createdTime>2019-04-17 17:26:22 UTC</createdTime>
<ownerDesignName>ODEE_1262_Design</ownerDesignName>
</ColumnProxy>
<ColumnProxy name="SYS_ID" id="DAF8A1BE-827A-6596-C1EC-86188A9318BD">
<createdBy>calittle</createdBy>
<createdTime>2019-04-17 17:26:22 UTC</createdTime>
<ownerDesignName>ODEE_1262_Design</ownerDesignName>
</ColumnProxy>
<ColumnProxy name="LOGTIME" id="DFCFB934-497B-82D3-3C54-D5F0A8776DF6">
<createdBy>calittle</createdBy>
<createdTime>2019-04-17 17:26:22 UTC</createdTime>
<ownerDesignName>ODEE_1262_Design</ownerDesignName>
</ColumnProxy>
<ColumnProxy name="CONTEXT_NAME" id="E12ADAFB-2384-1FD3-2DCA-35BCE22B3ED9">
<createdBy>calittle</createdBy>
<createdTime>2019-04-17 17:26:22 UTC</createdTime>
<ownerDesignName>ODEE_1262_Design</ownerDesignName>
</ColumnProxy>
<ColumnProxy name="LOG_ID" id="F2947FEA-3535-B835-30AD-F8764CE3ADD5">
<createdBy>calittle</createdBy>
<createdTime>2019-04-17 17:26:22 UTC</createdTime>
<ownerDesignName>ODEE_1262_Design</ownerDesignName>
</ColumnProxy>
</columnProxies>
<primaryKeys>
<PrimaryKey class="oracle.dbtools.crest.model.design.storage.oracle.v10g.PKProxyOraclev10g" name="CFGCTXLOG_PK" id="35BFB09E-A58F-1D6C-681B-F60713C107B3">
<createdBy>calittle</createdBy>
<createdTime>2019-04-17 17:26:49 UTC</createdTime>
<ownerDesignName>ODEE_1262_Design</ownerDesignName>
<segment>D84742F2-9E68-6614-C6EF-D3B7EF628E78</segment>
<tableSpace>DF7AC7A0-6C81-FCE6-836E-6026E18400F7</tableSpace>
<existingIndex>7AE1A738-6C93-D0FE-A559-2AF511E1B75A</existingIndex>
<indexSegment>D84742F2-9E68-6614-C6EF-D3B7EF628E78</indexSegment>
<indexSort>SORTED</indexSort>
<usingIndex>BY INDEX NAME</usingIndex>
</PrimaryKey>
</primaryKeys>
</TableProxyOraclev11g>