<?xml version = '1.0' encoding = 'UTF-8'?>
<TableProxyOraclev11g class="oracle.dbtools.crest.model.design.storage.oracle.v11g.TableProxyOraclev11g" name="ADDRESSEE" directorySegmentName="seg_0" id="2760601E-4DE0-229A-E602-65B56D2AC048">
<createdBy>calittle</createdBy>
<createdTime>2019-04-17 17:25:22 UTC</createdTime>
<ownerDesignName>ODEE_1262_Design</ownerDesignName>
<schemaObject>8FC895A7-E0A2-11C9-AE90-BEF4CA704C97</schemaObject>
<logging>YES</logging>
<partitionedRowMovement>DISABLE</partitionedRowMovement>
<segment>4AC90395-2168-6C73-9206-B942356832F0</segment>
<tableSpace>B4FE7603-2423-0888-71C6-BC38EA367033</tableSpace>
<temporaryChanged>false</temporaryChanged>
<accessDriverType>oracle_loader</accessDriverType>
<rejectLimit></rejectLimit>
<indexProxies>
<IndexProxy class="oracle.dbtools.crest.model.design.storage.oracle.v10g.IndexProxyOraclev10g" name="ADDRESSEE_PK" id="1B9333DF-9E22-3C17-820F-3DF31929452C">
<createdBy>calittle</createdBy>
<createdTime>2019-04-17 17:26:48 UTC</createdTime>
<ownerDesignName>ODEE_1262_Design</ownerDesignName>
<schemaObject>8FC895A7-E0A2-11C9-AE90-BEF4CA704C97</schemaObject>
<segment>D84742F2-9E68-6614-C6EF-D3B7EF628E78</segment>
<tableSpace>B4FE7603-2423-0888-71C6-BC38EA367033</tableSpace>
</IndexProxy>
</indexProxies>
<columnProxies itemClass="oracle.dbtools.crest.model.design.storage.oracle.v12c.ColumnProxyOraclev12c">
<ColumnProxy name="PHONE" id="0AE2866E-AB7A-5105-83D2-E1F2E84A9D65">
<createdBy>calittle</createdBy>
<createdTime>2019-04-17 17:26:30 UTC</createdTime>
<ownerDesignName>ODEE_1262_Design</ownerDesignName>
</ColumnProxy>
<ColumnProxy name="CREATION_TIMESTAMP" id="11C4596D-ECB3-CCEC-2D6C-7BD84796B80F">
<createdBy>calittle</createdBy>
<createdTime>2019-04-17 17:26:30 UTC</createdTime>
<ownerDesignName>ODEE_1262_Design</ownerDesignName>
</ColumnProxy>
<ColumnProxy name="ROLE" id="15C1AAB2-E983-AA8E-9F24-C289FA09B685">
<createdBy>calittle</createdBy>
<createdTime>2019-04-17 17:26:30 UTC</createdTime>
<ownerDesignName>ODEE_1262_Design</ownerDesignName>
</ColumnProxy>
<ColumnProxy name="COUNTRY" id="16E533A7-DCBF-5917-8A31-E3875EB97F76">
<createdBy>calittle</createdBy>
<createdTime>2019-04-17 17:26:30 UTC</createdTime>
<ownerDesignName>ODEE_1262_Design</ownerDesignName>
</ColumnProxy>
<ColumnProxy name="PREFERREDLANG" id="1E082A03-21BB-50B4-2700-903BC9B8C2E1">
<createdBy>calittle</createdBy>
<createdTime>2019-04-17 17:26:30 UTC</createdTime>
<ownerDesignName>ODEE_1262_Design</ownerDesignName>
<defaultValue>&apos;en_US&apos;</defaultValue>
</ColumnProxy>
<ColumnProxy name="FAX" id="2594C269-5405-B124-5868-F39967EFEB95">
<createdBy>calittle</createdBy>
<createdTime>2019-04-17 17:26:30 UTC</createdTime>
<ownerDesignName>ODEE_1262_Design</ownerDesignName>
</ColumnProxy>
<ColumnProxy name="ADDRESS1" id="30D2B1D9-D311-BE88-76DE-FB52D24258DC">
<createdBy>calittle</createdBy>
<createdTime>2019-04-17 17:26:30 UTC</createdTime>
<ownerDesignName>ODEE_1262_Design</ownerDesignName>
</ColumnProxy>
<ColumnProxy name="TID" id="321BDAB6-7F79-B1C7-51CA-F6CFACEFE24C">
<createdBy>calittle</createdBy>
<createdTime>2019-04-17 17:26:30 UTC</createdTime>
<ownerDesignName>ODEE_1262_Design</ownerDesignName>
</ColumnProxy>
<ColumnProxy name="LASTNAME" id="339483AB-EF6A-28A9-2BB8-912C6BB4A1AD">
<createdBy>calittle</createdBy>
<createdTime>2019-04-17 17:26:30 UTC</createdTime>
<ownerDesignName>ODEE_1262_Design</ownerDesignName>
</ColumnProxy>
<ColumnProxy name="ATTACHMENTS" id="3C75BCC0-239A-7BD9-4B4A-0B6584C0127A">
<createdBy>calittle</createdBy>
<createdTime>2019-04-17 17:26:30 UTC</createdTime>
<ownerDesignName>ODEE_1262_Design</ownerDesignName>
<defaultValue>1</defaultValue>
</ColumnProxy>
<ColumnProxy name="PREFERREDDIST" id="4200A8B0-FE0B-DB1E-DB0D-FAD27A264CA4">
<createdBy>calittle</createdBy>
<createdTime>2019-04-17 17:26:30 UTC</createdTime>
<ownerDesignName>ODEE_1262_Design</ownerDesignName>
</ColumnProxy>
<ColumnProxy name="ADDRESS2" id="4279837C-BB02-857B-8D55-2775B7D10653">
<createdBy>calittle</createdBy>
<createdTime>2019-04-17 17:26:30 UTC</createdTime>
<ownerDesignName>ODEE_1262_Design</ownerDesignName>
</ColumnProxy>
<ColumnProxy name="EMAIL" id="5340CBD9-B0F2-67F0-C888-D054E76DBC85">
<createdBy>calittle</createdBy>
<createdTime>2019-04-17 17:26:30 UTC</createdTime>
<ownerDesignName>ODEE_1262_Design</ownerDesignName>
</ColumnProxy>
<ColumnProxy name="RECIPNAME" id="5E9A0E54-25D3-2393-2BC5-4F5CE8716AEE">
<createdBy>calittle</createdBy>
<createdTime>2019-04-17 17:26:30 UTC</createdTime>
<ownerDesignName>ODEE_1262_Design</ownerDesignName>
</ColumnProxy>
<ColumnProxy name="ISDIST" id="7FFDE292-4DAB-E34E-AD27-52693099FA18">
<createdBy>calittle</createdBy>
<createdTime>2019-04-17 17:26:30 UTC</createdTime>
<ownerDesignName>ODEE_1262_Design</ownerDesignName>
</ColumnProxy>
<ColumnProxy name="AID" id="8873F327-062D-8C0F-79F6-5A86BDC4EA34">
<createdBy>calittle</createdBy>
<createdTime>2019-04-17 17:26:30 UTC</createdTime>
<ownerDesignName>ODEE_1262_Design</ownerDesignName>
</ColumnProxy>
<ColumnProxy name="STATE" id="D4E86085-5A67-FBFD-CAB9-E748FC33AD94">
<createdBy>calittle</createdBy>
<createdTime>2019-04-17 17:26:30 UTC</createdTime>
<ownerDesignName>ODEE_1262_Design</ownerDesignName>
</ColumnProxy>
<ColumnProxy name="FIRSTNAME" id="D7D3E74E-5657-C30A-9678-456376AB9384">
<createdBy>calittle</createdBy>
<createdTime>2019-04-17 17:26:30 UTC</createdTime>
<ownerDesignName>ODEE_1262_Design</ownerDesignName>
</ColumnProxy>
<ColumnProxy name="TYPE" id="DCD1C71E-1795-7299-9BC3-CA5C90AFDE31">
<createdBy>calittle</createdBy>
<createdTime>2019-04-17 17:26:30 UTC</createdTime>
<ownerDesignName>ODEE_1262_Design</ownerDesignName>
</ColumnProxy>
<ColumnProxy name="POSTALCODE" id="EBAB8F71-36A1-C170-6349-A8C2D0D290B3">
<createdBy>calittle</createdBy>
<createdTime>2019-04-17 17:26:30 UTC</createdTime>
<ownerDesignName>ODEE_1262_Design</ownerDesignName>
</ColumnProxy>
<ColumnProxy name="CITY" id="F6615F8C-12F0-3720-10B3-2C5943E6FEF1">
<createdBy>calittle</createdBy>
<createdTime>2019-04-17 17:26:30 UTC</createdTime>
<ownerDesignName>ODEE_1262_Design</ownerDesignName>
</ColumnProxy>
</columnProxies>
<foreignKeys>
<ForeignKey class="oracle.dbtools.crest.model.design.storage.oracle.v10g.FKProxyOraclev10g" name="ADDRESSEE_FK0" id="5FC30F05-5E5C-75D3-8237-8EF893161544">
<createdBy>calittle</createdBy>
<createdTime>2019-04-17 17:26:52 UTC</createdTime>
<ownerDesignName>ODEE_1262_Design</ownerDesignName>
</ForeignKey>
</foreignKeys>
<primaryKeys>
<PrimaryKey class="oracle.dbtools.crest.model.design.storage.oracle.v10g.PKProxyOraclev10g" name="ADDRESSEE_PK" id="9C5494CC-24A3-1B99-6D56-2FB10A2AC53E">
<createdBy>calittle</createdBy>
<createdTime>2019-04-17 17:26:50 UTC</createdTime>
<ownerDesignName>ODEE_1262_Design</ownerDesignName>
<segment>D84742F2-9E68-6614-C6EF-D3B7EF628E78</segment>
<tableSpace>B4FE7603-2423-0888-71C6-BC38EA367033</tableSpace>
<existingIndex>1B9333DF-9E22-3C17-820F-3DF31929452C</existingIndex>
<indexSegment>D84742F2-9E68-6614-C6EF-D3B7EF628E78</indexSegment>
<indexSort>SORTED</indexSort>
<usingIndex>BY INDEX NAME</usingIndex>
</PrimaryKey>
</primaryKeys>
</TableProxyOraclev11g>