<?xml version = '1.0' encoding = 'UTF-8'?>
<TableProxyOraclev11g class="oracle.dbtools.crest.model.design.storage.oracle.v11g.TableProxyOraclev11g" name="SELECTED_RECIP" directorySegmentName="seg_0" id="287ABEE3-7321-13E6-FBAF-A029C1490FD0">
<createdBy>calittle</createdBy>
<createdTime>2019-04-17 17:26:11 UTC</createdTime>
<ownerDesignName>ODEE_1262_Design</ownerDesignName>
<schemaObject>8FC895A7-E0A2-11C9-AE90-BEF4CA704C97</schemaObject>
<logging>YES</logging>
<partitionedRowMovement>DISABLE</partitionedRowMovement>
<segment>C8C5DB75-8387-101B-E298-3461B2B213FB</segment>
<tableSpace>B4FE7603-2423-0888-71C6-BC38EA367033</tableSpace>
<temporaryChanged>false</temporaryChanged>
<accessDriverType>oracle_loader</accessDriverType>
<rejectLimit></rejectLimit>
<indexProxies>
<IndexProxy class="oracle.dbtools.crest.model.design.storage.oracle.v10g.IndexProxyOraclev10g" name="PK_SELECTED_RECIP" id="20D5E10B-4525-A326-8F77-6FF2983B42E7">
<createdBy>calittle</createdBy>
<createdTime>2019-04-17 17:26:49 UTC</createdTime>
<ownerDesignName>ODEE_1262_Design</ownerDesignName>
<schemaObject>8FC895A7-E0A2-11C9-AE90-BEF4CA704C97</schemaObject>
<segment>40B3AC24-9CF5-8A2D-F82F-B2CD0FB5CAA2</segment>
<tableSpace>B4FE7603-2423-0888-71C6-BC38EA367033</tableSpace>
</IndexProxy>
</indexProxies>
<columnProxies itemClass="oracle.dbtools.crest.model.design.storage.oracle.v12c.ColumnProxyOraclev12c">
<ColumnProxy name="RECIPID" id="04AC0AB2-3BEE-53E2-D61D-0A1A9C46B2B7">
<createdBy>calittle</createdBy>
<createdTime>2019-04-17 17:26:45 UTC</createdTime>
<ownerDesignName>ODEE_1262_Design</ownerDesignName>
</ColumnProxy>
<ColumnProxy name="ID" id="34514776-0CBF-1BEC-19AB-2E032FF73E66">
<createdBy>calittle</createdBy>
<createdTime>2019-04-17 17:26:45 UTC</createdTime>
<ownerDesignName>ODEE_1262_Design</ownerDesignName>
</ColumnProxy>
<ColumnProxy name="CREATION_TIMESTAMP" id="59C83DE9-A160-9BCE-7BF3-AA10816E638E">
<createdBy>calittle</createdBy>
<createdTime>2019-04-17 17:26:45 UTC</createdTime>
<ownerDesignName>ODEE_1262_Design</ownerDesignName>
</ColumnProxy>
<ColumnProxy name="CCOUNT" id="93AB412A-1FE1-2C7E-DA74-7E1C5E074852">
<createdBy>calittle</createdBy>
<createdTime>2019-04-17 17:26:45 UTC</createdTime>
<ownerDesignName>ODEE_1262_Design</ownerDesignName>
</ColumnProxy>
<ColumnProxy name="TID" id="A5305F50-5CB8-EAC1-C7E9-8D4348C76D49">
<createdBy>calittle</createdBy>
<createdTime>2019-04-17 17:26:45 UTC</createdTime>
<ownerDesignName>ODEE_1262_Design</ownerDesignName>
</ColumnProxy>
<ColumnProxy name="NAME" id="C1C5EE12-7B6D-1923-96D3-4CAA4C3CE67A">
<createdBy>calittle</createdBy>
<createdTime>2019-04-17 17:26:45 UTC</createdTime>
<ownerDesignName>ODEE_1262_Design</ownerDesignName>
</ColumnProxy>
<ColumnProxy name="DESCRIPTION" id="F06FEF8A-F840-7EC1-E070-5153CD92E9D6">
<createdBy>calittle</createdBy>
<createdTime>2019-04-17 17:26:45 UTC</createdTime>
<ownerDesignName>ODEE_1262_Design</ownerDesignName>
</ColumnProxy>
</columnProxies>
<foreignKeys>
<ForeignKey class="oracle.dbtools.crest.model.design.storage.oracle.v10g.FKProxyOraclev10g" name="SELECTED_RECIP_FK0" id="32EEF1D5-10E3-D0E4-2F70-609F5D716A05">
<createdBy>calittle</createdBy>
<createdTime>2019-04-17 17:26:52 UTC</createdTime>
<ownerDesignName>ODEE_1262_Design</ownerDesignName>
</ForeignKey>
</foreignKeys>
<primaryKeys>
<PrimaryKey class="oracle.dbtools.crest.model.design.storage.oracle.v10g.PKProxyOraclev10g" name="PK_SELECTED_RECIP" id="D16D19CC-3775-55F8-2944-DE01416C9A3E">
<createdBy>calittle</createdBy>
<createdTime>2019-04-17 17:26:51 UTC</createdTime>
<ownerDesignName>ODEE_1262_Design</ownerDesignName>
<segment>40B3AC24-9CF5-8A2D-F82F-B2CD0FB5CAA2</segment>
<tableSpace>B4FE7603-2423-0888-71C6-BC38EA367033</tableSpace>
<existingIndex>20D5E10B-4525-A326-8F77-6FF2983B42E7</existingIndex>
<indexSegment>40B3AC24-9CF5-8A2D-F82F-B2CD0FB5CAA2</indexSegment>
<indexSort>SORTED</indexSort>
<usingIndex>BY INDEX NAME</usingIndex>
</PrimaryKey>
</primaryKeys>
</TableProxyOraclev11g>