<?xml version = '1.0' encoding = 'UTF-8'?>
<TableProxyOraclev11g class="oracle.dbtools.crest.model.design.storage.oracle.v11g.TableProxyOraclev11g" name="DISTRIBUTIONTYPE" directorySegmentName="seg_0" id="2B90F37B-2FB5-E9E1-9708-01A4C76F0E7D">
<createdBy>calittle</createdBy>
<createdTime>2019-04-17 17:25:34 UTC</createdTime>
<ownerDesignName>ODEE_1262_Design</ownerDesignName>
<schemaObject>8FC895A7-E0A2-11C9-AE90-BEF4CA704C97</schemaObject>
<logging>YES</logging>
<partitionedRowMovement>DISABLE</partitionedRowMovement>
<segment>4AC90395-2168-6C73-9206-B942356832F0</segment>
<tableSpace>B4FE7603-2423-0888-71C6-BC38EA367033</tableSpace>
<temporaryChanged>false</temporaryChanged>
<accessDriverType>oracle_loader</accessDriverType>
<rejectLimit></rejectLimit>
<indexProxies>
<IndexProxy class="oracle.dbtools.crest.model.design.storage.oracle.v10g.IndexProxyOraclev10g" name="DISTRIBUTIONTYPE_PK" id="57C418E4-AA41-09BF-EF4E-9829E072459E">
<createdBy>calittle</createdBy>
<createdTime>2019-04-17 17:26:48 UTC</createdTime>
<ownerDesignName>ODEE_1262_Design</ownerDesignName>
<schemaObject>8FC895A7-E0A2-11C9-AE90-BEF4CA704C97</schemaObject>
<segment>D84742F2-9E68-6614-C6EF-D3B7EF628E78</segment>
<tableSpace>B4FE7603-2423-0888-71C6-BC38EA367033</tableSpace>
</IndexProxy>
</indexProxies>
<columnProxies itemClass="oracle.dbtools.crest.model.design.storage.oracle.v12c.ColumnProxyOraclev12c">
<ColumnProxy name="NAME" id="240B8E89-655A-FD9D-8480-30397FA8C053">
<createdBy>calittle</createdBy>
<createdTime>2019-04-17 17:26:33 UTC</createdTime>
<ownerDesignName>ODEE_1262_Design</ownerDesignName>
</ColumnProxy>
<ColumnProxy name="DTID" id="877ACBB6-5C34-558F-F06C-9B60C46995A4">
<createdBy>calittle</createdBy>
<createdTime>2019-04-17 17:26:33 UTC</createdTime>
<ownerDesignName>ODEE_1262_Design</ownerDesignName>
</ColumnProxy>
</columnProxies>
<primaryKeys>
<PrimaryKey class="oracle.dbtools.crest.model.design.storage.oracle.v10g.PKProxyOraclev10g" name="DISTRIBUTIONTYPE_PK" id="E84DA045-E478-9786-9D5E-7D47631E9401">
<createdBy>calittle</createdBy>
<createdTime>2019-04-17 17:26:50 UTC</createdTime>
<ownerDesignName>ODEE_1262_Design</ownerDesignName>
<segment>D84742F2-9E68-6614-C6EF-D3B7EF628E78</segment>
<tableSpace>B4FE7603-2423-0888-71C6-BC38EA367033</tableSpace>
<existingIndex>57C418E4-AA41-09BF-EF4E-9829E072459E</existingIndex>
<indexSegment>D84742F2-9E68-6614-C6EF-D3B7EF628E78</indexSegment>
<indexSort>SORTED</indexSort>
<usingIndex>BY INDEX NAME</usingIndex>
</PrimaryKey>
</primaryKeys>
</TableProxyOraclev11g>