<?xml version = '1.0' encoding = 'UTF-8'?>
<TableProxyOraclev11g class="oracle.dbtools.crest.model.design.storage.oracle.v11g.TableProxyOraclev11g" name="ERRS" directorySegmentName="seg_0" id="2CCA7CE5-C53C-4B4C-B04D-19CC04E8DBCC">
<createdBy>calittle</createdBy>
<createdTime>2019-04-17 17:25:42 UTC</createdTime>
<ownerDesignName>ODEE_1262_Design</ownerDesignName>
<schemaObject>8FC895A7-E0A2-11C9-AE90-BEF4CA704C97</schemaObject>
<logging>YES</logging>
<partitionedRowMovement>DISABLE</partitionedRowMovement>
<segment>4AC90395-2168-6C73-9206-B942356832F0</segment>
<tableSpace>B4FE7603-2423-0888-71C6-BC38EA367033</tableSpace>
<temporaryChanged>false</temporaryChanged>
<accessDriverType>oracle_loader</accessDriverType>
<rejectLimit></rejectLimit>
<indexProxies>
<IndexProxy class="oracle.dbtools.crest.model.design.storage.oracle.v10g.IndexProxyOraclev10g" name="ERRS_PK" id="06043244-A4E3-05D5-6A8C-949B6B292AD8">
<createdBy>calittle</createdBy>
<createdTime>2019-04-17 17:26:48 UTC</createdTime>
<ownerDesignName>ODEE_1262_Design</ownerDesignName>
<schemaObject>8FC895A7-E0A2-11C9-AE90-BEF4CA704C97</schemaObject>
<segment>D84742F2-9E68-6614-C6EF-D3B7EF628E78</segment>
<tableSpace>B4FE7603-2423-0888-71C6-BC38EA367033</tableSpace>
</IndexProxy>
</indexProxies>
<columnProxies itemClass="oracle.dbtools.crest.model.design.storage.oracle.v12c.ColumnProxyOraclev12c">
<ColumnProxy name="ERRPROGRAM" id="0A230927-69A3-E728-E316-9B32E8E68F26">
<createdBy>calittle</createdBy>
<createdTime>2019-04-17 17:26:35 UTC</createdTime>
<ownerDesignName>ODEE_1262_Design</ownerDesignName>
</ColumnProxy>
<ColumnProxy name="BCH_ID" id="14D4A87E-BEC7-8815-81CF-B69223B8CA86">
<createdBy>calittle</createdBy>
<createdTime>2019-04-17 17:26:35 UTC</createdTime>
<ownerDesignName>ODEE_1262_Design</ownerDesignName>
</ColumnProxy>
<ColumnProxy name="ERRDATA" id="167D79B8-D357-5965-4AF5-0D05669B1C49">
<createdBy>calittle</createdBy>
<createdTime>2019-04-17 17:26:35 UTC</createdTime>
<ownerDesignName>ODEE_1262_Design</ownerDesignName>
</ColumnProxy>
<ColumnProxy name="ERRTHREAD_ID" id="2E1170CA-123D-D377-9E2C-55036EAC2273">
<createdBy>calittle</createdBy>
<createdTime>2019-04-17 17:26:35 UTC</createdTime>
<ownerDesignName>ODEE_1262_Design</ownerDesignName>
</ColumnProxy>
<ColumnProxy name="ERRCATEGORY" id="401A6B4B-CBF8-1E7E-E569-E23735FE8C19">
<createdBy>calittle</createdBy>
<createdTime>2019-04-17 17:26:35 UTC</createdTime>
<ownerDesignName>ODEE_1262_Design</ownerDesignName>
</ColumnProxy>
<ColumnProxy name="ERRVERSION" id="46208C1B-7D41-5C90-F191-4C3CBE0BB975">
<createdBy>calittle</createdBy>
<createdTime>2019-04-17 17:26:35 UTC</createdTime>
<ownerDesignName>ODEE_1262_Design</ownerDesignName>
</ColumnProxy>
<ColumnProxy name="TRN_ID" id="5BE89B33-679E-DB12-4C6E-7CC5A8FEB52F">
<createdBy>calittle</createdBy>
<createdTime>2019-04-17 17:26:35 UTC</createdTime>
<ownerDesignName>ODEE_1262_Design</ownerDesignName>
</ColumnProxy>
<ColumnProxy name="ERRHOSTNAME" id="796D036A-8292-4EC4-2704-9AA47D2168CA">
<createdBy>calittle</createdBy>
<createdTime>2019-04-17 17:26:35 UTC</createdTime>
<ownerDesignName>ODEE_1262_Design</ownerDesignName>
</ColumnProxy>
<ColumnProxy name="ERRMESSAGE" id="937FFCA5-178F-53FF-98F7-1F364EA7C48D">
<createdBy>calittle</createdBy>
<createdTime>2019-04-17 17:26:35 UTC</createdTime>
<ownerDesignName>ODEE_1262_Design</ownerDesignName>
</ColumnProxy>
<ColumnProxy name="ERRPROCESS_ID" id="98C10B1E-4CF4-FFD7-987C-C5A7F820E0DA">
<createdBy>calittle</createdBy>
<createdTime>2019-04-17 17:26:35 UTC</createdTime>
<ownerDesignName>ODEE_1262_Design</ownerDesignName>
</ColumnProxy>
<ColumnProxy name="ERROR_CODE" id="9FBE659E-B4A3-1512-2FED-68B322DF8A0E">
<createdBy>calittle</createdBy>
<createdTime>2019-04-17 17:26:35 UTC</createdTime>
<ownerDesignName>ODEE_1262_Design</ownerDesignName>
</ColumnProxy>
<ColumnProxy name="JOB_ID" id="A38C26CA-1DC6-C69A-4293-04F3DC4C3B5C">
<createdBy>calittle</createdBy>
<createdTime>2019-04-17 17:26:35 UTC</createdTime>
<ownerDesignName>ODEE_1262_Design</ownerDesignName>
</ColumnProxy>
<ColumnProxy name="ERRMODULE" id="B08D70CC-9050-0852-586A-AB2522A352CF">
<createdBy>calittle</createdBy>
<createdTime>2019-04-17 17:26:35 UTC</createdTime>
<ownerDesignName>ODEE_1262_Design</ownerDesignName>
</ColumnProxy>
<ColumnProxy name="PUB_ID" id="B7063335-5EB1-4946-FC36-A1FEFE272B08">
<createdBy>calittle</createdBy>
<createdTime>2019-04-17 17:26:35 UTC</createdTime>
<ownerDesignName>ODEE_1262_Design</ownerDesignName>
</ColumnProxy>
<ColumnProxy name="ERRCODE2" id="BDDC93EB-E2D5-5455-BF8D-6A2E112E92DC">
<createdBy>calittle</createdBy>
<createdTime>2019-04-17 17:26:35 UTC</createdTime>
<ownerDesignName>ODEE_1262_Design</ownerDesignName>
</ColumnProxy>
<ColumnProxy name="ERRTIME" id="C33108C7-83D6-948C-53D3-57849370192A">
<createdBy>calittle</createdBy>
<createdTime>2019-04-17 17:26:35 UTC</createdTime>
<ownerDesignName>ODEE_1262_Design</ownerDesignName>
</ColumnProxy>
<ColumnProxy name="ERRAREA" id="CCDE352B-4C3F-ECEE-4191-60AE8C5839EF">
<createdBy>calittle</createdBy>
<createdTime>2019-04-17 17:26:35 UTC</createdTime>
<ownerDesignName>ODEE_1262_Design</ownerDesignName>
</ColumnProxy>
<ColumnProxy name="ERR_ID" id="E7316B61-0AD9-7858-6211-3F06691B8748">
<createdBy>calittle</createdBy>
<createdTime>2019-04-17 17:26:35 UTC</createdTime>
<ownerDesignName>ODEE_1262_Design</ownerDesignName>
</ColumnProxy>
<ColumnProxy name="RCP_ID" id="E8A0B64A-14E8-EEC4-8552-E015E2250CF4">
<createdBy>calittle</createdBy>
<createdTime>2019-04-17 17:26:35 UTC</createdTime>
<ownerDesignName>ODEE_1262_Design</ownerDesignName>
</ColumnProxy>
<ColumnProxy name="ERRCODE1" id="EBA26263-94A8-7775-A6FC-092A471FF46F">
<createdBy>calittle</createdBy>
<createdTime>2019-04-17 17:26:35 UTC</createdTime>
<ownerDesignName>ODEE_1262_Design</ownerDesignName>
</ColumnProxy>
<ColumnProxy name="ERRTAG_ID" id="EF0BF177-C8B6-780C-BFE4-0A1B5FA4C6CA">
<createdBy>calittle</createdBy>
<createdTime>2019-04-17 17:26:35 UTC</createdTime>
<ownerDesignName>ODEE_1262_Design</ownerDesignName>
</ColumnProxy>
</columnProxies>
<primaryKeys>
<PrimaryKey class="oracle.dbtools.crest.model.design.storage.oracle.v10g.PKProxyOraclev10g" name="ERRS_PK" id="346B4993-F1F3-1520-9A2D-89F7413C9599">
<createdBy>calittle</createdBy>
<createdTime>2019-04-17 17:26:50 UTC</createdTime>
<ownerDesignName>ODEE_1262_Design</ownerDesignName>
<segment>D84742F2-9E68-6614-C6EF-D3B7EF628E78</segment>
<tableSpace>B4FE7603-2423-0888-71C6-BC38EA367033</tableSpace>
<existingIndex>06043244-A4E3-05D5-6A8C-949B6B292AD8</existingIndex>
<indexSegment>D84742F2-9E68-6614-C6EF-D3B7EF628E78</indexSegment>
<indexSort>SORTED</indexSort>
<usingIndex>BY INDEX NAME</usingIndex>
</PrimaryKey>
</primaryKeys>
</TableProxyOraclev11g>