<?xml version = '1.0' encoding = 'UTF-8'?>
<TableProxyOraclev11g class="oracle.dbtools.crest.model.design.storage.oracle.v11g.TableProxyOraclev11g" name="RCPSHIST" directorySegmentName="seg_0" id="327B8F3C-0747-8B65-FBF6-32F221DD1DB5">
<createdBy>calittle</createdBy>
<createdTime>2019-04-17 17:26:06 UTC</createdTime>
<ownerDesignName>ODEE_1262_Design</ownerDesignName>
<schemaObject>8FC895A7-E0A2-11C9-AE90-BEF4CA704C97</schemaObject>
<logging>YES</logging>
<partitionedRowMovement>DISABLE</partitionedRowMovement>
<segment>C8C5DB75-8387-101B-E298-3461B2B213FB</segment>
<tableSpace>B4FE7603-2423-0888-71C6-BC38EA367033</tableSpace>
<temporaryChanged>false</temporaryChanged>
<accessDriverType>oracle_loader</accessDriverType>
<rejectLimit></rejectLimit>
<indexProxies>
<IndexProxy class="oracle.dbtools.crest.model.design.storage.oracle.v10g.IndexProxyOraclev10g" name="RCPSHIST_ADRPOSTALCODE" id="04342804-A7ED-EA64-7F1C-58ED6FFFAC0F">
<createdBy>calittle</createdBy>
<createdTime>2019-04-17 17:26:49 UTC</createdTime>
<ownerDesignName>ODEE_1262_Design</ownerDesignName>
<schemaObject>8FC895A7-E0A2-11C9-AE90-BEF4CA704C97</schemaObject>
<segment>40B3AC24-9CF5-8A2D-F82F-B2CD0FB5CAA2</segment>
<tableSpace>B4FE7603-2423-0888-71C6-BC38EA367033</tableSpace>
</IndexProxy>
<IndexProxy class="oracle.dbtools.crest.model.design.storage.oracle.v10g.IndexProxyOraclev10g" name="RCPHISTUNIQUE_ID" id="0641CF25-681A-D7BA-C890-EEF012D5FAD1">
<createdBy>calittle</createdBy>
<createdTime>2019-04-17 17:26:49 UTC</createdTime>
<ownerDesignName>ODEE_1262_Design</ownerDesignName>
<schemaObject>8FC895A7-E0A2-11C9-AE90-BEF4CA704C97</schemaObject>
<segment>40B3AC24-9CF5-8A2D-F82F-B2CD0FB5CAA2</segment>
<tableSpace>B4FE7603-2423-0888-71C6-BC38EA367033</tableSpace>
</IndexProxy>
<IndexProxy class="oracle.dbtools.crest.model.design.storage.oracle.v10g.IndexProxyOraclev10g" name="RCPSHIST_ADRSELECTED" id="13A6624E-54FE-0D9A-6C02-19619F669FF2">
<createdBy>calittle</createdBy>
<createdTime>2019-04-17 17:26:49 UTC</createdTime>
<ownerDesignName>ODEE_1262_Design</ownerDesignName>
<schemaObject>8FC895A7-E0A2-11C9-AE90-BEF4CA704C97</schemaObject>
<segment>40B3AC24-9CF5-8A2D-F82F-B2CD0FB5CAA2</segment>
<tableSpace>B4FE7603-2423-0888-71C6-BC38EA367033</tableSpace>
</IndexProxy>
<IndexProxy class="oracle.dbtools.crest.model.design.storage.oracle.v10g.IndexProxyOraclev10g" name="RCPSHIST_NAMETYPE" id="31781898-4A79-9B9A-3FF2-27BF3FBAEC6B">
<createdBy>calittle</createdBy>
<createdTime>2019-04-17 17:26:49 UTC</createdTime>
<ownerDesignName>ODEE_1262_Design</ownerDesignName>
<schemaObject>8FC895A7-E0A2-11C9-AE90-BEF4CA704C97</schemaObject>
<segment>40B3AC24-9CF5-8A2D-F82F-B2CD0FB5CAA2</segment>
<tableSpace>B4FE7603-2423-0888-71C6-BC38EA367033</tableSpace>
</IndexProxy>
<IndexProxy class="oracle.dbtools.crest.model.design.storage.oracle.v10g.IndexProxyOraclev10g" name="RCPSHIST_PK" id="A622F068-50ED-9039-6CAB-641E040AADD8">
<createdBy>calittle</createdBy>
<createdTime>2019-04-17 17:26:49 UTC</createdTime>
<ownerDesignName>ODEE_1262_Design</ownerDesignName>
<schemaObject>8FC895A7-E0A2-11C9-AE90-BEF4CA704C97</schemaObject>
<segment>40B3AC24-9CF5-8A2D-F82F-B2CD0FB5CAA2</segment>
<tableSpace>B4FE7603-2423-0888-71C6-BC38EA367033</tableSpace>
</IndexProxy>
<IndexProxy class="oracle.dbtools.crest.model.design.storage.oracle.v10g.IndexProxyOraclev10g" name="RCPSHIST_STATS" id="EC125080-DED9-51DE-7DF7-43166FB44503">
<createdBy>calittle</createdBy>
<createdTime>2019-04-17 17:26:49 UTC</createdTime>
<ownerDesignName>ODEE_1262_Design</ownerDesignName>
<schemaObject>8FC895A7-E0A2-11C9-AE90-BEF4CA704C97</schemaObject>
<segment>40B3AC24-9CF5-8A2D-F82F-B2CD0FB5CAA2</segment>
<tableSpace>B4FE7603-2423-0888-71C6-BC38EA367033</tableSpace>
</IndexProxy>
</indexProxies>
<columnProxies itemClass="oracle.dbtools.crest.model.design.storage.oracle.v12c.ColumnProxyOraclev12c">
<ColumnProxy name="TRN_ID" id="001D403F-5088-3697-B24A-F693C43C5472">
<createdBy>calittle</createdBy>
<createdTime>2019-04-17 17:26:43 UTC</createdTime>
<ownerDesignName>ODEE_1262_Design</ownerDesignName>
</ColumnProxy>
<ColumnProxy name="RCPCUSSTR002" id="051FD0E4-29D8-1676-DEF3-AA2ECC9432AD">
<createdBy>calittle</createdBy>
<createdTime>2019-04-17 17:26:43 UTC</createdTime>
<ownerDesignName>ODEE_1262_Design</ownerDesignName>
</ColumnProxy>
<ColumnProxy name="ADR_SELECTED" id="081FF133-7F23-487E-B988-75AD9E5D6A99">
<createdBy>calittle</createdBy>
<createdTime>2019-04-17 17:26:43 UTC</createdTime>
<ownerDesignName>ODEE_1262_Design</ownerDesignName>
</ColumnProxy>
<ColumnProxy name="RCPAPPSTR013" id="09E01E26-4F7D-0E8B-3F63-59829F056043">
<createdBy>calittle</createdBy>
<createdTime>2019-04-17 17:26:43 UTC</createdTime>
<ownerDesignName>ODEE_1262_Design</ownerDesignName>
</ColumnProxy>
<ColumnProxy name="RCPTRAY4" id="0FDD2D0D-432D-812A-C75A-567CFCF3896A">
<createdBy>calittle</createdBy>
<createdTime>2019-04-17 17:26:43 UTC</createdTime>
<ownerDesignName>ODEE_1262_Design</ownerDesignName>
</ColumnProxy>
<ColumnProxy name="RCPTRAY7" id="13540606-85C6-CB07-67D0-4F1498619A55">
<createdBy>calittle</createdBy>
<createdTime>2019-04-17 17:26:43 UTC</createdTime>
<ownerDesignName>ODEE_1262_Design</ownerDesignName>
</ColumnProxy>
<ColumnProxy name="RCPAPPSTR007" id="1717619D-70C3-9A4E-2D89-3F987A1FD091">
<createdBy>calittle</createdBy>
<createdTime>2019-04-17 17:26:43 UTC</createdTime>
<ownerDesignName>ODEE_1262_Design</ownerDesignName>
</ColumnProxy>
<ColumnProxy name="RCPAPPINT002" id="19767079-2CE6-B8E1-C6C0-215B9995BB6B">
<createdBy>calittle</createdBy>
<createdTime>2019-04-17 17:26:43 UTC</createdTime>
<ownerDesignName>ODEE_1262_Design</ownerDesignName>
</ColumnProxy>
<ColumnProxy name="RCPAPPSTR001" id="1F52EAD4-AD88-C1AC-B552-33A1C560C66F">
<createdBy>calittle</createdBy>
<createdTime>2019-04-17 17:26:43 UTC</createdTime>
<ownerDesignName>ODEE_1262_Design</ownerDesignName>
</ColumnProxy>
<ColumnProxy name="RCPSTATUS" id="2012F996-F8F2-2B44-AD41-6D3587C6F391">
<createdBy>calittle</createdBy>
<createdTime>2019-04-17 17:26:43 UTC</createdTime>
<ownerDesignName>ODEE_1262_Design</ownerDesignName>
</ColumnProxy>
<ColumnProxy name="RCPAPPSTR003" id="2053C100-D1A1-8FA7-37FB-1A28CF79B405">
<createdBy>calittle</createdBy>
<createdTime>2019-04-17 17:26:43 UTC</createdTime>
<ownerDesignName>ODEE_1262_Design</ownerDesignName>
</ColumnProxy>
<ColumnProxy name="RCPCUSDATE004" id="2306D008-9216-C7D6-EB72-1C1053A9D2A5">
<createdBy>calittle</createdBy>
<createdTime>2019-04-17 17:26:43 UTC</createdTime>
<ownerDesignName>ODEE_1262_Design</ownerDesignName>
</ColumnProxy>
<ColumnProxy name="ADR_STATE" id="2446ADA7-5AF4-ED38-F94C-8A4F8396A758">
<createdBy>calittle</createdBy>
<createdTime>2019-04-17 17:26:43 UTC</createdTime>
<ownerDesignName>ODEE_1262_Design</ownerDesignName>
</ColumnProxy>
<ColumnProxy name="RCPCUSDATE005" id="27EF1B55-B4C0-7D9A-E7DD-7CF264005B44">
<createdBy>calittle</createdBy>
<createdTime>2019-04-17 17:26:43 UTC</createdTime>
<ownerDesignName>ODEE_1262_Design</ownerDesignName>
</ColumnProxy>
<ColumnProxy name="RCPCUSINT001" id="2A5921CB-1D95-CE12-F80D-F58374ED2CEA">
<createdBy>calittle</createdBy>
<createdTime>2019-04-17 17:26:43 UTC</createdTime>
<ownerDesignName>ODEE_1262_Design</ownerDesignName>
</ColumnProxy>
<ColumnProxy name="ADR_ROLE" id="2AADE3BC-2309-24BA-FFE6-92D538852AD1">
<createdBy>calittle</createdBy>
<createdTime>2019-04-17 17:26:43 UTC</createdTime>
<ownerDesignName>ODEE_1262_Design</ownerDesignName>
</ColumnProxy>
<ColumnProxy name="RCPAPPINT005" id="2BE33D20-FBD0-2BD6-2913-A94B4670C270">
<createdBy>calittle</createdBy>
<createdTime>2019-04-17 17:26:43 UTC</createdTime>
<ownerDesignName>ODEE_1262_Design</ownerDesignName>
</ColumnProxy>
<ColumnProxy name="RCBRCPNAME" id="2CBC0304-E8A4-4861-80A0-49BE747F0E88">
<createdBy>calittle</createdBy>
<createdTime>2019-04-17 17:26:43 UTC</createdTime>
<ownerDesignName>ODEE_1262_Design</ownerDesignName>
</ColumnProxy>
<ColumnProxy name="RCPSTARTTIME" id="2E679195-12EF-EE3D-A5C0-E6624617D8E0">
<createdBy>calittle</createdBy>
<createdTime>2019-04-17 17:26:43 UTC</createdTime>
<ownerDesignName>ODEE_1262_Design</ownerDesignName>
</ColumnProxy>
<ColumnProxy name="RCPERR_ID" id="2F449020-9ABB-DDA9-8427-C91E68C1B016">
<createdBy>calittle</createdBy>
<createdTime>2019-04-17 17:26:43 UTC</createdTime>
<ownerDesignName>ODEE_1262_Design</ownerDesignName>
</ColumnProxy>
<ColumnProxy name="RCPCUSSTR012" id="2FD7AACA-016D-DFB9-B101-7C582B7C6217">
<createdBy>calittle</createdBy>
<createdTime>2019-04-17 17:26:43 UTC</createdTime>
<ownerDesignName>ODEE_1262_Design</ownerDesignName>
</ColumnProxy>
<ColumnProxy name="ADR_NAME" id="34D2BF9F-7CFF-1A84-CF77-512791A72B6F">
<createdBy>calittle</createdBy>
<createdTime>2019-04-17 17:26:43 UTC</createdTime>
<ownerDesignName>ODEE_1262_Design</ownerDesignName>
</ColumnProxy>
<ColumnProxy name="RCPOUTTYPE" id="35D54698-B132-9108-CD64-D254CE337D94">
<createdBy>calittle</createdBy>
<createdTime>2019-04-17 17:26:43 UTC</createdTime>
<ownerDesignName>ODEE_1262_Design</ownerDesignName>
</ColumnProxy>
<ColumnProxy name="RCPCUSSTR005" id="3C25AE19-6C4A-2025-42EE-BF1CAF77A376">
<createdBy>calittle</createdBy>
<createdTime>2019-04-17 17:26:43 UTC</createdTime>
<ownerDesignName>ODEE_1262_Design</ownerDesignName>
</ColumnProxy>
<ColumnProxy name="RCPAPPSTR005" id="3F27E080-3552-AB18-7046-220DBFDCEB89">
<createdBy>calittle</createdBy>
<createdTime>2019-04-17 17:26:43 UTC</createdTime>
<ownerDesignName>ODEE_1262_Design</ownerDesignName>
</ColumnProxy>
<ColumnProxy name="RCPCUSSTR004" id="3F3706BF-1050-C0BF-D3CD-3F408052B4A2">
<createdBy>calittle</createdBy>
<createdTime>2019-04-17 17:26:43 UTC</createdTime>
<ownerDesignName>ODEE_1262_Design</ownerDesignName>
</ColumnProxy>
<ColumnProxy name="RCPAPPSTR004" id="40177BC3-60A2-C07D-F732-1F96EDB977EC">
<createdBy>calittle</createdBy>
<createdTime>2019-04-17 17:26:43 UTC</createdTime>
<ownerDesignName>ODEE_1262_Design</ownerDesignName>
</ColumnProxy>
<ColumnProxy name="RCPCUSINT002" id="43DA1782-297E-92D8-61E6-A915D9F01396">
<createdBy>calittle</createdBy>
<createdTime>2019-04-17 17:26:43 UTC</createdTime>
<ownerDesignName>ODEE_1262_Design</ownerDesignName>
</ColumnProxy>
<ColumnProxy name="RCPBCHSCH" id="44026502-300B-FB5B-15A9-809A6702A618">
<createdBy>calittle</createdBy>
<createdTime>2019-04-17 17:26:43 UTC</createdTime>
<ownerDesignName>ODEE_1262_Design</ownerDesignName>
</ColumnProxy>
<ColumnProxy name="RCPAPPSTR002" id="4919C4B0-42C8-27E1-265B-17B242DAFF7C">
<createdBy>calittle</createdBy>
<createdTime>2019-04-17 17:26:43 UTC</createdTime>
<ownerDesignName>ODEE_1262_Design</ownerDesignName>
</ColumnProxy>
<ColumnProxy name="RCPTRAY1" id="49441411-629C-C6F9-819C-2613A4B4E6B3">
<createdBy>calittle</createdBy>
<createdTime>2019-04-17 17:26:43 UTC</createdTime>
<ownerDesignName>ODEE_1262_Design</ownerDesignName>
</ColumnProxy>
<ColumnProxy name="RCBPRTFLAG" id="51E293D1-98C7-66A6-9CBA-419ADA55D9BE">
<createdBy>calittle</createdBy>
<createdTime>2019-04-17 17:26:43 UTC</createdTime>
<ownerDesignName>ODEE_1262_Design</ownerDesignName>
</ColumnProxy>
<ColumnProxy name="RCPCUSINT005" id="51FDDFCF-63F2-23C0-FE60-5CEC38675E7C">
<createdBy>calittle</createdBy>
<createdTime>2019-04-17 17:26:43 UTC</createdTime>
<ownerDesignName>ODEE_1262_Design</ownerDesignName>
</ColumnProxy>
<ColumnProxy name="RCPOUTSIZE" id="533E2C63-459A-96BC-4DCC-A93E5DBBF966">
<createdBy>calittle</createdBy>
<createdTime>2019-04-17 17:26:43 UTC</createdTime>
<ownerDesignName>ODEE_1262_Design</ownerDesignName>
</ColumnProxy>
<ColumnProxy name="RCPAPPSTR006" id="54186157-5547-64CC-7842-50E878706CF6">
<createdBy>calittle</createdBy>
<createdTime>2019-04-17 17:26:43 UTC</createdTime>
<ownerDesignName>ODEE_1262_Design</ownerDesignName>
</ColumnProxy>
<ColumnProxy name="RCPAPPSTR011" id="56053D75-1AE4-E667-CAE1-BFECD6B1BDD0">
<createdBy>calittle</createdBy>
<createdTime>2019-04-17 17:26:43 UTC</createdTime>
<ownerDesignName>ODEE_1262_Design</ownerDesignName>
</ColumnProxy>
<ColumnProxy name="ADR_ENCLOSURES" id="5640E1AE-D0DC-AD33-B2B3-4D0CC5D63EA9">
<createdBy>calittle</createdBy>
<createdTime>2019-04-17 17:26:43 UTC</createdTime>
<ownerDesignName>ODEE_1262_Design</ownerDesignName>
</ColumnProxy>
<ColumnProxy name="ADR_COUNTRY" id="5741E9EF-7DF6-B282-306A-AF9C9858CD11">
<createdBy>calittle</createdBy>
<createdTime>2019-04-17 17:26:43 UTC</createdTime>
<ownerDesignName>ODEE_1262_Design</ownerDesignName>
</ColumnProxy>
<ColumnProxy name="RCPAPPINT003" id="57791BC5-7257-D2BC-6654-06390BE554AC">
<createdBy>calittle</createdBy>
<createdTime>2019-04-17 17:26:43 UTC</createdTime>
<ownerDesignName>ODEE_1262_Design</ownerDesignName>
</ColumnProxy>
<ColumnProxy name="RCPCUSINT004" id="58A9EADF-654E-0267-EE5F-95F82D5586C3">
<createdBy>calittle</createdBy>
<createdTime>2019-04-17 17:26:43 UTC</createdTime>
<ownerDesignName>ODEE_1262_Design</ownerDesignName>
</ColumnProxy>
<ColumnProxy name="ADR_SIGNINGROLE" id="5AD7CA3B-5788-0FD2-EC32-EF956AD57911">
<createdBy>calittle</createdBy>
<createdTime>2019-04-17 17:26:43 UTC</createdTime>
<ownerDesignName>ODEE_1262_Design</ownerDesignName>
</ColumnProxy>
<ColumnProxy name="RCPHISTORICAL" id="5B164117-E99E-A284-D494-1CF075C1B3DB">
<createdBy>calittle</createdBy>
<createdTime>2019-04-17 17:26:43 UTC</createdTime>
<ownerDesignName>ODEE_1262_Design</ownerDesignName>
<defaultValue>1</defaultValue>
</ColumnProxy>
<ColumnProxy name="RCPCUSINT003" id="5C27D5FB-36A9-35FF-1F68-3D09D740D6CD">
<createdBy>calittle</createdBy>
<createdTime>2019-04-17 17:26:43 UTC</createdTime>
<ownerDesignName>ODEE_1262_Design</ownerDesignName>
</ColumnProxy>
<ColumnProxy name="ADR_FAX" id="602D6DB8-58B3-2F09-49A4-8B5E1D834D3F">
<createdBy>calittle</createdBy>
<createdTime>2019-04-17 17:26:43 UTC</createdTime>
<ownerDesignName>ODEE_1262_Design</ownerDesignName>
</ColumnProxy>
<ColumnProxy name="RCPCUSSTR003" id="63C54B27-08B6-4142-8DA3-373F551E0CA3">
<createdBy>calittle</createdBy>
<createdTime>2019-04-17 17:26:43 UTC</createdTime>
<ownerDesignName>ODEE_1262_Design</ownerDesignName>
</ColumnProxy>
<ColumnProxy name="RCPAPPDATE003" id="6550B1F8-9ABE-1FA2-2537-C3E6E275465A">
<createdBy>calittle</createdBy>
<createdTime>2019-04-17 17:26:43 UTC</createdTime>
<ownerDesignName>ODEE_1262_Design</ownerDesignName>
</ColumnProxy>
<ColumnProxy name="RCP_ID" id="67FFA8D0-AA0A-BCBD-5A0E-9253FEC57D89">
<createdBy>calittle</createdBy>
<createdTime>2019-04-17 17:26:43 UTC</createdTime>
<ownerDesignName>ODEE_1262_Design</ownerDesignName>
</ColumnProxy>
<ColumnProxy name="RCPCUSSTR010" id="6C6D0476-59D5-8D0A-3562-8FA35C4E80A2">
<createdBy>calittle</createdBy>
<createdTime>2019-04-17 17:26:43 UTC</createdTime>
<ownerDesignName>ODEE_1262_Design</ownerDesignName>
</ColumnProxy>
<ColumnProxy name="RCPCUSSTR014" id="6E5493A6-9253-6B66-D561-4098B60E3A06">
<createdBy>calittle</createdBy>
<createdTime>2019-04-17 17:26:43 UTC</createdTime>
<ownerDesignName>ODEE_1262_Design</ownerDesignName>
</ColumnProxy>
<ColumnProxy name="RCPCUSDEC004" id="6ECC8488-F9E3-179F-5D9C-AD88D940128C">
<createdBy>calittle</createdBy>
<createdTime>2019-04-17 17:26:43 UTC</createdTime>
<ownerDesignName>ODEE_1262_Design</ownerDesignName>
</ColumnProxy>
<ColumnProxy name="RCPTRAY6" id="6FAE63F1-0624-06E9-C43E-D77C91C83906">
<createdBy>calittle</createdBy>
<createdTime>2019-04-17 17:26:43 UTC</createdTime>
<ownerDesignName>ODEE_1262_Design</ownerDesignName>
</ColumnProxy>
<ColumnProxy name="RCPDATATYPE" id="703C46C5-8329-D3B3-5334-8BAB94214F0A">
<createdBy>calittle</createdBy>
<createdTime>2019-04-17 17:26:43 UTC</createdTime>
<ownerDesignName>ODEE_1262_Design</ownerDesignName>
</ColumnProxy>
<ColumnProxy name="RCPRETENTION" id="70578DA7-DBF5-9BF5-139E-3985657CCD74">
<createdBy>calittle</createdBy>
<createdTime>2019-04-17 17:26:43 UTC</createdTime>
<ownerDesignName>ODEE_1262_Design</ownerDesignName>
</ColumnProxy>
<ColumnProxy name="RCPCUSDEC001" id="70FBC36B-53AD-0DDE-9D2A-97B2153C43E0">
<createdBy>calittle</createdBy>
<createdTime>2019-04-17 17:26:43 UTC</createdTime>
<ownerDesignName>ODEE_1262_Design</ownerDesignName>
</ColumnProxy>
<ColumnProxy name="RCPCUSSTR008" id="71987D6D-963E-EBF3-D306-0FD3508601F2">
<createdBy>calittle</createdBy>
<createdTime>2019-04-17 17:26:43 UTC</createdTime>
<ownerDesignName>ODEE_1262_Design</ownerDesignName>
</ColumnProxy>
<ColumnProxy name="ADR_RFU" id="72060AE5-ACD4-B414-E7D4-46F1953D261B">
<createdBy>calittle</createdBy>
<createdTime>2019-04-17 17:26:43 UTC</createdTime>
<ownerDesignName>ODEE_1262_Design</ownerDesignName>
</ColumnProxy>
<ColumnProxy name="RCPBCHTOTAL" id="720792EA-D4DD-D4B4-3D33-AF757AA32CDE">
<createdBy>calittle</createdBy>
<createdTime>2019-04-17 17:26:43 UTC</createdTime>
<ownerDesignName>ODEE_1262_Design</ownerDesignName>
</ColumnProxy>
<ColumnProxy name="RCPTRAY9" id="76588BB6-07A3-DCF3-4192-E4E988137E73">
<createdBy>calittle</createdBy>
<createdTime>2019-04-17 17:26:43 UTC</createdTime>
<ownerDesignName>ODEE_1262_Design</ownerDesignName>
</ColumnProxy>
<ColumnProxy name="RCPAPPSTR008" id="778E9F3B-A44E-84E9-951F-E4408FAB5D82">
<createdBy>calittle</createdBy>
<createdTime>2019-04-17 17:26:43 UTC</createdTime>
<ownerDesignName>ODEE_1262_Design</ownerDesignName>
</ColumnProxy>
<ColumnProxy name="RCPAPPDATE005" id="7E5E7AEC-4BEA-F34F-0511-A8993D72E316">
<createdBy>calittle</createdBy>
<createdTime>2019-04-17 17:26:43 UTC</createdTime>
<ownerDesignName>ODEE_1262_Design</ownerDesignName>
</ColumnProxy>
<ColumnProxy name="RCPOUTBLOB" id="80574CC4-AB77-13DB-3D58-9C7A7A6DFDAC">
<createdBy>calittle</createdBy>
<createdTime>2019-04-17 17:26:43 UTC</createdTime>
<ownerDesignName>ODEE_1262_Design</ownerDesignName>
</ColumnProxy>
<ColumnProxy name="RCPAPPDEC001" id="80D4FBF5-2451-6DCB-4523-6A9200A2209D">
<createdBy>calittle</createdBy>
<createdTime>2019-04-17 17:26:43 UTC</createdTime>
<ownerDesignName>ODEE_1262_Design</ownerDesignName>
</ColumnProxy>
<ColumnProxy name="RCPCUSDATE001" id="8219DDE4-C8E9-561C-5F6F-816A3C83E5E7">
<createdBy>calittle</createdBy>
<createdTime>2019-04-17 17:26:43 UTC</createdTime>
<ownerDesignName>ODEE_1262_Design</ownerDesignName>
</ColumnProxy>
<ColumnProxy name="RCPBCHPROC" id="822082C8-6F9D-8D5B-11CA-64F0C58E0206">
<createdBy>calittle</createdBy>
<createdTime>2019-04-17 17:26:43 UTC</createdTime>
<ownerDesignName>ODEE_1262_Design</ownerDesignName>
</ColumnProxy>
<ColumnProxy name="RCPTRAY3" id="838F0F9D-192C-3D8E-D6A3-AA93AD2630D3">
<createdBy>calittle</createdBy>
<createdTime>2019-04-17 17:26:43 UTC</createdTime>
<ownerDesignName>ODEE_1262_Design</ownerDesignName>
</ColumnProxy>
<ColumnProxy name="RCPCUSSTR011" id="83997723-DBB1-DABB-00E1-906C807E5704">
<createdBy>calittle</createdBy>
<createdTime>2019-04-17 17:26:43 UTC</createdTime>
<ownerDesignName>ODEE_1262_Design</ownerDesignName>
</ColumnProxy>
<ColumnProxy name="RCPWEIGHT" id="8590DCED-04AC-0B11-FD83-EC76123E9F23">
<createdBy>calittle</createdBy>
<createdTime>2019-04-17 17:26:43 UTC</createdTime>
<ownerDesignName>ODEE_1262_Design</ownerDesignName>
</ColumnProxy>
<ColumnProxy name="RCBRCPCODE" id="891D9A4A-5AAF-AC37-2FCC-FCCD3888E8F4">
<createdBy>calittle</createdBy>
<createdTime>2019-04-17 17:26:43 UTC</createdTime>
<ownerDesignName>ODEE_1262_Design</ownerDesignName>
</ColumnProxy>
<ColumnProxy name="RCPRETHOLD" id="8C18DF13-FE99-D9CD-EAEE-FF6B547AC18D">
<createdBy>calittle</createdBy>
<createdTime>2019-04-17 17:26:43 UTC</createdTime>
<ownerDesignName>ODEE_1262_Design</ownerDesignName>
<defaultValue>0</defaultValue>
</ColumnProxy>
<ColumnProxy name="BATCHTYPE" id="8F5E45DA-4142-2267-8FF1-95FD6B194006">
<createdBy>calittle</createdBy>
<createdTime>2019-04-17 17:26:43 UTC</createdTime>
<ownerDesignName>ODEE_1262_Design</ownerDesignName>
</ColumnProxy>
<ColumnProxy name="ADR_INDEX" id="8F8F61FC-3EA3-1575-1DBC-C0E561DB853F">
<createdBy>calittle</createdBy>
<createdTime>2019-04-17 17:26:43 UTC</createdTime>
<ownerDesignName>ODEE_1262_Design</ownerDesignName>
</ColumnProxy>
<ColumnProxy name="RCPAPPSTR014" id="9025E9C5-A020-6DE5-777B-2D96AE07156C">
<createdBy>calittle</createdBy>
<createdTime>2019-04-17 17:26:43 UTC</createdTime>
<ownerDesignName>ODEE_1262_Design</ownerDesignName>
</ColumnProxy>
<ColumnProxy name="RCPCUSSTR013" id="92843AAB-B271-5E5F-6FD5-8AB8B39AE777">
<createdBy>calittle</createdBy>
<createdTime>2019-04-17 17:26:43 UTC</createdTime>
<ownerDesignName>ODEE_1262_Design</ownerDesignName>
</ColumnProxy>
<ColumnProxy name="RCPAPPSTR009" id="9340A00A-62D4-FC65-D396-FEE9544FED49">
<createdBy>calittle</createdBy>
<createdTime>2019-04-17 17:26:43 UTC</createdTime>
<ownerDesignName>ODEE_1262_Design</ownerDesignName>
</ColumnProxy>
<ColumnProxy name="ADR_HOMEPHONE" id="9588BDEE-3DCB-BEB6-DD3F-588BFB41A0FB">
<createdBy>calittle</createdBy>
<createdTime>2019-04-17 17:26:43 UTC</createdTime>
<ownerDesignName>ODEE_1262_Design</ownerDesignName>
</ColumnProxy>
<ColumnProxy name="RCPCUSDEC003" id="99E5EF6F-04F8-4834-556B-78DD974430C1">
<createdBy>calittle</createdBy>
<createdTime>2019-04-17 17:26:43 UTC</createdTime>
<ownerDesignName>ODEE_1262_Design</ownerDesignName>
</ColumnProxy>
<ColumnProxy name="RCPAPPINT004" id="9A6674CC-3791-7ACF-7FF5-DB2CE8214579">
<createdBy>calittle</createdBy>
<createdTime>2019-04-17 17:26:43 UTC</createdTime>
<ownerDesignName>ODEE_1262_Design</ownerDesignName>
</ColumnProxy>
<ColumnProxy name="RCPAPPSTR010" id="9B365D39-AC32-F3AA-6FAA-04C92B372B63">
<createdBy>calittle</createdBy>
<createdTime>2019-04-17 17:26:43 UTC</createdTime>
<ownerDesignName>ODEE_1262_Design</ownerDesignName>
</ColumnProxy>
<ColumnProxy name="RCPCUSDEC002" id="9D64F7DE-179E-8CEF-036A-3958F8D881DD">
<createdBy>calittle</createdBy>
<createdTime>2019-04-17 17:26:43 UTC</createdTime>
<ownerDesignName>ODEE_1262_Design</ownerDesignName>
</ColumnProxy>
<ColumnProxy name="RCBERROR" id="9DD349DE-AF4F-14DF-DFA0-E96D6265A7E7">
<createdBy>calittle</createdBy>
<createdTime>2019-04-17 17:26:43 UTC</createdTime>
<ownerDesignName>ODEE_1262_Design</ownerDesignName>
</ColumnProxy>
<ColumnProxy name="RCPENDTIME" id="9E6FDA54-EB5A-4E80-0387-50DF5E861699">
<createdBy>calittle</createdBy>
<createdTime>2019-04-17 17:26:43 UTC</createdTime>
<ownerDesignName>ODEE_1262_Design</ownerDesignName>
</ColumnProxy>
<ColumnProxy name="RCPUNIQUE_ID" id="A0592F25-D2E4-4D04-0C2A-C5503C9208B7">
<createdBy>calittle</createdBy>
<createdTime>2019-04-17 17:26:43 UTC</createdTime>
<ownerDesignName>ODEE_1262_Design</ownerDesignName>
</ColumnProxy>
<ColumnProxy name="RCPCUSSTR015" id="A463E6C5-D073-DA8A-C604-24D6F7C6D15E">
<createdBy>calittle</createdBy>
<createdTime>2019-04-17 17:26:43 UTC</createdTime>
<ownerDesignName>ODEE_1262_Design</ownerDesignName>
</ColumnProxy>
<ColumnProxy name="ADR_LANGUAGE" id="A63DF90A-C0B4-55C2-0D0E-18D1B6FD637A">
<createdBy>calittle</createdBy>
<createdTime>2019-04-17 17:26:43 UTC</createdTime>
<ownerDesignName>ODEE_1262_Design</ownerDesignName>
</ColumnProxy>
<ColumnProxy name="RCPCUSSTR006" id="A80E299D-9756-7945-E4B3-53BD3B6C5112">
<createdBy>calittle</createdBy>
<createdTime>2019-04-17 17:26:43 UTC</createdTime>
<ownerDesignName>ODEE_1262_Design</ownerDesignName>
</ColumnProxy>
<ColumnProxy name="RCPPAGECOUNT" id="A9465461-A881-6B2E-B57C-48715971580B">
<createdBy>calittle</createdBy>
<createdTime>2019-04-17 17:26:43 UTC</createdTime>
<ownerDesignName>ODEE_1262_Design</ownerDesignName>
</ColumnProxy>
<ColumnProxy name="RCPCUSDEC005" id="AAA54B77-0469-2266-4237-E9E914C9CA42">
<createdBy>calittle</createdBy>
<createdTime>2019-04-17 17:26:43 UTC</createdTime>
<ownerDesignName>ODEE_1262_Design</ownerDesignName>
</ColumnProxy>
<ColumnProxy name="ADR_PHONE" id="AE69D172-241E-8501-02C4-4995933B4D86">
<createdBy>calittle</createdBy>
<createdTime>2019-04-17 17:26:43 UTC</createdTime>
<ownerDesignName>ODEE_1262_Design</ownerDesignName>
</ColumnProxy>
<ColumnProxy name="RCPHISTORY" id="B3468175-EEC7-96E9-AF16-47AAB984BC49">
<createdBy>calittle</createdBy>
<createdTime>2019-04-17 17:26:43 UTC</createdTime>
<ownerDesignName>ODEE_1262_Design</ownerDesignName>
</ColumnProxy>
<ColumnProxy name="RCPSHEETCOUNT" id="B4870392-F2A7-4DA3-B0A0-48C43889583D">
<createdBy>calittle</createdBy>
<createdTime>2019-04-17 17:26:43 UTC</createdTime>
<ownerDesignName>ODEE_1262_Design</ownerDesignName>
</ColumnProxy>
<ColumnProxy name="RCPAPPDATE004" id="B688C422-20FD-49BA-715F-D8EF6D149D2F">
<createdBy>calittle</createdBy>
<createdTime>2019-04-17 17:26:43 UTC</createdTime>
<ownerDesignName>ODEE_1262_Design</ownerDesignName>
</ColumnProxy>
<ColumnProxy name="RCPAPPSTR012" id="B761628D-662F-5F81-6FC4-FC8580C33F47">
<createdBy>calittle</createdBy>
<createdTime>2019-04-17 17:26:43 UTC</createdTime>
<ownerDesignName>ODEE_1262_Design</ownerDesignName>
</ColumnProxy>
<ColumnProxy name="RCPAPPINT001" id="B89454E6-3E8D-1F68-AD5F-4DD516C59D51">
<createdBy>calittle</createdBy>
<createdTime>2019-04-17 17:26:43 UTC</createdTime>
<ownerDesignName>ODEE_1262_Design</ownerDesignName>
</ColumnProxy>
<ColumnProxy name="RCPAPPSTR015" id="B982932D-4D0B-9E37-06AC-B990B7EF3FF5">
<createdBy>calittle</createdBy>
<createdTime>2019-04-17 17:26:43 UTC</createdTime>
<ownerDesignName>ODEE_1262_Design</ownerDesignName>
</ColumnProxy>
<ColumnProxy name="ADR_TRACKING" id="BA8EEF77-22BA-2748-FA97-50E795D7FD8D">
<createdBy>calittle</createdBy>
<createdTime>2019-04-17 17:26:43 UTC</createdTime>
<ownerDesignName>ODEE_1262_Design</ownerDesignName>
</ColumnProxy>
<ColumnProxy name="ADR_TYPE" id="BC00DDF9-5543-CCB0-7504-195867C324E4">
<createdBy>calittle</createdBy>
<createdTime>2019-04-17 17:26:43 UTC</createdTime>
<ownerDesignName>ODEE_1262_Design</ownerDesignName>
</ColumnProxy>
<ColumnProxy name="ADR_ADDRESS2" id="BD0DE3BA-9A57-9749-934C-D6534828B17E">
<createdBy>calittle</createdBy>
<createdTime>2019-04-17 17:26:43 UTC</createdTime>
<ownerDesignName>ODEE_1262_Design</ownerDesignName>
</ColumnProxy>
<ColumnProxy name="ADR_POSTALCODE" id="BD7E289D-32AB-676B-C8AB-FECB27D148FA">
<createdBy>calittle</createdBy>
<createdTime>2019-04-17 17:26:43 UTC</createdTime>
<ownerDesignName>ODEE_1262_Design</ownerDesignName>
</ColumnProxy>
<ColumnProxy name="ADR_NAME2" id="C3581FD3-5DB9-531E-C7A1-7DB420E0D0A9">
<createdBy>calittle</createdBy>
<createdTime>2019-04-17 17:26:43 UTC</createdTime>
<ownerDesignName>ODEE_1262_Design</ownerDesignName>
</ColumnProxy>
<ColumnProxy name="ADR_CODE" id="C388BE8A-3F2A-EE02-9261-7BDDC957EC3C">
<createdBy>calittle</createdBy>
<createdTime>2019-04-17 17:26:43 UTC</createdTime>
<ownerDesignName>ODEE_1262_Design</ownerDesignName>
</ColumnProxy>
<ColumnProxy name="RCPOUTREF" id="C5BB95C5-F12A-7B04-59B3-E34535793077">
<createdBy>calittle</createdBy>
<createdTime>2019-04-17 17:26:43 UTC</createdTime>
<ownerDesignName>ODEE_1262_Design</ownerDesignName>
</ColumnProxy>
<ColumnProxy name="RCPBCHERR" id="CA5602E6-94C1-D663-C53C-918FAF04DC76">
<createdBy>calittle</createdBy>
<createdTime>2019-04-17 17:26:43 UTC</createdTime>
<ownerDesignName>ODEE_1262_Design</ownerDesignName>
</ColumnProxy>
<ColumnProxy name="RCPCUSDATE003" id="CEE2B3C8-23C5-D811-35DA-1779E6AE517F">
<createdBy>calittle</createdBy>
<createdTime>2019-04-17 17:26:43 UTC</createdTime>
<ownerDesignName>ODEE_1262_Design</ownerDesignName>
</ColumnProxy>
<ColumnProxy name="RCPAPPDATE002" id="CF67ADB5-37FE-E141-EB4E-173D26BCE5D0">
<createdBy>calittle</createdBy>
<createdTime>2019-04-17 17:26:43 UTC</createdTime>
<ownerDesignName>ODEE_1262_Design</ownerDesignName>
</ColumnProxy>
<ColumnProxy name="BATCHNAME" id="D37C1B01-60C8-48EA-AA33-574D2180D210">
<createdBy>calittle</createdBy>
<createdTime>2019-04-17 17:26:43 UTC</createdTime>
<ownerDesignName>ODEE_1262_Design</ownerDesignName>
</ColumnProxy>
<ColumnProxy name="ADR_EMAIL" id="D3D51A7B-94D9-6399-B01E-24BEE652DBB8">
<createdBy>calittle</createdBy>
<createdTime>2019-04-17 17:26:43 UTC</createdTime>
<ownerDesignName>ODEE_1262_Design</ownerDesignName>
</ColumnProxy>
<ColumnProxy name="RCPTRAY5" id="D3ED4B20-13AF-F53D-8523-F96D16EFD08F">
<createdBy>calittle</createdBy>
<createdTime>2019-04-17 17:26:43 UTC</createdTime>
<ownerDesignName>ODEE_1262_Design</ownerDesignName>
</ColumnProxy>
<ColumnProxy name="RCPCUSSTR009" id="D3F72B3A-BEEF-BAE9-E30A-69F3D3C40751">
<createdBy>calittle</createdBy>
<createdTime>2019-04-17 17:26:43 UTC</createdTime>
<ownerDesignName>ODEE_1262_Design</ownerDesignName>
</ColumnProxy>
<ColumnProxy name="ADR_CITY" id="D89B7491-9D14-8D57-2225-2B07446CE8C7">
<createdBy>calittle</createdBy>
<createdTime>2019-04-17 17:26:43 UTC</createdTime>
<ownerDesignName>ODEE_1262_Design</ownerDesignName>
</ColumnProxy>
<ColumnProxy name="RCPAPPDEC003" id="D8FD93F4-1C37-114B-1113-BE580995BAEA">
<createdBy>calittle</createdBy>
<createdTime>2019-04-17 17:26:43 UTC</createdTime>
<ownerDesignName>ODEE_1262_Design</ownerDesignName>
</ColumnProxy>
<ColumnProxy name="RCPAPPDATE001" id="D938673D-FFA6-5D26-895D-FA7EA009F3AE">
<createdBy>calittle</createdBy>
<createdTime>2019-04-17 17:26:43 UTC</createdTime>
<ownerDesignName>ODEE_1262_Design</ownerDesignName>
</ColumnProxy>
<ColumnProxy name="RCPTRAY2" id="DF32C4DA-9CF1-1E81-BB53-7EC8B77958ED">
<createdBy>calittle</createdBy>
<createdTime>2019-04-17 17:26:43 UTC</createdTime>
<ownerDesignName>ODEE_1262_Design</ownerDesignName>
</ColumnProxy>
<ColumnProxy name="ADR_HOUSEHOLD" id="E8451A6C-5474-2992-F0AF-42F07034F4E7">
<createdBy>calittle</createdBy>
<createdTime>2019-04-17 17:26:43 UTC</createdTime>
<ownerDesignName>ODEE_1262_Design</ownerDesignName>
</ColumnProxy>
<ColumnProxy name="RCPCUSDATE002" id="EA3BB20D-E16E-F5E9-FA23-86DA7BA5980B">
<createdBy>calittle</createdBy>
<createdTime>2019-04-17 17:26:43 UTC</createdTime>
<ownerDesignName>ODEE_1262_Design</ownerDesignName>
</ColumnProxy>
<ColumnProxy name="RCPTRAY8" id="F121D5E2-E864-2698-CFC8-65841A489252">
<createdBy>calittle</createdBy>
<createdTime>2019-04-17 17:26:43 UTC</createdTime>
<ownerDesignName>ODEE_1262_Design</ownerDesignName>
</ColumnProxy>
<ColumnProxy name="RCPAPPDEC005" id="F1384783-3007-6C0D-E6AE-DA5AFF76D896">
<createdBy>calittle</createdBy>
<createdTime>2019-04-17 17:26:43 UTC</createdTime>
<ownerDesignName>ODEE_1262_Design</ownerDesignName>
</ColumnProxy>
<ColumnProxy name="ADR_PREFERRED" id="F1568A3D-F2FF-3ABB-53A8-E2AA55F249F2">
<createdBy>calittle</createdBy>
<createdTime>2019-04-17 17:26:43 UTC</createdTime>
<ownerDesignName>ODEE_1262_Design</ownerDesignName>
</ColumnProxy>
<ColumnProxy name="RCPAPPDEC004" id="F4832CD5-7F75-5AF7-1F5D-9BB34024D08D">
<createdBy>calittle</createdBy>
<createdTime>2019-04-17 17:26:43 UTC</createdTime>
<ownerDesignName>ODEE_1262_Design</ownerDesignName>
</ColumnProxy>
<ColumnProxy name="ADR_ADDRESS1" id="F8F0A29D-5653-0577-B407-E131D8E5A9EE">
<createdBy>calittle</createdBy>
<createdTime>2019-04-17 17:26:43 UTC</createdTime>
<ownerDesignName>ODEE_1262_Design</ownerDesignName>
</ColumnProxy>
<ColumnProxy name="RCPCUSSTR007" id="F958D383-5161-9D31-6077-21F3176CAE89">
<createdBy>calittle</createdBy>
<createdTime>2019-04-17 17:26:43 UTC</createdTime>
<ownerDesignName>ODEE_1262_Design</ownerDesignName>
</ColumnProxy>
<ColumnProxy name="RCPAPPDEC002" id="F9A8170A-11C8-982B-A2B8-CDAC0DEBF585">
<createdBy>calittle</createdBy>
<createdTime>2019-04-17 17:26:43 UTC</createdTime>
<ownerDesignName>ODEE_1262_Design</ownerDesignName>
</ColumnProxy>
<ColumnProxy name="RCPCUSSTR001" id="FC895849-3CC7-D853-336D-F8342A307B2E">
<createdBy>calittle</createdBy>
<createdTime>2019-04-17 17:26:43 UTC</createdTime>
<ownerDesignName>ODEE_1262_Design</ownerDesignName>
</ColumnProxy>
</columnProxies>
<lobStorages>
<LobStorage class="oracle.dbtools.crest.model.design.storage.oracle.v11g.LobStorageOraclev11g" name="SYS_LOB0000140086C00013$$" id="8782A40E-7FDC-914C-DF40-E89C6E49649D">
<createdBy>calittle</createdBy>
<createdTime>2019-04-17 17:26:52 UTC</createdTime>
<ownerDesignName>ODEE_1262_Design</ownerDesignName>
<cache>NOCACHE</cache>
<chunk>8192</chunk>
<column>RCPOUTBLOB</column>
<compression>NO</compression>
<duplication>KEEP_DUPLICATES</duplication>
<logging>FILESYSTEM_LIKE_LOGGING</logging>
<tableSpace>B4FE7603-2423-0888-71C6-BC38EA367033</tableSpace>
<lobStorageType>SECUREFILE</lobStorageType>
</LobStorage>
</lobStorages>
<primaryKeys>
<PrimaryKey class="oracle.dbtools.crest.model.design.storage.oracle.v10g.PKProxyOraclev10g" name="RCPSHIST_PK" id="CA0415BC-8836-467C-CF4A-288A052B0F9B">
<createdBy>calittle</createdBy>
<createdTime>2019-04-17 17:26:51 UTC</createdTime>
<ownerDesignName>ODEE_1262_Design</ownerDesignName>
<segment>40B3AC24-9CF5-8A2D-F82F-B2CD0FB5CAA2</segment>
<tableSpace>B4FE7603-2423-0888-71C6-BC38EA367033</tableSpace>
<existingIndex>A622F068-50ED-9039-6CAB-641E040AADD8</existingIndex>
<indexSegment>40B3AC24-9CF5-8A2D-F82F-B2CD0FB5CAA2</indexSegment>
<indexSort>SORTED</indexSort>
<usingIndex>BY INDEX NAME</usingIndex>
</PrimaryKey>
</primaryKeys>
<uniqueKeys>
<UniqueKey class="oracle.dbtools.crest.model.design.storage.oracle.v10g.UniqueOraclev10g" name="RCPHISTUNIQUE_ID" id="5134D7BC-6B78-0CED-75EA-35DDAD35A390">
<createdBy>calittle</createdBy>
<createdTime>2019-04-17 17:26:51 UTC</createdTime>
<ownerDesignName>ODEE_1262_Design</ownerDesignName>
<segment>40B3AC24-9CF5-8A2D-F82F-B2CD0FB5CAA2</segment>
<tableSpace>B4FE7603-2423-0888-71C6-BC38EA367033</tableSpace>
<existingIndex>0641CF25-681A-D7BA-C890-EEF012D5FAD1</existingIndex>
<indexSegment>40B3AC24-9CF5-8A2D-F82F-B2CD0FB5CAA2</indexSegment>
<indexSort>SORTED</indexSort>
<usingIndex>BY INDEX NAME</usingIndex>
</UniqueKey>
</uniqueKeys>
</TableProxyOraclev11g>