<?xml version = '1.0' encoding = 'UTF-8'?>
<TableProxyOraclev11g class="oracle.dbtools.crest.model.design.storage.oracle.v11g.TableProxyOraclev11g" name="JOBSHIST" directorySegmentName="seg_0" id="35E1A421-536C-8D1F-27F9-59C3A72E3240">
<createdBy>calittle</createdBy>
<createdTime>2019-04-17 17:25:51 UTC</createdTime>
<ownerDesignName>ODEE_1262_Design</ownerDesignName>
<schemaObject>8FC895A7-E0A2-11C9-AE90-BEF4CA704C97</schemaObject>
<logging>YES</logging>
<partitionedRowMovement>DISABLE</partitionedRowMovement>
<segment>C8C5DB75-8387-101B-E298-3461B2B213FB</segment>
<tableSpace>B4FE7603-2423-0888-71C6-BC38EA367033</tableSpace>
<temporaryChanged>false</temporaryChanged>
<accessDriverType>oracle_loader</accessDriverType>
<rejectLimit></rejectLimit>
<indexProxies>
<IndexProxy class="oracle.dbtools.crest.model.design.storage.oracle.v10g.IndexProxyOraclev10g" name="JOBSHIST_PK" id="5D5CC918-195D-DD7A-8B25-481202A0165F">
<createdBy>calittle</createdBy>
<createdTime>2019-04-17 17:26:48 UTC</createdTime>
<ownerDesignName>ODEE_1262_Design</ownerDesignName>
<schemaObject>8FC895A7-E0A2-11C9-AE90-BEF4CA704C97</schemaObject>
<segment>40B3AC24-9CF5-8A2D-F82F-B2CD0FB5CAA2</segment>
<tableSpace>B4FE7603-2423-0888-71C6-BC38EA367033</tableSpace>
</IndexProxy>
<IndexProxy class="oracle.dbtools.crest.model.design.storage.oracle.v10g.IndexProxyOraclev10g" name="JOBSHIST_UNIQUE_ID" id="914AC90D-26F8-BB64-1FBF-186BBD8DDC97">
<createdBy>calittle</createdBy>
<createdTime>2019-04-17 17:26:48 UTC</createdTime>
<ownerDesignName>ODEE_1262_Design</ownerDesignName>
<schemaObject>8FC895A7-E0A2-11C9-AE90-BEF4CA704C97</schemaObject>
<segment>40B3AC24-9CF5-8A2D-F82F-B2CD0FB5CAA2</segment>
<tableSpace>B4FE7603-2423-0888-71C6-BC38EA367033</tableSpace>
</IndexProxy>
<IndexProxy class="oracle.dbtools.crest.model.design.storage.oracle.v10g.IndexProxyOraclev10g" name="JOBSHIST_PRIORITY" id="D41D3A23-86C0-011A-3413-648716F5B5EF">
<createdBy>calittle</createdBy>
<createdTime>2019-04-17 17:26:48 UTC</createdTime>
<ownerDesignName>ODEE_1262_Design</ownerDesignName>
<schemaObject>8FC895A7-E0A2-11C9-AE90-BEF4CA704C97</schemaObject>
<segment>40B3AC24-9CF5-8A2D-F82F-B2CD0FB5CAA2</segment>
<tableSpace>B4FE7603-2423-0888-71C6-BC38EA367033</tableSpace>
</IndexProxy>
<IndexProxy class="oracle.dbtools.crest.model.design.storage.oracle.v10g.IndexProxyOraclev10g" name="JOBSHIST_BREAKDOWN_ANALYTIC" id="F9005628-0F13-D584-C0DD-6459CAC811F0">
<createdBy>calittle</createdBy>
<createdTime>2019-04-17 17:26:48 UTC</createdTime>
<ownerDesignName>ODEE_1262_Design</ownerDesignName>
<schemaObject>8FC895A7-E0A2-11C9-AE90-BEF4CA704C97</schemaObject>
<segment>40B3AC24-9CF5-8A2D-F82F-B2CD0FB5CAA2</segment>
<tableSpace>B4FE7603-2423-0888-71C6-BC38EA367033</tableSpace>
</IndexProxy>
<IndexProxy class="oracle.dbtools.crest.model.design.storage.oracle.v10g.IndexProxyOraclev10g" name="JOBSHIST_STATUS" id="F9412C56-2F20-FEE7-1BA8-C86A103D2A19">
<createdBy>calittle</createdBy>
<createdTime>2019-04-17 17:26:48 UTC</createdTime>
<ownerDesignName>ODEE_1262_Design</ownerDesignName>
<schemaObject>8FC895A7-E0A2-11C9-AE90-BEF4CA704C97</schemaObject>
<segment>40B3AC24-9CF5-8A2D-F82F-B2CD0FB5CAA2</segment>
<tableSpace>B4FE7603-2423-0888-71C6-BC38EA367033</tableSpace>
</IndexProxy>
</indexProxies>
<columnProxies itemClass="oracle.dbtools.crest.model.design.storage.oracle.v12c.ColumnProxyOraclev12c">
<ColumnProxy name="JOBPAYLOADBLOB" id="020A8207-B41C-E2AD-8783-DDED8165959C">
<createdBy>calittle</createdBy>
<createdTime>2019-04-17 17:26:38 UTC</createdTime>
<ownerDesignName>ODEE_1262_Design</ownerDesignName>
</ColumnProxy>
<ColumnProxy name="JOBTRNPROC" id="0646403D-4B5B-6994-3AAA-BDF792FCA44F">
<createdBy>calittle</createdBy>
<createdTime>2019-04-17 17:26:38 UTC</createdTime>
<ownerDesignName>ODEE_1262_Design</ownerDesignName>
</ColumnProxy>
<ColumnProxy name="JOBTRNWIP" id="1234D358-86AE-B4BE-CA5B-4519061BD258">
<createdBy>calittle</createdBy>
<createdTime>2019-04-17 17:26:38 UTC</createdTime>
<ownerDesignName>ODEE_1262_Design</ownerDesignName>
</ColumnProxy>
<ColumnProxy name="JOBHISTORY" id="155679C1-2AA0-7779-F138-4F99F9FAEE0B">
<createdBy>calittle</createdBy>
<createdTime>2019-04-17 17:26:38 UTC</createdTime>
<ownerDesignName>ODEE_1262_Design</ownerDesignName>
</ColumnProxy>
<ColumnProxy name="JOBTRNERR" id="1BA1A061-BE95-B3C4-BCE7-E4BEA5386545">
<createdBy>calittle</createdBy>
<createdTime>2019-04-17 17:26:38 UTC</createdTime>
<ownerDesignName>ODEE_1262_Design</ownerDesignName>
</ColumnProxy>
<ColumnProxy name="JOBREPLYSENT" id="1BA79B62-C19E-3EEB-3497-0E23DD70B403">
<createdBy>calittle</createdBy>
<createdTime>2019-04-17 17:26:38 UTC</createdTime>
<ownerDesignName>ODEE_1262_Design</ownerDesignName>
<defaultValue>0</defaultValue>
</ColumnProxy>
<ColumnProxy name="JOBRETHOLD" id="1CECDDBA-E8EB-EBB2-4FF6-107F91913BF6">
<createdBy>calittle</createdBy>
<createdTime>2019-04-17 17:26:38 UTC</createdTime>
<ownerDesignName>ODEE_1262_Design</ownerDesignName>
</ColumnProxy>
<ColumnProxy name="JOBRCPENDTIME" id="23407FB3-8CCC-3A24-A6FB-26C0B46DB22F">
<createdBy>calittle</createdBy>
<createdTime>2019-04-17 17:26:38 UTC</createdTime>
<ownerDesignName>ODEE_1262_Design</ownerDesignName>
</ColumnProxy>
<ColumnProxy name="JOBTRNSCH" id="2F377BFF-6A32-A03C-06BE-855752630696">
<createdBy>calittle</createdBy>
<createdTime>2019-04-17 17:26:38 UTC</createdTime>
<ownerDesignName>ODEE_1262_Design</ownerDesignName>
</ColumnProxy>
<ColumnProxy name="JOBREPLYSENTTIME" id="4083F627-2143-EE32-9FDE-AF6CB758092D">
<createdBy>calittle</createdBy>
<createdTime>2019-04-17 17:26:38 UTC</createdTime>
<ownerDesignName>ODEE_1262_Design</ownerDesignName>
</ColumnProxy>
<ColumnProxy name="JOBHISTORICAL" id="40F2F1F7-A53B-05E4-08FE-C94E74C9543F">
<createdBy>calittle</createdBy>
<createdTime>2019-04-17 17:26:38 UTC</createdTime>
<ownerDesignName>ODEE_1262_Design</ownerDesignName>
<defaultValue>1</defaultValue>
</ColumnProxy>
<ColumnProxy name="JOBRCPTOTAL" id="4CC6D6C3-BE6B-0643-DE93-49B9EBAC86AA">
<createdBy>calittle</createdBy>
<createdTime>2019-04-17 17:26:38 UTC</createdTime>
<ownerDesignName>ODEE_1262_Design</ownerDesignName>
</ColumnProxy>
<ColumnProxy name="JOBSTATUS" id="4CFA3862-2659-A4F8-6238-81A978787A38">
<createdBy>calittle</createdBy>
<createdTime>2019-04-17 17:26:38 UTC</createdTime>
<ownerDesignName>ODEE_1262_Design</ownerDesignName>
<defaultValue>0</defaultValue>
</ColumnProxy>
<ColumnProxy name="JOBREPLYTOURI" id="5EBEC534-D698-E1D5-22A7-E927765F4267">
<createdBy>calittle</createdBy>
<createdTime>2019-04-17 17:26:38 UTC</createdTime>
<ownerDesignName>ODEE_1262_Design</ownerDesignName>
</ColumnProxy>
<ColumnProxy name="JOBPAYLOADXML" id="633435A5-C406-A4BF-5977-5014C861BE9C">
<createdBy>calittle</createdBy>
<createdTime>2019-04-17 17:26:38 UTC</createdTime>
<ownerDesignName>ODEE_1262_Design</ownerDesignName>
<cache>NOCACHE</cache>
<storeAs>CLOB</storeAs>
</ColumnProxy>
<ColumnProxy name="JOBUNIQUE_ID" id="637B9C04-70ED-467B-7DD0-605E96C0F64C">
<createdBy>calittle</createdBy>
<createdTime>2019-04-17 17:26:38 UTC</createdTime>
<ownerDesignName>ODEE_1262_Design</ownerDesignName>
</ColumnProxy>
<ColumnProxy name="JOBBCHSCH" id="720015E9-F810-2704-4D9E-6F6BAD63D048">
<createdBy>calittle</createdBy>
<createdTime>2019-04-17 17:26:38 UTC</createdTime>
<ownerDesignName>ODEE_1262_Design</ownerDesignName>
</ColumnProxy>
<ColumnProxy name="JOBRCPSCH" id="74F46294-AF2D-9BFE-B632-14A23AE5085F">
<createdBy>calittle</createdBy>
<createdTime>2019-04-17 17:26:38 UTC</createdTime>
<ownerDesignName>ODEE_1262_Design</ownerDesignName>
</ColumnProxy>
<ColumnProxy name="JOBPAYLOADREF" id="799025EE-ED6A-232D-9A1E-CCEF3C700798">
<createdBy>calittle</createdBy>
<createdTime>2019-04-17 17:26:38 UTC</createdTime>
<ownerDesignName>ODEE_1262_Design</ownerDesignName>
</ColumnProxy>
<ColumnProxy name="JOB_ID" id="7DB716B4-ADC3-9F7D-C9CC-ED7B9A029AA3">
<createdBy>calittle</createdBy>
<createdTime>2019-04-17 17:26:38 UTC</createdTime>
<ownerDesignName>ODEE_1262_Design</ownerDesignName>
</ColumnProxy>
<ColumnProxy name="JOBBCHERR" id="7F5FBCB0-5771-3A3B-0B70-023753A0AA32">
<createdBy>calittle</createdBy>
<createdTime>2019-04-17 17:26:38 UTC</createdTime>
<ownerDesignName>ODEE_1262_Design</ownerDesignName>
</ColumnProxy>
<ColumnProxy name="JOBBCHENDTIME" id="85765822-873F-38D0-ED5B-26D20F78F079">
<createdBy>calittle</createdBy>
<createdTime>2019-04-17 17:26:38 UTC</createdTime>
<ownerDesignName>ODEE_1262_Design</ownerDesignName>
</ColumnProxy>
<ColumnProxy name="JOBSTARTTIME" id="873AABBB-3479-3F70-A872-88BF4438F98D">
<createdBy>calittle</createdBy>
<createdTime>2019-04-17 17:26:38 UTC</createdTime>
<ownerDesignName>ODEE_1262_Design</ownerDesignName>
</ColumnProxy>
<ColumnProxy name="JOBBCHPROC" id="8DB16F8F-13D9-F3A5-EAF4-5E3DCA0A454D">
<createdBy>calittle</createdBy>
<createdTime>2019-04-17 17:26:38 UTC</createdTime>
<ownerDesignName>ODEE_1262_Design</ownerDesignName>
</ColumnProxy>
<ColumnProxy name="JOBTRNTOTAL" id="9D388419-3566-1C94-0F86-63B6A72FDCB9">
<createdBy>calittle</createdBy>
<createdTime>2019-04-17 17:26:38 UTC</createdTime>
<ownerDesignName>ODEE_1262_Design</ownerDesignName>
</ColumnProxy>
<ColumnProxy name="JOBERR_ID" id="A22F6E76-A323-5B4A-AE2B-0F8E2BC6AE27">
<createdBy>calittle</createdBy>
<createdTime>2019-04-17 17:26:38 UTC</createdTime>
<ownerDesignName>ODEE_1262_Design</ownerDesignName>
</ColumnProxy>
<ColumnProxy name="JOBPRIORITY" id="A31BF649-100A-3D73-4108-29D5D759BD10">
<createdBy>calittle</createdBy>
<createdTime>2019-04-17 17:26:38 UTC</createdTime>
<ownerDesignName>ODEE_1262_Design</ownerDesignName>
<defaultValue>10</defaultValue>
</ColumnProxy>
<ColumnProxy name="JOBENDTIME" id="B37181BF-D4D1-B089-94D4-FA69EB57BCA5">
<createdBy>calittle</createdBy>
<createdTime>2019-04-17 17:26:38 UTC</createdTime>
<ownerDesignName>ODEE_1262_Design</ownerDesignName>
</ColumnProxy>
<ColumnProxy name="JOBBCHSTARTTIME" id="B7FF801A-359E-7AE0-2055-85CB6D1C57E9">
<createdBy>calittle</createdBy>
<createdTime>2019-04-17 17:26:38 UTC</createdTime>
<ownerDesignName>ODEE_1262_Design</ownerDesignName>
</ColumnProxy>
<ColumnProxy name="JOBATTACHMENTS" id="BADC6BAA-9E2C-A891-1970-E2B326D30731">
<createdBy>calittle</createdBy>
<createdTime>2019-04-17 17:26:38 UTC</createdTime>
<ownerDesignName>ODEE_1262_Design</ownerDesignName>
</ColumnProxy>
<ColumnProxy name="JOBRETENTION" id="BF93934C-D007-3E85-8705-18DEEB615E6B">
<createdBy>calittle</createdBy>
<createdTime>2019-04-17 17:26:38 UTC</createdTime>
<ownerDesignName>ODEE_1262_Design</ownerDesignName>
</ColumnProxy>
<ColumnProxy name="JOBTRNENDTIME" id="C46F8AC5-8C2E-1150-31A2-F0064E195BF0">
<createdBy>calittle</createdBy>
<createdTime>2019-04-17 17:26:38 UTC</createdTime>
<ownerDesignName>ODEE_1262_Design</ownerDesignName>
</ColumnProxy>
<ColumnProxy name="JOBTRNSTARTTIME" id="D463B2E6-36FA-F413-20A7-F574336CB675">
<createdBy>calittle</createdBy>
<createdTime>2019-04-17 17:26:38 UTC</createdTime>
<ownerDesignName>ODEE_1262_Design</ownerDesignName>
</ColumnProxy>
<ColumnProxy name="JOBNAME" id="E1F439A9-7EB8-2426-6877-3932F0AE7FAB">
<createdBy>calittle</createdBy>
<createdTime>2019-04-17 17:26:38 UTC</createdTime>
<ownerDesignName>ODEE_1262_Design</ownerDesignName>
</ColumnProxy>
<ColumnProxy name="JOBRCPPROC" id="E2856CA3-0FD8-2935-A0B8-20046A598C96">
<createdBy>calittle</createdBy>
<createdTime>2019-04-17 17:26:38 UTC</createdTime>
<ownerDesignName>ODEE_1262_Design</ownerDesignName>
</ColumnProxy>
<ColumnProxy name="JOBBCHTOTAL" id="E31F9055-84B7-E79A-4FA6-0EA7691AF9D3">
<createdBy>calittle</createdBy>
<createdTime>2019-04-17 17:26:38 UTC</createdTime>
<ownerDesignName>ODEE_1262_Design</ownerDesignName>
</ColumnProxy>
<ColumnProxy name="JOBRCPSTARTTIME" id="EA49752A-4C4B-5200-3498-723B976B9A19">
<createdBy>calittle</createdBy>
<createdTime>2019-04-17 17:26:38 UTC</createdTime>
<ownerDesignName>ODEE_1262_Design</ownerDesignName>
</ColumnProxy>
<ColumnProxy name="JOBPRTLOGNAME" id="ED7F3E72-0B1F-7A65-0C97-BAB4145D7FB0">
<createdBy>calittle</createdBy>
<createdTime>2019-04-17 17:26:38 UTC</createdTime>
<ownerDesignName>ODEE_1262_Design</ownerDesignName>
</ColumnProxy>
<ColumnProxy name="JOBRCPERR" id="FC2A38E9-D7E0-B617-DFB2-83E000ED68E7">
<createdBy>calittle</createdBy>
<createdTime>2019-04-17 17:26:38 UTC</createdTime>
<ownerDesignName>ODEE_1262_Design</ownerDesignName>
</ColumnProxy>
<ColumnProxy name="JOBPAYLOADTYPE" id="FC740ECA-EED2-821E-3BF2-2C3A61B068D1">
<createdBy>calittle</createdBy>
<createdTime>2019-04-17 17:26:38 UTC</createdTime>
<ownerDesignName>ODEE_1262_Design</ownerDesignName>
<defaultValue>0</defaultValue>
</ColumnProxy>
</columnProxies>
<lobStorages>
<LobStorage class="oracle.dbtools.crest.model.design.storage.oracle.v11g.LobStorageOraclev11g" name="SYS_LOB0000140014C00009$$" id="F84DF991-9DE8-CCA0-DAFE-A2878844AE57">
<createdBy>calittle</createdBy>
<createdTime>2019-04-17 17:26:52 UTC</createdTime>
<ownerDesignName>ODEE_1262_Design</ownerDesignName>
<cache>NOCACHE</cache>
<chunk>8192</chunk>
<column>JOBPAYLOADBLOB</column>
<compression>NO</compression>
<duplication>KEEP_DUPLICATES</duplication>
<logging>FILESYSTEM_LIKE_LOGGING</logging>
<tableSpace>B4FE7603-2423-0888-71C6-BC38EA367033</tableSpace>
<lobStorageType>SECUREFILE</lobStorageType>
</LobStorage>
<LobStorage class="oracle.dbtools.crest.model.design.storage.oracle.v11g.LobStorageOraclev11g" name="SYS_LOB0000140014C00012$$" id="20F931CD-B05B-C4AA-D89C-64ABF45657EB">
<createdBy>calittle</createdBy>
<createdTime>2019-04-17 17:26:52 UTC</createdTime>
<ownerDesignName>ODEE_1262_Design</ownerDesignName>
<cache>NOCACHE</cache>
<chunk>8192</chunk>
<column>JOBATTACHMENTS</column>
<compression>NO</compression>
<duplication>KEEP_DUPLICATES</duplication>
<logging>FILESYSTEM_LIKE_LOGGING</logging>
<tableSpace>B4FE7603-2423-0888-71C6-BC38EA367033</tableSpace>
<lobStorageType>SECUREFILE</lobStorageType>
</LobStorage>
</lobStorages>
<primaryKeys>
<PrimaryKey class="oracle.dbtools.crest.model.design.storage.oracle.v10g.PKProxyOraclev10g" name="JOBSHIST_PK" id="E65175B8-3456-9AE7-BA41-887DCDF55B40">
<createdBy>calittle</createdBy>
<createdTime>2019-04-17 17:26:50 UTC</createdTime>
<ownerDesignName>ODEE_1262_Design</ownerDesignName>
<segment>40B3AC24-9CF5-8A2D-F82F-B2CD0FB5CAA2</segment>
<tableSpace>B4FE7603-2423-0888-71C6-BC38EA367033</tableSpace>
<existingIndex>5D5CC918-195D-DD7A-8B25-481202A0165F</existingIndex>
<indexSegment>40B3AC24-9CF5-8A2D-F82F-B2CD0FB5CAA2</indexSegment>
<indexSort>SORTED</indexSort>
<usingIndex>BY INDEX NAME</usingIndex>
</PrimaryKey>
</primaryKeys>
<uniqueKeys>
<UniqueKey class="oracle.dbtools.crest.model.design.storage.oracle.v10g.UniqueOraclev10g" name="JOBSHIST_UNIQUE_ID" id="3F86AE36-B829-3DC3-0F95-A55EDA5E258C">
<createdBy>calittle</createdBy>
<createdTime>2019-04-17 17:26:50 UTC</createdTime>
<ownerDesignName>ODEE_1262_Design</ownerDesignName>
<segment>40B3AC24-9CF5-8A2D-F82F-B2CD0FB5CAA2</segment>
<tableSpace>B4FE7603-2423-0888-71C6-BC38EA367033</tableSpace>
<existingIndex>914AC90D-26F8-BB64-1FBF-186BBD8DDC97</existingIndex>
<indexSegment>40B3AC24-9CF5-8A2D-F82F-B2CD0FB5CAA2</indexSegment>
<indexSort>SORTED</indexSort>
<usingIndex>BY INDEX NAME</usingIndex>
</UniqueKey>
</uniqueKeys>
</TableProxyOraclev11g>