<?xml version = '1.0' encoding = 'UTF-8'?>
<TableProxyOraclev11g class="oracle.dbtools.crest.model.design.storage.oracle.v11g.TableProxyOraclev11g" name="DMKR_ENTITYTYPE_TRANSLATIONS" directorySegmentName="seg_0" id="399D1643-0DC3-7B96-64D7-2B9BE637C3C5">
<createdBy>calittle</createdBy>
<createdTime>2019-04-17 17:25:09 UTC</createdTime>
<ownerDesignName>ODEE_1262_Design</ownerDesignName>
<schemaObject>0323F05B-A91A-E5F5-C386-B3516E1DFCEB</schemaObject>
<logging>YES</logging>
<partitionedRowMovement>DISABLE</partitionedRowMovement>
<segment>4AC90395-2168-6C73-9206-B942356832F0</segment>
<tableSpace>DF7AC7A0-6C81-FCE6-836E-6026E18400F7</tableSpace>
<temporaryChanged>false</temporaryChanged>
<accessDriverType>oracle_loader</accessDriverType>
<rejectLimit></rejectLimit>
<indexProxies>
<IndexProxy class="oracle.dbtools.crest.model.design.storage.oracle.v10g.IndexProxyOraclev10g" name="DMKR_ENTITYTYPE_TRANSLATIO_PK" id="EEBE6DE7-A5C6-36F6-1D8A-F9490506340B">
<createdBy>calittle</createdBy>
<createdTime>2019-04-17 17:26:48 UTC</createdTime>
<ownerDesignName>ODEE_1262_Design</ownerDesignName>
<schemaObject>0323F05B-A91A-E5F5-C386-B3516E1DFCEB</schemaObject>
<segment>D84742F2-9E68-6614-C6EF-D3B7EF628E78</segment>
<tableSpace>DF7AC7A0-6C81-FCE6-836E-6026E18400F7</tableSpace>
</IndexProxy>
</indexProxies>
<columnProxies itemClass="oracle.dbtools.crest.model.design.storage.oracle.v12c.ColumnProxyOraclev12c">
<ColumnProxy name="ENTITYTYPE_DESCRIPTION" id="173430A0-3142-8651-5B85-83A28798C2B8">
<createdBy>calittle</createdBy>
<createdTime>2019-04-17 17:26:25 UTC</createdTime>
<ownerDesignName>ODEE_1262_Design</ownerDesignName>
</ColumnProxy>
<ColumnProxy name="ENTITYTYPE_ID" id="45383A49-9294-FC43-B873-633ED5874956">
<createdBy>calittle</createdBy>
<createdTime>2019-04-17 17:26:25 UTC</createdTime>
<ownerDesignName>ODEE_1262_Design</ownerDesignName>
</ColumnProxy>
<ColumnProxy name="LANGUAGE" id="5903E192-E3A4-E5A1-5021-78E90C78C458">
<createdBy>calittle</createdBy>
<createdTime>2019-04-17 17:26:25 UTC</createdTime>
<ownerDesignName>ODEE_1262_Design</ownerDesignName>
</ColumnProxy>
<ColumnProxy name="ENTITYTYPE_NAME" id="A7D0FC9D-0C4A-CB70-C71A-88A7CD508085">
<createdBy>calittle</createdBy>
<createdTime>2019-04-17 17:26:25 UTC</createdTime>
<ownerDesignName>ODEE_1262_Design</ownerDesignName>
</ColumnProxy>
<ColumnProxy name="SOURCE_LANG" id="CE3920CE-B176-9B86-1666-012008287BF2">
<createdBy>calittle</createdBy>
<createdTime>2019-04-17 17:26:25 UTC</createdTime>
<ownerDesignName>ODEE_1262_Design</ownerDesignName>
</ColumnProxy>
</columnProxies>
<primaryKeys>
<PrimaryKey class="oracle.dbtools.crest.model.design.storage.oracle.v10g.PKProxyOraclev10g" name="DMKR_ENTITYTYPE_TRANSLATIO_PK" id="EE0E5368-180A-9960-FC97-710137748437">
<createdBy>calittle</createdBy>
<createdTime>2019-04-17 17:26:50 UTC</createdTime>
<ownerDesignName>ODEE_1262_Design</ownerDesignName>
<segment>D84742F2-9E68-6614-C6EF-D3B7EF628E78</segment>
<tableSpace>DF7AC7A0-6C81-FCE6-836E-6026E18400F7</tableSpace>
<existingIndex>EEBE6DE7-A5C6-36F6-1D8A-F9490506340B</existingIndex>
<indexSegment>D84742F2-9E68-6614-C6EF-D3B7EF628E78</indexSegment>
<indexSort>SORTED</indexSort>
<usingIndex>BY INDEX NAME</usingIndex>
</PrimaryKey>
</primaryKeys>
</TableProxyOraclev11g>