<?xml version = '1.0' encoding = 'UTF-8'?>
<TableProxyOraclev11g class="oracle.dbtools.crest.model.design.storage.oracle.v11g.TableProxyOraclev11g" name="SYSS" directorySegmentName="seg_0" id="3A74B56F-47BD-81F4-D5B1-242BC236BDDA">
<createdBy>calittle</createdBy>
<createdTime>2019-04-17 17:25:20 UTC</createdTime>
<ownerDesignName>ODEE_1262_Design</ownerDesignName>
<schemaObject>0323F05B-A91A-E5F5-C386-B3516E1DFCEB</schemaObject>
<logging>YES</logging>
<partitionedRowMovement>DISABLE</partitionedRowMovement>
<segment>4AC90395-2168-6C73-9206-B942356832F0</segment>
<tableSpace>DF7AC7A0-6C81-FCE6-836E-6026E18400F7</tableSpace>
<temporaryChanged>false</temporaryChanged>
<accessDriverType>oracle_loader</accessDriverType>
<rejectLimit></rejectLimit>
<indexProxies>
<IndexProxy class="oracle.dbtools.crest.model.design.storage.oracle.v10g.IndexProxyOraclev10g" name="SYSS_PK" id="B9DB6627-B431-E503-1769-F82020A0C6F2">
<createdBy>calittle</createdBy>
<createdTime>2019-04-17 17:26:48 UTC</createdTime>
<ownerDesignName>ODEE_1262_Design</ownerDesignName>
<schemaObject>0323F05B-A91A-E5F5-C386-B3516E1DFCEB</schemaObject>
<segment>D84742F2-9E68-6614-C6EF-D3B7EF628E78</segment>
<tableSpace>DF7AC7A0-6C81-FCE6-836E-6026E18400F7</tableSpace>
</IndexProxy>
</indexProxies>
<columnProxies itemClass="oracle.dbtools.crest.model.design.storage.oracle.v12c.ColumnProxyOraclev12c">
<ColumnProxy name="SYSCREATED" id="77A06A66-042B-C275-2EF0-3060B6E10EE5">
<createdBy>calittle</createdBy>
<createdTime>2019-04-17 17:26:29 UTC</createdTime>
<ownerDesignName>ODEE_1262_Design</ownerDesignName>
</ColumnProxy>
<ColumnProxy name="SYSUNIQUE_ID" id="7AFACE94-A0A4-99BB-2326-3C49AE7FD77A">
<createdBy>calittle</createdBy>
<createdTime>2019-04-17 17:26:29 UTC</createdTime>
<ownerDesignName>ODEE_1262_Design</ownerDesignName>
</ColumnProxy>
<ColumnProxy name="SYS_ID" id="87536D0F-2C4A-6855-7C6A-9A9296AA0F6C">
<createdBy>calittle</createdBy>
<createdTime>2019-04-17 17:26:29 UTC</createdTime>
<ownerDesignName>ODEE_1262_Design</ownerDesignName>
</ColumnProxy>
<ColumnProxy name="SYSTYPE" id="8B229B3B-18BE-F7DC-4C5B-836C188E1DBE">
<createdBy>calittle</createdBy>
<createdTime>2019-04-17 17:26:29 UTC</createdTime>
<ownerDesignName>ODEE_1262_Design</ownerDesignName>
</ColumnProxy>
<ColumnProxy name="SYSDESCR" id="9B27723C-C075-6CEE-BE70-E8BAFD041F60">
<createdBy>calittle</createdBy>
<createdTime>2019-04-17 17:26:29 UTC</createdTime>
<ownerDesignName>ODEE_1262_Design</ownerDesignName>
</ColumnProxy>
<ColumnProxy name="SYSNAME" id="F05685E3-FF1A-CE26-D19D-26E4E3E7C5F0">
<createdBy>calittle</createdBy>
<createdTime>2019-04-17 17:26:29 UTC</createdTime>
<ownerDesignName>ODEE_1262_Design</ownerDesignName>
</ColumnProxy>
</columnProxies>
<primaryKeys>
<PrimaryKey class="oracle.dbtools.crest.model.design.storage.oracle.v10g.PKProxyOraclev10g" name="SYSS_PK" id="FBB4C9C7-ED61-C10E-B810-FBC4188175C1">
<createdBy>calittle</createdBy>
<createdTime>2019-04-17 17:26:50 UTC</createdTime>
<ownerDesignName>ODEE_1262_Design</ownerDesignName>
<segment>D84742F2-9E68-6614-C6EF-D3B7EF628E78</segment>
<tableSpace>DF7AC7A0-6C81-FCE6-836E-6026E18400F7</tableSpace>
<existingIndex>B9DB6627-B431-E503-1769-F82020A0C6F2</existingIndex>
<indexSegment>D84742F2-9E68-6614-C6EF-D3B7EF628E78</indexSegment>
<indexSort>SORTED</indexSort>
<usingIndex>BY INDEX NAME</usingIndex>
</PrimaryKey>
</primaryKeys>
</TableProxyOraclev11g>