<?xml version = '1.0' encoding = 'UTF-8'?>
<TableProxyOraclev11g class="oracle.dbtools.crest.model.design.storage.oracle.v11g.TableProxyOraclev11g" name="DMRES_LBYD" directorySegmentName="seg_0" id="4344DD96-AB87-BE9A-CAB3-E3EF3DEE3048">
<createdBy>calittle</createdBy>
<createdTime>2019-04-17 17:25:38 UTC</createdTime>
<ownerDesignName>ODEE_1262_Design</ownerDesignName>
<schemaObject>8FC895A7-E0A2-11C9-AE90-BEF4CA704C97</schemaObject>
<logging>YES</logging>
<partitionedRowMovement>DISABLE</partitionedRowMovement>
<segment>4AC90395-2168-6C73-9206-B942356832F0</segment>
<tableSpace>B4FE7603-2423-0888-71C6-BC38EA367033</tableSpace>
<temporaryChanged>false</temporaryChanged>
<accessDriverType>oracle_loader</accessDriverType>
<rejectLimit></rejectLimit>
<indexProxies>
<IndexProxy class="oracle.dbtools.crest.model.design.storage.oracle.v10g.IndexProxyOraclev10g" name="DMRLBYDCAR_KEY" id="8376427F-0FE2-1DAB-04D4-69E4219165E7">
<createdBy>calittle</createdBy>
<createdTime>2019-04-17 17:26:48 UTC</createdTime>
<ownerDesignName>ODEE_1262_Design</ownerDesignName>
<schemaObject>8FC895A7-E0A2-11C9-AE90-BEF4CA704C97</schemaObject>
<segment>D84742F2-9E68-6614-C6EF-D3B7EF628E78</segment>
<tableSpace>B4FE7603-2423-0888-71C6-BC38EA367033</tableSpace>
</IndexProxy>
<IndexProxy class="oracle.dbtools.crest.model.design.storage.oracle.v10g.IndexProxyOraclev10g" name="DMRLBYDARCKEY" id="B9E76FAB-7F86-168D-913A-3B4A41263A02">
<createdBy>calittle</createdBy>
<createdTime>2019-04-17 17:26:48 UTC</createdTime>
<ownerDesignName>ODEE_1262_Design</ownerDesignName>
<schemaObject>8FC895A7-E0A2-11C9-AE90-BEF4CA704C97</schemaObject>
<segment>D84742F2-9E68-6614-C6EF-D3B7EF628E78</segment>
<tableSpace>B4FE7603-2423-0888-71C6-BC38EA367033</tableSpace>
</IndexProxy>
<IndexProxy class="oracle.dbtools.crest.model.design.storage.oracle.v10g.IndexProxyOraclev10g" name="DMRLBYDSEQ_NUM" id="DF6873F6-E41B-F7CB-1122-14CE2410BD0E">
<createdBy>calittle</createdBy>
<createdTime>2019-04-17 17:26:48 UTC</createdTime>
<ownerDesignName>ODEE_1262_Design</ownerDesignName>
<schemaObject>8FC895A7-E0A2-11C9-AE90-BEF4CA704C97</schemaObject>
<segment>D84742F2-9E68-6614-C6EF-D3B7EF628E78</segment>
<tableSpace>B4FE7603-2423-0888-71C6-BC38EA367033</tableSpace>
</IndexProxy>
</indexProxies>
<columnProxies itemClass="oracle.dbtools.crest.model.design.storage.oracle.v12c.ColumnProxyOraclev12c">
<ColumnProxy name="ARCKEY" id="3919A7EC-921F-CE58-0D4E-60E78591A125">
<createdBy>calittle</createdBy>
<createdTime>2019-04-17 17:26:34 UTC</createdTime>
<ownerDesignName>ODEE_1262_Design</ownerDesignName>
</ColumnProxy>
<ColumnProxy name="SEQ_NUM" id="55D8F281-758F-CEEC-65C8-386FE9E1F265">
<createdBy>calittle</createdBy>
<createdTime>2019-04-17 17:26:34 UTC</createdTime>
<ownerDesignName>ODEE_1262_Design</ownerDesignName>
</ColumnProxy>
<ColumnProxy name="TOTAL_SIZE" id="880A8305-8F2D-30FE-2D4F-52BBB9673A18">
<createdBy>calittle</createdBy>
<createdTime>2019-04-17 17:26:34 UTC</createdTime>
<ownerDesignName>ODEE_1262_Design</ownerDesignName>
</ColumnProxy>
<ColumnProxy name="CONT_FLAG" id="BA2487D0-5091-478A-7928-2DE9013E3F0B">
<createdBy>calittle</createdBy>
<createdTime>2019-04-17 17:26:34 UTC</createdTime>
<ownerDesignName>ODEE_1262_Design</ownerDesignName>
</ColumnProxy>
<ColumnProxy name="CARDATA" id="DDFCD582-AA4F-875F-7C42-F71A8416FD8C">
<createdBy>calittle</createdBy>
<createdTime>2019-04-17 17:26:34 UTC</createdTime>
<ownerDesignName>ODEE_1262_Design</ownerDesignName>
</ColumnProxy>
</columnProxies>
<lobStorages>
<LobStorage class="oracle.dbtools.crest.model.design.storage.oracle.v11g.LobStorageOraclev11g" name="SYS_LOB0000140243C00005$$" id="2DE579EC-BE08-AAA9-734E-C05A765E96A7">
<createdBy>calittle</createdBy>
<createdTime>2019-04-17 17:26:52 UTC</createdTime>
<ownerDesignName>ODEE_1262_Design</ownerDesignName>
<cache>NOCACHE</cache>
<chunk>8192</chunk>
<column>CARDATA</column>
<compression>NO</compression>
<duplication>KEEP_DUPLICATES</duplication>
<logging>YES</logging>
<tableSpace>B4FE7603-2423-0888-71C6-BC38EA367033</tableSpace>
<lobStorageType>SECUREFILE</lobStorageType>
</LobStorage>
</lobStorages>
<uniqueKeys>
<UniqueKey class="oracle.dbtools.crest.model.design.storage.oracle.v10g.UniqueOraclev10g" name="DMRLBYDARCKEY" id="C95F83D1-A683-046F-3664-A89C13C05D90">
<createdBy>calittle</createdBy>
<createdTime>2019-04-17 17:26:50 UTC</createdTime>
<ownerDesignName>ODEE_1262_Design</ownerDesignName>
<segment>D84742F2-9E68-6614-C6EF-D3B7EF628E78</segment>
<tableSpace>B4FE7603-2423-0888-71C6-BC38EA367033</tableSpace>
<existingIndex>B9E76FAB-7F86-168D-913A-3B4A41263A02</existingIndex>
<indexSegment>D84742F2-9E68-6614-C6EF-D3B7EF628E78</indexSegment>
<indexSort>SORTED</indexSort>
<usingIndex>BY INDEX NAME</usingIndex>
</UniqueKey>
</uniqueKeys>
</TableProxyOraclev11g>