<?xml version = '1.0' encoding = 'UTF-8'?>
<TableProxyOraclev11g class="oracle.dbtools.crest.model.design.storage.oracle.v11g.TableProxyOraclev11g" name="DMKR_ABILITIES_TRANSLATIONS" directorySegmentName="seg_0" id="493485EC-93DD-E738-0632-F4E90214337A">
<createdBy>calittle</createdBy>
<createdTime>2019-04-17 17:25:00 UTC</createdTime>
<ownerDesignName>ODEE_1262_Design</ownerDesignName>
<schemaObject>0323F05B-A91A-E5F5-C386-B3516E1DFCEB</schemaObject>
<logging>YES</logging>
<partitionedRowMovement>DISABLE</partitionedRowMovement>
<segment>4AC90395-2168-6C73-9206-B942356832F0</segment>
<tableSpace>DF7AC7A0-6C81-FCE6-836E-6026E18400F7</tableSpace>
<temporaryChanged>false</temporaryChanged>
<accessDriverType>oracle_loader</accessDriverType>
<rejectLimit></rejectLimit>
<indexProxies>
<IndexProxy class="oracle.dbtools.crest.model.design.storage.oracle.v10g.IndexProxyOraclev10g" name="DMKR_ABILITIES_TRANS_ID_INDEX" id="1E4D17BF-DD8E-88B3-6D8E-33B08ACADB3D">
<createdBy>calittle</createdBy>
<createdTime>2019-04-17 17:26:48 UTC</createdTime>
<ownerDesignName>ODEE_1262_Design</ownerDesignName>
<schemaObject>0323F05B-A91A-E5F5-C386-B3516E1DFCEB</schemaObject>
<logging>NO</logging>
<segment>D84742F2-9E68-6614-C6EF-D3B7EF628E78</segment>
<tableSpace>DF7AC7A0-6C81-FCE6-836E-6026E18400F7</tableSpace>
</IndexProxy>
<IndexProxy class="oracle.dbtools.crest.model.design.storage.oracle.v10g.IndexProxyOraclev10g" name="DMKR_ABILITIES_TRANSLATIO_PK" id="D3858EB4-6A79-296E-41DD-1506441418B2">
<createdBy>calittle</createdBy>
<createdTime>2019-04-17 17:26:48 UTC</createdTime>
<ownerDesignName>ODEE_1262_Design</ownerDesignName>
<schemaObject>0323F05B-A91A-E5F5-C386-B3516E1DFCEB</schemaObject>
<segment>D84742F2-9E68-6614-C6EF-D3B7EF628E78</segment>
<tableSpace>DF7AC7A0-6C81-FCE6-836E-6026E18400F7</tableSpace>
</IndexProxy>
</indexProxies>
<columnProxies itemClass="oracle.dbtools.crest.model.design.storage.oracle.v12c.ColumnProxyOraclev12c">
<ColumnProxy name="ABILITY_ID" id="1A90E494-A41B-8A88-00E7-D00CB6CA1185">
<createdBy>calittle</createdBy>
<createdTime>2019-04-17 17:26:22 UTC</createdTime>
<ownerDesignName>ODEE_1262_Design</ownerDesignName>
</ColumnProxy>
<ColumnProxy name="LANGUAGE" id="1B75B4A5-4E95-BB17-857A-8E564334993D">
<createdBy>calittle</createdBy>
<createdTime>2019-04-17 17:26:22 UTC</createdTime>
<ownerDesignName>ODEE_1262_Design</ownerDesignName>
</ColumnProxy>
<ColumnProxy name="ABILITY_DESCRIPTION" id="4B028264-E157-6850-9F96-7E8FE602E07A">
<createdBy>calittle</createdBy>
<createdTime>2019-04-17 17:26:22 UTC</createdTime>
<ownerDesignName>ODEE_1262_Design</ownerDesignName>
</ColumnProxy>
<ColumnProxy name="ABILITY_NAME" id="92341223-D36E-6465-DF1B-5F4894CBBBA5">
<createdBy>calittle</createdBy>
<createdTime>2019-04-17 17:26:22 UTC</createdTime>
<ownerDesignName>ODEE_1262_Design</ownerDesignName>
</ColumnProxy>
<ColumnProxy name="SOURCE_LANG" id="CDE859AE-133B-2EBE-D08F-C2DFE2AFD818">
<createdBy>calittle</createdBy>
<createdTime>2019-04-17 17:26:22 UTC</createdTime>
<ownerDesignName>ODEE_1262_Design</ownerDesignName>
</ColumnProxy>
</columnProxies>
<foreignKeys>
<ForeignKey class="oracle.dbtools.crest.model.design.storage.oracle.v10g.FKProxyOraclev10g" name="DMKR_ABILITIES_TRANSLATIO_FK1" id="F05111C9-7C35-81E6-D90D-5F9605058579">
<createdBy>calittle</createdBy>
<createdTime>2019-04-17 17:26:52 UTC</createdTime>
<ownerDesignName>ODEE_1262_Design</ownerDesignName>
</ForeignKey>
</foreignKeys>
<primaryKeys>
<PrimaryKey class="oracle.dbtools.crest.model.design.storage.oracle.v10g.PKProxyOraclev10g" name="DMKR_ABILITIES_TRANSLATIO_PK" id="CBE38481-4E75-CDC0-26F1-75C9C2829E37">
<createdBy>calittle</createdBy>
<createdTime>2019-04-17 17:26:49 UTC</createdTime>
<ownerDesignName>ODEE_1262_Design</ownerDesignName>
<segment>D84742F2-9E68-6614-C6EF-D3B7EF628E78</segment>
<tableSpace>DF7AC7A0-6C81-FCE6-836E-6026E18400F7</tableSpace>
<existingIndex>D3858EB4-6A79-296E-41DD-1506441418B2</existingIndex>
<indexSegment>D84742F2-9E68-6614-C6EF-D3B7EF628E78</indexSegment>
<indexSort>SORTED</indexSort>
<usingIndex>BY INDEX NAME</usingIndex>
</PrimaryKey>
</primaryKeys>
</TableProxyOraclev11g>