<?xml version = '1.0' encoding = 'UTF-8'?>
<TableProxyOraclev11g class="oracle.dbtools.crest.model.design.storage.oracle.v11g.TableProxyOraclev11g" name="PRTPHYS" directorySegmentName="seg_0" id="535B84B4-22FA-2F5A-74F4-390870CDFA17">
<createdBy>calittle</createdBy>
<createdTime>2019-04-17 17:26:00 UTC</createdTime>
<ownerDesignName>ODEE_1262_Design</ownerDesignName>
<schemaObject>8FC895A7-E0A2-11C9-AE90-BEF4CA704C97</schemaObject>
<logging>YES</logging>
<partitionedRowMovement>DISABLE</partitionedRowMovement>
<segment>C8C5DB75-8387-101B-E298-3461B2B213FB</segment>
<tableSpace>B4FE7603-2423-0888-71C6-BC38EA367033</tableSpace>
<temporaryChanged>false</temporaryChanged>
<accessDriverType>oracle_loader</accessDriverType>
<rejectLimit></rejectLimit>
<indexProxies>
<IndexProxy class="oracle.dbtools.crest.model.design.storage.oracle.v10g.IndexProxyOraclev10g" name="PK_PRTPHYS" id="23485BC4-9CEC-8FBA-9D90-D1EF16D6F05F">
<createdBy>calittle</createdBy>
<createdTime>2019-04-17 17:26:48 UTC</createdTime>
<ownerDesignName>ODEE_1262_Design</ownerDesignName>
<schemaObject>8FC895A7-E0A2-11C9-AE90-BEF4CA704C97</schemaObject>
<segment>40B3AC24-9CF5-8A2D-F82F-B2CD0FB5CAA2</segment>
<tableSpace>B4FE7603-2423-0888-71C6-BC38EA367033</tableSpace>
</IndexProxy>
</indexProxies>
<columnProxies itemClass="oracle.dbtools.crest.model.design.storage.oracle.v12c.ColumnProxyOraclev12c">
<ColumnProxy name="PRTPHY_ID" id="1DE11359-0F80-8E79-21B4-214C92087CD2">
<createdBy>calittle</createdBy>
<createdTime>2019-04-17 17:26:40 UTC</createdTime>
<ownerDesignName>ODEE_1262_Design</ownerDesignName>
</ColumnProxy>
<ColumnProxy name="PRTPHYSEQ" id="46E15CC1-2200-2925-1B21-300E7ECDAC44">
<createdBy>calittle</createdBy>
<createdTime>2019-04-17 17:26:40 UTC</createdTime>
<ownerDesignName>ODEE_1262_Design</ownerDesignName>
<defaultValue>1</defaultValue>
</ColumnProxy>
<ColumnProxy name="PRTPHYNAME" id="71FCF0B9-07CC-4918-CAC1-AFCEDFD69321">
<createdBy>calittle</createdBy>
<createdTime>2019-04-17 17:26:40 UTC</createdTime>
<ownerDesignName>ODEE_1262_Design</ownerDesignName>
</ColumnProxy>
<ColumnProxy name="PRTPHYSTATUS" id="7C5F8ADC-C442-90B2-1CD1-01CC18EE1F9B">
<createdBy>calittle</createdBy>
<createdTime>2019-04-17 17:26:40 UTC</createdTime>
<ownerDesignName>ODEE_1262_Design</ownerDesignName>
</ColumnProxy>
<ColumnProxy name="PRTPHYNODE" id="A6DFCB16-1AB2-E7F3-71A1-F135D01C2778">
<createdBy>calittle</createdBy>
<createdTime>2019-04-17 17:26:40 UTC</createdTime>
<ownerDesignName>ODEE_1262_Design</ownerDesignName>
</ColumnProxy>
<ColumnProxy name="PRTLOG_ID" id="CD0E80F5-BA76-4593-A667-78C459616405">
<createdBy>calittle</createdBy>
<createdTime>2019-04-17 17:26:40 UTC</createdTime>
<ownerDesignName>ODEE_1262_Design</ownerDesignName>
</ColumnProxy>
<ColumnProxy name="PRTPHYACTIVE" id="DB0EF6E1-C328-A0D5-BC0D-63462B1C12A9">
<createdBy>calittle</createdBy>
<createdTime>2019-04-17 17:26:40 UTC</createdTime>
<ownerDesignName>ODEE_1262_Design</ownerDesignName>
<defaultValue>1</defaultValue>
</ColumnProxy>
<ColumnProxy name="PRTPHYSTATUSTIME" id="F3479EDC-E9F1-20E0-233B-E12ECD5A6310">
<createdBy>calittle</createdBy>
<createdTime>2019-04-17 17:26:40 UTC</createdTime>
<ownerDesignName>ODEE_1262_Design</ownerDesignName>
</ColumnProxy>
</columnProxies>
<foreignKeys>
<ForeignKey class="oracle.dbtools.crest.model.design.storage.oracle.v10g.FKProxyOraclev10g" name="PRTLOGICS_PRTPHYS" id="E8196E8C-D023-0647-8C67-3A43CF86094E">
<createdBy>calittle</createdBy>
<createdTime>2019-04-17 17:26:52 UTC</createdTime>
<ownerDesignName>ODEE_1262_Design</ownerDesignName>
</ForeignKey>
</foreignKeys>
<primaryKeys>
<PrimaryKey class="oracle.dbtools.crest.model.design.storage.oracle.v10g.PKProxyOraclev10g" name="PK_PRTPHYS" id="2EA485E5-54A9-40A6-2BA0-4F223763AE94">
<createdBy>calittle</createdBy>
<createdTime>2019-04-17 17:26:51 UTC</createdTime>
<ownerDesignName>ODEE_1262_Design</ownerDesignName>
<segment>40B3AC24-9CF5-8A2D-F82F-B2CD0FB5CAA2</segment>
<tableSpace>B4FE7603-2423-0888-71C6-BC38EA367033</tableSpace>
<existingIndex>23485BC4-9CEC-8FBA-9D90-D1EF16D6F05F</existingIndex>
<indexSegment>40B3AC24-9CF5-8A2D-F82F-B2CD0FB5CAA2</indexSegment>
<indexSort>SORTED</indexSort>
<usingIndex>BY INDEX NAME</usingIndex>
</PrimaryKey>
</primaryKeys>
</TableProxyOraclev11g>