<?xml version = '1.0' encoding = 'UTF-8'?>
<TableProxyOraclev11g class="oracle.dbtools.crest.model.design.storage.oracle.v11g.TableProxyOraclev11g" name="TRNSLOG" directorySegmentName="seg_0" id="572A8A69-2B8D-CD62-176A-FE97BCCBADB9">
<createdBy>calittle</createdBy>
<createdTime>2019-04-17 17:26:18 UTC</createdTime>
<ownerDesignName>ODEE_1262_Design</ownerDesignName>
<schemaObject>8FC895A7-E0A2-11C9-AE90-BEF4CA704C97</schemaObject>
<logging>YES</logging>
<partitionedRowMovement>DISABLE</partitionedRowMovement>
<segment>4AC90395-2168-6C73-9206-B942356832F0</segment>
<tableSpace>B4FE7603-2423-0888-71C6-BC38EA367033</tableSpace>
<temporaryChanged>false</temporaryChanged>
<accessDriverType>oracle_loader</accessDriverType>
<rejectLimit></rejectLimit>
<indexProxies>
<IndexProxy class="oracle.dbtools.crest.model.design.storage.oracle.v10g.IndexProxyOraclev10g" name="TRNSLOG_UNIQUE_ID" id="0527DC3F-5524-3EBF-9B1F-76668F9B1359">
<createdBy>calittle</createdBy>
<createdTime>2019-04-17 17:26:49 UTC</createdTime>
<ownerDesignName>ODEE_1262_Design</ownerDesignName>
<schemaObject>8FC895A7-E0A2-11C9-AE90-BEF4CA704C97</schemaObject>
<segment>D84742F2-9E68-6614-C6EF-D3B7EF628E78</segment>
<tableSpace>B4FE7603-2423-0888-71C6-BC38EA367033</tableSpace>
</IndexProxy>
<IndexProxy class="oracle.dbtools.crest.model.design.storage.oracle.v10g.IndexProxyOraclev10g" name="TRNSLOG_JOB_ID" id="0739D04B-DCA4-E4AA-057D-5852B6C88A7D">
<createdBy>calittle</createdBy>
<createdTime>2019-04-17 17:26:49 UTC</createdTime>
<ownerDesignName>ODEE_1262_Design</ownerDesignName>
<schemaObject>8FC895A7-E0A2-11C9-AE90-BEF4CA704C97</schemaObject>
<segment>D84742F2-9E68-6614-C6EF-D3B7EF628E78</segment>
<tableSpace>B4FE7603-2423-0888-71C6-BC38EA367033</tableSpace>
</IndexProxy>
<IndexProxy class="oracle.dbtools.crest.model.design.storage.oracle.v10g.IndexProxyOraclev10g" name="TRNSLOG_PK" id="1191E71D-A7DA-20C2-7C67-27DFC7FBD6B9">
<createdBy>calittle</createdBy>
<createdTime>2019-04-17 17:26:49 UTC</createdTime>
<ownerDesignName>ODEE_1262_Design</ownerDesignName>
<schemaObject>8FC895A7-E0A2-11C9-AE90-BEF4CA704C97</schemaObject>
<segment>D84742F2-9E68-6614-C6EF-D3B7EF628E78</segment>
<tableSpace>B4FE7603-2423-0888-71C6-BC38EA367033</tableSpace>
</IndexProxy>
<IndexProxy class="oracle.dbtools.crest.model.design.storage.oracle.v10g.IndexProxyOraclev10g" name="TRNSLOG_KEY1TAG" id="13BD7775-5282-2688-007F-022BB77CD071">
<createdBy>calittle</createdBy>
<createdTime>2019-04-17 17:26:49 UTC</createdTime>
<ownerDesignName>ODEE_1262_Design</ownerDesignName>
<schemaObject>8FC895A7-E0A2-11C9-AE90-BEF4CA704C97</schemaObject>
<segment>D84742F2-9E68-6614-C6EF-D3B7EF628E78</segment>
<tableSpace>B4FE7603-2423-0888-71C6-BC38EA367033</tableSpace>
</IndexProxy>
<IndexProxy class="oracle.dbtools.crest.model.design.storage.oracle.v10g.IndexProxyOraclev10g" name="TRNSLOG_ID_ASSTR" id="14009B85-7BE9-ADD9-5984-1D18D6011197">
<createdBy>calittle</createdBy>
<createdTime>2019-04-17 17:26:49 UTC</createdTime>
<ownerDesignName>ODEE_1262_Design</ownerDesignName>
<schemaObject>8FC895A7-E0A2-11C9-AE90-BEF4CA704C97</schemaObject>
<segment>D84742F2-9E68-6614-C6EF-D3B7EF628E78</segment>
<tableSpace>B4FE7603-2423-0888-71C6-BC38EA367033</tableSpace>
</IndexProxy>
<IndexProxy class="oracle.dbtools.crest.model.design.storage.oracle.v10g.IndexProxyOraclev10g" name="TRNSLOG_KEY1KEY2" id="1B76977D-EB8E-65EE-33E4-2F0816918EF5">
<createdBy>calittle</createdBy>
<createdTime>2019-04-17 17:26:49 UTC</createdTime>
<ownerDesignName>ODEE_1262_Design</ownerDesignName>
<schemaObject>8FC895A7-E0A2-11C9-AE90-BEF4CA704C97</schemaObject>
<segment>D84742F2-9E68-6614-C6EF-D3B7EF628E78</segment>
<tableSpace>B4FE7603-2423-0888-71C6-BC38EA367033</tableSpace>
</IndexProxy>
<IndexProxy class="oracle.dbtools.crest.model.design.storage.oracle.v10g.IndexProxyOraclev10g" name="TRNSLOG_RECTYPE" id="1E7F5C13-F436-B1C9-A53E-1BFC94856EE7">
<createdBy>calittle</createdBy>
<createdTime>2019-04-17 17:26:49 UTC</createdTime>
<ownerDesignName>ODEE_1262_Design</ownerDesignName>
<schemaObject>8FC895A7-E0A2-11C9-AE90-BEF4CA704C97</schemaObject>
<segment>D84742F2-9E68-6614-C6EF-D3B7EF628E78</segment>
<tableSpace>B4FE7603-2423-0888-71C6-BC38EA367033</tableSpace>
</IndexProxy>
<IndexProxy class="oracle.dbtools.crest.model.design.storage.oracle.v10g.IndexProxyOraclev10g" name="TRNSLOG_USERTAG" id="2C183916-9E56-C0B4-F22B-53AFEF09D919">
<createdBy>calittle</createdBy>
<createdTime>2019-04-17 17:26:49 UTC</createdTime>
<ownerDesignName>ODEE_1262_Design</ownerDesignName>
<schemaObject>8FC895A7-E0A2-11C9-AE90-BEF4CA704C97</schemaObject>
<segment>D84742F2-9E68-6614-C6EF-D3B7EF628E78</segment>
<tableSpace>B4FE7603-2423-0888-71C6-BC38EA367033</tableSpace>
</IndexProxy>
<IndexProxy class="oracle.dbtools.crest.model.design.storage.oracle.v10g.IndexProxyOraclev10g" name="TRNSLOG_TRN_ID" id="405766FF-E517-D8A7-95F7-CA4109CA0BC8">
<createdBy>calittle</createdBy>
<createdTime>2019-04-17 17:26:49 UTC</createdTime>
<ownerDesignName>ODEE_1262_Design</ownerDesignName>
<schemaObject>8FC895A7-E0A2-11C9-AE90-BEF4CA704C97</schemaObject>
<segment>D84742F2-9E68-6614-C6EF-D3B7EF628E78</segment>
<tableSpace>B4FE7603-2423-0888-71C6-BC38EA367033</tableSpace>
</IndexProxy>
<IndexProxy class="oracle.dbtools.crest.model.design.storage.oracle.v10g.IndexProxyOraclev10g" name="TRNSLOG_DOCTYPE" id="51B6BD02-773E-4E18-6EFE-CCF59BAE5F82">
<createdBy>calittle</createdBy>
<createdTime>2019-04-17 17:26:49 UTC</createdTime>
<ownerDesignName>ODEE_1262_Design</ownerDesignName>
<schemaObject>8FC895A7-E0A2-11C9-AE90-BEF4CA704C97</schemaObject>
<segment>D84742F2-9E68-6614-C6EF-D3B7EF628E78</segment>
<tableSpace>B4FE7603-2423-0888-71C6-BC38EA367033</tableSpace>
</IndexProxy>
<IndexProxy class="oracle.dbtools.crest.model.design.storage.oracle.v10g.IndexProxyOraclev10g" name="TRNSLOG_DOCSUBTYPE" id="853C1837-020F-6EFF-997E-43B4487416CB">
<createdBy>calittle</createdBy>
<createdTime>2019-04-17 17:26:49 UTC</createdTime>
<ownerDesignName>ODEE_1262_Design</ownerDesignName>
<schemaObject>8FC895A7-E0A2-11C9-AE90-BEF4CA704C97</schemaObject>
<segment>D84742F2-9E68-6614-C6EF-D3B7EF628E78</segment>
<tableSpace>B4FE7603-2423-0888-71C6-BC38EA367033</tableSpace>
</IndexProxy>
<IndexProxy class="oracle.dbtools.crest.model.design.storage.oracle.v10g.IndexProxyOraclev10g" name="TRNSLOG_DOCTAG" id="8892533C-2236-F1FB-8629-DD92F07A3B0B">
<createdBy>calittle</createdBy>
<createdTime>2019-04-17 17:26:49 UTC</createdTime>
<ownerDesignName>ODEE_1262_Design</ownerDesignName>
<schemaObject>8FC895A7-E0A2-11C9-AE90-BEF4CA704C97</schemaObject>
<segment>D84742F2-9E68-6614-C6EF-D3B7EF628E78</segment>
<tableSpace>B4FE7603-2423-0888-71C6-BC38EA367033</tableSpace>
</IndexProxy>
<IndexProxy class="oracle.dbtools.crest.model.design.storage.oracle.v10g.IndexProxyOraclev10g" name="TRNSLOG_KEY2TAG" id="890EBFE5-8ECD-5B7D-2AA9-1A41849E61FD">
<createdBy>calittle</createdBy>
<createdTime>2019-04-17 17:26:49 UTC</createdTime>
<ownerDesignName>ODEE_1262_Design</ownerDesignName>
<schemaObject>8FC895A7-E0A2-11C9-AE90-BEF4CA704C97</schemaObject>
<segment>D84742F2-9E68-6614-C6EF-D3B7EF628E78</segment>
<tableSpace>B4FE7603-2423-0888-71C6-BC38EA367033</tableSpace>
</IndexProxy>
<IndexProxy class="oracle.dbtools.crest.model.design.storage.oracle.v10g.IndexProxyOraclev10g" name="TRNSLOG_KEYIDTAG" id="9FD0824E-E15E-1B39-D718-0E2C88C5E2BD">
<createdBy>calittle</createdBy>
<createdTime>2019-04-17 17:26:49 UTC</createdTime>
<ownerDesignName>ODEE_1262_Design</ownerDesignName>
<schemaObject>8FC895A7-E0A2-11C9-AE90-BEF4CA704C97</schemaObject>
<segment>D84742F2-9E68-6614-C6EF-D3B7EF628E78</segment>
<tableSpace>B4FE7603-2423-0888-71C6-BC38EA367033</tableSpace>
</IndexProxy>
</indexProxies>
<columnProxies itemClass="oracle.dbtools.crest.model.design.storage.oracle.v12c.ColumnProxyOraclev12c">
<ColumnProxy name="TRNAPPSTR005" id="00B195A6-1B6F-E0D0-C138-A00E84D49B6F">
<createdBy>calittle</createdBy>
<createdTime>2019-04-17 17:26:47 UTC</createdTime>
<ownerDesignName>ODEE_1262_Design</ownerDesignName>
</ColumnProxy>
<ColumnProxy name="CREATETIME" id="0169C816-2EFD-6F4B-CBCE-E6CBAF6CB27B">
<createdBy>calittle</createdBy>
<createdTime>2019-04-17 17:26:47 UTC</createdTime>
<ownerDesignName>ODEE_1262_Design</ownerDesignName>
</ColumnProxy>
<ColumnProxy name="TRNCUSDEC003" id="0349A1BC-70DD-FF69-B9E6-A05E727652E5">
<createdBy>calittle</createdBy>
<createdTime>2019-04-17 17:26:47 UTC</createdTime>
<ownerDesignName>ODEE_1262_Design</ownerDesignName>
</ColumnProxy>
<ColumnProxy name="TRNCUSDATE007" id="06737E4C-10D6-D532-98D4-D2073A079460">
<createdBy>calittle</createdBy>
<createdTime>2019-04-17 17:26:47 UTC</createdTime>
<ownerDesignName>ODEE_1262_Design</ownerDesignName>
</ColumnProxy>
<ColumnProxy name="APPDATA" id="072EB35E-509A-1498-5E6A-8877E6A1C898">
<createdBy>calittle</createdBy>
<createdTime>2019-04-17 17:26:47 UTC</createdTime>
<ownerDesignName>ODEE_1262_Design</ownerDesignName>
</ColumnProxy>
<ColumnProxy name="QUEUEID" id="087DA4FC-F0FB-201C-14CA-7081CC3CDC91">
<createdBy>calittle</createdBy>
<createdTime>2019-04-17 17:26:47 UTC</createdTime>
<ownerDesignName>ODEE_1262_Design</ownerDesignName>
</ColumnProxy>
<ColumnProxy name="TRNSTATUS" id="0A857532-2CAE-C06E-16B2-89E3CA962719">
<createdBy>calittle</createdBy>
<createdTime>2019-04-17 17:26:47 UTC</createdTime>
<ownerDesignName>ODEE_1262_Design</ownerDesignName>
</ColumnProxy>
<ColumnProxy name="TRNDATASIZE" id="0AD38572-33C7-2EB3-23C5-52E5C029D7E3">
<createdBy>calittle</createdBy>
<createdTime>2019-04-17 17:26:47 UTC</createdTime>
<ownerDesignName>ODEE_1262_Design</ownerDesignName>
</ColumnProxy>
<ColumnProxy name="TRNCUSDATE015" id="0EE5174A-5A94-D731-DE73-E769D0E22236">
<createdBy>calittle</createdBy>
<createdTime>2019-04-17 17:26:47 UTC</createdTime>
<ownerDesignName>ODEE_1262_Design</ownerDesignName>
</ColumnProxy>
<ColumnProxy name="ENDTIME" id="101B949C-A026-B84B-F24B-887DFAC58176">
<createdBy>calittle</createdBy>
<createdTime>2019-04-17 17:26:47 UTC</createdTime>
<ownerDesignName>ODEE_1262_Design</ownerDesignName>
</ColumnProxy>
<ColumnProxy name="SECLEVEL" id="105716DD-C9E3-ADBC-86AB-780C28A2866B">
<createdBy>calittle</createdBy>
<createdTime>2019-04-17 17:26:47 UTC</createdTime>
<ownerDesignName>ODEE_1262_Design</ownerDesignName>
</ColumnProxy>
<ColumnProxy name="TRNCUSDATE008" id="10606BCA-5356-5B9D-8B93-349ED5661B8C">
<createdBy>calittle</createdBy>
<createdTime>2019-04-17 17:26:47 UTC</createdTime>
<ownerDesignName>ODEE_1262_Design</ownerDesignName>
</ColumnProxy>
<ColumnProxy name="TRNSTARTTIME" id="111E8116-426D-3D67-9F84-2074B69CF84C">
<createdBy>calittle</createdBy>
<createdTime>2019-04-17 17:26:47 UTC</createdTime>
<ownerDesignName>ODEE_1262_Design</ownerDesignName>
</ColumnProxy>
<ColumnProxy name="RECTYPE" id="11C0F5A9-6527-5903-5994-AB23C9472838">
<createdBy>calittle</createdBy>
<createdTime>2019-04-17 17:26:47 UTC</createdTime>
<ownerDesignName>ODEE_1262_Design</ownerDesignName>
</ColumnProxy>
<ColumnProxy name="TRNRCPPROC" id="1204E124-7094-0488-FC4F-6462654FD514">
<createdBy>calittle</createdBy>
<createdTime>2019-04-17 17:26:47 UTC</createdTime>
<ownerDesignName>ODEE_1262_Design</ownerDesignName>
</ColumnProxy>
<ColumnProxy name="TRNAPPSTR014" id="14F4CCB4-8D8D-DAB8-C5EB-6CF1D46A47E6">
<createdBy>calittle</createdBy>
<createdTime>2019-04-17 17:26:47 UTC</createdTime>
<ownerDesignName>ODEE_1262_Design</ownerDesignName>
</ColumnProxy>
<ColumnProxy name="AGENCYID" id="15476ED5-BFA1-AEBD-41B1-4C577E77A529">
<createdBy>calittle</createdBy>
<createdTime>2019-04-17 17:26:47 UTC</createdTime>
<ownerDesignName>ODEE_1262_Design</ownerDesignName>
</ColumnProxy>
<ColumnProxy name="TRNCUSSTR020" id="17F82288-590B-9828-2D59-0885ED253935">
<createdBy>calittle</createdBy>
<createdTime>2019-04-17 17:26:47 UTC</createdTime>
<ownerDesignName>ODEE_1262_Design</ownerDesignName>
</ColumnProxy>
<ColumnProxy name="TRNCUSSTR005" id="184D959F-1308-7130-0A11-B7472E39E381">
<createdBy>calittle</createdBy>
<createdTime>2019-04-17 17:26:47 UTC</createdTime>
<ownerDesignName>ODEE_1262_Design</ownerDesignName>
</ColumnProxy>
<ColumnProxy name="TRN_ID" id="199FD2C9-999B-F5F9-5CA2-5E583BFE71F8">
<createdBy>calittle</createdBy>
<createdTime>2019-04-17 17:26:47 UTC</createdTime>
<ownerDesignName>ODEE_1262_Design</ownerDesignName>
</ColumnProxy>
<ColumnProxy name="TRNDATATYPE" id="1D55B32C-7874-7DAD-8C5E-9A4FCA3AC633">
<createdBy>calittle</createdBy>
<createdTime>2019-04-17 17:26:47 UTC</createdTime>
<ownerDesignName>ODEE_1262_Design</ownerDesignName>
</ColumnProxy>
<ColumnProxy name="TRNAPPDATE003" id="1D6883CF-4E61-68B4-8A67-2041D4C485B1">
<createdBy>calittle</createdBy>
<createdTime>2019-04-17 17:26:47 UTC</createdTime>
<ownerDesignName>ODEE_1262_Design</ownerDesignName>
</ColumnProxy>
<ColumnProxy name="TRNCUSDATE014" id="2077473F-8C12-06CF-C8D3-16064D1C416E">
<createdBy>calittle</createdBy>
<createdTime>2019-04-17 17:26:47 UTC</createdTime>
<ownerDesignName>ODEE_1262_Design</ownerDesignName>
</ColumnProxy>
<ColumnProxy name="CURRGROUP" id="217B3004-FB17-EFE9-1696-AA6BA7FB5B02">
<createdBy>calittle</createdBy>
<createdTime>2019-04-17 17:26:47 UTC</createdTime>
<ownerDesignName>ODEE_1262_Design</ownerDesignName>
</ColumnProxy>
<ColumnProxy name="FROMUSER" id="21E2B19B-11AE-3EE7-CF3F-6E47B8D5FA62">
<createdBy>calittle</createdBy>
<createdTime>2019-04-17 17:26:47 UTC</createdTime>
<ownerDesignName>ODEE_1262_Design</ownerDesignName>
</ColumnProxy>
<ColumnProxy name="LOCID" id="237C4F46-4770-FF97-D64B-DA9EC6C16342">
<createdBy>calittle</createdBy>
<createdTime>2019-04-17 17:26:47 UTC</createdTime>
<ownerDesignName>ODEE_1262_Design</ownerDesignName>
</ColumnProxy>
<ColumnProxy name="TRNCUSDATE005" id="2683865F-7B48-70F8-1BCC-4A4D8A73CB7E">
<createdBy>calittle</createdBy>
<createdTime>2019-04-17 17:26:47 UTC</createdTime>
<ownerDesignName>ODEE_1262_Design</ownerDesignName>
</ColumnProxy>
<ColumnProxy name="TRNCUSSTR014" id="2CBA0630-4D8E-14E5-3224-C9AFF3E137CD">
<createdBy>calittle</createdBy>
<createdTime>2019-04-17 17:26:47 UTC</createdTime>
<ownerDesignName>ODEE_1262_Design</ownerDesignName>
</ColumnProxy>
<ColumnProxy name="TRANCODE" id="2F16E350-2F75-B2D2-0722-C1233ADFA284">
<createdBy>calittle</createdBy>
<createdTime>2019-04-17 17:26:47 UTC</createdTime>
<ownerDesignName>ODEE_1262_Design</ownerDesignName>
</ColumnProxy>
<ColumnProxy name="DESCR" id="301FAACA-6B8B-EC0B-506B-F9CB9EFCC1E7">
<createdBy>calittle</createdBy>
<createdTime>2019-04-17 17:26:47 UTC</createdTime>
<ownerDesignName>ODEE_1262_Design</ownerDesignName>
</ColumnProxy>
<ColumnProxy name="TRNAPPINT004" id="319C247C-DD22-5679-260A-8329E4CE46A2">
<createdBy>calittle</createdBy>
<createdTime>2019-04-17 17:26:47 UTC</createdTime>
<ownerDesignName>ODEE_1262_Design</ownerDesignName>
</ColumnProxy>
<ColumnProxy name="INUSE" id="32F71459-060A-427A-9E52-5883C108437A">
<createdBy>calittle</createdBy>
<createdTime>2019-04-17 17:26:47 UTC</createdTime>
<ownerDesignName>ODEE_1262_Design</ownerDesignName>
</ColumnProxy>
<ColumnProxy name="TRNAPPSTR012" id="35F23989-DE6F-FC1F-7F79-0E54DE5013C8">
<createdBy>calittle</createdBy>
<createdTime>2019-04-17 17:26:47 UTC</createdTime>
<ownerDesignName>ODEE_1262_Design</ownerDesignName>
</ColumnProxy>
<ColumnProxy name="KEYID" id="36907A03-6B5C-47FC-BA3B-EA868C5C53F9">
<createdBy>calittle</createdBy>
<createdTime>2019-04-17 17:26:47 UTC</createdTime>
<ownerDesignName>ODEE_1262_Design</ownerDesignName>
</ColumnProxy>
<ColumnProxy name="TRNAPPSTR009" id="38323CC2-FF6F-8F40-2459-5BEF31C7CBCB">
<createdBy>calittle</createdBy>
<createdTime>2019-04-17 17:26:47 UTC</createdTime>
<ownerDesignName>ODEE_1262_Design</ownerDesignName>
</ColumnProxy>
<ColumnProxy name="TRNCUSSTR001" id="398A7408-C296-832E-FBCB-F7C43DC43174">
<createdBy>calittle</createdBy>
<createdTime>2019-04-17 17:26:47 UTC</createdTime>
<ownerDesignName>ODEE_1262_Design</ownerDesignName>
</ColumnProxy>
<ColumnProxy name="BEGINTIME" id="39C374C0-5784-CAD3-6CA4-B97AFCE39469">
<createdBy>calittle</createdBy>
<createdTime>2019-04-17 17:26:47 UTC</createdTime>
<ownerDesignName>ODEE_1262_Design</ownerDesignName>
</ColumnProxy>
<ColumnProxy name="ORIGUSER" id="3E534573-A474-D065-1BC7-6C90B6AC972B">
<createdBy>calittle</createdBy>
<createdTime>2019-04-17 17:26:47 UTC</createdTime>
<ownerDesignName>ODEE_1262_Design</ownerDesignName>
</ColumnProxy>
<ColumnProxy name="TRNRCPTOTAL" id="3EB20F67-580A-2BAA-792A-E4D5FD3EE608">
<createdBy>calittle</createdBy>
<createdTime>2019-04-17 17:26:47 UTC</createdTime>
<ownerDesignName>ODEE_1262_Design</ownerDesignName>
</ColumnProxy>
<ColumnProxy name="TRNCUSSTR013" id="3F4CB0B3-9CFD-F099-2818-88B0991D9E4F">
<createdBy>calittle</createdBy>
<createdTime>2019-04-17 17:26:47 UTC</createdTime>
<ownerDesignName>ODEE_1262_Design</ownerDesignName>
</ColumnProxy>
<ColumnProxy name="ACTION" id="3F5861A2-D238-D778-AC99-0316216A2A87">
<createdBy>calittle</createdBy>
<createdTime>2019-04-17 17:26:47 UTC</createdTime>
<ownerDesignName>ODEE_1262_Design</ownerDesignName>
</ColumnProxy>
<ColumnProxy name="TRNDATABLOB" id="409C0B9C-75AE-4C90-69E9-1A55918985A2">
<createdBy>calittle</createdBy>
<createdTime>2019-04-17 17:26:47 UTC</createdTime>
<ownerDesignName>ODEE_1262_Design</ownerDesignName>
</ColumnProxy>
<ColumnProxy name="TRNCUSDATE009" id="41A0AA9E-D862-EB71-34A7-47BCCE211973">
<createdBy>calittle</createdBy>
<createdTime>2019-04-17 17:26:47 UTC</createdTime>
<ownerDesignName>ODEE_1262_Design</ownerDesignName>
</ColumnProxy>
<ColumnProxy name="TRNAPPDEC004" id="428370FA-B777-6D2C-38A0-AFF50437F42F">
<createdBy>calittle</createdBy>
<createdTime>2019-04-17 17:26:47 UTC</createdTime>
<ownerDesignName>ODEE_1262_Design</ownerDesignName>
</ColumnProxy>
<ColumnProxy name="TRNCUSINT004" id="4308D06C-6D83-6DCC-1790-66D7B13F2E2E">
<createdBy>calittle</createdBy>
<createdTime>2019-04-17 17:26:47 UTC</createdTime>
<ownerDesignName>ODEE_1262_Design</ownerDesignName>
</ColumnProxy>
<ColumnProxy name="TRNCUSSTR017" id="43AC88F7-4B8A-1D5C-412D-A8399B5E4E32">
<createdBy>calittle</createdBy>
<createdTime>2019-04-17 17:26:47 UTC</createdTime>
<ownerDesignName>ODEE_1262_Design</ownerDesignName>
</ColumnProxy>
<ColumnProxy name="TRNNAPOLSIZE" id="442BBDF5-B726-A948-4F17-06AC03256F28">
<createdBy>calittle</createdBy>
<createdTime>2019-04-17 17:26:47 UTC</createdTime>
<ownerDesignName>ODEE_1262_Design</ownerDesignName>
</ColumnProxy>
<ColumnProxy name="TRNCUSINT002" id="445F8E7B-7369-9805-0E8F-7006BA3FA3D7">
<createdBy>calittle</createdBy>
<createdTime>2019-04-17 17:26:47 UTC</createdTime>
<ownerDesignName>ODEE_1262_Design</ownerDesignName>
</ColumnProxy>
<ColumnProxy name="ARCTIME" id="45055C3A-3A23-1E2E-8DBE-96DFE527D27A">
<createdBy>calittle</createdBy>
<createdTime>2019-04-17 17:26:47 UTC</createdTime>
<ownerDesignName>ODEE_1262_Design</ownerDesignName>
</ColumnProxy>
<ColumnProxy name="TOUSER" id="456331E3-7C66-1EEF-2230-C863E45AB115">
<createdBy>calittle</createdBy>
<createdTime>2019-04-17 17:26:47 UTC</createdTime>
<ownerDesignName>ODEE_1262_Design</ownerDesignName>
</ColumnProxy>
<ColumnProxy name="TRNCUSSTR018" id="47548487-986E-3C6D-27BF-FF05FF4655E3">
<createdBy>calittle</createdBy>
<createdTime>2019-04-17 17:26:47 UTC</createdTime>
<ownerDesignName>ODEE_1262_Design</ownerDesignName>
</ColumnProxy>
<ColumnProxy name="TRNAPPSTR002" id="4B0E7156-2D97-EA69-B24D-8E7E5D0EE40E">
<createdBy>calittle</createdBy>
<createdTime>2019-04-17 17:26:47 UTC</createdTime>
<ownerDesignName>ODEE_1262_Design</ownerDesignName>
</ColumnProxy>
<ColumnProxy name="TRNCUSDATE011" id="4BA4E958-519F-D4E2-D176-6F15C96DE63A">
<createdBy>calittle</createdBy>
<createdTime>2019-04-17 17:26:47 UTC</createdTime>
<ownerDesignName>ODEE_1262_Design</ownerDesignName>
</ColumnProxy>
<ColumnProxy name="UNIQUE_ID" id="4BF870DF-0A85-357B-90BB-BE24DDF563FE">
<createdBy>calittle</createdBy>
<createdTime>2019-04-17 17:26:47 UTC</createdTime>
<ownerDesignName>ODEE_1262_Design</ownerDesignName>
</ColumnProxy>
<ColumnProxy name="ARCKEY" id="4C2ED39C-81E8-D3C6-0FE4-AFB3C6861B2A">
<createdBy>calittle</createdBy>
<createdTime>2019-04-17 17:26:47 UTC</createdTime>
<ownerDesignName>ODEE_1262_Design</ownerDesignName>
</ColumnProxy>
<ColumnProxy name="FROMGROUP" id="4D3BEB83-10D3-5A43-9DFA-E6253937F97D">
<createdBy>calittle</createdBy>
<createdTime>2019-04-17 17:26:47 UTC</createdTime>
<ownerDesignName>ODEE_1262_Design</ownerDesignName>
</ColumnProxy>
<ColumnProxy name="PROCESSNAME" id="5129A01F-D6C9-DD15-D61C-042BD81DB229">
<createdBy>calittle</createdBy>
<createdTime>2019-04-17 17:26:47 UTC</createdTime>
<ownerDesignName>ODEE_1262_Design</ownerDesignName>
</ColumnProxy>
<ColumnProxy name="TRNCUSSTR010" id="52FF06FE-D5CE-020E-52A6-205EC25CB3EB">
<createdBy>calittle</createdBy>
<createdTime>2019-04-17 17:26:47 UTC</createdTime>
<ownerDesignName>ODEE_1262_Design</ownerDesignName>
</ColumnProxy>
<ColumnProxy name="TRNENDTIME" id="543D3978-465F-06A6-EEB6-E1ED65E5E0B2">
<createdBy>calittle</createdBy>
<createdTime>2019-04-17 17:26:47 UTC</createdTime>
<ownerDesignName>ODEE_1262_Design</ownerDesignName>
</ColumnProxy>
<ColumnProxy name="TRNDOLOG" id="544BBED9-FDB1-1370-6284-C857A6F15AB1">
<createdBy>calittle</createdBy>
<createdTime>2019-04-17 17:26:47 UTC</createdTime>
<ownerDesignName>ODEE_1262_Design</ownerDesignName>
<defaultValue>0</defaultValue>
</ColumnProxy>
<ColumnProxy name="SUBLOCID" id="54B169AE-04D7-A16B-0388-0AF94F310726">
<createdBy>calittle</createdBy>
<createdTime>2019-04-17 17:26:47 UTC</createdTime>
<ownerDesignName>ODEE_1262_Design</ownerDesignName>
</ColumnProxy>
<ColumnProxy name="TRNDATAXML" id="58CC7106-35DC-3DC6-D8CE-7CCE74B5D623">
<createdBy>calittle</createdBy>
<createdTime>2019-04-17 17:26:47 UTC</createdTime>
<ownerDesignName>ODEE_1262_Design</ownerDesignName>
<cache>NOCACHE</cache>
<storeAs>CLOB</storeAs>
</ColumnProxy>
<ColumnProxy name="CURRSUPER" id="59AA852B-97CB-138C-5ED3-90DEB4F340AF">
<createdBy>calittle</createdBy>
<createdTime>2019-04-17 17:26:47 UTC</createdTime>
<ownerDesignName>ODEE_1262_Design</ownerDesignName>
</ColumnProxy>
<ColumnProxy name="KEY2" id="5CA09324-0877-D4EA-E1D9-1E1DC5C2ECCB">
<createdBy>calittle</createdBy>
<createdTime>2019-04-17 17:26:47 UTC</createdTime>
<ownerDesignName>ODEE_1262_Design</ownerDesignName>
</ColumnProxy>
<ColumnProxy name="TRNRCPERR" id="5D0E1688-9526-2157-7D5D-7E4CD772252A">
<createdBy>calittle</createdBy>
<createdTime>2019-04-17 17:26:47 UTC</createdTime>
<ownerDesignName>ODEE_1262_Design</ownerDesignName>
</ColumnProxy>
<ColumnProxy name="JURISDICTN" id="6006DBA7-92AE-D61C-7F26-3ED25DAF90F4">
<createdBy>calittle</createdBy>
<createdTime>2019-04-17 17:26:47 UTC</createdTime>
<ownerDesignName>ODEE_1262_Design</ownerDesignName>
</ColumnProxy>
<ColumnProxy name="KEY3" id="6385B57F-7DDF-4095-978A-B3BBA3DB100F">
<createdBy>calittle</createdBy>
<createdTime>2019-04-17 17:26:47 UTC</createdTime>
<ownerDesignName>ODEE_1262_Design</ownerDesignName>
</ColumnProxy>
<ColumnProxy name="STATUSCODE" id="6476032F-F70A-AF80-240D-D71742496697">
<createdBy>calittle</createdBy>
<createdTime>2019-04-17 17:26:47 UTC</createdTime>
<ownerDesignName>ODEE_1262_Design</ownerDesignName>
</ColumnProxy>
<ColumnProxy name="TRNCUSSTR015" id="66D432B6-DB85-7DC5-752C-81B2BD2C0C87">
<createdBy>calittle</createdBy>
<createdTime>2019-04-17 17:26:47 UTC</createdTime>
<ownerDesignName>ODEE_1262_Design</ownerDesignName>
</ColumnProxy>
<ColumnProxy name="TRNNAPOLTYPE" id="6714C64F-AE3E-FA76-8AC1-AFC190D6FF46">
<createdBy>calittle</createdBy>
<createdTime>2019-04-17 17:26:47 UTC</createdTime>
<ownerDesignName>ODEE_1262_Design</ownerDesignName>
</ColumnProxy>
<ColumnProxy name="ROUTEDESC" id="6830FA8B-6818-EA88-69FB-0CCD5506EC38">
<createdBy>calittle</createdBy>
<createdTime>2019-04-17 17:26:47 UTC</createdTime>
<ownerDesignName>ODEE_1262_Design</ownerDesignName>
</ColumnProxy>
<ColumnProxy name="TRNNAPOLREF" id="6F997AF4-B495-C2FC-BD02-3B26EC70B5F2">
<createdBy>calittle</createdBy>
<createdTime>2019-04-17 17:26:47 UTC</createdTime>
<ownerDesignName>ODEE_1262_Design</ownerDesignName>
</ColumnProxy>
<ColumnProxy name="CUSTOMIZED" id="71884D72-6DE9-504F-F211-9A791F47730A">
<createdBy>calittle</createdBy>
<createdTime>2019-04-17 17:26:47 UTC</createdTime>
<ownerDesignName>ODEE_1262_Design</ownerDesignName>
</ColumnProxy>
<ColumnProxy name="TRNCUSDATE002" id="778177DC-43B9-771B-3F76-3EF1E420D1AA">
<createdBy>calittle</createdBy>
<createdTime>2019-04-17 17:26:47 UTC</createdTime>
<ownerDesignName>ODEE_1262_Design</ownerDesignName>
</ColumnProxy>
<ColumnProxy name="TRNAPPDATE004" id="7B94FF1C-D884-BE0A-DC2C-18D49EE339E7">
<createdBy>calittle</createdBy>
<createdTime>2019-04-17 17:26:47 UTC</createdTime>
<ownerDesignName>ODEE_1262_Design</ownerDesignName>
</ColumnProxy>
<ColumnProxy name="DOCSUBTYPE" id="7EDAD44C-3A93-30D8-4A82-EF103A2CE0A9">
<createdBy>calittle</createdBy>
<createdTime>2019-04-17 17:26:47 UTC</createdTime>
<ownerDesignName>ODEE_1262_Design</ownerDesignName>
</ColumnProxy>
<ColumnProxy name="TRNAPPDATE002" id="7F8BE9A3-6E19-EDFA-BA52-05F028D86EB0">
<createdBy>calittle</createdBy>
<createdTime>2019-04-17 17:26:47 UTC</createdTime>
<ownerDesignName>ODEE_1262_Design</ownerDesignName>
</ColumnProxy>
<ColumnProxy name="TRNAPPSTR004" id="8038F6FB-019A-6007-0826-7D16206C1797">
<createdBy>calittle</createdBy>
<createdTime>2019-04-17 17:26:47 UTC</createdTime>
<ownerDesignName>ODEE_1262_Design</ownerDesignName>
</ColumnProxy>
<ColumnProxy name="TRNAPPDEC001" id="834A6141-D43C-C025-D156-77C03B2D5F32">
<createdBy>calittle</createdBy>
<createdTime>2019-04-17 17:26:47 UTC</createdTime>
<ownerDesignName>ODEE_1262_Design</ownerDesignName>
</ColumnProxy>
<ColumnProxy name="TRNRCPSCH" id="83B2FDA1-B023-FB59-96F5-F29CE9CBD99D">
<createdBy>calittle</createdBy>
<createdTime>2019-04-17 17:26:47 UTC</createdTime>
<ownerDesignName>ODEE_1262_Design</ownerDesignName>
</ColumnProxy>
<ColumnProxy name="TRNCUSSTR002" id="84655767-890C-205C-5360-4EB3DECA68AE">
<createdBy>calittle</createdBy>
<createdTime>2019-04-17 17:26:47 UTC</createdTime>
<ownerDesignName>ODEE_1262_Design</ownerDesignName>
</ColumnProxy>
<ColumnProxy name="TRNAPPDEC003" id="87E17377-61CF-2318-C281-8AECCA2BB502">
<createdBy>calittle</createdBy>
<createdTime>2019-04-17 17:26:47 UTC</createdTime>
<ownerDesignName>ODEE_1262_Design</ownerDesignName>
</ColumnProxy>
<ColumnProxy name="TRNNAPOLXML" id="88BCA3C8-D0E8-C7B4-904D-8242B505D0EA">
<createdBy>calittle</createdBy>
<createdTime>2019-04-17 17:26:47 UTC</createdTime>
<ownerDesignName>ODEE_1262_Design</ownerDesignName>
<cache>NOCACHE</cache>
<storeAs>CLOB</storeAs>
</ColumnProxy>
<ColumnProxy name="TRNDATAREF" id="891AFC04-350A-B9AD-602E-3BC5745A377D">
<createdBy>calittle</createdBy>
<createdTime>2019-04-17 17:26:47 UTC</createdTime>
<ownerDesignName>ODEE_1262_Design</ownerDesignName>
</ColumnProxy>
<ColumnProxy name="CURRUSER" id="8A1250EE-D124-E255-373C-9FAA2498D048">
<createdBy>calittle</createdBy>
<createdTime>2019-04-17 17:26:47 UTC</createdTime>
<ownerDesignName>ODEE_1262_Design</ownerDesignName>
</ColumnProxy>
<ColumnProxy name="TOGROUP" id="8BC9E416-B072-9941-AD5C-9B099D2A6EE4">
<createdBy>calittle</createdBy>
<createdTime>2019-04-17 17:26:47 UTC</createdTime>
<ownerDesignName>ODEE_1262_Design</ownerDesignName>
</ColumnProxy>
<ColumnProxy name="TRNBCHSCH" id="90AAC57F-5D2B-8138-609B-99796CB053EE">
<createdBy>calittle</createdBy>
<createdTime>2019-04-17 17:26:47 UTC</createdTime>
<ownerDesignName>ODEE_1262_Design</ownerDesignName>
</ColumnProxy>
<ColumnProxy name="FORMSETID" id="9321E59E-20F4-EFC8-AC98-F6837F564ECD">
<createdBy>calittle</createdBy>
<createdTime>2019-04-17 17:26:47 UTC</createdTime>
<ownerDesignName>ODEE_1262_Design</ownerDesignName>
</ColumnProxy>
<ColumnProxy name="TRNBCHTOTAL" id="939DDEC2-6AAF-4627-F6B0-C7A1862261A6">
<createdBy>calittle</createdBy>
<createdTime>2019-04-17 17:26:47 UTC</createdTime>
<ownerDesignName>ODEE_1262_Design</ownerDesignName>
</ColumnProxy>
<ColumnProxy name="TRNCUSINT001" id="95DA4E07-FCED-A724-0F60-2C99C189D3F7">
<createdBy>calittle</createdBy>
<createdTime>2019-04-17 17:26:47 UTC</createdTime>
<ownerDesignName>ODEE_1262_Design</ownerDesignName>
</ColumnProxy>
<ColumnProxy name="TRNAPPINT003" id="97C65EFE-EA74-8D09-E935-340683AB8605">
<createdBy>calittle</createdBy>
<createdTime>2019-04-17 17:26:47 UTC</createdTime>
<ownerDesignName>ODEE_1262_Design</ownerDesignName>
</ColumnProxy>
<ColumnProxy name="TRNCUSINT003" id="98F568E8-E2B2-1848-4B7F-9FED4DFD167E">
<createdBy>calittle</createdBy>
<createdTime>2019-04-17 17:26:47 UTC</createdTime>
<ownerDesignName>ODEE_1262_Design</ownerDesignName>
</ColumnProxy>
<ColumnProxy name="REASON_ID" id="9C76BB71-79EF-8643-0E52-0FD5E655C6D8">
<createdBy>calittle</createdBy>
<createdTime>2019-04-17 17:26:47 UTC</createdTime>
<ownerDesignName>ODEE_1262_Design</ownerDesignName>
</ColumnProxy>
<ColumnProxy name="APPROVALSTATE" id="9EAF7304-DC05-8CC0-1A49-4DF32CF7BFE6">
<createdBy>calittle</createdBy>
<createdTime>2019-04-17 17:26:47 UTC</createdTime>
<ownerDesignName>ODEE_1262_Design</ownerDesignName>
</ColumnProxy>
<ColumnProxy name="TRNAPPSTR010" id="9F4FB611-6171-C6CF-134F-62372F81128D">
<createdBy>calittle</createdBy>
<createdTime>2019-04-17 17:26:47 UTC</createdTime>
<ownerDesignName>ODEE_1262_Design</ownerDesignName>
</ColumnProxy>
<ColumnProxy name="TRNCUSDEC002" id="A129F45F-3564-DFFC-5C9A-847B46B34ABB">
<createdBy>calittle</createdBy>
<createdTime>2019-04-17 17:26:47 UTC</createdTime>
<ownerDesignName>ODEE_1262_Design</ownerDesignName>
</ColumnProxy>
<ColumnProxy name="KEY1" id="A1892DBB-992C-2785-1C1F-F264F1D41AFB">
<createdBy>calittle</createdBy>
<createdTime>2019-04-17 17:26:47 UTC</createdTime>
<ownerDesignName>ODEE_1262_Design</ownerDesignName>
</ColumnProxy>
<ColumnProxy name="TRNCUSINT005" id="A299BC1D-4A1F-61D4-4396-33AFB4442B82">
<createdBy>calittle</createdBy>
<createdTime>2019-04-17 17:26:47 UTC</createdTime>
<ownerDesignName>ODEE_1262_Design</ownerDesignName>
</ColumnProxy>
<ColumnProxy name="TRNAPPDEC002" id="A3B728EC-6323-5594-0FC9-E3A2612D42C6">
<createdBy>calittle</createdBy>
<createdTime>2019-04-17 17:26:47 UTC</createdTime>
<ownerDesignName>ODEE_1262_Design</ownerDesignName>
</ColumnProxy>
<ColumnProxy name="TRNNAME" id="A612C7D3-B991-41EF-2F36-14248A290E1D">
<createdBy>calittle</createdBy>
<createdTime>2019-04-17 17:26:47 UTC</createdTime>
<ownerDesignName>ODEE_1262_Design</ownerDesignName>
</ColumnProxy>
<ColumnProxy name="TRNSLOG_ID" id="A7519F3D-0B03-0765-485A-3D489B44645D">
<createdBy>calittle</createdBy>
<createdTime>2019-04-17 17:26:47 UTC</createdTime>
<ownerDesignName>ODEE_1262_Design</ownerDesignName>
</ColumnProxy>
<ColumnProxy name="TRNCUSDATE013" id="AA913206-F4BC-9278-1980-6D069ACF6AF3">
<createdBy>calittle</createdBy>
<createdTime>2019-04-17 17:26:47 UTC</createdTime>
<ownerDesignName>ODEE_1262_Design</ownerDesignName>
</ColumnProxy>
<ColumnProxy name="TRNCUSSTR019" id="AD95726D-6C03-67F2-9DC5-7BDF6A2C4B73">
<createdBy>calittle</createdBy>
<createdTime>2019-04-17 17:26:47 UTC</createdTime>
<ownerDesignName>ODEE_1262_Design</ownerDesignName>
</ColumnProxy>
<ColumnProxy name="TRNCUSSTR004" id="B1373D32-A3C9-D6A2-8BAE-5C90FE10DCE0">
<createdBy>calittle</createdBy>
<createdTime>2019-04-17 17:26:47 UTC</createdTime>
<ownerDesignName>ODEE_1262_Design</ownerDesignName>
</ColumnProxy>
<ColumnProxy name="TRNNAPOLBLOB" id="B41B9635-E800-D58A-6271-A7F5E4A66DA5">
<createdBy>calittle</createdBy>
<createdTime>2019-04-17 17:26:47 UTC</createdTime>
<ownerDesignName>ODEE_1262_Design</ownerDesignName>
</ColumnProxy>
<ColumnProxy name="TRNAPPDEC005" id="B47F0460-E70F-A84C-4109-D3572CBF7456">
<createdBy>calittle</createdBy>
<createdTime>2019-04-17 17:26:47 UTC</createdTime>
<ownerDesignName>ODEE_1262_Design</ownerDesignName>
</ColumnProxy>
<ColumnProxy name="DOCTYPE" id="B4DE5D61-D69C-CB04-036A-11E7A8224006">
<createdBy>calittle</createdBy>
<createdTime>2019-04-17 17:26:47 UTC</createdTime>
<ownerDesignName>ODEE_1262_Design</ownerDesignName>
</ColumnProxy>
<ColumnProxy name="TRNCUSDATE003" id="B4E3D10B-9EDA-3856-1705-73D16D059C69">
<createdBy>calittle</createdBy>
<createdTime>2019-04-17 17:26:47 UTC</createdTime>
<ownerDesignName>ODEE_1262_Design</ownerDesignName>
</ColumnProxy>
<ColumnProxy name="TRNCUSDEC004" id="B8BB3693-5E9E-C49D-109B-8DBC2642AFD8">
<createdBy>calittle</createdBy>
<createdTime>2019-04-17 17:26:47 UTC</createdTime>
<ownerDesignName>ODEE_1262_Design</ownerDesignName>
</ColumnProxy>
<ColumnProxy name="JOB_ID" id="BA378471-5544-13F4-4972-9EFDAA838C32">
<createdBy>calittle</createdBy>
<createdTime>2019-04-17 17:26:47 UTC</createdTime>
<ownerDesignName>ODEE_1262_Design</ownerDesignName>
</ColumnProxy>
<ColumnProxy name="TRNAPPSTR013" id="BBA5E727-2C8A-ACC2-C626-155CA2888EEA">
<createdBy>calittle</createdBy>
<createdTime>2019-04-17 17:26:47 UTC</createdTime>
<ownerDesignName>ODEE_1262_Design</ownerDesignName>
</ColumnProxy>
<ColumnProxy name="TRNCUSSTR012" id="BC722BCA-BCA9-3EB1-B091-8BF6449D5F43">
<createdBy>calittle</createdBy>
<createdTime>2019-04-17 17:26:47 UTC</createdTime>
<ownerDesignName>ODEE_1262_Design</ownerDesignName>
</ColumnProxy>
<ColumnProxy name="TRNAPPSTR007" id="C1818C6E-BCD0-BA72-91C9-980BA92F78F2">
<createdBy>calittle</createdBy>
<createdTime>2019-04-17 17:26:47 UTC</createdTime>
<ownerDesignName>ODEE_1262_Design</ownerDesignName>
</ColumnProxy>
<ColumnProxy name="TRNCUSSTR006" id="C2F016FA-9051-A850-8D01-10DE7AE82A02">
<createdBy>calittle</createdBy>
<createdTime>2019-04-17 17:26:47 UTC</createdTime>
<ownerDesignName>ODEE_1262_Design</ownerDesignName>
</ColumnProxy>
<ColumnProxy name="TRNAPPINT005" id="C66BCC0C-C113-1DDC-4472-2D96E8830BF6">
<createdBy>calittle</createdBy>
<createdTime>2019-04-17 17:26:47 UTC</createdTime>
<ownerDesignName>ODEE_1262_Design</ownerDesignName>
</ColumnProxy>
<ColumnProxy name="TRNHISTORY" id="C8BA4ED4-750D-7D72-D3E2-612943A5F262">
<createdBy>calittle</createdBy>
<createdTime>2019-04-17 17:26:47 UTC</createdTime>
<ownerDesignName>ODEE_1262_Design</ownerDesignName>
</ColumnProxy>
<ColumnProxy name="TRNCUSSTR011" id="CA245E4B-B6B9-92E4-C726-848AB46AF148">
<createdBy>calittle</createdBy>
<createdTime>2019-04-17 17:26:47 UTC</createdTime>
<ownerDesignName>ODEE_1262_Design</ownerDesignName>
</ColumnProxy>
<ColumnProxy name="SRCTRN_ID" id="CC00E76F-0596-BD62-B66C-FD219243E585">
<createdBy>calittle</createdBy>
<createdTime>2019-04-17 17:26:47 UTC</createdTime>
<ownerDesignName>ODEE_1262_Design</ownerDesignName>
<defaultValue>0</defaultValue>
</ColumnProxy>
<ColumnProxy name="MODIFYTIME" id="CD95777A-D0AE-B902-AA5D-12DD4585C8C3">
<createdBy>calittle</createdBy>
<createdTime>2019-04-17 17:26:47 UTC</createdTime>
<ownerDesignName>ODEE_1262_Design</ownerDesignName>
</ColumnProxy>
<ColumnProxy name="TRNCUSSTR008" id="CF263837-DD50-2273-E366-5BEC77456942">
<createdBy>calittle</createdBy>
<createdTime>2019-04-17 17:26:47 UTC</createdTime>
<ownerDesignName>ODEE_1262_Design</ownerDesignName>
</ColumnProxy>
<ColumnProxy name="TRNCUSDATE010" id="D3BA26CD-747A-7A23-4B0A-34590DBC161D">
<createdBy>calittle</createdBy>
<createdTime>2019-04-17 17:26:47 UTC</createdTime>
<ownerDesignName>ODEE_1262_Design</ownerDesignName>
</ColumnProxy>
<ColumnProxy name="TRNAPPSTR015" id="D3F1D5F7-962E-5D0C-5E89-92DD86D59D25">
<createdBy>calittle</createdBy>
<createdTime>2019-04-17 17:26:47 UTC</createdTime>
<ownerDesignName>ODEE_1262_Design</ownerDesignName>
</ColumnProxy>
<ColumnProxy name="TRNCUSDATE001" id="D451BF91-0C69-7E32-24BE-79E651766271">
<createdBy>calittle</createdBy>
<createdTime>2019-04-17 17:26:47 UTC</createdTime>
<ownerDesignName>ODEE_1262_Design</ownerDesignName>
</ColumnProxy>
<ColumnProxy name="FROMTIME" id="D684C0BD-D5ED-918A-224D-B6806E229B4E">
<createdBy>calittle</createdBy>
<createdTime>2019-04-17 17:26:47 UTC</createdTime>
<ownerDesignName>ODEE_1262_Design</ownerDesignName>
</ColumnProxy>
<ColumnProxy name="TRNCUSSTR007" id="D7430298-C640-F9D1-4719-060076A78A91">
<createdBy>calittle</createdBy>
<createdTime>2019-04-17 17:26:47 UTC</createdTime>
<ownerDesignName>ODEE_1262_Design</ownerDesignName>
</ColumnProxy>
<ColumnProxy name="TRNCUSDATE004" id="D95F1959-C0A2-3864-1D94-860FB8E2D4D4">
<createdBy>calittle</createdBy>
<createdTime>2019-04-17 17:26:47 UTC</createdTime>
<ownerDesignName>ODEE_1262_Design</ownerDesignName>
</ColumnProxy>
<ColumnProxy name="TRNPRTLOGNAME" id="D9883AB8-4417-8537-1D20-13E1BE71D5FA">
<createdBy>calittle</createdBy>
<createdTime>2019-04-17 17:26:47 UTC</createdTime>
<ownerDesignName>ODEE_1262_Design</ownerDesignName>
</ColumnProxy>
<ColumnProxy name="RETENTION" id="DCA3802F-528D-2E02-F47C-7276C77933D4">
<createdBy>calittle</createdBy>
<createdTime>2019-04-17 17:26:47 UTC</createdTime>
<ownerDesignName>ODEE_1262_Design</ownerDesignName>
</ColumnProxy>
<ColumnProxy name="CURRAPP_ID" id="DEEB2B87-B5E8-1028-2CEF-EBEC03A5E703">
<createdBy>calittle</createdBy>
<createdTime>2019-04-17 17:26:47 UTC</createdTime>
<ownerDesignName>ODEE_1262_Design</ownerDesignName>
</ColumnProxy>
<ColumnProxy name="TRNCUSDEC005" id="DF0C8F96-1DD6-93C0-2409-9FE2E47F5F21">
<createdBy>calittle</createdBy>
<createdTime>2019-04-17 17:26:47 UTC</createdTime>
<ownerDesignName>ODEE_1262_Design</ownerDesignName>
</ColumnProxy>
<ColumnProxy name="TRNAPPSTR003" id="DF417204-EFD1-AD15-F048-2441B58208F9">
<createdBy>calittle</createdBy>
<createdTime>2019-04-17 17:26:47 UTC</createdTime>
<ownerDesignName>ODEE_1262_Design</ownerDesignName>
</ColumnProxy>
<ColumnProxy name="TRNAPPSTR006" id="DF842FF7-D1CB-F37F-EA05-FBC73BEEB443">
<createdBy>calittle</createdBy>
<createdTime>2019-04-17 17:26:47 UTC</createdTime>
<ownerDesignName>ODEE_1262_Design</ownerDesignName>
</ColumnProxy>
<ColumnProxy name="TRNCUSSTR003" id="DF8DF26E-AE34-3F33-FB84-3361BB13CF18">
<createdBy>calittle</createdBy>
<createdTime>2019-04-17 17:26:47 UTC</createdTime>
<ownerDesignName>ODEE_1262_Design</ownerDesignName>
</ColumnProxy>
<ColumnProxy name="TOTIME" id="E0FDBE21-8307-1541-78C3-145241372FF8">
<createdBy>calittle</createdBy>
<createdTime>2019-04-17 17:26:47 UTC</createdTime>
<ownerDesignName>ODEE_1262_Design</ownerDesignName>
</ColumnProxy>
<ColumnProxy name="TRNAPPDATE005" id="E1E279AE-1D95-8ED7-64C9-F2979DD8F7F2">
<createdBy>calittle</createdBy>
<createdTime>2019-04-17 17:26:47 UTC</createdTime>
<ownerDesignName>ODEE_1262_Design</ownerDesignName>
</ColumnProxy>
<ColumnProxy name="TRNCUSSTR016" id="E307653F-5BBD-7B4A-2996-65F4E3630543">
<createdBy>calittle</createdBy>
<createdTime>2019-04-17 17:26:47 UTC</createdTime>
<ownerDesignName>ODEE_1262_Design</ownerDesignName>
</ColumnProxy>
<ColumnProxy name="TRNBCHERR" id="E495EA68-455E-F8EF-7FFC-2A135FA7A0E2">
<createdBy>calittle</createdBy>
<createdTime>2019-04-17 17:26:47 UTC</createdTime>
<ownerDesignName>ODEE_1262_Design</ownerDesignName>
</ColumnProxy>
<ColumnProxy name="TRNCUSDATE006" id="E4D95DB8-F855-6A80-EFA5-F4FCF8D5F2E8">
<createdBy>calittle</createdBy>
<createdTime>2019-04-17 17:26:47 UTC</createdTime>
<ownerDesignName>ODEE_1262_Design</ownerDesignName>
</ColumnProxy>
<ColumnProxy name="TRNBCHPROC" id="E6979DFF-586E-EFEE-0199-032D5086ED31">
<createdBy>calittle</createdBy>
<createdTime>2019-04-17 17:26:47 UTC</createdTime>
<ownerDesignName>ODEE_1262_Design</ownerDesignName>
</ColumnProxy>
<ColumnProxy name="TRNAPPDATE001" id="E86A536A-8394-1EEB-F842-E9A6E1A41DF6">
<createdBy>calittle</createdBy>
<createdTime>2019-04-17 17:26:47 UTC</createdTime>
<ownerDesignName>ODEE_1262_Design</ownerDesignName>
</ColumnProxy>
<ColumnProxy name="TRNAPPSTR011" id="E8C1F655-2378-C0A5-D138-791C8CF176EE">
<createdBy>calittle</createdBy>
<createdTime>2019-04-17 17:26:47 UTC</createdTime>
<ownerDesignName>ODEE_1262_Design</ownerDesignName>
</ColumnProxy>
<ColumnProxy name="TRNCUSSTR009" id="EAA3FEBE-6432-CCA3-DB2E-A64CC3BEC12A">
<createdBy>calittle</createdBy>
<createdTime>2019-04-17 17:26:47 UTC</createdTime>
<ownerDesignName>ODEE_1262_Design</ownerDesignName>
</ColumnProxy>
<ColumnProxy name="TRNAPPINT001" id="ECC9F005-3710-686F-A1AF-72847C919B49">
<createdBy>calittle</createdBy>
<createdTime>2019-04-17 17:26:47 UTC</createdTime>
<ownerDesignName>ODEE_1262_Design</ownerDesignName>
</ColumnProxy>
<ColumnProxy name="TRNAPPINT002" id="ECE04F0F-DAB2-A339-719D-A8D3C6247736">
<createdBy>calittle</createdBy>
<createdTime>2019-04-17 17:26:47 UTC</createdTime>
<ownerDesignName>ODEE_1262_Design</ownerDesignName>
</ColumnProxy>
<ColumnProxy name="TRNCUSDEC001" id="EF64452C-E70C-4510-6005-3B9DE2C459E1">
<createdBy>calittle</createdBy>
<createdTime>2019-04-17 17:26:47 UTC</createdTime>
<ownerDesignName>ODEE_1262_Design</ownerDesignName>
</ColumnProxy>
<ColumnProxy name="TRNAPPSTR001" id="F107055A-F541-5F71-99C5-17207209E9DF">
<createdBy>calittle</createdBy>
<createdTime>2019-04-17 17:26:47 UTC</createdTime>
<ownerDesignName>ODEE_1262_Design</ownerDesignName>
</ColumnProxy>
<ColumnProxy name="TRNMODIFYTIME" id="F3F36971-1D27-934B-1D64-DF21516BDA4D">
<createdBy>calittle</createdBy>
<createdTime>2019-04-17 17:26:47 UTC</createdTime>
<ownerDesignName>ODEE_1262_Design</ownerDesignName>
</ColumnProxy>
<ColumnProxy name="TRNRETHOLD" id="F7B06A2E-6620-8124-BDA4-FFF0612D0660">
<createdBy>calittle</createdBy>
<createdTime>2019-04-17 17:26:47 UTC</createdTime>
<ownerDesignName>ODEE_1262_Design</ownerDesignName>
</ColumnProxy>
<ColumnProxy name="TRNERR_ID" id="FC294027-FEA2-BA09-7218-F7FD50E9BBE5">
<createdBy>calittle</createdBy>
<createdTime>2019-04-17 17:26:47 UTC</createdTime>
<ownerDesignName>ODEE_1262_Design</ownerDesignName>
</ColumnProxy>
<ColumnProxy name="TRNAPPSTR008" id="FDE49CF8-8C68-5DD3-1572-A81490A04D1E">
<createdBy>calittle</createdBy>
<createdTime>2019-04-17 17:26:47 UTC</createdTime>
<ownerDesignName>ODEE_1262_Design</ownerDesignName>
</ColumnProxy>
<ColumnProxy name="TRNCUSDATE012" id="FF74028E-A710-4D4F-E39C-8C501461C51C">
<createdBy>calittle</createdBy>
<createdTime>2019-04-17 17:26:47 UTC</createdTime>
<ownerDesignName>ODEE_1262_Design</ownerDesignName>
</ColumnProxy>
<ColumnProxy name="CURRROLE" id="FF8C7614-9535-F654-C2EF-88C545296233">
<createdBy>calittle</createdBy>
<createdTime>2019-04-17 17:26:47 UTC</createdTime>
<ownerDesignName>ODEE_1262_Design</ownerDesignName>
</ColumnProxy>
</columnProxies>
<lobStorages>
<LobStorage class="oracle.dbtools.crest.model.design.storage.oracle.v11g.LobStorageOraclev11g" name="SYS_LOB0000140155C00142$$" id="F76AA8BC-436C-94B6-015E-CE4B411C4441">
<createdBy>calittle</createdBy>
<createdTime>2019-04-17 17:26:52 UTC</createdTime>
<ownerDesignName>ODEE_1262_Design</ownerDesignName>
<cache>NOCACHE</cache>
<chunk>8192</chunk>
<column>TRNDATABLOB</column>
<compression>NO</compression>
<duplication>KEEP_DUPLICATES</duplication>
<logging>FILESYSTEM_LIKE_LOGGING</logging>
<tableSpace>B4FE7603-2423-0888-71C6-BC38EA367033</tableSpace>
<lobStorageType>SECUREFILE</lobStorageType>
</LobStorage>
<LobStorage class="oracle.dbtools.crest.model.design.storage.oracle.v11g.LobStorageOraclev11g" name="SYS_LOB0000140155C00148$$" id="A05E18B9-1D9D-6BA9-166C-E200BFFB7927">
<createdBy>calittle</createdBy>
<createdTime>2019-04-17 17:26:52 UTC</createdTime>
<ownerDesignName>ODEE_1262_Design</ownerDesignName>
<cache>NOCACHE</cache>
<chunk>8192</chunk>
<column>TRNNAPOLBLOB</column>
<compression>NO</compression>
<duplication>KEEP_DUPLICATES</duplication>
<logging>FILESYSTEM_LIKE_LOGGING</logging>
<tableSpace>B4FE7603-2423-0888-71C6-BC38EA367033</tableSpace>
<lobStorageType>SECUREFILE</lobStorageType>
</LobStorage>
</lobStorages>
<primaryKeys>
<PrimaryKey class="oracle.dbtools.crest.model.design.storage.oracle.v10g.PKProxyOraclev10g" name="TRNSLOG_PK" id="D77A979A-220A-54D7-DF67-56AAA85D2A15">
<createdBy>calittle</createdBy>
<createdTime>2019-04-17 17:26:51 UTC</createdTime>
<ownerDesignName>ODEE_1262_Design</ownerDesignName>
<segment>D84742F2-9E68-6614-C6EF-D3B7EF628E78</segment>
<tableSpace>B4FE7603-2423-0888-71C6-BC38EA367033</tableSpace>
<existingIndex>1191E71D-A7DA-20C2-7C67-27DFC7FBD6B9</existingIndex>
<indexSegment>D84742F2-9E68-6614-C6EF-D3B7EF628E78</indexSegment>
<indexSort>SORTED</indexSort>
<usingIndex>BY INDEX NAME</usingIndex>
</PrimaryKey>
</primaryKeys>
</TableProxyOraclev11g>