<?xml version = '1.0' encoding = 'UTF-8'?>
<TableProxyOraclev11g class="oracle.dbtools.crest.model.design.storage.oracle.v11g.TableProxyOraclev11g" name="BCHS_RCPSHIST" directorySegmentName="seg_0" id="64EF1A2F-8182-0F96-0D37-70B871515D82">
<createdBy>calittle</createdBy>
<createdTime>2019-04-17 17:25:32 UTC</createdTime>
<ownerDesignName>ODEE_1262_Design</ownerDesignName>
<schemaObject>8FC895A7-E0A2-11C9-AE90-BEF4CA704C97</schemaObject>
<logging>YES</logging>
<partitionedRowMovement>DISABLE</partitionedRowMovement>
<segment>C8C5DB75-8387-101B-E298-3461B2B213FB</segment>
<tableSpace>B4FE7603-2423-0888-71C6-BC38EA367033</tableSpace>
<temporaryChanged>false</temporaryChanged>
<accessDriverType>oracle_loader</accessDriverType>
<rejectLimit></rejectLimit>
<indexProxies>
<IndexProxy class="oracle.dbtools.crest.model.design.storage.oracle.v10g.IndexProxyOraclev10g" name="BCHS_RCPSHIST_IDX" id="01D141C8-0ADA-CC91-5016-5EE6E8B88D9F">
<createdBy>calittle</createdBy>
<createdTime>2019-04-17 17:26:48 UTC</createdTime>
<ownerDesignName>ODEE_1262_Design</ownerDesignName>
<schemaObject>8FC895A7-E0A2-11C9-AE90-BEF4CA704C97</schemaObject>
<segment>40B3AC24-9CF5-8A2D-F82F-B2CD0FB5CAA2</segment>
<tableSpace>B4FE7603-2423-0888-71C6-BC38EA367033</tableSpace>
</IndexProxy>
</indexProxies>
<columnProxies itemClass="oracle.dbtools.crest.model.design.storage.oracle.v12c.ColumnProxyOraclev12c">
<ColumnProxy name="RCPSEQ" id="029574F4-D2F2-61EC-A02F-211B71FFEF42">
<createdBy>calittle</createdBy>
<createdTime>2019-04-17 17:26:32 UTC</createdTime>
<ownerDesignName>ODEE_1262_Design</ownerDesignName>
</ColumnProxy>
<ColumnProxy name="BCHRCPERRTIME" id="07E7368F-EB0C-F95A-9278-47CC99E2CC00">
<createdBy>calittle</createdBy>
<createdTime>2019-04-17 17:26:32 UTC</createdTime>
<ownerDesignName>ODEE_1262_Design</ownerDesignName>
</ColumnProxy>
<ColumnProxy name="BCHRCPRETHOLD" id="09551319-5CDE-B19C-21F1-02CF669D25D3">
<createdBy>calittle</createdBy>
<createdTime>2019-04-17 17:26:32 UTC</createdTime>
<ownerDesignName>ODEE_1262_Design</ownerDesignName>
<defaultValue>0</defaultValue>
</ColumnProxy>
<ColumnProxy name="BCHRCPCNTL" id="0F3BE1C8-57CC-312D-5A32-507E21833057">
<createdBy>calittle</createdBy>
<createdTime>2019-04-17 17:26:32 UTC</createdTime>
<ownerDesignName>ODEE_1262_Design</ownerDesignName>
</ColumnProxy>
<ColumnProxy name="BCH_ID" id="26C262BE-EA48-F353-EEE8-FE102A63851E">
<createdBy>calittle</createdBy>
<createdTime>2019-04-17 17:26:32 UTC</createdTime>
<ownerDesignName>ODEE_1262_Design</ownerDesignName>
</ColumnProxy>
<ColumnProxy name="BCHRCPCUSINT001" id="37E77418-A8B7-6E78-96AE-766EA4F52E99">
<createdBy>calittle</createdBy>
<createdTime>2019-04-17 17:26:32 UTC</createdTime>
<ownerDesignName>ODEE_1262_Design</ownerDesignName>
</ColumnProxy>
<ColumnProxy name="PUB_ID" id="39730C80-3E45-0ED8-E343-96545CA86D10">
<createdBy>calittle</createdBy>
<createdTime>2019-04-17 17:26:32 UTC</createdTime>
<ownerDesignName>ODEE_1262_Design</ownerDesignName>
</ColumnProxy>
<ColumnProxy name="BCHRCPBNDLLOC" id="47897AA8-E754-3C22-99E1-11C9C7E20D92">
<createdBy>calittle</createdBy>
<createdTime>2019-04-17 17:26:32 UTC</createdTime>
<ownerDesignName>ODEE_1262_Design</ownerDesignName>
</ColumnProxy>
<ColumnProxy name="JOB_ID" id="4EF2CDAE-8A6D-E0A6-D8B2-A2F75852DAB9">
<createdBy>calittle</createdBy>
<createdTime>2019-04-17 17:26:32 UTC</createdTime>
<ownerDesignName>ODEE_1262_Design</ownerDesignName>
</ColumnProxy>
<ColumnProxy name="BCHRCPSTATUS" id="517388C5-D0A4-8BF7-C3CA-F3A4ACEB9EE7">
<createdBy>calittle</createdBy>
<createdTime>2019-04-17 17:26:32 UTC</createdTime>
<ownerDesignName>ODEE_1262_Design</ownerDesignName>
</ColumnProxy>
<ColumnProxy name="BCHRCPACTIVE" id="5386D9C1-232F-80B0-F49D-487F24787515">
<createdBy>calittle</createdBy>
<createdTime>2019-04-17 17:26:32 UTC</createdTime>
<ownerDesignName>ODEE_1262_Design</ownerDesignName>
</ColumnProxy>
<ColumnProxy name="BCHRCPCUSSTR002" id="67B79AF0-C69F-4500-53B2-95A501440E3E">
<createdBy>calittle</createdBy>
<createdTime>2019-04-17 17:26:32 UTC</createdTime>
<ownerDesignName>ODEE_1262_Design</ownerDesignName>
</ColumnProxy>
<ColumnProxy name="BCHRCPTYPE" id="7B3393DA-F2EE-E784-313D-7398960E78B3">
<createdBy>calittle</createdBy>
<createdTime>2019-04-17 17:26:32 UTC</createdTime>
<ownerDesignName>ODEE_1262_Design</ownerDesignName>
</ColumnProxy>
<ColumnProxy name="BCHRCPRETENTION" id="7CA60622-EE0A-4679-CDC0-ECD7FDC7F2E2">
<createdBy>calittle</createdBy>
<createdTime>2019-04-17 17:26:32 UTC</createdTime>
<ownerDesignName>ODEE_1262_Design</ownerDesignName>
</ColumnProxy>
<ColumnProxy name="RCP_ID" id="880059F2-68FF-7C6A-3A36-10DE4C6CD49A">
<createdBy>calittle</createdBy>
<createdTime>2019-04-17 17:26:32 UTC</createdTime>
<ownerDesignName>ODEE_1262_Design</ownerDesignName>
</ColumnProxy>
<ColumnProxy name="BCHRCPPROCTIME" id="8CB66EAD-0BE6-95F0-ED11-1EA17F5992B8">
<createdBy>calittle</createdBy>
<createdTime>2019-04-17 17:26:32 UTC</createdTime>
<ownerDesignName>ODEE_1262_Design</ownerDesignName>
</ColumnProxy>
<ColumnProxy name="BCHRCPGRPSEQ" id="966A4D8C-6E0D-AC66-5983-5F656D6C0EFA">
<createdBy>calittle</createdBy>
<createdTime>2019-04-17 17:26:32 UTC</createdTime>
<ownerDesignName>ODEE_1262_Design</ownerDesignName>
</ColumnProxy>
<ColumnProxy name="BCHRCPHISTORY" id="A0C8D87A-3501-3537-8259-499453110403">
<createdBy>calittle</createdBy>
<createdTime>2019-04-17 17:26:32 UTC</createdTime>
<ownerDesignName>ODEE_1262_Design</ownerDesignName>
</ColumnProxy>
<ColumnProxy name="BCHRCPGRPTOT" id="A66E3620-6C0B-2389-D713-CDB3DC0B666E">
<createdBy>calittle</createdBy>
<createdTime>2019-04-17 17:26:32 UTC</createdTime>
<ownerDesignName>ODEE_1262_Design</ownerDesignName>
</ColumnProxy>
<ColumnProxy name="BCHRCPCUSSTR001" id="AFDFC367-A893-3E0A-ACE2-5531CD96B5C4">
<createdBy>calittle</createdBy>
<createdTime>2019-04-17 17:26:32 UTC</createdTime>
<ownerDesignName>ODEE_1262_Design</ownerDesignName>
</ColumnProxy>
<ColumnProxy name="BCHRCPCUSDATE001" id="CB76F537-8F24-8356-3191-2CD48A7412BF">
<createdBy>calittle</createdBy>
<createdTime>2019-04-17 17:26:32 UTC</createdTime>
<ownerDesignName>ODEE_1262_Design</ownerDesignName>
</ColumnProxy>
<ColumnProxy name="BCHRCPCREATETIME" id="CEADCBCB-069F-A646-95E1-CA1782DDC6AF">
<createdBy>calittle</createdBy>
<createdTime>2019-04-17 17:26:32 UTC</createdTime>
<ownerDesignName>ODEE_1262_Design</ownerDesignName>
</ColumnProxy>
<ColumnProxy name="BCHRCPHISTORICAL" id="D4D26B01-DFE7-ACF9-5D8B-8ADB50A23DB2">
<createdBy>calittle</createdBy>
<createdTime>2019-04-17 17:26:32 UTC</createdTime>
<ownerDesignName>ODEE_1262_Design</ownerDesignName>
<defaultValue>1</defaultValue>
</ColumnProxy>
<ColumnProxy name="TRN_ID" id="E3D6ED8E-88F5-EA1E-A0FA-3576E7ABAD44">
<createdBy>calittle</createdBy>
<createdTime>2019-04-17 17:26:32 UTC</createdTime>
<ownerDesignName>ODEE_1262_Design</ownerDesignName>
</ColumnProxy>
<ColumnProxy name="BCHRCPCUSDEC001" id="FEE92F09-F41C-AFBA-4E16-2ED5E72ABFF3">
<createdBy>calittle</createdBy>
<createdTime>2019-04-17 17:26:32 UTC</createdTime>
<ownerDesignName>ODEE_1262_Design</ownerDesignName>
</ColumnProxy>
</columnProxies>
<primaryKeys>
<PrimaryKey class="oracle.dbtools.crest.model.design.storage.oracle.v10g.PKProxyOraclev10g" name="BCHS_RCPSHIST_IDX" id="A9CDBD90-7A1A-6A20-ACA2-5CE50AF75A1A">
<createdBy>calittle</createdBy>
<createdTime>2019-04-17 17:26:50 UTC</createdTime>
<ownerDesignName>ODEE_1262_Design</ownerDesignName>
<segment>40B3AC24-9CF5-8A2D-F82F-B2CD0FB5CAA2</segment>
<tableSpace>B4FE7603-2423-0888-71C6-BC38EA367033</tableSpace>
<existingIndex>01D141C8-0ADA-CC91-5016-5EE6E8B88D9F</existingIndex>
<indexSegment>40B3AC24-9CF5-8A2D-F82F-B2CD0FB5CAA2</indexSegment>
<indexSort>SORTED</indexSort>
<usingIndex>BY INDEX NAME</usingIndex>
</PrimaryKey>
</primaryKeys>
</TableProxyOraclev11g>