<?xml version = '1.0' encoding = 'UTF-8'?>
<TableProxyOraclev11g class="oracle.dbtools.crest.model.design.storage.oracle.v11g.TableProxyOraclev11g" name="DMKR_ENTITY_PREFS" directorySegmentName="seg_0" id="6C2ACDBB-67F3-E2EC-C01E-ED2FDF35F807">
<createdBy>calittle</createdBy>
<createdTime>2019-04-17 17:25:11 UTC</createdTime>
<ownerDesignName>ODEE_1262_Design</ownerDesignName>
<schemaObject>0323F05B-A91A-E5F5-C386-B3516E1DFCEB</schemaObject>
<logging>YES</logging>
<partitionedRowMovement>DISABLE</partitionedRowMovement>
<segment>4AC90395-2168-6C73-9206-B942356832F0</segment>
<tableSpace>DF7AC7A0-6C81-FCE6-836E-6026E18400F7</tableSpace>
<temporaryChanged>false</temporaryChanged>
<accessDriverType>oracle_loader</accessDriverType>
<rejectLimit></rejectLimit>
<indexProxies>
<IndexProxy class="oracle.dbtools.crest.model.design.storage.oracle.v10g.IndexProxyOraclev10g" name="DMKR_ENTPREFS_PK" id="80F8C0AB-4235-9433-D7EC-25C0367B3A50">
<createdBy>calittle</createdBy>
<createdTime>2019-04-17 17:26:48 UTC</createdTime>
<ownerDesignName>ODEE_1262_Design</ownerDesignName>
<schemaObject>0323F05B-A91A-E5F5-C386-B3516E1DFCEB</schemaObject>
<segment>D84742F2-9E68-6614-C6EF-D3B7EF628E78</segment>
<tableSpace>DF7AC7A0-6C81-FCE6-836E-6026E18400F7</tableSpace>
</IndexProxy>
</indexProxies>
<columnProxies itemClass="oracle.dbtools.crest.model.design.storage.oracle.v12c.ColumnProxyOraclev12c">
<ColumnProxy name="SYS_ID" id="09A090EA-BF69-D887-FF01-A9800ECCB3EE">
<createdBy>calittle</createdBy>
<createdTime>2019-04-17 17:26:25 UTC</createdTime>
<ownerDesignName>ODEE_1262_Design</ownerDesignName>
</ColumnProxy>
<ColumnProxy name="AL_ID" id="20A824EF-A5E6-1AAA-D905-85E302CAE991">
<createdBy>calittle</createdBy>
<createdTime>2019-04-17 17:26:25 UTC</createdTime>
<ownerDesignName>ODEE_1262_Design</ownerDesignName>
</ColumnProxy>
<ColumnProxy name="ENTDATAXML" id="35EC6A70-0377-6F72-9C52-17771D450943">
<createdBy>calittle</createdBy>
<createdTime>2019-04-17 17:26:25 UTC</createdTime>
<ownerDesignName>ODEE_1262_Design</ownerDesignName>
<cache>NOCACHE</cache>
<storeAs>CLOB</storeAs>
</ColumnProxy>
<ColumnProxy name="ENT_ID" id="80FACA0F-112A-A2D1-EBB4-B36D0B8B7325">
<createdBy>calittle</createdBy>
<createdTime>2019-04-17 17:26:25 UTC</createdTime>
<ownerDesignName>ODEE_1262_Design</ownerDesignName>
</ColumnProxy>
<ColumnProxy name="APP_ID" id="9F99EA34-44A8-D1FC-C22B-58BD373997F4">
<createdBy>calittle</createdBy>
<createdTime>2019-04-17 17:26:25 UTC</createdTime>
<ownerDesignName>ODEE_1262_Design</ownerDesignName>
</ColumnProxy>
<ColumnProxy name="ENTDATABLOB" id="C55AA7B7-DA29-822D-10D8-ADE69EE7939C">
<createdBy>calittle</createdBy>
<createdTime>2019-04-17 17:26:25 UTC</createdTime>
<ownerDesignName>ODEE_1262_Design</ownerDesignName>
</ColumnProxy>
<ColumnProxy name="ENTPROP" id="C7886529-4CA9-B634-DD09-BAE7E1844BC3">
<createdBy>calittle</createdBy>
<createdTime>2019-04-17 17:26:25 UTC</createdTime>
<ownerDesignName>ODEE_1262_Design</ownerDesignName>
</ColumnProxy>
<ColumnProxy name="ENTVALUE" id="FC7E0C32-9E7F-DAC9-B1F8-73BD34FE7DD9">
<createdBy>calittle</createdBy>
<createdTime>2019-04-17 17:26:25 UTC</createdTime>
<ownerDesignName>ODEE_1262_Design</ownerDesignName>
</ColumnProxy>
</columnProxies>
<lobStorages>
<LobStorage class="oracle.dbtools.crest.model.design.storage.oracle.v11g.LobStorageOraclev11g" name="SYS_LOB0000139895C00009$$" id="32648595-A55B-055A-D1A5-027066E9A1E3">
<createdBy>calittle</createdBy>
<createdTime>2019-04-17 17:26:52 UTC</createdTime>
<ownerDesignName>ODEE_1262_Design</ownerDesignName>
<cache>NOCACHE</cache>
<chunk>8192</chunk>
<column>ENTDATABLOB</column>
<compression>NO</compression>
<duplication>KEEP_DUPLICATES</duplication>
<logging>YES</logging>
<tableSpace>DF7AC7A0-6C81-FCE6-836E-6026E18400F7</tableSpace>
<lobStorageType>SECUREFILE</lobStorageType>
</LobStorage>
</lobStorages>
<primaryKeys>
<PrimaryKey class="oracle.dbtools.crest.model.design.storage.oracle.v10g.PKProxyOraclev10g" name="DMKR_ENTPREFS_PK" id="79989EE5-69E5-5206-B9ED-2079DE54EFFB">
<createdBy>calittle</createdBy>
<createdTime>2019-04-17 17:26:50 UTC</createdTime>
<ownerDesignName>ODEE_1262_Design</ownerDesignName>
<segment>D84742F2-9E68-6614-C6EF-D3B7EF628E78</segment>
<tableSpace>DF7AC7A0-6C81-FCE6-836E-6026E18400F7</tableSpace>
<existingIndex>80F8C0AB-4235-9433-D7EC-25C0367B3A50</existingIndex>
<indexSegment>D84742F2-9E68-6614-C6EF-D3B7EF628E78</indexSegment>
<indexSort>SORTED</indexSort>
<usingIndex>BY INDEX NAME</usingIndex>
</PrimaryKey>
</primaryKeys>
</TableProxyOraclev11g>