<?xml version = '1.0' encoding = 'UTF-8'?>
<TableProxyOraclev11g class="oracle.dbtools.crest.model.design.storage.oracle.v11g.TableProxyOraclev11g" name="PCOLL_CONTROL" directorySegmentName="seg_0" id="6F0F92AD-0E49-6886-D53D-2A6D13EC90B5">
<createdBy>calittle</createdBy>
<createdTime>2019-04-17 17:25:16 UTC</createdTime>
<ownerDesignName>ODEE_1262_Design</ownerDesignName>
<schemaObject>0323F05B-A91A-E5F5-C386-B3516E1DFCEB</schemaObject>
<logging>YES</logging>
<partitionedRowMovement>DISABLE</partitionedRowMovement>
<segment>C8C5DB75-8387-101B-E298-3461B2B213FB</segment>
<tableSpace>DF7AC7A0-6C81-FCE6-836E-6026E18400F7</tableSpace>
<temporaryChanged>false</temporaryChanged>
<accessDriverType>oracle_loader</accessDriverType>
<rejectLimit></rejectLimit>
<indexProxies>
<IndexProxy class="oracle.dbtools.crest.model.design.storage.oracle.v10g.IndexProxyOraclev10g" name="PCOLL_CONTROL_PK" id="1B89E543-B6C8-8D44-6A34-C8CD98A5D025">
<createdBy>calittle</createdBy>
<createdTime>2019-04-17 17:26:48 UTC</createdTime>
<ownerDesignName>ODEE_1262_Design</ownerDesignName>
<schemaObject>0323F05B-A91A-E5F5-C386-B3516E1DFCEB</schemaObject>
<segment>40B3AC24-9CF5-8A2D-F82F-B2CD0FB5CAA2</segment>
<tableSpace>DF7AC7A0-6C81-FCE6-836E-6026E18400F7</tableSpace>
</IndexProxy>
</indexProxies>
<columnProxies itemClass="oracle.dbtools.crest.model.design.storage.oracle.v12c.ColumnProxyOraclev12c">
<ColumnProxy name="ROWCREATEDATE" id="023325C4-8126-541E-A1B4-811E7D795F07">
<createdBy>calittle</createdBy>
<createdTime>2019-04-17 17:26:28 UTC</createdTime>
<ownerDesignName>ODEE_1262_Design</ownerDesignName>
</ColumnProxy>
<ColumnProxy name="UPDATEDATE" id="2DFBCB8D-DC3F-3855-83AA-570C082A50A8">
<createdBy>calittle</createdBy>
<createdTime>2019-04-17 17:26:28 UTC</createdTime>
<ownerDesignName>ODEE_1262_Design</ownerDesignName>
</ColumnProxy>
<ColumnProxy name="TABNAME" id="9096B8FD-C9C6-DE50-0236-2D2D8131E16D">
<createdBy>calittle</createdBy>
<createdTime>2019-04-17 17:26:28 UTC</createdTime>
<ownerDesignName>ODEE_1262_Design</ownerDesignName>
</ColumnProxy>
<ColumnProxy name="CREATEDATE" id="E51E6203-34BB-0183-D68F-E6AB67059AAB">
<createdBy>calittle</createdBy>
<createdTime>2019-04-17 17:26:28 UTC</createdTime>
<ownerDesignName>ODEE_1262_Design</ownerDesignName>
</ColumnProxy>
</columnProxies>
<primaryKeys>
<PrimaryKey class="oracle.dbtools.crest.model.design.storage.oracle.v10g.PKProxyOraclev10g" name="PCOLL_CONTROL_PK" id="4F0207CD-725B-69B2-AEC8-450FA856CFC3">
<createdBy>calittle</createdBy>
<createdTime>2019-04-17 17:26:50 UTC</createdTime>
<ownerDesignName>ODEE_1262_Design</ownerDesignName>
<segment>40B3AC24-9CF5-8A2D-F82F-B2CD0FB5CAA2</segment>
<tableSpace>DF7AC7A0-6C81-FCE6-836E-6026E18400F7</tableSpace>
<existingIndex>1B89E543-B6C8-8D44-6A34-C8CD98A5D025</existingIndex>
<indexSegment>40B3AC24-9CF5-8A2D-F82F-B2CD0FB5CAA2</indexSegment>
<indexSort>SORTED</indexSort>
<usingIndex>BY INDEX NAME</usingIndex>
</PrimaryKey>
</primaryKeys>
</TableProxyOraclev11g>