<?xml version = '1.0' encoding = 'UTF-8'?>
<TableProxyOraclev11g class="oracle.dbtools.crest.model.design.storage.oracle.v11g.TableProxyOraclev11g" name="TRNSD" directorySegmentName="seg_0" id="75200012-E652-87F9-D56A-B9D9F4D1B54A">
<createdBy>calittle</createdBy>
<createdTime>2019-04-17 17:26:16 UTC</createdTime>
<ownerDesignName>ODEE_1262_Design</ownerDesignName>
<schemaObject>8FC895A7-E0A2-11C9-AE90-BEF4CA704C97</schemaObject>
<logging>YES</logging>
<partitionedRowMovement>DISABLE</partitionedRowMovement>
<segment>C8C5DB75-8387-101B-E298-3461B2B213FB</segment>
<tableSpace>B4FE7603-2423-0888-71C6-BC38EA367033</tableSpace>
<temporaryChanged>false</temporaryChanged>
<accessDriverType>oracle_loader</accessDriverType>
<rejectLimit></rejectLimit>
<indexProxies>
<IndexProxy class="oracle.dbtools.crest.model.design.storage.oracle.v10g.IndexProxyOraclev10g" name="TRNS_PK_1" id="F4A5BA0D-D4F8-E380-8B10-7A1065AB9427">
<createdBy>calittle</createdBy>
<createdTime>2019-04-17 17:26:49 UTC</createdTime>
<ownerDesignName>ODEE_1262_Design</ownerDesignName>
<schemaObject>8FC895A7-E0A2-11C9-AE90-BEF4CA704C97</schemaObject>
<segment>40B3AC24-9CF5-8A2D-F82F-B2CD0FB5CAA2</segment>
<tableSpace>B4FE7603-2423-0888-71C6-BC38EA367033</tableSpace>
</IndexProxy>
</indexProxies>
<columnProxies itemClass="oracle.dbtools.crest.model.design.storage.oracle.v12c.ColumnProxyOraclev12c">
<ColumnProxy name="CONT_FLAG" id="07208092-868E-B759-C345-D7BB4A15EFE0">
<createdBy>calittle</createdBy>
<createdTime>2019-04-17 17:26:46 UTC</createdTime>
<ownerDesignName>ODEE_1262_Design</ownerDesignName>
</ColumnProxy>
<ColumnProxy name="FORMSETID" id="1492A08F-DDBB-A3FA-B0BE-ADB755E78B52">
<createdBy>calittle</createdBy>
<createdTime>2019-04-17 17:26:46 UTC</createdTime>
<ownerDesignName>ODEE_1262_Design</ownerDesignName>
</ColumnProxy>
<ColumnProxy name="TOTAL_SIZE" id="7163E4E3-1F97-525C-B4D1-C0EC1A185F38">
<createdBy>calittle</createdBy>
<createdTime>2019-04-17 17:26:46 UTC</createdTime>
<ownerDesignName>ODEE_1262_Design</ownerDesignName>
</ColumnProxy>
<ColumnProxy name="CARDATA" id="AD7E9F41-9665-4D36-572B-BC4F3EC38880">
<createdBy>calittle</createdBy>
<createdTime>2019-04-17 17:26:46 UTC</createdTime>
<ownerDesignName>ODEE_1262_Design</ownerDesignName>
</ColumnProxy>
<ColumnProxy name="SEQ_NUM" id="B8F4AC51-5A06-6556-7A29-B3C9ED6563C9">
<createdBy>calittle</createdBy>
<createdTime>2019-04-17 17:26:46 UTC</createdTime>
<ownerDesignName>ODEE_1262_Design</ownerDesignName>
</ColumnProxy>
</columnProxies>
<uniqueKeys>
<UniqueKey class="oracle.dbtools.crest.model.design.storage.oracle.v10g.UniqueOraclev10g" name="TRNS_PK_1" id="A4BC1F40-128A-6E55-C500-5EAD584A9DF4">
<createdBy>calittle</createdBy>
<createdTime>2019-04-17 17:26:51 UTC</createdTime>
<ownerDesignName>ODEE_1262_Design</ownerDesignName>
<segment>40B3AC24-9CF5-8A2D-F82F-B2CD0FB5CAA2</segment>
<tableSpace>B4FE7603-2423-0888-71C6-BC38EA367033</tableSpace>
<existingIndex>F4A5BA0D-D4F8-E380-8B10-7A1065AB9427</existingIndex>
<indexSegment>40B3AC24-9CF5-8A2D-F82F-B2CD0FB5CAA2</indexSegment>
<indexSort>SORTED</indexSort>
<usingIndex>BY INDEX NAME</usingIndex>
</UniqueKey>
</uniqueKeys>
</TableProxyOraclev11g>