<?xml version = '1.0' encoding = 'UTF-8'?>
<TableProxyOraclev11g class="oracle.dbtools.crest.model.design.storage.oracle.v11g.TableProxyOraclev11g" name="DMKR_TRANSLAT" directorySegmentName="seg_0" id="8276AC1D-6490-679C-8E0E-EB4C6712B77A">
<createdBy>calittle</createdBy>
<createdTime>2019-04-17 17:25:15 UTC</createdTime>
<ownerDesignName>ODEE_1262_Design</ownerDesignName>
<schemaObject>0323F05B-A91A-E5F5-C386-B3516E1DFCEB</schemaObject>
<logging>YES</logging>
<partitionedRowMovement>DISABLE</partitionedRowMovement>
<segment>4AC90395-2168-6C73-9206-B942356832F0</segment>
<tableSpace>DF7AC7A0-6C81-FCE6-836E-6026E18400F7</tableSpace>
<temporaryChanged>false</temporaryChanged>
<accessDriverType>oracle_loader</accessDriverType>
<rejectLimit></rejectLimit>
<indexProxies>
<IndexProxy class="oracle.dbtools.crest.model.design.storage.oracle.v10g.IndexProxyOraclev10g" name="DMKR_TRANSLAT_PK" id="4E25DF75-C1D6-1B3D-4072-C25CAB53D643">
<createdBy>calittle</createdBy>
<createdTime>2019-04-17 17:26:48 UTC</createdTime>
<ownerDesignName>ODEE_1262_Design</ownerDesignName>
<schemaObject>0323F05B-A91A-E5F5-C386-B3516E1DFCEB</schemaObject>
<segment>D84742F2-9E68-6614-C6EF-D3B7EF628E78</segment>
<tableSpace>DF7AC7A0-6C81-FCE6-836E-6026E18400F7</tableSpace>
</IndexProxy>
</indexProxies>
<columnProxies itemClass="oracle.dbtools.crest.model.design.storage.oracle.v12c.ColumnProxyOraclev12c">
<ColumnProxy name="ID" id="27E28FDE-B034-F69F-B5C2-CCA3700262CF">
<createdBy>calittle</createdBy>
<createdTime>2019-04-17 17:26:27 UTC</createdTime>
<ownerDesignName>ODEE_1262_Design</ownerDesignName>
</ColumnProxy>
<ColumnProxy name="DISPLAY" id="7683BBDF-DA4C-05BE-CE9A-9F62629C8873">
<createdBy>calittle</createdBy>
<createdTime>2019-04-17 17:26:27 UTC</createdTime>
<ownerDesignName>ODEE_1262_Design</ownerDesignName>
</ColumnProxy>
<ColumnProxy name="GROUP_ID" id="92E53FA2-7C2E-C017-50FA-CEF1E6488766">
<createdBy>calittle</createdBy>
<createdTime>2019-04-17 17:26:27 UTC</createdTime>
<ownerDesignName>ODEE_1262_Design</ownerDesignName>
</ColumnProxy>
<ColumnProxy name="DESCRIPTION" id="96F2E1FC-7D69-B93B-BDFA-93A2FDC656F6">
<createdBy>calittle</createdBy>
<createdTime>2019-04-17 17:26:27 UTC</createdTime>
<ownerDesignName>ODEE_1262_Design</ownerDesignName>
</ColumnProxy>
<ColumnProxy name="APP_ID" id="9CC6B63D-53A6-5C09-FAF2-17A3ADA0A8DC">
<createdBy>calittle</createdBy>
<createdTime>2019-04-17 17:26:27 UTC</createdTime>
<ownerDesignName>ODEE_1262_Design</ownerDesignName>
</ColumnProxy>
<ColumnProxy name="AL_ID" id="A7E39FC2-44E0-F7A0-77BC-31BF55600C6D">
<createdBy>calittle</createdBy>
<createdTime>2019-04-17 17:26:27 UTC</createdTime>
<ownerDesignName>ODEE_1262_Design</ownerDesignName>
</ColumnProxy>
<ColumnProxy name="DISPLAYSEQ" id="BE93B6F3-BC35-F6E0-8C45-A2EA8A539FF2">
<createdBy>calittle</createdBy>
<createdTime>2019-04-17 17:26:27 UTC</createdTime>
<ownerDesignName>ODEE_1262_Design</ownerDesignName>
<defaultValue>1</defaultValue>
</ColumnProxy>
<ColumnProxy name="SYS_ID" id="CC6B00C0-04DD-7BAC-88F8-515495B04A75">
<createdBy>calittle</createdBy>
<createdTime>2019-04-17 17:26:27 UTC</createdTime>
<ownerDesignName>ODEE_1262_Design</ownerDesignName>
</ColumnProxy>
<ColumnProxy name="LOCALE_ID" id="E10D35FE-B65F-F657-056E-09A474191678">
<createdBy>calittle</createdBy>
<createdTime>2019-04-17 17:26:27 UTC</createdTime>
<ownerDesignName>ODEE_1262_Design</ownerDesignName>
</ColumnProxy>
</columnProxies>
<primaryKeys>
<PrimaryKey class="oracle.dbtools.crest.model.design.storage.oracle.v10g.PKProxyOraclev10g" name="DMKR_TRANSLAT_PK" id="5CFABF6F-56D2-5812-5086-A36F5EA289E7">
<createdBy>calittle</createdBy>
<createdTime>2019-04-17 17:26:50 UTC</createdTime>
<ownerDesignName>ODEE_1262_Design</ownerDesignName>
<segment>D84742F2-9E68-6614-C6EF-D3B7EF628E78</segment>
<tableSpace>DF7AC7A0-6C81-FCE6-836E-6026E18400F7</tableSpace>
<existingIndex>4E25DF75-C1D6-1B3D-4072-C25CAB53D643</existingIndex>
<indexSegment>D84742F2-9E68-6614-C6EF-D3B7EF628E78</indexSegment>
<indexSort>SORTED</indexSort>
<usingIndex>BY INDEX NAME</usingIndex>
</PrimaryKey>
</primaryKeys>
</TableProxyOraclev11g>