<?xml version = '1.0' encoding = 'UTF-8'?>
<TableProxyOraclev11g class="oracle.dbtools.crest.model.design.storage.oracle.v11g.TableProxyOraclev11g" name="DMRES_LBYL" directorySegmentName="seg_0" id="837AAB48-A266-5AEB-CF9C-1C05A9BFF2CB">
<createdBy>calittle</createdBy>
<createdTime>2019-04-17 17:25:41 UTC</createdTime>
<ownerDesignName>ODEE_1262_Design</ownerDesignName>
<schemaObject>8FC895A7-E0A2-11C9-AE90-BEF4CA704C97</schemaObject>
<logging>YES</logging>
<partitionedRowMovement>DISABLE</partitionedRowMovement>
<segment>4AC90395-2168-6C73-9206-B942356832F0</segment>
<tableSpace>B4FE7603-2423-0888-71C6-BC38EA367033</tableSpace>
<temporaryChanged>false</temporaryChanged>
<accessDriverType>oracle_loader</accessDriverType>
<rejectLimit></rejectLimit>
<indexProxies>
<IndexProxy class="oracle.dbtools.crest.model.design.storage.oracle.v10g.IndexProxyOraclev10g" name="DMRLBYLLOGTAG" id="D7AEE259-6514-A0FE-86EB-499C1E39CAED">
<createdBy>calittle</createdBy>
<createdTime>2019-04-17 17:26:48 UTC</createdTime>
<ownerDesignName>ODEE_1262_Design</ownerDesignName>
<schemaObject>8FC895A7-E0A2-11C9-AE90-BEF4CA704C97</schemaObject>
<segment>D84742F2-9E68-6614-C6EF-D3B7EF628E78</segment>
<tableSpace>B4FE7603-2423-0888-71C6-BC38EA367033</tableSpace>
</IndexProxy>
<IndexProxy class="oracle.dbtools.crest.model.design.storage.oracle.v10g.IndexProxyOraclev10g" name="DMRLBYLUNIQTAG" id="DF013794-7DD2-9677-ECB5-E318F5889E70">
<createdBy>calittle</createdBy>
<createdTime>2019-04-17 17:26:48 UTC</createdTime>
<ownerDesignName>ODEE_1262_Design</ownerDesignName>
<schemaObject>8FC895A7-E0A2-11C9-AE90-BEF4CA704C97</schemaObject>
<segment>D84742F2-9E68-6614-C6EF-D3B7EF628E78</segment>
<tableSpace>B4FE7603-2423-0888-71C6-BC38EA367033</tableSpace>
</IndexProxy>
</indexProxies>
<columnProxies itemClass="oracle.dbtools.crest.model.design.storage.oracle.v12c.ColumnProxyOraclev12c">
<ColumnProxy name="FILETYPE" id="1AA6354D-B917-D86C-4472-DF9AB16F1B24">
<createdBy>calittle</createdBy>
<createdTime>2019-04-17 17:26:35 UTC</createdTime>
<ownerDesignName>ODEE_1262_Design</ownerDesignName>
</ColumnProxy>
<ColumnProxy name="LIBNAME" id="22F8BD13-D8A4-CC4C-2F71-74A1EFD8F7F1">
<createdBy>calittle</createdBy>
<createdTime>2019-04-17 17:26:35 UTC</createdTime>
<ownerDesignName>ODEE_1262_Design</ownerDesignName>
</ColumnProxy>
<ColumnProxy name="ACTION" id="2EF06B76-33AE-8D01-61BA-FAF2409BE6F7">
<createdBy>calittle</createdBy>
<createdTime>2019-04-17 17:26:35 UTC</createdTime>
<ownerDesignName>ODEE_1262_Design</ownerDesignName>
</ColumnProxy>
<ColumnProxy name="REVISION" id="30D98101-449C-333F-E259-9A2795D14E8A">
<createdBy>calittle</createdBy>
<createdTime>2019-04-17 17:26:35 UTC</createdTime>
<ownerDesignName>ODEE_1262_Design</ownerDesignName>
</ColumnProxy>
<ColumnProxy name="CLASS" id="37307F09-D111-3B22-7AC1-C8E80FBC815B">
<createdBy>calittle</createdBy>
<createdTime>2019-04-17 17:26:35 UTC</createdTime>
<ownerDesignName>ODEE_1262_Design</ownerDesignName>
</ColumnProxy>
<ColumnProxy name="EFFECTIV" id="3E697933-E790-6651-6BB1-372637AE8CBA">
<createdBy>calittle</createdBy>
<createdTime>2019-04-17 17:26:35 UTC</createdTime>
<ownerDesignName>ODEE_1262_Design</ownerDesignName>
</ColumnProxy>
<ColumnProxy name="STATUS" id="49DC2B9C-EECD-0964-AED8-B29431D8D327">
<createdBy>calittle</createdBy>
<createdTime>2019-04-17 17:26:35 UTC</createdTime>
<ownerDesignName>ODEE_1262_Design</ownerDesignName>
</ColumnProxy>
<ColumnProxy name="PROJECT" id="6441F439-9AC3-FE4C-3087-628C7A29413F">
<createdBy>calittle</createdBy>
<createdTime>2019-04-17 17:26:35 UTC</createdTime>
<ownerDesignName>ODEE_1262_Design</ownerDesignName>
</ColumnProxy>
<ColumnProxy name="TIME" id="6D6E33F3-2BA5-2344-24C9-ACC503034F31">
<createdBy>calittle</createdBy>
<createdTime>2019-04-17 17:26:35 UTC</createdTime>
<ownerDesignName>ODEE_1262_Design</ownerDesignName>
</ColumnProxy>
<ColumnProxy name="PROCESS" id="8EBC6C7F-7504-5C27-232C-5715E997AF50">
<createdBy>calittle</createdBy>
<createdTime>2019-04-17 17:26:35 UTC</createdTime>
<ownerDesignName>ODEE_1262_Design</ownerDesignName>
</ColumnProxy>
<ColumnProxy name="VERSION" id="94D62756-7295-6744-A9E2-76255D64A15E">
<createdBy>calittle</createdBy>
<createdTime>2019-04-17 17:26:35 UTC</createdTime>
<ownerDesignName>ODEE_1262_Design</ownerDesignName>
</ColumnProxy>
<ColumnProxy name="DATE" id="9FF940D4-E100-6FF7-D405-DA509A6A9203">
<createdBy>calittle</createdBy>
<createdTime>2019-04-17 17:26:35 UTC</createdTime>
<ownerDesignName>ODEE_1262_Design</ownerDesignName>
</ColumnProxy>
<ColumnProxy name="MODE" id="AA73BBAB-CE33-F149-8935-126B1AAF8420">
<createdBy>calittle</createdBy>
<createdTime>2019-04-17 17:26:35 UTC</createdTime>
<ownerDesignName>ODEE_1262_Design</ownerDesignName>
</ColumnProxy>
<ColumnProxy name="FILENAME" id="B333A2D3-E88F-27CB-A54D-E5D2ECB7C7F4">
<createdBy>calittle</createdBy>
<createdTime>2019-04-17 17:26:35 UTC</createdTime>
<ownerDesignName>ODEE_1262_Design</ownerDesignName>
</ColumnProxy>
<ColumnProxy name="USERID" id="D54E3DBA-D8F5-D27A-6FA9-057BBC3C988C">
<createdBy>calittle</createdBy>
<createdTime>2019-04-17 17:26:35 UTC</createdTime>
<ownerDesignName>ODEE_1262_Design</ownerDesignName>
</ColumnProxy>
</columnProxies>
</TableProxyOraclev11g>