<?xml version = '1.0' encoding = 'UTF-8'?>
<TableProxyOraclev11g class="oracle.dbtools.crest.model.design.storage.oracle.v11g.TableProxyOraclev11g" name="ATTACHMENTS" directorySegmentName="seg_0" id="8CB3DE9F-49D0-D7FD-7F1D-74C319B99BF5">
<createdBy>calittle</createdBy>
<createdTime>2019-04-17 17:25:26 UTC</createdTime>
<ownerDesignName>ODEE_1262_Design</ownerDesignName>
<schemaObject>8FC895A7-E0A2-11C9-AE90-BEF4CA704C97</schemaObject>
<logging>YES</logging>
<partitionedRowMovement>DISABLE</partitionedRowMovement>
<segment>C8C5DB75-8387-101B-E298-3461B2B213FB</segment>
<tableSpace>B4FE7603-2423-0888-71C6-BC38EA367033</tableSpace>
<temporaryChanged>false</temporaryChanged>
<accessDriverType>oracle_loader</accessDriverType>
<rejectLimit></rejectLimit>
<indexProxies>
<IndexProxy class="oracle.dbtools.crest.model.design.storage.oracle.v10g.IndexProxyOraclev10g" name="PK_ATTACHMENTS" id="CB97608E-B870-2720-387F-7A1E834DA137">
<createdBy>calittle</createdBy>
<createdTime>2019-04-17 17:26:48 UTC</createdTime>
<ownerDesignName>ODEE_1262_Design</ownerDesignName>
<schemaObject>8FC895A7-E0A2-11C9-AE90-BEF4CA704C97</schemaObject>
<segment>40B3AC24-9CF5-8A2D-F82F-B2CD0FB5CAA2</segment>
<tableSpace>B4FE7603-2423-0888-71C6-BC38EA367033</tableSpace>
</IndexProxy>
</indexProxies>
<columnProxies itemClass="oracle.dbtools.crest.model.design.storage.oracle.v12c.ColumnProxyOraclev12c">
<ColumnProxy name="NAME2" id="13F0BB5B-6197-FE55-06DD-E501322A62D9">
<createdBy>calittle</createdBy>
<createdTime>2019-04-17 17:26:31 UTC</createdTime>
<ownerDesignName>ODEE_1262_Design</ownerDesignName>
</ColumnProxy>
<ColumnProxy name="UCMDATA" id="5400B9E8-AF09-84E8-FBD2-22755F04BDF1">
<createdBy>calittle</createdBy>
<createdTime>2019-04-17 17:26:31 UTC</createdTime>
<ownerDesignName>ODEE_1262_Design</ownerDesignName>
</ColumnProxy>
<ColumnProxy name="NAME1" id="5A481536-07FF-BC8E-2577-15F7FF44D426">
<createdBy>calittle</createdBy>
<createdTime>2019-04-17 17:26:31 UTC</createdTime>
<ownerDesignName>ODEE_1262_Design</ownerDesignName>
</ColumnProxy>
<ColumnProxy name="ID" id="73BBF605-EB5E-41F5-98AE-EB105AE54428">
<createdBy>calittle</createdBy>
<createdTime>2019-04-17 17:26:31 UTC</createdTime>
<ownerDesignName>ODEE_1262_Design</ownerDesignName>
</ColumnProxy>
<ColumnProxy name="TID" id="78F585E6-03C1-4FBA-63E2-48F757119354">
<createdBy>calittle</createdBy>
<createdTime>2019-04-17 17:26:31 UTC</createdTime>
<ownerDesignName>ODEE_1262_Design</ownerDesignName>
</ColumnProxy>
<ColumnProxy name="ATTACHTYPE" id="7F5635B9-3F64-4790-8D01-84829867AB22">
<createdBy>calittle</createdBy>
<createdTime>2019-04-17 17:26:31 UTC</createdTime>
<ownerDesignName>ODEE_1262_Design</ownerDesignName>
</ColumnProxy>
<ColumnProxy name="SEQ" id="902BCCBE-4FA6-AA27-3851-4DF37E39EFF3">
<createdBy>calittle</createdBy>
<createdTime>2019-04-17 17:26:31 UTC</createdTime>
<ownerDesignName>ODEE_1262_Design</ownerDesignName>
</ColumnProxy>
<ColumnProxy name="GROUP3" id="A6D78634-C248-A829-CC5C-34EA5EDEA009">
<createdBy>calittle</createdBy>
<createdTime>2019-04-17 17:26:31 UTC</createdTime>
<ownerDesignName>ODEE_1262_Design</ownerDesignName>
</ColumnProxy>
<ColumnProxy name="DESCRIPTION" id="A875814C-BB47-B5DE-9A50-171C41A5B9FA">
<createdBy>calittle</createdBy>
<createdTime>2019-04-17 17:26:31 UTC</createdTime>
<ownerDesignName>ODEE_1262_Design</ownerDesignName>
</ColumnProxy>
<ColumnProxy name="NAME" id="ACE670C8-BCA8-F2C3-77AF-764C75405989">
<createdBy>calittle</createdBy>
<createdTime>2019-04-17 17:26:31 UTC</createdTime>
<ownerDesignName>ODEE_1262_Design</ownerDesignName>
</ColumnProxy>
<ColumnProxy name="CREATION_TIMESTAMP" id="C4F4B336-46CB-7021-9BFF-A95252F71885">
<createdBy>calittle</createdBy>
<createdTime>2019-04-17 17:26:31 UTC</createdTime>
<ownerDesignName>ODEE_1262_Design</ownerDesignName>
</ColumnProxy>
</columnProxies>
<foreignKeys>
<ForeignKey class="oracle.dbtools.crest.model.design.storage.oracle.v10g.FKProxyOraclev10g" name="ATTACHMENTS_FK0" id="5E43AF3F-7942-C84A-4941-97B0F696EE5F">
<createdBy>calittle</createdBy>
<createdTime>2019-04-17 17:26:52 UTC</createdTime>
<ownerDesignName>ODEE_1262_Design</ownerDesignName>
</ForeignKey>
</foreignKeys>
<primaryKeys>
<PrimaryKey class="oracle.dbtools.crest.model.design.storage.oracle.v10g.PKProxyOraclev10g" name="PK_ATTACHMENTS" id="D76A4D04-D5D9-C085-871F-9D295D449822">
<createdBy>calittle</createdBy>
<createdTime>2019-04-17 17:26:50 UTC</createdTime>
<ownerDesignName>ODEE_1262_Design</ownerDesignName>
<segment>40B3AC24-9CF5-8A2D-F82F-B2CD0FB5CAA2</segment>
<tableSpace>B4FE7603-2423-0888-71C6-BC38EA367033</tableSpace>
<existingIndex>CB97608E-B870-2720-387F-7A1E834DA137</existingIndex>
<indexSegment>40B3AC24-9CF5-8A2D-F82F-B2CD0FB5CAA2</indexSegment>
<indexSort>SORTED</indexSort>
<usingIndex>BY INDEX NAME</usingIndex>
</PrimaryKey>
</primaryKeys>
</TableProxyOraclev11g>