<?xml version = '1.0' encoding = 'UTF-8'?>
<TableProxyOraclev11g class="oracle.dbtools.crest.model.design.storage.oracle.v11g.TableProxyOraclev11g" name="JOBS" directorySegmentName="seg_0" id="8CF87378-EC7F-E500-2762-0AAEB46C1332">
<createdBy>calittle</createdBy>
<createdTime>2019-04-17 17:25:50 UTC</createdTime>
<ownerDesignName>ODEE_1262_Design</ownerDesignName>
<schemaObject>8FC895A7-E0A2-11C9-AE90-BEF4CA704C97</schemaObject>
<logging>YES</logging>
<partitionedRowMovement>DISABLE</partitionedRowMovement>
<segment>4AC90395-2168-6C73-9206-B942356832F0</segment>
<tableSpace>B4FE7603-2423-0888-71C6-BC38EA367033</tableSpace>
<temporaryChanged>false</temporaryChanged>
<accessDriverType>oracle_loader</accessDriverType>
<rejectLimit></rejectLimit>
<indexProxies>
<IndexProxy class="oracle.dbtools.crest.model.design.storage.oracle.v10g.IndexProxyOraclev10g" name="JOBS_STATUS" id="06A5AD33-0D0D-73E2-4BB3-AEE44EA942D5">
<createdBy>calittle</createdBy>
<createdTime>2019-04-17 17:26:48 UTC</createdTime>
<ownerDesignName>ODEE_1262_Design</ownerDesignName>
<schemaObject>8FC895A7-E0A2-11C9-AE90-BEF4CA704C97</schemaObject>
<segment>D84742F2-9E68-6614-C6EF-D3B7EF628E78</segment>
<tableSpace>B4FE7603-2423-0888-71C6-BC38EA367033</tableSpace>
</IndexProxy>
<IndexProxy class="oracle.dbtools.crest.model.design.storage.oracle.v10g.IndexProxyOraclev10g" name="JOBS_BREAKDOWN_ANALYTIC" id="1E62BDB8-A03E-90C3-40DB-C1816725692C">
<createdBy>calittle</createdBy>
<createdTime>2019-04-17 17:26:48 UTC</createdTime>
<ownerDesignName>ODEE_1262_Design</ownerDesignName>
<schemaObject>8FC895A7-E0A2-11C9-AE90-BEF4CA704C97</schemaObject>
<segment>D84742F2-9E68-6614-C6EF-D3B7EF628E78</segment>
<tableSpace>B4FE7603-2423-0888-71C6-BC38EA367033</tableSpace>
</IndexProxy>
<IndexProxy class="oracle.dbtools.crest.model.design.storage.oracle.v10g.IndexProxyOraclev10g" name="JOBS_UNIQUE_ID" id="3728EC2B-48CE-E9C8-5CC5-11731AA6C04E">
<createdBy>calittle</createdBy>
<createdTime>2019-04-17 17:26:48 UTC</createdTime>
<ownerDesignName>ODEE_1262_Design</ownerDesignName>
<schemaObject>8FC895A7-E0A2-11C9-AE90-BEF4CA704C97</schemaObject>
<segment>D84742F2-9E68-6614-C6EF-D3B7EF628E78</segment>
<tableSpace>B4FE7603-2423-0888-71C6-BC38EA367033</tableSpace>
</IndexProxy>
<IndexProxy class="oracle.dbtools.crest.model.design.storage.oracle.v10g.IndexProxyOraclev10g" name="JOBS_PK" id="5F53BB2A-652F-AA28-D4C9-E34DE9582463">
<createdBy>calittle</createdBy>
<createdTime>2019-04-17 17:26:48 UTC</createdTime>
<ownerDesignName>ODEE_1262_Design</ownerDesignName>
<schemaObject>8FC895A7-E0A2-11C9-AE90-BEF4CA704C97</schemaObject>
<segment>D84742F2-9E68-6614-C6EF-D3B7EF628E78</segment>
<tableSpace>B4FE7603-2423-0888-71C6-BC38EA367033</tableSpace>
</IndexProxy>
<IndexProxy class="oracle.dbtools.crest.model.design.storage.oracle.v10g.IndexProxyOraclev10g" name="JOBS_PRIORITY" id="F7C96920-E636-B25B-7EA1-B37D42B93CA0">
<createdBy>calittle</createdBy>
<createdTime>2019-04-17 17:26:48 UTC</createdTime>
<ownerDesignName>ODEE_1262_Design</ownerDesignName>
<schemaObject>8FC895A7-E0A2-11C9-AE90-BEF4CA704C97</schemaObject>
<segment>D84742F2-9E68-6614-C6EF-D3B7EF628E78</segment>
<tableSpace>B4FE7603-2423-0888-71C6-BC38EA367033</tableSpace>
</IndexProxy>
</indexProxies>
<columnProxies itemClass="oracle.dbtools.crest.model.design.storage.oracle.v12c.ColumnProxyOraclev12c">
<ColumnProxy name="JOBUNIQUE_ID" id="0CA284C4-7CEC-D940-A8C3-8D8A788E6E93">
<createdBy>calittle</createdBy>
<createdTime>2019-04-17 17:26:38 UTC</createdTime>
<ownerDesignName>ODEE_1262_Design</ownerDesignName>
</ColumnProxy>
<ColumnProxy name="JOBATTACHMENTS" id="0CEE8DC6-E306-5BDE-020A-BBB47E4AA116">
<createdBy>calittle</createdBy>
<createdTime>2019-04-17 17:26:38 UTC</createdTime>
<ownerDesignName>ODEE_1262_Design</ownerDesignName>
</ColumnProxy>
<ColumnProxy name="JOBBCHTOTAL" id="148F9F4F-688C-EDBD-158E-E542773B36C7">
<createdBy>calittle</createdBy>
<createdTime>2019-04-17 17:26:38 UTC</createdTime>
<ownerDesignName>ODEE_1262_Design</ownerDesignName>
<defaultValue>0</defaultValue>
</ColumnProxy>
<ColumnProxy name="JOBTRNSCH" id="1963C0DC-9C98-630C-4A0E-E9B84ED6ED74">
<createdBy>calittle</createdBy>
<createdTime>2019-04-17 17:26:38 UTC</createdTime>
<ownerDesignName>ODEE_1262_Design</ownerDesignName>
<defaultValue>0</defaultValue>
</ColumnProxy>
<ColumnProxy name="JOBBCHERR" id="1A22D969-2823-D093-8CE8-90C8E58511A8">
<createdBy>calittle</createdBy>
<createdTime>2019-04-17 17:26:38 UTC</createdTime>
<ownerDesignName>ODEE_1262_Design</ownerDesignName>
<defaultValue>0</defaultValue>
</ColumnProxy>
<ColumnProxy name="JOB_ID" id="1C72A10E-E28D-ADB5-1BEA-B949F20BA780">
<createdBy>calittle</createdBy>
<createdTime>2019-04-17 17:26:38 UTC</createdTime>
<ownerDesignName>ODEE_1262_Design</ownerDesignName>
</ColumnProxy>
<ColumnProxy name="JOBNAME" id="1FF878A6-0506-3C62-5063-8D58BFD3C56E">
<createdBy>calittle</createdBy>
<createdTime>2019-04-17 17:26:38 UTC</createdTime>
<ownerDesignName>ODEE_1262_Design</ownerDesignName>
</ColumnProxy>
<ColumnProxy name="JOBRETENTION" id="21C819AD-57C5-1B36-61AD-D7B05DF32A2C">
<createdBy>calittle</createdBy>
<createdTime>2019-04-17 17:26:38 UTC</createdTime>
<ownerDesignName>ODEE_1262_Design</ownerDesignName>
</ColumnProxy>
<ColumnProxy name="JOBHISTORY" id="3236A4EA-3D5E-35A7-1882-60AE74BA7F31">
<createdBy>calittle</createdBy>
<createdTime>2019-04-17 17:26:38 UTC</createdTime>
<ownerDesignName>ODEE_1262_Design</ownerDesignName>
<defaultValue>1</defaultValue>
</ColumnProxy>
<ColumnProxy name="JOBRCPTOTAL" id="3941E7B2-58A5-DEC3-A4E3-762C65BB20E9">
<createdBy>calittle</createdBy>
<createdTime>2019-04-17 17:26:38 UTC</createdTime>
<ownerDesignName>ODEE_1262_Design</ownerDesignName>
<defaultValue>0</defaultValue>
</ColumnProxy>
<ColumnProxy name="JOBREPLYSENT" id="3D5CB58A-FE3C-A385-0DA7-A582F4CFC221">
<createdBy>calittle</createdBy>
<createdTime>2019-04-17 17:26:38 UTC</createdTime>
<ownerDesignName>ODEE_1262_Design</ownerDesignName>
<defaultValue>0</defaultValue>
</ColumnProxy>
<ColumnProxy name="JOBRETHOLD" id="4355CA90-B0BC-7EAA-29D8-B63674F6D938">
<createdBy>calittle</createdBy>
<createdTime>2019-04-17 17:26:38 UTC</createdTime>
<ownerDesignName>ODEE_1262_Design</ownerDesignName>
<defaultValue>0</defaultValue>
</ColumnProxy>
<ColumnProxy name="JOBREPLYSENTTIME" id="45EE1B32-7425-4822-2A1F-377277246357">
<createdBy>calittle</createdBy>
<createdTime>2019-04-17 17:26:38 UTC</createdTime>
<ownerDesignName>ODEE_1262_Design</ownerDesignName>
</ColumnProxy>
<ColumnProxy name="JOBENDTIME" id="4E88E6CB-8506-FE78-CAE4-64CFBD9EB6DC">
<createdBy>calittle</createdBy>
<createdTime>2019-04-17 17:26:38 UTC</createdTime>
<ownerDesignName>ODEE_1262_Design</ownerDesignName>
</ColumnProxy>
<ColumnProxy name="JOBBCHENDTIME" id="5928732F-F3B1-D75D-199B-42645761A53B">
<createdBy>calittle</createdBy>
<createdTime>2019-04-17 17:26:38 UTC</createdTime>
<ownerDesignName>ODEE_1262_Design</ownerDesignName>
</ColumnProxy>
<ColumnProxy name="JOBPAYLOADREF" id="5B7EA48B-95D8-470F-5BFA-B11B75F61019">
<createdBy>calittle</createdBy>
<createdTime>2019-04-17 17:26:38 UTC</createdTime>
<ownerDesignName>ODEE_1262_Design</ownerDesignName>
</ColumnProxy>
<ColumnProxy name="JOBTRNWIP" id="64DD64C5-5D63-A525-3B03-8D2A82035BBE">
<createdBy>calittle</createdBy>
<createdTime>2019-04-17 17:26:38 UTC</createdTime>
<ownerDesignName>ODEE_1262_Design</ownerDesignName>
<defaultValue>0</defaultValue>
</ColumnProxy>
<ColumnProxy name="JOBBCHSTARTTIME" id="6B24222D-A880-2B7A-840B-258AD2D4A352">
<createdBy>calittle</createdBy>
<createdTime>2019-04-17 17:26:38 UTC</createdTime>
<ownerDesignName>ODEE_1262_Design</ownerDesignName>
</ColumnProxy>
<ColumnProxy name="JOBBCHSCH" id="6EB1615E-399A-5351-1CDA-4F09B71C7AB3">
<createdBy>calittle</createdBy>
<createdTime>2019-04-17 17:26:38 UTC</createdTime>
<ownerDesignName>ODEE_1262_Design</ownerDesignName>
<defaultValue>0</defaultValue>
</ColumnProxy>
<ColumnProxy name="JOBRCPERR" id="7402C1A0-F73D-674B-0C9D-607677F8982A">
<createdBy>calittle</createdBy>
<createdTime>2019-04-17 17:26:38 UTC</createdTime>
<ownerDesignName>ODEE_1262_Design</ownerDesignName>
<defaultValue>0</defaultValue>
</ColumnProxy>
<ColumnProxy name="JOBPAYLOADXML" id="837E42B4-CC45-B059-67F8-6A373D9ECF76">
<createdBy>calittle</createdBy>
<createdTime>2019-04-17 17:26:38 UTC</createdTime>
<ownerDesignName>ODEE_1262_Design</ownerDesignName>
<cache>NOCACHE</cache>
<storeAs>CLOB</storeAs>
</ColumnProxy>
<ColumnProxy name="JOBREPLYTOURI" id="8A73F231-0073-B637-257E-2B164DB0D1BB">
<createdBy>calittle</createdBy>
<createdTime>2019-04-17 17:26:38 UTC</createdTime>
<ownerDesignName>ODEE_1262_Design</ownerDesignName>
</ColumnProxy>
<ColumnProxy name="JOBTRNERR" id="9609108B-1D2F-9976-25E5-81A1B73C4042">
<createdBy>calittle</createdBy>
<createdTime>2019-04-17 17:26:38 UTC</createdTime>
<ownerDesignName>ODEE_1262_Design</ownerDesignName>
<defaultValue>0</defaultValue>
</ColumnProxy>
<ColumnProxy name="JOBPAYLOADBLOB" id="9F381E28-1753-C7C2-D36E-4354C3AEA958">
<createdBy>calittle</createdBy>
<createdTime>2019-04-17 17:26:38 UTC</createdTime>
<ownerDesignName>ODEE_1262_Design</ownerDesignName>
</ColumnProxy>
<ColumnProxy name="JOBPRIORITY" id="9F59AB72-9BE9-3E0B-2F6F-342D1BECABA8">
<createdBy>calittle</createdBy>
<createdTime>2019-04-17 17:26:38 UTC</createdTime>
<ownerDesignName>ODEE_1262_Design</ownerDesignName>
<defaultValue>10</defaultValue>
</ColumnProxy>
<ColumnProxy name="JOBRCPSCH" id="B7A27504-2235-243D-B0A6-E36F5A0EE0E4">
<createdBy>calittle</createdBy>
<createdTime>2019-04-17 17:26:38 UTC</createdTime>
<ownerDesignName>ODEE_1262_Design</ownerDesignName>
<defaultValue>0</defaultValue>
</ColumnProxy>
<ColumnProxy name="JOBTRNENDTIME" id="BB69E62E-AAF3-24BF-DDE1-064342BAD09A">
<createdBy>calittle</createdBy>
<createdTime>2019-04-17 17:26:38 UTC</createdTime>
<ownerDesignName>ODEE_1262_Design</ownerDesignName>
</ColumnProxy>
<ColumnProxy name="JOBRCPPROC" id="C0240EF6-FD22-4F10-5392-A4E94A9A420E">
<createdBy>calittle</createdBy>
<createdTime>2019-04-17 17:26:38 UTC</createdTime>
<ownerDesignName>ODEE_1262_Design</ownerDesignName>
<defaultValue>0</defaultValue>
</ColumnProxy>
<ColumnProxy name="JOBTRNTOTAL" id="C32F5B3C-C2C1-4231-480A-B6EE1B9B4901">
<createdBy>calittle</createdBy>
<createdTime>2019-04-17 17:26:38 UTC</createdTime>
<ownerDesignName>ODEE_1262_Design</ownerDesignName>
<defaultValue>0</defaultValue>
</ColumnProxy>
<ColumnProxy name="JOBSTATUS" id="CCCC015F-B4CF-7B95-14B2-5B200C7F0E14">
<createdBy>calittle</createdBy>
<createdTime>2019-04-17 17:26:38 UTC</createdTime>
<ownerDesignName>ODEE_1262_Design</ownerDesignName>
<defaultValue>0</defaultValue>
</ColumnProxy>
<ColumnProxy name="JOBTRNSTARTTIME" id="CEB906B4-F141-0DF7-9FE3-340B5F345FB0">
<createdBy>calittle</createdBy>
<createdTime>2019-04-17 17:26:38 UTC</createdTime>
<ownerDesignName>ODEE_1262_Design</ownerDesignName>
</ColumnProxy>
<ColumnProxy name="JOBPRTLOGNAME" id="D0084F86-CD43-E51B-2B1E-A11EC78755C7">
<createdBy>calittle</createdBy>
<createdTime>2019-04-17 17:26:38 UTC</createdTime>
<ownerDesignName>ODEE_1262_Design</ownerDesignName>
</ColumnProxy>
<ColumnProxy name="JOBPAYLOADTYPE" id="D5D76AE3-2013-C18F-EE3C-2A14E3DFCE6E">
<createdBy>calittle</createdBy>
<createdTime>2019-04-17 17:26:38 UTC</createdTime>
<ownerDesignName>ODEE_1262_Design</ownerDesignName>
<defaultValue>0</defaultValue>
</ColumnProxy>
<ColumnProxy name="JOBTRNPROC" id="D6B598DA-B67F-B501-6B2C-3FF9126049A0">
<createdBy>calittle</createdBy>
<createdTime>2019-04-17 17:26:38 UTC</createdTime>
<ownerDesignName>ODEE_1262_Design</ownerDesignName>
<defaultValue>0</defaultValue>
</ColumnProxy>
<ColumnProxy name="JOBHISTORICAL" id="D9CBD46D-A3BD-390F-5573-C49D3D811E54">
<createdBy>calittle</createdBy>
<createdTime>2019-04-17 17:26:38 UTC</createdTime>
<ownerDesignName>ODEE_1262_Design</ownerDesignName>
<defaultValue>0</defaultValue>
</ColumnProxy>
<ColumnProxy name="JOBRCPSTARTTIME" id="E679E156-9316-5942-87B6-D7B118D7597D">
<createdBy>calittle</createdBy>
<createdTime>2019-04-17 17:26:38 UTC</createdTime>
<ownerDesignName>ODEE_1262_Design</ownerDesignName>
</ColumnProxy>
<ColumnProxy name="JOBERR_ID" id="E86CD833-DBEE-EA3D-64E8-A84A240DF5FA">
<createdBy>calittle</createdBy>
<createdTime>2019-04-17 17:26:38 UTC</createdTime>
<ownerDesignName>ODEE_1262_Design</ownerDesignName>
</ColumnProxy>
<ColumnProxy name="JOBRCPENDTIME" id="EA01D398-DC52-579E-7F18-9B13A8C00C67">
<createdBy>calittle</createdBy>
<createdTime>2019-04-17 17:26:38 UTC</createdTime>
<ownerDesignName>ODEE_1262_Design</ownerDesignName>
</ColumnProxy>
<ColumnProxy name="JOBSTARTTIME" id="F1D043D9-BF2C-013B-CCB5-E17E3690E53D">
<createdBy>calittle</createdBy>
<createdTime>2019-04-17 17:26:38 UTC</createdTime>
<ownerDesignName>ODEE_1262_Design</ownerDesignName>
</ColumnProxy>
<ColumnProxy name="JOBBCHPROC" id="FDA9E7AF-E289-804F-578E-B704AE6FE90E">
<createdBy>calittle</createdBy>
<createdTime>2019-04-17 17:26:38 UTC</createdTime>
<ownerDesignName>ODEE_1262_Design</ownerDesignName>
<defaultValue>0</defaultValue>
</ColumnProxy>
</columnProxies>
<lobStorages>
<LobStorage class="oracle.dbtools.crest.model.design.storage.oracle.v11g.LobStorageOraclev11g" name="SYS_LOB0000140002C00009$$" id="E967C24D-059A-0D77-7D92-60DBBFC4337F">
<createdBy>calittle</createdBy>
<createdTime>2019-04-17 17:26:52 UTC</createdTime>
<ownerDesignName>ODEE_1262_Design</ownerDesignName>
<cache>NOCACHE</cache>
<chunk>8192</chunk>
<column>JOBPAYLOADBLOB</column>
<compression>NO</compression>
<duplication>KEEP_DUPLICATES</duplication>
<logging>FILESYSTEM_LIKE_LOGGING</logging>
<tableSpace>B4FE7603-2423-0888-71C6-BC38EA367033</tableSpace>
<lobStorageType>SECUREFILE</lobStorageType>
</LobStorage>
<LobStorage class="oracle.dbtools.crest.model.design.storage.oracle.v11g.LobStorageOraclev11g" name="SYS_LOB0000140002C00012$$" id="2E87B81F-C58C-103D-B131-3DFAC2A7E1E8">
<createdBy>calittle</createdBy>
<createdTime>2019-04-17 17:26:52 UTC</createdTime>
<ownerDesignName>ODEE_1262_Design</ownerDesignName>
<cache>NOCACHE</cache>
<chunk>8192</chunk>
<column>JOBATTACHMENTS</column>
<compression>NO</compression>
<duplication>KEEP_DUPLICATES</duplication>
<logging>FILESYSTEM_LIKE_LOGGING</logging>
<tableSpace>B4FE7603-2423-0888-71C6-BC38EA367033</tableSpace>
<lobStorageType>SECUREFILE</lobStorageType>
</LobStorage>
</lobStorages>
<primaryKeys>
<PrimaryKey class="oracle.dbtools.crest.model.design.storage.oracle.v10g.PKProxyOraclev10g" name="JOBS_PK" id="39AE6EFB-7C27-ED43-6936-35782E75780D">
<createdBy>calittle</createdBy>
<createdTime>2019-04-17 17:26:50 UTC</createdTime>
<ownerDesignName>ODEE_1262_Design</ownerDesignName>
<segment>D84742F2-9E68-6614-C6EF-D3B7EF628E78</segment>
<tableSpace>B4FE7603-2423-0888-71C6-BC38EA367033</tableSpace>
<existingIndex>5F53BB2A-652F-AA28-D4C9-E34DE9582463</existingIndex>
<indexSegment>D84742F2-9E68-6614-C6EF-D3B7EF628E78</indexSegment>
<indexSort>SORTED</indexSort>
<usingIndex>BY INDEX NAME</usingIndex>
</PrimaryKey>
</primaryKeys>
<uniqueKeys>
<UniqueKey class="oracle.dbtools.crest.model.design.storage.oracle.v10g.UniqueOraclev10g" name="JOBS_UNIQUE_ID" id="1695C61C-2CA4-8F89-6331-ADA7D93366F9">
<createdBy>calittle</createdBy>
<createdTime>2019-04-17 17:26:50 UTC</createdTime>
<ownerDesignName>ODEE_1262_Design</ownerDesignName>
<segment>D84742F2-9E68-6614-C6EF-D3B7EF628E78</segment>
<tableSpace>B4FE7603-2423-0888-71C6-BC38EA367033</tableSpace>
<existingIndex>3728EC2B-48CE-E9C8-5CC5-11731AA6C04E</existingIndex>
<indexSegment>D84742F2-9E68-6614-C6EF-D3B7EF628E78</indexSegment>
<indexSort>SORTED</indexSort>
<usingIndex>BY INDEX NAME</usingIndex>
</UniqueKey>
</uniqueKeys>
</TableProxyOraclev11g>