<?xml version = '1.0' encoding = 'UTF-8'?>
<TableProxyOraclev11g class="oracle.dbtools.crest.model.design.storage.oracle.v11g.TableProxyOraclev11g" name="DMKR_ENTITIES" directorySegmentName="seg_0" id="9156A969-1D96-D2F4-28DB-D24001887235">
<createdBy>calittle</createdBy>
<createdTime>2019-04-17 17:25:08 UTC</createdTime>
<ownerDesignName>ODEE_1262_Design</ownerDesignName>
<schemaObject>0323F05B-A91A-E5F5-C386-B3516E1DFCEB</schemaObject>
<logging>YES</logging>
<partitionedRowMovement>DISABLE</partitionedRowMovement>
<segment>4AC90395-2168-6C73-9206-B942356832F0</segment>
<tableSpace>DF7AC7A0-6C81-FCE6-836E-6026E18400F7</tableSpace>
<temporaryChanged>false</temporaryChanged>
<accessDriverType>oracle_loader</accessDriverType>
<rejectLimit></rejectLimit>
<indexProxies>
<IndexProxy class="oracle.dbtools.crest.model.design.storage.oracle.v10g.IndexProxyOraclev10g" name="DMKR_ENTITIES_PK" id="2521D1E2-9FCD-EBE9-E4B3-B60296C49AD6">
<createdBy>calittle</createdBy>
<createdTime>2019-04-17 17:26:48 UTC</createdTime>
<ownerDesignName>ODEE_1262_Design</ownerDesignName>
<schemaObject>0323F05B-A91A-E5F5-C386-B3516E1DFCEB</schemaObject>
<segment>D84742F2-9E68-6614-C6EF-D3B7EF628E78</segment>
<tableSpace>DF7AC7A0-6C81-FCE6-836E-6026E18400F7</tableSpace>
</IndexProxy>
<IndexProxy class="oracle.dbtools.crest.model.design.storage.oracle.v10g.IndexProxyOraclev10g" name="DMKR_ENTITIES_REPONAME_INDEX" id="50FD4837-5E6A-9FF3-6524-40349A2971CA">
<createdBy>calittle</createdBy>
<createdTime>2019-04-17 17:26:48 UTC</createdTime>
<ownerDesignName>ODEE_1262_Design</ownerDesignName>
<schemaObject>0323F05B-A91A-E5F5-C386-B3516E1DFCEB</schemaObject>
<logging>NO</logging>
<segment>D84742F2-9E68-6614-C6EF-D3B7EF628E78</segment>
<tableSpace>DF7AC7A0-6C81-FCE6-836E-6026E18400F7</tableSpace>
</IndexProxy>
</indexProxies>
<columnProxies itemClass="oracle.dbtools.crest.model.design.storage.oracle.v12c.ColumnProxyOraclev12c">
<ColumnProxy name="ENTITYTYPE" id="0286AEAB-F9CE-E424-A0D9-3986B02B831B">
<createdBy>calittle</createdBy>
<createdTime>2019-04-17 17:26:24 UTC</createdTime>
<ownerDesignName>ODEE_1262_Design</ownerDesignName>
</ColumnProxy>
<ColumnProxy name="REPOSITORYNAME" id="51F116A0-D7B6-C5A0-CCFD-2DEB4BA1D37A">
<createdBy>calittle</createdBy>
<createdTime>2019-04-17 17:26:24 UTC</createdTime>
<ownerDesignName>ODEE_1262_Design</ownerDesignName>
</ColumnProxy>
<ColumnProxy name="BUSINESS_COUNTRY" id="747AA860-0B28-1989-F3C1-C43AF0877E2C">
<createdBy>calittle</createdBy>
<createdTime>2019-04-17 17:26:24 UTC</createdTime>
<ownerDesignName>ODEE_1262_Design</ownerDesignName>
</ColumnProxy>
<ColumnProxy name="BUSINESS_STATE" id="755FB682-A803-CD97-ACB2-3CF03A0E5870">
<createdBy>calittle</createdBy>
<createdTime>2019-04-17 17:26:24 UTC</createdTime>
<ownerDesignName>ODEE_1262_Design</ownerDesignName>
</ColumnProxy>
<ColumnProxy name="NAME" id="7A0AB5DD-7F59-870F-BAB4-8CCB14B13B3A">
<createdBy>calittle</createdBy>
<createdTime>2019-04-17 17:26:24 UTC</createdTime>
<ownerDesignName>ODEE_1262_Design</ownerDesignName>
</ColumnProxy>
<ColumnProxy name="BUSINESS_PHONE" id="A5B2F02A-53D6-B1A6-6AC0-ACB501D95CE5">
<createdBy>calittle</createdBy>
<createdTime>2019-04-17 17:26:24 UTC</createdTime>
<ownerDesignName>ODEE_1262_Design</ownerDesignName>
</ColumnProxy>
<ColumnProxy name="MANAGER" id="AA5D2112-833B-A633-F118-11C66097F327">
<createdBy>calittle</createdBy>
<createdTime>2019-04-17 17:26:24 UTC</createdTime>
<ownerDesignName>ODEE_1262_Design</ownerDesignName>
</ColumnProxy>
<ColumnProxy name="LAST_UPDATE" id="ABB268D3-A5A0-43C6-C13A-D6F7E55B8A4B">
<createdBy>calittle</createdBy>
<createdTime>2019-04-17 17:26:24 UTC</createdTime>
<ownerDesignName>ODEE_1262_Design</ownerDesignName>
</ColumnProxy>
<ColumnProxy name="DISPLAYNAME" id="B1D7499C-18DC-7DB2-7F2A-5629A192C98B">
<createdBy>calittle</createdBy>
<createdTime>2019-04-17 17:26:24 UTC</createdTime>
<ownerDesignName>ODEE_1262_Design</ownerDesignName>
</ColumnProxy>
<ColumnProxy name="BUSINESS_EMAIL" id="C202D9EF-043E-C0D9-8172-F382D72205BB">
<createdBy>calittle</createdBy>
<createdTime>2019-04-17 17:26:24 UTC</createdTime>
<ownerDesignName>ODEE_1262_Design</ownerDesignName>
</ColumnProxy>
<ColumnProxy name="ACTIVE" id="C665CA4F-9822-176E-D8D5-537EBA5D9677">
<createdBy>calittle</createdBy>
<createdTime>2019-04-17 17:26:24 UTC</createdTime>
<ownerDesignName>ODEE_1262_Design</ownerDesignName>
<defaultValue>1</defaultValue>
</ColumnProxy>
<ColumnProxy name="BUSINESS_CITY" id="D400E6BE-9807-FC68-1BE5-83675BD89761">
<createdBy>calittle</createdBy>
<createdTime>2019-04-17 17:26:24 UTC</createdTime>
<ownerDesignName>ODEE_1262_Design</ownerDesignName>
</ColumnProxy>
<ColumnProxy name="ID" id="E186C16D-6B63-B1CD-0962-6F3D80812D52">
<createdBy>calittle</createdBy>
<createdTime>2019-04-17 17:26:24 UTC</createdTime>
<ownerDesignName>ODEE_1262_Design</ownerDesignName>
</ColumnProxy>
<ColumnProxy name="TITLE" id="E3C847C6-0403-36CA-CCFE-F0461C6DEC33">
<createdBy>calittle</createdBy>
<createdTime>2019-04-17 17:26:24 UTC</createdTime>
<ownerDesignName>ODEE_1262_Design</ownerDesignName>
</ColumnProxy>
</columnProxies>
<primaryKeys>
<PrimaryKey class="oracle.dbtools.crest.model.design.storage.oracle.v10g.PKProxyOraclev10g" name="DMKR_ENTITIES_PK" id="2EFE40AC-C5BD-5E52-9AD1-E1FC37B79FCD">
<createdBy>calittle</createdBy>
<createdTime>2019-04-17 17:26:50 UTC</createdTime>
<ownerDesignName>ODEE_1262_Design</ownerDesignName>
<segment>D84742F2-9E68-6614-C6EF-D3B7EF628E78</segment>
<tableSpace>DF7AC7A0-6C81-FCE6-836E-6026E18400F7</tableSpace>
<existingIndex>2521D1E2-9FCD-EBE9-E4B3-B60296C49AD6</existingIndex>
<indexSegment>D84742F2-9E68-6614-C6EF-D3B7EF628E78</indexSegment>
<indexSort>SORTED</indexSort>
<usingIndex>BY INDEX NAME</usingIndex>
</PrimaryKey>
</primaryKeys>
</TableProxyOraclev11g>