<?xml version = '1.0' encoding = 'UTF-8'?>
<TableProxyOraclev11g class="oracle.dbtools.crest.model.design.storage.oracle.v11g.TableProxyOraclev11g" name="ALCONFIGCONTEXT" directorySegmentName="seg_0" id="924B5EE5-C7B9-58C9-0B16-7DC096D58A79">
<createdBy>calittle</createdBy>
<createdTime>2019-04-17 17:24:53 UTC</createdTime>
<ownerDesignName>ODEE_1262_Design</ownerDesignName>
<schemaObject>0323F05B-A91A-E5F5-C386-B3516E1DFCEB</schemaObject>
<logging>YES</logging>
<partitionedRowMovement>DISABLE</partitionedRowMovement>
<segment>4AC90395-2168-6C73-9206-B942356832F0</segment>
<tableSpace>DF7AC7A0-6C81-FCE6-836E-6026E18400F7</tableSpace>
<temporaryChanged>false</temporaryChanged>
<accessDriverType>oracle_loader</accessDriverType>
<rejectLimit></rejectLimit>
<indexProxies>
<IndexProxy class="oracle.dbtools.crest.model.design.storage.oracle.v10g.IndexProxyOraclev10g" name="ALCFG_IDX5" id="1E46DC54-7A83-2754-FA2F-EF9AAA6A20EF">
<createdBy>calittle</createdBy>
<createdTime>2019-04-17 17:26:48 UTC</createdTime>
<ownerDesignName>ODEE_1262_Design</ownerDesignName>
<schemaObject>0323F05B-A91A-E5F5-C386-B3516E1DFCEB</schemaObject>
<segment>D84742F2-9E68-6614-C6EF-D3B7EF628E78</segment>
<tableSpace>DF7AC7A0-6C81-FCE6-836E-6026E18400F7</tableSpace>
</IndexProxy>
<IndexProxy class="oracle.dbtools.crest.model.design.storage.oracle.v10g.IndexProxyOraclev10g" name="ALCFG_IDX1" id="5910EADE-C7EE-8E54-21D1-CA9A60CF08E6">
<createdBy>calittle</createdBy>
<createdTime>2019-04-17 17:26:48 UTC</createdTime>
<ownerDesignName>ODEE_1262_Design</ownerDesignName>
<schemaObject>0323F05B-A91A-E5F5-C386-B3516E1DFCEB</schemaObject>
<segment>D84742F2-9E68-6614-C6EF-D3B7EF628E78</segment>
<tableSpace>DF7AC7A0-6C81-FCE6-836E-6026E18400F7</tableSpace>
</IndexProxy>
<IndexProxy class="oracle.dbtools.crest.model.design.storage.oracle.v10g.IndexProxyOraclev10g" name="ALCFGCTX_PK" id="7158576C-1FB4-5066-FB1C-02BF66BFDB7C">
<createdBy>calittle</createdBy>
<createdTime>2019-04-17 17:26:48 UTC</createdTime>
<ownerDesignName>ODEE_1262_Design</ownerDesignName>
<schemaObject>0323F05B-A91A-E5F5-C386-B3516E1DFCEB</schemaObject>
<segment>D84742F2-9E68-6614-C6EF-D3B7EF628E78</segment>
<tableSpace>DF7AC7A0-6C81-FCE6-836E-6026E18400F7</tableSpace>
</IndexProxy>
<IndexProxy class="oracle.dbtools.crest.model.design.storage.oracle.v10g.IndexProxyOraclev10g" name="ALCFG_IDX4" id="AE62E3CC-9749-143C-4CB4-6881A95CE5F5">
<createdBy>calittle</createdBy>
<createdTime>2019-04-17 17:26:48 UTC</createdTime>
<ownerDesignName>ODEE_1262_Design</ownerDesignName>
<schemaObject>0323F05B-A91A-E5F5-C386-B3516E1DFCEB</schemaObject>
<segment>D84742F2-9E68-6614-C6EF-D3B7EF628E78</segment>
<tableSpace>DF7AC7A0-6C81-FCE6-836E-6026E18400F7</tableSpace>
</IndexProxy>
<IndexProxy class="oracle.dbtools.crest.model.design.storage.oracle.v10g.IndexProxyOraclev10g" name="ALCFG_IDX3" id="AF8C7D63-DADA-2088-8A1D-91EDC73755CA">
<createdBy>calittle</createdBy>
<createdTime>2019-04-17 17:26:48 UTC</createdTime>
<ownerDesignName>ODEE_1262_Design</ownerDesignName>
<schemaObject>0323F05B-A91A-E5F5-C386-B3516E1DFCEB</schemaObject>
<segment>D84742F2-9E68-6614-C6EF-D3B7EF628E78</segment>
<tableSpace>DF7AC7A0-6C81-FCE6-836E-6026E18400F7</tableSpace>
</IndexProxy>
<IndexProxy class="oracle.dbtools.crest.model.design.storage.oracle.v10g.IndexProxyOraclev10g" name="ALCFG_IDX2" id="C6E069C7-D4E0-1794-081E-BE2015F820B7">
<createdBy>calittle</createdBy>
<createdTime>2019-04-17 17:26:48 UTC</createdTime>
<ownerDesignName>ODEE_1262_Design</ownerDesignName>
<schemaObject>0323F05B-A91A-E5F5-C386-B3516E1DFCEB</schemaObject>
<segment>D84742F2-9E68-6614-C6EF-D3B7EF628E78</segment>
<tableSpace>DF7AC7A0-6C81-FCE6-836E-6026E18400F7</tableSpace>
</IndexProxy>
</indexProxies>
<columnProxies itemClass="oracle.dbtools.crest.model.design.storage.oracle.v12c.ColumnProxyOraclev12c">
<ColumnProxy name="NOTES" id="06092605-E57C-3F4D-5C01-4C514E0B80E8">
<createdBy>calittle</createdBy>
<createdTime>2019-04-17 17:26:20 UTC</createdTime>
<ownerDesignName>ODEE_1262_Design</ownerDesignName>
</ColumnProxy>
<ColumnProxy name="USERTAG1" id="0A7B28B7-D553-5086-DC3E-9AAE08FD3104">
<createdBy>calittle</createdBy>
<createdTime>2019-04-17 17:26:20 UTC</createdTime>
<ownerDesignName>ODEE_1262_Design</ownerDesignName>
</ColumnProxy>
<ColumnProxy name="USER_ID" id="117A60C8-1AED-A6E5-3470-18E91DC41D21">
<createdBy>calittle</createdBy>
<createdTime>2019-04-17 17:26:20 UTC</createdTime>
<ownerDesignName>ODEE_1262_Design</ownerDesignName>
</ColumnProxy>
<ColumnProxy name="CATEGORY" id="1AEF11BF-CB32-DBD3-4E51-2368E9AD3ED4">
<createdBy>calittle</createdBy>
<createdTime>2019-04-17 17:26:20 UTC</createdTime>
<ownerDesignName>ODEE_1262_Design</ownerDesignName>
</ColumnProxy>
<ColumnProxy name="CREATETIME" id="23350817-3C69-3E08-8545-3EDE96BD84B3">
<createdBy>calittle</createdBy>
<createdTime>2019-04-17 17:26:20 UTC</createdTime>
<ownerDesignName>ODEE_1262_Design</ownerDesignName>
</ColumnProxy>
<ColumnProxy name="VALUE" id="2A50401B-2186-5CA4-03C3-DC33DF17D784">
<createdBy>calittle</createdBy>
<createdTime>2019-04-17 17:26:20 UTC</createdTime>
<ownerDesignName>ODEE_1262_Design</ownerDesignName>
</ColumnProxy>
<ColumnProxy name="CONTEXT_NAME" id="2CEB6A33-45C6-5BC6-9B88-808220DD0ADD">
<createdBy>calittle</createdBy>
<createdTime>2019-04-17 17:26:20 UTC</createdTime>
<ownerDesignName>ODEE_1262_Design</ownerDesignName>
</ColumnProxy>
<ColumnProxy name="CTX_ID" id="2F1B6201-9799-8745-DC22-7A05B927CF84">
<createdBy>calittle</createdBy>
<createdTime>2019-04-17 17:26:20 UTC</createdTime>
<ownerDesignName>ODEE_1262_Design</ownerDesignName>
</ColumnProxy>
<ColumnProxy name="GROUP_NAME" id="34C1F83B-EBC8-1136-DFA6-3BD7F1C19AF2">
<createdBy>calittle</createdBy>
<createdTime>2019-04-17 17:26:20 UTC</createdTime>
<ownerDesignName>ODEE_1262_Design</ownerDesignName>
</ColumnProxy>
<ColumnProxy name="IS_SECRET" id="5018299D-482F-8547-D9A6-22D54E3070BB">
<createdBy>calittle</createdBy>
<createdTime>2019-04-17 17:26:20 UTC</createdTime>
<ownerDesignName>ODEE_1262_Design</ownerDesignName>
<defaultValue>0</defaultValue>
</ColumnProxy>
<ColumnProxy name="PROPERTY" id="5D69856D-B71C-8838-CFC3-077DB9716DAE">
<createdBy>calittle</createdBy>
<createdTime>2019-04-17 17:26:20 UTC</createdTime>
<ownerDesignName>ODEE_1262_Design</ownerDesignName>
</ColumnProxy>
<ColumnProxy name="USER_NAME" id="81770D33-10EC-3988-305F-761721A554A9">
<createdBy>calittle</createdBy>
<createdTime>2019-04-17 17:26:20 UTC</createdTime>
<ownerDesignName>ODEE_1262_Design</ownerDesignName>
</ColumnProxy>
<ColumnProxy name="IS_ENCRYPT" id="88805E39-1E37-E8F7-E5EE-D42F74EBA808">
<createdBy>calittle</createdBy>
<createdTime>2019-04-17 17:26:20 UTC</createdTime>
<ownerDesignName>ODEE_1262_Design</ownerDesignName>
<defaultValue>0</defaultValue>
</ColumnProxy>
<ColumnProxy name="SYS_ID" id="8AC8E3EE-8CA0-FFCB-A570-E3C8BE64C469">
<createdBy>calittle</createdBy>
<createdTime>2019-04-17 17:26:20 UTC</createdTime>
<ownerDesignName>ODEE_1262_Design</ownerDesignName>
</ColumnProxy>
<ColumnProxy name="MODIFYTIME" id="8BEA8BE4-3C4F-F99E-EA09-A77A59492F68">
<createdBy>calittle</createdBy>
<createdTime>2019-04-17 17:26:20 UTC</createdTime>
<ownerDesignName>ODEE_1262_Design</ownerDesignName>
</ColumnProxy>
<ColumnProxy name="GROUPSEQ" id="911F0775-7012-3538-A7E5-79F47B398179">
<createdBy>calittle</createdBy>
<createdTime>2019-04-17 17:26:20 UTC</createdTime>
<ownerDesignName>ODEE_1262_Design</ownerDesignName>
<defaultValue>1</defaultValue>
</ColumnProxy>
<ColumnProxy name="AL_ID" id="9C683ACC-D87E-0A82-FA9E-324A6AC8A0DD">
<createdBy>calittle</createdBy>
<createdTime>2019-04-17 17:26:20 UTC</createdTime>
<ownerDesignName>ODEE_1262_Design</ownerDesignName>
</ColumnProxy>
<ColumnProxy name="VALUE_REF" id="A81888B2-AD3E-5F8C-9ADB-36A2FA16D5A7">
<createdBy>calittle</createdBy>
<createdTime>2019-04-17 17:26:20 UTC</createdTime>
<ownerDesignName>ODEE_1262_Design</ownerDesignName>
</ColumnProxy>
<ColumnProxy name="VALUE_TYPE" id="BE8CFE05-8E60-D60E-2E6C-92D24FE8036E">
<createdBy>calittle</createdBy>
<createdTime>2019-04-17 17:26:20 UTC</createdTime>
<ownerDesignName>ODEE_1262_Design</ownerDesignName>
<defaultValue>0</defaultValue>
</ColumnProxy>
<ColumnProxy name="ACTIVE" id="D61FAFEE-A7B0-AB3D-EE13-7382DEEA7FCE">
<createdBy>calittle</createdBy>
<createdTime>2019-04-17 17:26:20 UTC</createdTime>
<ownerDesignName>ODEE_1262_Design</ownerDesignName>
<defaultValue>1</defaultValue>
</ColumnProxy>
</columnProxies>
<foreignKeys>
<ForeignKey class="oracle.dbtools.crest.model.design.storage.oracle.v10g.FKProxyOraclev10g" name="ALS_ALCFGCTX" id="BFF123FF-A2E3-8202-AB30-5067C3EA9DEC">
<createdBy>calittle</createdBy>
<createdTime>2019-04-17 17:26:52 UTC</createdTime>
<ownerDesignName>ODEE_1262_Design</ownerDesignName>
</ForeignKey>
</foreignKeys>
<primaryKeys>
<PrimaryKey class="oracle.dbtools.crest.model.design.storage.oracle.v10g.PKProxyOraclev10g" name="ALCFGCTX_PK" id="444FE54A-282F-BFBA-1632-FDF5057E6DDA">
<createdBy>calittle</createdBy>
<createdTime>2019-04-17 17:26:49 UTC</createdTime>
<ownerDesignName>ODEE_1262_Design</ownerDesignName>
<segment>D84742F2-9E68-6614-C6EF-D3B7EF628E78</segment>
<tableSpace>DF7AC7A0-6C81-FCE6-836E-6026E18400F7</tableSpace>
<existingIndex>7158576C-1FB4-5066-FB1C-02BF66BFDB7C</existingIndex>
<indexSegment>D84742F2-9E68-6614-C6EF-D3B7EF628E78</indexSegment>
<indexSort>SORTED</indexSort>
<usingIndex>BY INDEX NAME</usingIndex>
</PrimaryKey>
</primaryKeys>
</TableProxyOraclev11g>