<?xml version = '1.0' encoding = 'UTF-8'?>
<TableProxyOraclev11g class="oracle.dbtools.crest.model.design.storage.oracle.v11g.TableProxyOraclev11g" name="BCHINGS" directorySegmentName="seg_0" id="935AEA45-FB1C-2DF6-3662-5E361F83B476">
<createdBy>calittle</createdBy>
<createdTime>2019-04-17 17:25:27 UTC</createdTime>
<ownerDesignName>ODEE_1262_Design</ownerDesignName>
<schemaObject>8FC895A7-E0A2-11C9-AE90-BEF4CA704C97</schemaObject>
<logging>YES</logging>
<partitionedRowMovement>DISABLE</partitionedRowMovement>
<segment>4AC90395-2168-6C73-9206-B942356832F0</segment>
<tableSpace>B4FE7603-2423-0888-71C6-BC38EA367033</tableSpace>
<temporaryChanged>false</temporaryChanged>
<accessDriverType>oracle_loader</accessDriverType>
<rejectLimit></rejectLimit>
<indexProxies>
<IndexProxy class="oracle.dbtools.crest.model.design.storage.oracle.v10g.IndexProxyOraclev10g" name="BCHINGS_PK" id="62E97933-B7DF-5925-4B40-F0FA80F3C470">
<createdBy>calittle</createdBy>
<createdTime>2019-04-17 17:26:48 UTC</createdTime>
<ownerDesignName>ODEE_1262_Design</ownerDesignName>
<schemaObject>8FC895A7-E0A2-11C9-AE90-BEF4CA704C97</schemaObject>
<segment>D84742F2-9E68-6614-C6EF-D3B7EF628E78</segment>
<tableSpace>B4FE7603-2423-0888-71C6-BC38EA367033</tableSpace>
</IndexProxy>
<IndexProxy class="oracle.dbtools.crest.model.design.storage.oracle.v10g.IndexProxyOraclev10g" name="BCHINGS_NAMETYPE" id="BE51F0EA-EE3D-E28E-06A5-E35908C24262">
<createdBy>calittle</createdBy>
<createdTime>2019-04-17 17:26:48 UTC</createdTime>
<ownerDesignName>ODEE_1262_Design</ownerDesignName>
<schemaObject>8FC895A7-E0A2-11C9-AE90-BEF4CA704C97</schemaObject>
<segment>D84742F2-9E68-6614-C6EF-D3B7EF628E78</segment>
<tableSpace>B4FE7603-2423-0888-71C6-BC38EA367033</tableSpace>
</IndexProxy>
</indexProxies>
<columnProxies itemClass="oracle.dbtools.crest.model.design.storage.oracle.v12c.ColumnProxyOraclev12c">
<ColumnProxy name="BCHINGBREAKVALUE" id="03306411-905B-B110-7906-36D8C3D9823C">
<createdBy>calittle</createdBy>
<createdTime>2019-04-17 17:26:31 UTC</createdTime>
<ownerDesignName>ODEE_1262_Design</ownerDesignName>
</ColumnProxy>
<ColumnProxy name="BCHINGENABLENTF" id="04B38F04-3967-E591-E227-7E2075626D8B">
<createdBy>calittle</createdBy>
<createdTime>2019-04-17 17:26:31 UTC</createdTime>
<ownerDesignName>ODEE_1262_Design</ownerDesignName>
<defaultValue>0</defaultValue>
</ColumnProxy>
<ColumnProxy name="BCHINGMOY" id="0AF84EBC-A98D-E4B1-49BE-D1E4E9A45AA7">
<createdBy>calittle</createdBy>
<createdTime>2019-04-17 17:26:31 UTC</createdTime>
<ownerDesignName>ODEE_1262_Design</ownerDesignName>
<defaultValue>0</defaultValue>
</ColumnProxy>
<ColumnProxy name="BCHINGWEN" id="14993ECE-99CE-2824-3648-6B32EF7094E8">
<createdBy>calittle</createdBy>
<createdTime>2019-04-17 17:26:31 UTC</createdTime>
<ownerDesignName>ODEE_1262_Design</ownerDesignName>
<defaultValue>0</defaultValue>
</ColumnProxy>
<ColumnProxy name="BCHING_ID" id="1C22732C-8466-FD90-57DA-DAA1E93DB1FC">
<createdBy>calittle</createdBy>
<createdTime>2019-04-17 17:26:31 UTC</createdTime>
<ownerDesignName>ODEE_1262_Design</ownerDesignName>
</ColumnProxy>
<ColumnProxy name="TRANSBANNERBEGINFORM" id="23F21844-30A0-BA9E-BA47-FE5D38535879">
<createdBy>calittle</createdBy>
<createdTime>2019-04-17 17:26:31 UTC</createdTime>
<ownerDesignName>ODEE_1262_Design</ownerDesignName>
</ColumnProxy>
<ColumnProxy name="TRANSBANNERBEGINSCRIPT" id="25112F72-553F-12EC-B76F-04C95FFC9E41">
<createdBy>calittle</createdBy>
<createdTime>2019-04-17 17:26:31 UTC</createdTime>
<ownerDesignName>ODEE_1262_Design</ownerDesignName>
</ColumnProxy>
<ColumnProxy name="BCHINGENDDATE" id="2667B027-30D5-E528-FA1C-0D8CE73C9698">
<createdBy>calittle</createdBy>
<createdTime>2019-04-17 17:26:31 UTC</createdTime>
<ownerDesignName>ODEE_1262_Design</ownerDesignName>
</ColumnProxy>
<ColumnProxy name="BCHINGSIGNING" id="2CDAF3EE-6F53-07AE-91EE-DFDAEF3E4B9B">
<createdBy>calittle</createdBy>
<createdTime>2019-04-17 17:26:31 UTC</createdTime>
<ownerDesignName>ODEE_1262_Design</ownerDesignName>
<defaultValue>0</defaultValue>
</ColumnProxy>
<ColumnProxy name="BCHINGSAT" id="2D341050-C0C7-D96D-EFA9-08B75495D9C3">
<createdBy>calittle</createdBy>
<createdTime>2019-04-17 17:26:31 UTC</createdTime>
<ownerDesignName>ODEE_1262_Design</ownerDesignName>
<defaultValue>0</defaultValue>
</ColumnProxy>
<ColumnProxy name="BCHINGSUN" id="326A6235-6C5B-F4FD-6B52-6C7273735043">
<createdBy>calittle</createdBy>
<createdTime>2019-04-17 17:26:31 UTC</createdTime>
<ownerDesignName>ODEE_1262_Design</ownerDesignName>
<defaultValue>0</defaultValue>
</ColumnProxy>
<ColumnProxy name="BATCHBANNERENDSCRIPT" id="37550AD8-91F2-AC9C-4451-A0502D7A9F34">
<createdBy>calittle</createdBy>
<createdTime>2019-04-17 17:26:31 UTC</createdTime>
<ownerDesignName>ODEE_1262_Design</ownerDesignName>
</ColumnProxy>
<ColumnProxy name="BATCHBANNERENDFORM" id="41549BBE-ECE5-7924-F335-1CA5F29D5940">
<createdBy>calittle</createdBy>
<createdTime>2019-04-17 17:26:31 UTC</createdTime>
<ownerDesignName>ODEE_1262_Design</ownerDesignName>
</ColumnProxy>
<ColumnProxy name="BCHINGPUBEMAILFROM" id="451E8464-E049-4E87-63E1-58EBD28147BA">
<createdBy>calittle</createdBy>
<createdTime>2019-04-17 17:26:31 UTC</createdTime>
<ownerDesignName>ODEE_1262_Design</ownerDesignName>
</ColumnProxy>
<ColumnProxy name="BATCHNAME" id="46137FE4-7CE9-F794-6B02-BFF5D1B8E0E8">
<createdBy>calittle</createdBy>
<createdTime>2019-04-17 17:26:31 UTC</createdTime>
<ownerDesignName>ODEE_1262_Design</ownerDesignName>
</ColumnProxy>
<ColumnProxy name="BCHINGSGNTMPL" id="486E7CE0-8104-3243-1B2A-42F048CC38CB">
<createdBy>calittle</createdBy>
<createdTime>2019-04-17 17:26:31 UTC</createdTime>
<ownerDesignName>ODEE_1262_Design</ownerDesignName>
</ColumnProxy>
<ColumnProxy name="BCHINGSTARTMINUTES" id="52B9E073-A909-98D6-8BFE-485176DEEB53">
<createdBy>calittle</createdBy>
<createdTime>2019-04-17 17:26:31 UTC</createdTime>
<ownerDesignName>ODEE_1262_Design</ownerDesignName>
</ColumnProxy>
<ColumnProxy name="BCHINGSELECTRULE" id="54AA17AD-0185-6054-99A9-E7763AA94736">
<createdBy>calittle</createdBy>
<createdTime>2019-04-17 17:26:31 UTC</createdTime>
<ownerDesignName>ODEE_1262_Design</ownerDesignName>
</ColumnProxy>
<ColumnProxy name="BCHINGPRTTYPERULE" id="55CE1013-B11C-88BA-3584-5FF490E446D7">
<createdBy>calittle</createdBy>
<createdTime>2019-04-17 17:26:31 UTC</createdTime>
<ownerDesignName>ODEE_1262_Design</ownerDesignName>
</ColumnProxy>
<ColumnProxy name="BCHINGMON" id="55F37725-3069-1CCA-DAB1-A083D5A08B96">
<createdBy>calittle</createdBy>
<createdTime>2019-04-17 17:26:31 UTC</createdTime>
<ownerDesignName>ODEE_1262_Design</ownerDesignName>
<defaultValue>0</defaultValue>
</ColumnProxy>
<ColumnProxy name="BCHINGPUBLISH" id="56D66627-19CD-BA8F-2116-344ABCEE0074">
<createdBy>calittle</createdBy>
<createdTime>2019-04-17 17:26:31 UTC</createdTime>
<ownerDesignName>ODEE_1262_Design</ownerDesignName>
<defaultValue>0</defaultValue>
</ColumnProxy>
<ColumnProxy name="BCHINGDOM" id="598EC0F4-F60A-B8B2-D88D-A4B3E254B551">
<createdBy>calittle</createdBy>
<createdTime>2019-04-17 17:26:31 UTC</createdTime>
<ownerDesignName>ODEE_1262_Design</ownerDesignName>
<defaultValue>0</defaultValue>
</ColumnProxy>
<ColumnProxy name="BCHINGTHUR" id="5AA6210C-D6ED-049F-91D7-9EC676343DF1">
<createdBy>calittle</createdBy>
<createdTime>2019-04-17 17:26:31 UTC</createdTime>
<ownerDesignName>ODEE_1262_Design</ownerDesignName>
<defaultValue>0</defaultValue>
</ColumnProxy>
<ColumnProxy name="BCHINGPUBEMAILPROP" id="60051D28-E401-5F73-0B21-EE1D7CB89A5E">
<createdBy>calittle</createdBy>
<createdTime>2019-04-17 17:26:31 UTC</createdTime>
<ownerDesignName>ODEE_1262_Design</ownerDesignName>
</ColumnProxy>
<ColumnProxy name="CALLBACK" id="62CA4810-4110-AA0B-7FC5-B18E22EB8629">
<createdBy>calittle</createdBy>
<createdTime>2019-04-17 17:26:31 UTC</createdTime>
<ownerDesignName>ODEE_1262_Design</ownerDesignName>
</ColumnProxy>
<ColumnProxy name="TRANSBANNERENDSCRIPT" id="648C01B7-62FF-F00F-A83A-923CB736CB6B">
<createdBy>calittle</createdBy>
<createdTime>2019-04-17 17:26:31 UTC</createdTime>
<ownerDesignName>ODEE_1262_Design</ownerDesignName>
</ColumnProxy>
<ColumnProxy name="BCHINGACTIVE" id="6545A84A-3C90-19AB-20C4-A87B6B022D6E">
<createdBy>calittle</createdBy>
<createdTime>2019-04-17 17:26:31 UTC</createdTime>
<ownerDesignName>ODEE_1262_Design</ownerDesignName>
<defaultValue>1</defaultValue>
</ColumnProxy>
<ColumnProxy name="BCHINGPRTLOGNAME" id="6EDE08C4-9BD4-40AB-557C-B9028F77FC82">
<createdBy>calittle</createdBy>
<createdTime>2019-04-17 17:26:31 UTC</createdTime>
<ownerDesignName>ODEE_1262_Design</ownerDesignName>
</ColumnProxy>
<ColumnProxy name="BATCHBANNERBEGINFORM" id="766B9175-116D-8AE7-C1A7-F5D2DAC8824A">
<createdBy>calittle</createdBy>
<createdTime>2019-04-17 17:26:31 UTC</createdTime>
<ownerDesignName>ODEE_1262_Design</ownerDesignName>
</ColumnProxy>
<ColumnProxy name="BATCHTYPE" id="781D4AD9-95B7-1A9C-4A89-33A20D47D286">
<createdBy>calittle</createdBy>
<createdTime>2019-04-17 17:26:31 UTC</createdTime>
<ownerDesignName>ODEE_1262_Design</ownerDesignName>
</ColumnProxy>
<ColumnProxy name="BCHINGPUBEMAILRULE" id="7C4782AF-F59B-D2FF-FDBC-7D5205A41200">
<createdBy>calittle</createdBy>
<createdTime>2019-04-17 17:26:31 UTC</createdTime>
<ownerDesignName>ODEE_1262_Design</ownerDesignName>
</ColumnProxy>
<ColumnProxy name="BCHINGARCDEST" id="816FA920-0693-9BFC-1436-1A8EAF04AC2D">
<createdBy>calittle</createdBy>
<createdTime>2019-04-17 17:26:31 UTC</createdTime>
<ownerDesignName>ODEE_1262_Design</ownerDesignName>
</ColumnProxy>
<ColumnProxy name="BCHINGMIMETYPE" id="853D0265-8AEB-04DC-F350-96705E081C48">
<createdBy>calittle</createdBy>
<createdTime>2019-04-17 17:26:31 UTC</createdTime>
<ownerDesignName>ODEE_1262_Design</ownerDesignName>
</ColumnProxy>
<ColumnProxy name="BCHINGDOY" id="8A28FEE3-2C4C-746F-5F7F-2E2F193D11FE">
<createdBy>calittle</createdBy>
<createdTime>2019-04-17 17:26:31 UTC</createdTime>
<ownerDesignName>ODEE_1262_Design</ownerDesignName>
<defaultValue>0</defaultValue>
</ColumnProxy>
<ColumnProxy name="BCHINGBREAKTYPE" id="90E4F6F8-085D-D763-B8A1-8C52083DE306">
<createdBy>calittle</createdBy>
<createdTime>2019-04-17 17:26:31 UTC</createdTime>
<ownerDesignName>ODEE_1262_Design</ownerDesignName>
</ColumnProxy>
<ColumnProxy name="BCHINGSORTRULE" id="93C40992-2727-447B-C054-BE08273CBB7B">
<createdBy>calittle</createdBy>
<createdTime>2019-04-17 17:26:31 UTC</createdTime>
<ownerDesignName>ODEE_1262_Design</ownerDesignName>
</ColumnProxy>
<ColumnProxy name="BCHINGTYPE" id="AA45C857-EA33-A36C-8AD8-C561B0EA5A14">
<createdBy>calittle</createdBy>
<createdTime>2019-04-17 17:26:31 UTC</createdTime>
<ownerDesignName>ODEE_1262_Design</ownerDesignName>
<defaultValue>0</defaultValue>
</ColumnProxy>
<ColumnProxy name="BCHINGSTARTMONTH" id="B835DEA9-E6F9-9DFE-8B34-62CD7022CA70">
<createdBy>calittle</createdBy>
<createdTime>2019-04-17 17:26:31 UTC</createdTime>
<ownerDesignName>ODEE_1262_Design</ownerDesignName>
<defaultValue>0</defaultValue>
</ColumnProxy>
<ColumnProxy name="BCHINGPUBEMAILTO" id="BA8FFC62-8FF2-BA0D-D1D3-EB3A96A27D6F">
<createdBy>calittle</createdBy>
<createdTime>2019-04-17 17:26:31 UTC</createdTime>
<ownerDesignName>ODEE_1262_Design</ownerDesignName>
<defaultValue>&apos;${RCPS.ADR_EMAIL}&apos;</defaultValue>
</ColumnProxy>
<ColumnProxy name="BCHINGNTFRULE" id="BE866C0A-B709-1DEA-9622-61EB572D1583">
<createdBy>calittle</createdBy>
<createdTime>2019-04-17 17:26:31 UTC</createdTime>
<ownerDesignName>ODEE_1262_Design</ownerDesignName>
</ColumnProxy>
<ColumnProxy name="BCHINGSTARTYEAR" id="C1443978-5C65-DB87-C26C-ECAE2458BDF1">
<createdBy>calittle</createdBy>
<createdTime>2019-04-17 17:26:31 UTC</createdTime>
<ownerDesignName>ODEE_1262_Design</ownerDesignName>
<defaultValue>0</defaultValue>
</ColumnProxy>
<ColumnProxy name="BCHINGLANGRULE" id="C29C6EF3-2488-132E-FFC2-65441AC873A9">
<createdBy>calittle</createdBy>
<createdTime>2019-04-17 17:26:31 UTC</createdTime>
<ownerDesignName>ODEE_1262_Design</ownerDesignName>
<defaultValue>&apos;RCPS.ADR_LANGUAGE&apos;</defaultValue>
</ColumnProxy>
<ColumnProxy name="BCHINGPUBEMAILCC" id="C5D44A0D-70B4-C435-4928-0C5DF81CA47C">
<createdBy>calittle</createdBy>
<createdTime>2019-04-17 17:26:31 UTC</createdTime>
<ownerDesignName>ODEE_1262_Design</ownerDesignName>
</ColumnProxy>
<ColumnProxy name="TRANSBANNERENDFORM" id="CDA83D73-BD55-F1BF-3520-5293B797BCC3">
<createdBy>calittle</createdBy>
<createdTime>2019-04-17 17:26:31 UTC</createdTime>
<ownerDesignName>ODEE_1262_Design</ownerDesignName>
</ColumnProxy>
<ColumnProxy name="BCHINGPUBEMAILSUBJECT" id="D1DFADCD-BD48-B2B8-49E4-EAA977007228">
<createdBy>calittle</createdBy>
<createdTime>2019-04-17 17:26:31 UTC</createdTime>
<ownerDesignName>ODEE_1262_Design</ownerDesignName>
</ColumnProxy>
<ColumnProxy name="BCHINGPUBEMAILBCC" id="D85125CB-C4C1-2124-3069-C83F9A3A3E4E">
<createdBy>calittle</createdBy>
<createdTime>2019-04-17 17:26:31 UTC</createdTime>
<ownerDesignName>ODEE_1262_Design</ownerDesignName>
</ColumnProxy>
<ColumnProxy name="BCHINGSTARTHOURS" id="DCA4E606-C6EE-778E-DBDE-C11B7AF105AB">
<createdBy>calittle</createdBy>
<createdTime>2019-04-17 17:26:31 UTC</createdTime>
<ownerDesignName>ODEE_1262_Design</ownerDesignName>
</ColumnProxy>
<ColumnProxy name="BCHINGPRTTYPE" id="DD22D0F2-A6FF-6B73-9EE2-3121ED7D3AC7">
<createdBy>calittle</createdBy>
<createdTime>2019-04-17 17:26:31 UTC</createdTime>
<ownerDesignName>ODEE_1262_Design</ownerDesignName>
</ColumnProxy>
<ColumnProxy name="BCHINGPUBMSGTYPRULE" id="E1BAB349-2A4C-3397-7731-4DC330CF29EC">
<createdBy>calittle</createdBy>
<createdTime>2019-04-17 17:26:31 UTC</createdTime>
<ownerDesignName>ODEE_1262_Design</ownerDesignName>
</ColumnProxy>
<ColumnProxy name="BCHINGFRI" id="E2FF8CC8-0492-B2BA-7449-0FDD933765D6">
<createdBy>calittle</createdBy>
<createdTime>2019-04-17 17:26:31 UTC</createdTime>
<ownerDesignName>ODEE_1262_Design</ownerDesignName>
<defaultValue>0</defaultValue>
</ColumnProxy>
<ColumnProxy name="BCHINGSTARTDAY" id="E39B7457-61AA-32C3-DA14-FE552770D8CC">
<createdBy>calittle</createdBy>
<createdTime>2019-04-17 17:26:31 UTC</createdTime>
<ownerDesignName>ODEE_1262_Design</ownerDesignName>
<defaultValue>0</defaultValue>
</ColumnProxy>
<ColumnProxy name="BCHINGPUBEMAILREPLYTO" id="E72D833D-0D03-93EE-D5B9-E23841766495">
<createdBy>calittle</createdBy>
<createdTime>2019-04-17 17:26:31 UTC</createdTime>
<ownerDesignName>ODEE_1262_Design</ownerDesignName>
</ColumnProxy>
<ColumnProxy name="BCHINGARCHIVE" id="EED0B68E-056B-34A5-50F7-A3ACCD01C3FC">
<createdBy>calittle</createdBy>
<createdTime>2019-04-17 17:26:31 UTC</createdTime>
<ownerDesignName>ODEE_1262_Design</ownerDesignName>
<defaultValue>0</defaultValue>
</ColumnProxy>
<ColumnProxy name="BCHINGSGNDEST" id="EF599C80-9E3C-3A52-A195-318AD36A98EF">
<createdBy>calittle</createdBy>
<createdTime>2019-04-17 17:26:31 UTC</createdTime>
<ownerDesignName>ODEE_1262_Design</ownerDesignName>
</ColumnProxy>
<ColumnProxy name="BCHINGPUBEMAIL" id="F304B38D-7F7A-CE68-CAF8-E9593DDDDE82">
<createdBy>calittle</createdBy>
<createdTime>2019-04-17 17:26:31 UTC</createdTime>
<ownerDesignName>ODEE_1262_Design</ownerDesignName>
<defaultValue>0</defaultValue>
</ColumnProxy>
<ColumnProxy name="BCHINGSTARTSECONDS" id="F808583D-D8F2-3892-1C04-074994AF07B7">
<createdBy>calittle</createdBy>
<createdTime>2019-04-17 17:26:31 UTC</createdTime>
<ownerDesignName>ODEE_1262_Design</ownerDesignName>
</ColumnProxy>
<ColumnProxy name="BCHINGTUE" id="F9C70EBF-A4D2-8593-76B4-BF93BD6D32DD">
<createdBy>calittle</createdBy>
<createdTime>2019-04-17 17:26:31 UTC</createdTime>
<ownerDesignName>ODEE_1262_Design</ownerDesignName>
<defaultValue>0</defaultValue>
</ColumnProxy>
<ColumnProxy name="BCHINGNTFMSGTYPRULE" id="FA51C55D-7E72-B57F-4BFE-93857EFD3F3C">
<createdBy>calittle</createdBy>
<createdTime>2019-04-17 17:26:31 UTC</createdTime>
<ownerDesignName>ODEE_1262_Design</ownerDesignName>
</ColumnProxy>
<ColumnProxy name="BCHINGNAME" id="FC6E3CCC-5A85-A1A4-8D76-614EE862699A">
<createdBy>calittle</createdBy>
<createdTime>2019-04-17 17:26:31 UTC</createdTime>
<ownerDesignName>ODEE_1262_Design</ownerDesignName>
</ColumnProxy>
<ColumnProxy name="BCHINGPUBLANGRULE" id="FD885BD0-555E-75E8-63FD-8D25AF216CA7">
<createdBy>calittle</createdBy>
<createdTime>2019-04-17 17:26:31 UTC</createdTime>
<ownerDesignName>ODEE_1262_Design</ownerDesignName>
<defaultValue>&apos;${RCPS.ADR_LANGUAGE}&apos;</defaultValue>
</ColumnProxy>
<ColumnProxy name="BATCHBANNERBEGINSCRIPT" id="FE190D14-B32B-4C1A-6391-41367DCDFCC8">
<createdBy>calittle</createdBy>
<createdTime>2019-04-17 17:26:31 UTC</createdTime>
<ownerDesignName>ODEE_1262_Design</ownerDesignName>
</ColumnProxy>
</columnProxies>
<primaryKeys>
<PrimaryKey class="oracle.dbtools.crest.model.design.storage.oracle.v10g.PKProxyOraclev10g" name="BCHINGS_PK" id="590EE442-F711-E852-99FE-6130E7188B33">
<createdBy>calittle</createdBy>
<createdTime>2019-04-17 17:26:50 UTC</createdTime>
<ownerDesignName>ODEE_1262_Design</ownerDesignName>
<segment>D84742F2-9E68-6614-C6EF-D3B7EF628E78</segment>
<tableSpace>B4FE7603-2423-0888-71C6-BC38EA367033</tableSpace>
<existingIndex>62E97933-B7DF-5925-4B40-F0FA80F3C470</existingIndex>
<indexSegment>D84742F2-9E68-6614-C6EF-D3B7EF628E78</indexSegment>
<indexSort>SORTED</indexSort>
<usingIndex>BY INDEX NAME</usingIndex>
</PrimaryKey>
</primaryKeys>
</TableProxyOraclev11g>