<?xml version = '1.0' encoding = 'UTF-8'?>
<TableProxyOraclev11g class="oracle.dbtools.crest.model.design.storage.oracle.v11g.TableProxyOraclev11g" name="MRLCONFIG" directorySegmentName="seg_0" id="972486B1-B415-F368-0360-2BA554B7A579">
<createdBy>calittle</createdBy>
<createdTime>2019-04-17 17:25:55 UTC</createdTime>
<ownerDesignName>ODEE_1262_Design</ownerDesignName>
<schemaObject>8FC895A7-E0A2-11C9-AE90-BEF4CA704C97</schemaObject>
<logging>YES</logging>
<partitionedRowMovement>DISABLE</partitionedRowMovement>
<segment>C8C5DB75-8387-101B-E298-3461B2B213FB</segment>
<tableSpace>B4FE7603-2423-0888-71C6-BC38EA367033</tableSpace>
<temporaryChanged>false</temporaryChanged>
<accessDriverType>oracle_loader</accessDriverType>
<rejectLimit></rejectLimit>
<indexProxies>
<IndexProxy class="oracle.dbtools.crest.model.design.storage.oracle.v10g.IndexProxyOraclev10g" name="PK_MRLCONFIG" id="C973E9F4-162C-C546-B722-2F7F6D627732">
<createdBy>calittle</createdBy>
<createdTime>2019-04-17 17:26:48 UTC</createdTime>
<ownerDesignName>ODEE_1262_Design</ownerDesignName>
<schemaObject>8FC895A7-E0A2-11C9-AE90-BEF4CA704C97</schemaObject>
<segment>40B3AC24-9CF5-8A2D-F82F-B2CD0FB5CAA2</segment>
<tableSpace>B4FE7603-2423-0888-71C6-BC38EA367033</tableSpace>
</IndexProxy>
</indexProxies>
<columnProxies itemClass="oracle.dbtools.crest.model.design.storage.oracle.v12c.ColumnProxyOraclev12c">
<ColumnProxy name="LVL" id="3E491798-39F4-B024-2DC4-7D64DBFA0FB8">
<createdBy>calittle</createdBy>
<createdTime>2019-04-17 17:26:39 UTC</createdTime>
<ownerDesignName>ODEE_1262_Design</ownerDesignName>
<defaultValue>1</defaultValue>
</ColumnProxy>
<ColumnProxy name="CREATION_TIMESTAMP" id="747D091A-F193-1232-B025-1907BC50B815">
<createdBy>calittle</createdBy>
<createdTime>2019-04-17 17:26:39 UTC</createdTime>
<ownerDesignName>ODEE_1262_Design</ownerDesignName>
</ColumnProxy>
<ColumnProxy name="LIBRARY_CRC" id="79597CCB-2D2F-C863-542C-492CB90E9683">
<createdBy>calittle</createdBy>
<createdTime>2019-04-17 17:26:39 UTC</createdTime>
<ownerDesignName>ODEE_1262_Design</ownerDesignName>
</ColumnProxy>
<ColumnProxy name="CONFIG" id="E1ABA042-4268-1211-4983-96E8E905683C">
<createdBy>calittle</createdBy>
<createdTime>2019-04-17 17:26:39 UTC</createdTime>
<ownerDesignName>ODEE_1262_Design</ownerDesignName>
</ColumnProxy>
</columnProxies>
<primaryKeys>
<PrimaryKey class="oracle.dbtools.crest.model.design.storage.oracle.v10g.PKProxyOraclev10g" name="PK_MRLCONFIG" id="229B3CA4-6DE1-6349-9819-6B219A4D901C">
<createdBy>calittle</createdBy>
<createdTime>2019-04-17 17:26:51 UTC</createdTime>
<ownerDesignName>ODEE_1262_Design</ownerDesignName>
<segment>40B3AC24-9CF5-8A2D-F82F-B2CD0FB5CAA2</segment>
<tableSpace>B4FE7603-2423-0888-71C6-BC38EA367033</tableSpace>
<existingIndex>C973E9F4-162C-C546-B722-2F7F6D627732</existingIndex>
<indexSegment>40B3AC24-9CF5-8A2D-F82F-B2CD0FB5CAA2</indexSegment>
<indexSort>SORTED</indexSort>
<usingIndex>BY INDEX NAME</usingIndex>
</PrimaryKey>
</primaryKeys>
</TableProxyOraclev11g>