<?xml version = '1.0' encoding = 'UTF-8'?>
<TableProxyOraclev11g class="oracle.dbtools.crest.model.design.storage.oracle.v11g.TableProxyOraclev11g" name="PUBSHIST" directorySegmentName="seg_0" id="97E93533-E973-184E-A0BF-E9F0ECC477EF">
<createdBy>calittle</createdBy>
<createdTime>2019-04-17 17:26:03 UTC</createdTime>
<ownerDesignName>ODEE_1262_Design</ownerDesignName>
<schemaObject>8FC895A7-E0A2-11C9-AE90-BEF4CA704C97</schemaObject>
<logging>YES</logging>
<partitionedRowMovement>DISABLE</partitionedRowMovement>
<segment>C8C5DB75-8387-101B-E298-3461B2B213FB</segment>
<tableSpace>B4FE7603-2423-0888-71C6-BC38EA367033</tableSpace>
<temporaryChanged>false</temporaryChanged>
<accessDriverType>oracle_loader</accessDriverType>
<rejectLimit></rejectLimit>
<indexProxies>
<IndexProxy class="oracle.dbtools.crest.model.design.storage.oracle.v10g.IndexProxyOraclev10g" name="PUBSHIST_PUBARCHIVED" id="2C9DAE87-1227-988B-174A-FA10C1A56DA7">
<createdBy>calittle</createdBy>
<createdTime>2019-04-17 17:26:48 UTC</createdTime>
<ownerDesignName>ODEE_1262_Design</ownerDesignName>
<schemaObject>8FC895A7-E0A2-11C9-AE90-BEF4CA704C97</schemaObject>
<segment>40B3AC24-9CF5-8A2D-F82F-B2CD0FB5CAA2</segment>
<tableSpace>B4FE7603-2423-0888-71C6-BC38EA367033</tableSpace>
</IndexProxy>
<IndexProxy class="oracle.dbtools.crest.model.design.storage.oracle.v10g.IndexProxyOraclev10g" name="PUBSHIST_PUBNOTIFIED" id="4B2C5EBE-F98A-5899-4B6B-FEA23EA200D8">
<createdBy>calittle</createdBy>
<createdTime>2019-04-17 17:26:48 UTC</createdTime>
<ownerDesignName>ODEE_1262_Design</ownerDesignName>
<schemaObject>8FC895A7-E0A2-11C9-AE90-BEF4CA704C97</schemaObject>
<segment>40B3AC24-9CF5-8A2D-F82F-B2CD0FB5CAA2</segment>
<tableSpace>B4FE7603-2423-0888-71C6-BC38EA367033</tableSpace>
</IndexProxy>
<IndexProxy class="oracle.dbtools.crest.model.design.storage.oracle.v10g.IndexProxyOraclev10g" name="PUBHISTUNIQUE_ID" id="62B87D45-D155-445A-5A6B-45AF74D99885">
<createdBy>calittle</createdBy>
<createdTime>2019-04-17 17:26:48 UTC</createdTime>
<ownerDesignName>ODEE_1262_Design</ownerDesignName>
<schemaObject>8FC895A7-E0A2-11C9-AE90-BEF4CA704C97</schemaObject>
<segment>40B3AC24-9CF5-8A2D-F82F-B2CD0FB5CAA2</segment>
<tableSpace>B4FE7603-2423-0888-71C6-BC38EA367033</tableSpace>
</IndexProxy>
<IndexProxy class="oracle.dbtools.crest.model.design.storage.oracle.v10g.IndexProxyOraclev10g" name="PUBHIST_PK" id="7DBBA77D-3B46-9C0C-8DC9-0C324E333AC3">
<createdBy>calittle</createdBy>
<createdTime>2019-04-17 17:26:48 UTC</createdTime>
<ownerDesignName>ODEE_1262_Design</ownerDesignName>
<schemaObject>8FC895A7-E0A2-11C9-AE90-BEF4CA704C97</schemaObject>
<segment>40B3AC24-9CF5-8A2D-F82F-B2CD0FB5CAA2</segment>
<tableSpace>B4FE7603-2423-0888-71C6-BC38EA367033</tableSpace>
</IndexProxy>
<IndexProxy class="oracle.dbtools.crest.model.design.storage.oracle.v10g.IndexProxyOraclev10g" name="PUBSHIST_STATS" id="C8B99427-F3ED-DD4E-1EF2-C7299DD35511">
<createdBy>calittle</createdBy>
<createdTime>2019-04-17 17:26:48 UTC</createdTime>
<ownerDesignName>ODEE_1262_Design</ownerDesignName>
<schemaObject>8FC895A7-E0A2-11C9-AE90-BEF4CA704C97</schemaObject>
<segment>40B3AC24-9CF5-8A2D-F82F-B2CD0FB5CAA2</segment>
<tableSpace>B4FE7603-2423-0888-71C6-BC38EA367033</tableSpace>
</IndexProxy>
<IndexProxy class="oracle.dbtools.crest.model.design.storage.oracle.v10g.IndexProxyOraclev10g" name="PUBSHIST_PUBPUBLISHED" id="D03420F2-3BC9-528B-4ED4-45EF4DD1EC8E">
<createdBy>calittle</createdBy>
<createdTime>2019-04-17 17:26:48 UTC</createdTime>
<ownerDesignName>ODEE_1262_Design</ownerDesignName>
<schemaObject>8FC895A7-E0A2-11C9-AE90-BEF4CA704C97</schemaObject>
<segment>40B3AC24-9CF5-8A2D-F82F-B2CD0FB5CAA2</segment>
<tableSpace>B4FE7603-2423-0888-71C6-BC38EA367033</tableSpace>
</IndexProxy>
<IndexProxy class="oracle.dbtools.crest.model.design.storage.oracle.v10g.IndexProxyOraclev10g" name="PUBSHIST_SEQ" id="D1719840-D3E9-4F5C-FC7D-959EEE51BC97">
<createdBy>calittle</createdBy>
<createdTime>2019-04-17 17:26:48 UTC</createdTime>
<ownerDesignName>ODEE_1262_Design</ownerDesignName>
<schemaObject>8FC895A7-E0A2-11C9-AE90-BEF4CA704C97</schemaObject>
<segment>40B3AC24-9CF5-8A2D-F82F-B2CD0FB5CAA2</segment>
<tableSpace>B4FE7603-2423-0888-71C6-BC38EA367033</tableSpace>
</IndexProxy>
<IndexProxy class="oracle.dbtools.crest.model.design.storage.oracle.v10g.IndexProxyOraclev10g" name="PUBSHIST_BCH_ID" id="EA06E135-9C56-D0DF-B5E4-34B9090D450A">
<createdBy>calittle</createdBy>
<createdTime>2019-04-17 17:26:48 UTC</createdTime>
<ownerDesignName>ODEE_1262_Design</ownerDesignName>
<schemaObject>8FC895A7-E0A2-11C9-AE90-BEF4CA704C97</schemaObject>
<segment>40B3AC24-9CF5-8A2D-F82F-B2CD0FB5CAA2</segment>
<tableSpace>B4FE7603-2423-0888-71C6-BC38EA367033</tableSpace>
</IndexProxy>
</indexProxies>
<columnProxies itemClass="oracle.dbtools.crest.model.design.storage.oracle.v12c.ColumnProxyOraclev12c">
<ColumnProxy name="PUBCUSSTR010" id="0149DEB9-A477-6C4C-683A-F54903A10591">
<createdBy>calittle</createdBy>
<createdTime>2019-04-17 17:26:42 UTC</createdTime>
<ownerDesignName>ODEE_1262_Design</ownerDesignName>
</ColumnProxy>
<ColumnProxy name="PUBTRAY4DESC" id="019D7048-F745-3790-15D2-E601F72847C6">
<createdBy>calittle</createdBy>
<createdTime>2019-04-17 17:26:42 UTC</createdTime>
<ownerDesignName>ODEE_1262_Design</ownerDesignName>
</ColumnProxy>
<ColumnProxy name="PUBSHEETCOUNT" id="055F3396-8711-7429-2088-B7D9B55D0935">
<createdBy>calittle</createdBy>
<createdTime>2019-04-17 17:26:42 UTC</createdTime>
<ownerDesignName>ODEE_1262_Design</ownerDesignName>
</ColumnProxy>
<ColumnProxy name="PUBPRTLOGNAME" id="069E7660-B407-2C4A-5F50-F915E34FF514">
<createdBy>calittle</createdBy>
<createdTime>2019-04-17 17:26:42 UTC</createdTime>
<ownerDesignName>ODEE_1262_Design</ownerDesignName>
</ColumnProxy>
<ColumnProxy name="PUBTRAY4" id="072E209A-9D05-2C8C-8DC4-496F8E198A2E">
<createdBy>calittle</createdBy>
<createdTime>2019-04-17 17:26:42 UTC</createdTime>
<ownerDesignName>ODEE_1262_Design</ownerDesignName>
</ColumnProxy>
<ColumnProxy name="PUBAPPDATE001" id="07B98EAB-8D0A-5B6E-BA8E-E90F73741913">
<createdBy>calittle</createdBy>
<createdTime>2019-04-17 17:26:42 UTC</createdTime>
<ownerDesignName>ODEE_1262_Design</ownerDesignName>
</ColumnProxy>
<ColumnProxy name="PUBAPPSTR011" id="082F606D-56B7-0C23-AC8A-17EDA8CA8987">
<createdBy>calittle</createdBy>
<createdTime>2019-04-17 17:26:42 UTC</createdTime>
<ownerDesignName>ODEE_1262_Design</ownerDesignName>
</ColumnProxy>
<ColumnProxy name="PUBNTFMSGTYP" id="092DA89D-6F65-1A97-615F-D11854014813">
<createdBy>calittle</createdBy>
<createdTime>2019-04-17 17:26:42 UTC</createdTime>
<ownerDesignName>ODEE_1262_Design</ownerDesignName>
</ColumnProxy>
<ColumnProxy name="PUBMIMETYPE" id="0C2100A6-618C-240A-32DF-D169AC574FD4">
<createdBy>calittle</createdBy>
<createdTime>2019-04-17 17:26:42 UTC</createdTime>
<ownerDesignName>ODEE_1262_Design</ownerDesignName>
</ColumnProxy>
<ColumnProxy name="PUBCUSDEC004" id="0C3017E4-7085-7A54-14F4-E6446518FC79">
<createdBy>calittle</createdBy>
<createdTime>2019-04-17 17:26:42 UTC</createdTime>
<ownerDesignName>ODEE_1262_Design</ownerDesignName>
</ColumnProxy>
<ColumnProxy name="PUBAPPINT004" id="0ECA14AE-CE16-0B9A-581B-564B4138644D">
<createdBy>calittle</createdBy>
<createdTime>2019-04-17 17:26:42 UTC</createdTime>
<ownerDesignName>ODEE_1262_Design</ownerDesignName>
</ColumnProxy>
<ColumnProxy name="PUBAPPSTR008" id="11F27274-C35E-4AD8-A0F7-0B30FCA1F324">
<createdBy>calittle</createdBy>
<createdTime>2019-04-17 17:26:42 UTC</createdTime>
<ownerDesignName>ODEE_1262_Design</ownerDesignName>
</ColumnProxy>
<ColumnProxy name="PUBCUSSTR014" id="140B4F12-6AED-7B70-1B13-2DB915892374">
<createdBy>calittle</createdBy>
<createdTime>2019-04-17 17:26:42 UTC</createdTime>
<ownerDesignName>ODEE_1262_Design</ownerDesignName>
</ColumnProxy>
<ColumnProxy name="PUBDATATYPE" id="17DED0A8-0AB7-14CB-8D05-445B25996C6D">
<createdBy>calittle</createdBy>
<createdTime>2019-04-17 17:26:42 UTC</createdTime>
<ownerDesignName>ODEE_1262_Design</ownerDesignName>
</ColumnProxy>
<ColumnProxy name="PUBNTFTYPE" id="196FD5F8-7344-6E05-FA22-1D9C7E070180">
<createdBy>calittle</createdBy>
<createdTime>2019-04-17 17:26:42 UTC</createdTime>
<ownerDesignName>ODEE_1262_Design</ownerDesignName>
</ColumnProxy>
<ColumnProxy name="PUBCUSDEC003" id="1AE97018-D61D-ADB3-C574-62C7EAC115CF">
<createdBy>calittle</createdBy>
<createdTime>2019-04-17 17:26:42 UTC</createdTime>
<ownerDesignName>ODEE_1262_Design</ownerDesignName>
</ColumnProxy>
<ColumnProxy name="BCH_ID" id="1C660FCF-20B6-837B-91F0-E004F63D753C">
<createdBy>calittle</createdBy>
<createdTime>2019-04-17 17:26:42 UTC</createdTime>
<ownerDesignName>ODEE_1262_Design</ownerDesignName>
</ColumnProxy>
<ColumnProxy name="PUBAPPSTR015" id="1F9F16E9-CA8E-1B76-DCF2-146E922F6312">
<createdBy>calittle</createdBy>
<createdTime>2019-04-17 17:26:42 UTC</createdTime>
<ownerDesignName>ODEE_1262_Design</ownerDesignName>
</ColumnProxy>
<ColumnProxy name="PUBARCDOCTYPE" id="1FD7C562-1BA9-68CB-9E1D-F0B117993C14">
<createdBy>calittle</createdBy>
<createdTime>2019-04-17 17:26:42 UTC</createdTime>
<ownerDesignName>ODEE_1262_Design</ownerDesignName>
</ColumnProxy>
<ColumnProxy name="PUBAPPINT005" id="2150F33D-CE8E-18F4-5474-6AF5B817D607">
<createdBy>calittle</createdBy>
<createdTime>2019-04-17 17:26:42 UTC</createdTime>
<ownerDesignName>ODEE_1262_Design</ownerDesignName>
</ColumnProxy>
<ColumnProxy name="PUBAPPDEC005" id="254F6A80-5281-FD82-5C41-19C3AF9CB6E1">
<createdBy>calittle</createdBy>
<createdTime>2019-04-17 17:26:42 UTC</createdTime>
<ownerDesignName>ODEE_1262_Design</ownerDesignName>
</ColumnProxy>
<ColumnProxy name="PUBTRAY7DESC" id="286EE705-FA45-B6F0-2640-DDFDDBF69BE4">
<createdBy>calittle</createdBy>
<createdTime>2019-04-17 17:26:42 UTC</createdTime>
<ownerDesignName>ODEE_1262_Design</ownerDesignName>
</ColumnProxy>
<ColumnProxy name="PUBSGNDOCNAME" id="2899917F-970F-E683-C90F-AD54DB09A3DE">
<createdBy>calittle</createdBy>
<createdTime>2019-04-17 17:26:42 UTC</createdTime>
<ownerDesignName>ODEE_1262_Design</ownerDesignName>
</ColumnProxy>
<ColumnProxy name="PUBAPPSTR012" id="2ABA2EFE-981B-39D7-5919-E1C316EAEA11">
<createdBy>calittle</createdBy>
<createdTime>2019-04-17 17:26:42 UTC</createdTime>
<ownerDesignName>ODEE_1262_Design</ownerDesignName>
</ColumnProxy>
<ColumnProxy name="PUBAPPSTR009" id="2B31329E-70A9-0E5E-8A34-F1823BF03650">
<createdBy>calittle</createdBy>
<createdTime>2019-04-17 17:26:42 UTC</createdTime>
<ownerDesignName>ODEE_1262_Design</ownerDesignName>
</ColumnProxy>
<ColumnProxy name="PUBBEGINRCP_ID" id="2C0B45B0-9C87-848E-D1BB-9E6FD462FAC8">
<createdBy>calittle</createdBy>
<createdTime>2019-04-17 17:26:42 UTC</createdTime>
<ownerDesignName>ODEE_1262_Design</ownerDesignName>
</ColumnProxy>
<ColumnProxy name="PUBCUSDATE004" id="2D56E718-3572-A28E-60AC-33FF73BDC834">
<createdBy>calittle</createdBy>
<createdTime>2019-04-17 17:26:42 UTC</createdTime>
<ownerDesignName>ODEE_1262_Design</ownerDesignName>
</ColumnProxy>
<ColumnProxy name="PUBTRNCOUNT" id="315CB523-BE03-F861-E727-4D35ED6F6448">
<createdBy>calittle</createdBy>
<createdTime>2019-04-17 17:26:42 UTC</createdTime>
<ownerDesignName>ODEE_1262_Design</ownerDesignName>
</ColumnProxy>
<ColumnProxy name="PUBCUSDATE003" id="32F2D399-9DCB-D6D8-FB16-8B0BF997F27C">
<createdBy>calittle</createdBy>
<createdTime>2019-04-17 17:26:42 UTC</createdTime>
<ownerDesignName>ODEE_1262_Design</ownerDesignName>
</ColumnProxy>
<ColumnProxy name="PUBAPPDATE002" id="348EAA20-0AEE-77B4-64F1-3C26EC4EDECD">
<createdBy>calittle</createdBy>
<createdTime>2019-04-17 17:26:42 UTC</createdTime>
<ownerDesignName>ODEE_1262_Design</ownerDesignName>
</ColumnProxy>
<ColumnProxy name="PUBAPPINT001" id="34B4A4BA-1300-A2C3-82E2-02AC1361DBEA">
<createdBy>calittle</createdBy>
<createdTime>2019-04-17 17:26:42 UTC</createdTime>
<ownerDesignName>ODEE_1262_Design</ownerDesignName>
</ColumnProxy>
<ColumnProxy name="PUBOUTBLOB" id="358F9721-103A-78C4-1FA1-26D648265DA8">
<createdBy>calittle</createdBy>
<createdTime>2019-04-17 17:26:42 UTC</createdTime>
<ownerDesignName>ODEE_1262_Design</ownerDesignName>
</ColumnProxy>
<ColumnProxy name="PUBAPPDEC001" id="37A11B34-C69F-BD16-6531-2958D1194370">
<createdBy>calittle</createdBy>
<createdTime>2019-04-17 17:26:42 UTC</createdTime>
<ownerDesignName>ODEE_1262_Design</ownerDesignName>
</ColumnProxy>
<ColumnProxy name="PUBTRAY5" id="38C159BA-8773-7BBD-D183-0B2B32CD3628">
<createdBy>calittle</createdBy>
<createdTime>2019-04-17 17:26:42 UTC</createdTime>
<ownerDesignName>ODEE_1262_Design</ownerDesignName>
</ColumnProxy>
<ColumnProxy name="PUBENDRCP_ID" id="38F77538-D0F3-C544-3710-75A5263EA9BE">
<createdBy>calittle</createdBy>
<createdTime>2019-04-17 17:26:42 UTC</createdTime>
<ownerDesignName>ODEE_1262_Design</ownerDesignName>
</ColumnProxy>
<ColumnProxy name="PUBTRAY3DESC" id="3C11B3F7-49A4-3A08-4A7E-73CBC6CDA4EA">
<createdBy>calittle</createdBy>
<createdTime>2019-04-17 17:26:42 UTC</createdTime>
<ownerDesignName>ODEE_1262_Design</ownerDesignName>
</ColumnProxy>
<ColumnProxy name="PUBTRAY2" id="3ECB5D8B-BDC1-44A5-BE66-B881E935C137">
<createdBy>calittle</createdBy>
<createdTime>2019-04-17 17:26:42 UTC</createdTime>
<ownerDesignName>ODEE_1262_Design</ownerDesignName>
</ColumnProxy>
<ColumnProxy name="PUBPRTPHYNAME" id="41FA7EB2-D7AD-FF50-5BD1-E7DC263FD77F">
<createdBy>calittle</createdBy>
<createdTime>2019-04-17 17:26:42 UTC</createdTime>
<ownerDesignName>ODEE_1262_Design</ownerDesignName>
</ColumnProxy>
<ColumnProxy name="PUBNTFENDTIME" id="428781E7-03F6-FFED-482B-105C13FDBAFD">
<createdBy>calittle</createdBy>
<createdTime>2019-04-17 17:26:42 UTC</createdTime>
<ownerDesignName>ODEE_1262_Design</ownerDesignName>
</ColumnProxy>
<ColumnProxy name="PUBCUSSTR005" id="42B230BD-D34F-F993-7DBA-6C5212D9AB52">
<createdBy>calittle</createdBy>
<createdTime>2019-04-17 17:26:42 UTC</createdTime>
<ownerDesignName>ODEE_1262_Design</ownerDesignName>
</ColumnProxy>
<ColumnProxy name="PUBTRAY8DESC" id="45505F4B-17CB-48F0-2E2F-DAFCD8553375">
<createdBy>calittle</createdBy>
<createdTime>2019-04-17 17:26:42 UTC</createdTime>
<ownerDesignName>ODEE_1262_Design</ownerDesignName>
</ColumnProxy>
<ColumnProxy name="PUBCUSSTR013" id="455C7F26-76B5-2527-F087-5166CD3A3D0F">
<createdBy>calittle</createdBy>
<createdTime>2019-04-17 17:26:42 UTC</createdTime>
<ownerDesignName>ODEE_1262_Design</ownerDesignName>
</ColumnProxy>
<ColumnProxy name="PUBAPPSTR014" id="4C41D294-D1D6-EE83-1BC3-8138319DBD26">
<createdBy>calittle</createdBy>
<createdTime>2019-04-17 17:26:42 UTC</createdTime>
<ownerDesignName>ODEE_1262_Design</ownerDesignName>
</ColumnProxy>
<ColumnProxy name="PUBSTARTTIME" id="4D004CE8-E3AD-089A-E1D1-F2938AD5114F">
<createdBy>calittle</createdBy>
<createdTime>2019-04-17 17:26:42 UTC</createdTime>
<ownerDesignName>ODEE_1262_Design</ownerDesignName>
</ColumnProxy>
<ColumnProxy name="PUBAPPDATE003" id="512E57D0-320F-47F3-476C-B6387C335216">
<createdBy>calittle</createdBy>
<createdTime>2019-04-17 17:26:42 UTC</createdTime>
<ownerDesignName>ODEE_1262_Design</ownerDesignName>
</ColumnProxy>
<ColumnProxy name="PUBSGNSTATUS" id="51C72BB3-91E9-1AF3-2CB2-D7E18D47BF21">
<createdBy>calittle</createdBy>
<createdTime>2019-04-17 17:26:42 UTC</createdTime>
<ownerDesignName>ODEE_1262_Design</ownerDesignName>
</ColumnProxy>
<ColumnProxy name="PUBCUSINT002" id="52F8F0BB-3A98-E517-75C9-9639A91CFF60">
<createdBy>calittle</createdBy>
<createdTime>2019-04-17 17:26:42 UTC</createdTime>
<ownerDesignName>ODEE_1262_Design</ownerDesignName>
</ColumnProxy>
<ColumnProxy name="PUBSIGNOFFTIME" id="55D01FD5-502E-6758-7E6B-2C39150F5051">
<createdBy>calittle</createdBy>
<createdTime>2019-04-17 17:26:42 UTC</createdTime>
<ownerDesignName>ODEE_1262_Design</ownerDesignName>
</ColumnProxy>
<ColumnProxy name="PUBSIGNED" id="55F057FF-08ED-680B-1792-7862A2933869">
<createdBy>calittle</createdBy>
<createdTime>2019-04-17 17:26:42 UTC</createdTime>
<ownerDesignName>ODEE_1262_Design</ownerDesignName>
</ColumnProxy>
<ColumnProxy name="PUBSGNDOCSUBTYPE" id="5909AB50-45E0-E26E-2F45-372F38EF864B">
<createdBy>calittle</createdBy>
<createdTime>2019-04-17 17:26:42 UTC</createdTime>
<ownerDesignName>ODEE_1262_Design</ownerDesignName>
</ColumnProxy>
<ColumnProxy name="PUBERR_ID" id="59BAFA46-3F0A-564F-E8AE-36516A9BBE02">
<createdBy>calittle</createdBy>
<createdTime>2019-04-17 17:26:42 UTC</createdTime>
<ownerDesignName>ODEE_1262_Design</ownerDesignName>
</ColumnProxy>
<ColumnProxy name="PUBAPPSTR003" id="5A6AD814-69FB-A18F-02D9-F25A12EE3798">
<createdBy>calittle</createdBy>
<createdTime>2019-04-17 17:26:42 UTC</createdTime>
<ownerDesignName>ODEE_1262_Design</ownerDesignName>
</ColumnProxy>
<ColumnProxy name="PUBSGNENDTIME" id="5DB1FC62-A8E0-525B-67E7-68FB4ACFAD83">
<createdBy>calittle</createdBy>
<createdTime>2019-04-17 17:26:42 UTC</createdTime>
<ownerDesignName>ODEE_1262_Design</ownerDesignName>
</ColumnProxy>
<ColumnProxy name="PUBARCHIVED" id="5DD303A2-BAD9-E203-D3F3-7E331343005F">
<createdBy>calittle</createdBy>
<createdTime>2019-04-17 17:26:42 UTC</createdTime>
<ownerDesignName>ODEE_1262_Design</ownerDesignName>
</ColumnProxy>
<ColumnProxy name="PUBSGNDOCTYPE" id="5FBDFDAE-02F2-BB6B-8A41-9AB74CBA2589">
<createdBy>calittle</createdBy>
<createdTime>2019-04-17 17:26:42 UTC</createdTime>
<ownerDesignName>ODEE_1262_Design</ownerDesignName>
</ColumnProxy>
<ColumnProxy name="PUBCUSDEC005" id="61F3883E-ACCD-C2C5-7A32-F114F68ED47E">
<createdBy>calittle</createdBy>
<createdTime>2019-04-17 17:26:42 UTC</createdTime>
<ownerDesignName>ODEE_1262_Design</ownerDesignName>
</ColumnProxy>
<ColumnProxy name="PUBCUSSTR001" id="62291E79-EB5D-BAE1-C61F-912FB9D352B5">
<createdBy>calittle</createdBy>
<createdTime>2019-04-17 17:26:42 UTC</createdTime>
<ownerDesignName>ODEE_1262_Design</ownerDesignName>
</ColumnProxy>
<ColumnProxy name="PUBPUBSTARTTIME" id="623DD33D-1CB5-6F81-7DA1-53AD35BBEFD6">
<createdBy>calittle</createdBy>
<createdTime>2019-04-17 17:26:42 UTC</createdTime>
<ownerDesignName>ODEE_1262_Design</ownerDesignName>
</ColumnProxy>
<ColumnProxy name="PUBCUSSTR015" id="637BE167-639E-2FA4-18D9-C389E947BCBA">
<createdBy>calittle</createdBy>
<createdTime>2019-04-17 17:26:42 UTC</createdTime>
<ownerDesignName>ODEE_1262_Design</ownerDesignName>
</ColumnProxy>
<ColumnProxy name="PUBTRAY8" id="6516314D-04B5-BF69-8395-85DDF520DABB">
<createdBy>calittle</createdBy>
<createdTime>2019-04-17 17:26:42 UTC</createdTime>
<ownerDesignName>ODEE_1262_Design</ownerDesignName>
</ColumnProxy>
<ColumnProxy name="PUBAPPDATE004" id="6A3BE0CC-F687-A49E-9A78-C9DDD7CDFE15">
<createdBy>calittle</createdBy>
<createdTime>2019-04-17 17:26:42 UTC</createdTime>
<ownerDesignName>ODEE_1262_Design</ownerDesignName>
</ColumnProxy>
<ColumnProxy name="PUBARCDOCNAME" id="6AA3CA0A-A3F6-97CB-7812-5173EA972614">
<createdBy>calittle</createdBy>
<createdTime>2019-04-17 17:26:42 UTC</createdTime>
<ownerDesignName>ODEE_1262_Design</ownerDesignName>
</ColumnProxy>
<ColumnProxy name="PUBTRAY5DESC" id="6CF0AA6E-8A20-D451-3C99-141E7CADB681">
<createdBy>calittle</createdBy>
<createdTime>2019-04-17 17:26:42 UTC</createdTime>
<ownerDesignName>ODEE_1262_Design</ownerDesignName>
</ColumnProxy>
<ColumnProxy name="PUBCUSINT001" id="6DA74227-8692-638E-221F-F592FAB8BFB2">
<createdBy>calittle</createdBy>
<createdTime>2019-04-17 17:26:42 UTC</createdTime>
<ownerDesignName>ODEE_1262_Design</ownerDesignName>
</ColumnProxy>
<ColumnProxy name="PUBRCPCOUNT" id="75A4B6E2-B36E-28D9-BD3C-C0971F8D670E">
<createdBy>calittle</createdBy>
<createdTime>2019-04-17 17:26:42 UTC</createdTime>
<ownerDesignName>ODEE_1262_Design</ownerDesignName>
</ColumnProxy>
<ColumnProxy name="PUBTRAY1" id="779EE59B-5482-C571-514D-BE93C4AEC81E">
<createdBy>calittle</createdBy>
<createdTime>2019-04-17 17:26:42 UTC</createdTime>
<ownerDesignName>ODEE_1262_Design</ownerDesignName>
</ColumnProxy>
<ColumnProxy name="PUBAPPSTR013" id="7925829F-B0E8-8757-8C63-DDDAEBC9E5C9">
<createdBy>calittle</createdBy>
<createdTime>2019-04-17 17:26:42 UTC</createdTime>
<ownerDesignName>ODEE_1262_Design</ownerDesignName>
</ColumnProxy>
<ColumnProxy name="PUBAPPSTR007" id="79FF6703-157B-512C-9F7E-74AA86999059">
<createdBy>calittle</createdBy>
<createdTime>2019-04-17 17:26:42 UTC</createdTime>
<ownerDesignName>ODEE_1262_Design</ownerDesignName>
</ColumnProxy>
<ColumnProxy name="PUBHISTORY" id="7A7BAF3B-AB63-4C4A-5A26-B591D6BA3453">
<createdBy>calittle</createdBy>
<createdTime>2019-04-17 17:26:42 UTC</createdTime>
<ownerDesignName>ODEE_1262_Design</ownerDesignName>
</ColumnProxy>
<ColumnProxy name="PUBCUSSTR009" id="7C0F422F-1EC8-78F0-1727-E0B5F22AC938">
<createdBy>calittle</createdBy>
<createdTime>2019-04-17 17:26:42 UTC</createdTime>
<ownerDesignName>ODEE_1262_Design</ownerDesignName>
</ColumnProxy>
<ColumnProxy name="PUBCUSSTR006" id="7DCA7504-029A-97EA-227D-D18C45B558B4">
<createdBy>calittle</createdBy>
<createdTime>2019-04-17 17:26:42 UTC</createdTime>
<ownerDesignName>ODEE_1262_Design</ownerDesignName>
</ColumnProxy>
<ColumnProxy name="PUBSEQ" id="7E4057FB-0903-E517-0DD7-0BDA631C24FA">
<createdBy>calittle</createdBy>
<createdTime>2019-04-17 17:26:42 UTC</createdTime>
<ownerDesignName>ODEE_1262_Design</ownerDesignName>
</ColumnProxy>
<ColumnProxy name="PUBCUSDEC002" id="7ED8D33E-59C8-2457-0F71-47D01B038CCF">
<createdBy>calittle</createdBy>
<createdTime>2019-04-17 17:26:42 UTC</createdTime>
<ownerDesignName>ODEE_1262_Design</ownerDesignName>
</ColumnProxy>
<ColumnProxy name="PUBCUSSTR008" id="805FC375-55D8-1607-7415-F899A6406F3C">
<createdBy>calittle</createdBy>
<createdTime>2019-04-17 17:26:42 UTC</createdTime>
<ownerDesignName>ODEE_1262_Design</ownerDesignName>
</ColumnProxy>
<ColumnProxy name="PUBPUBLISHED" id="80D30F0A-40E2-DB9D-C4C2-5531E0722E0D">
<createdBy>calittle</createdBy>
<createdTime>2019-04-17 17:26:42 UTC</createdTime>
<ownerDesignName>ODEE_1262_Design</ownerDesignName>
</ColumnProxy>
<ColumnProxy name="PUBWEIGHT" id="82C999DD-AE4B-DB05-49E0-3E71457CCA14">
<createdBy>calittle</createdBy>
<createdTime>2019-04-17 17:26:42 UTC</createdTime>
<ownerDesignName>ODEE_1262_Design</ownerDesignName>
</ColumnProxy>
<ColumnProxy name="PUBCUSSTR002" id="835D8B4D-ED80-51DC-4219-5954BE792A26">
<createdBy>calittle</createdBy>
<createdTime>2019-04-17 17:26:42 UTC</createdTime>
<ownerDesignName>ODEE_1262_Design</ownerDesignName>
</ColumnProxy>
<ColumnProxy name="PUBPAGECOUNT" id="83C85931-BF98-1174-AA89-90292311A091">
<createdBy>calittle</createdBy>
<createdTime>2019-04-17 17:26:42 UTC</createdTime>
<ownerDesignName>ODEE_1262_Design</ownerDesignName>
</ColumnProxy>
<ColumnProxy name="PUBAPPSTR002" id="885DB94E-ECEE-5D10-9E24-9520D51ADD47">
<createdBy>calittle</createdBy>
<createdTime>2019-04-17 17:26:42 UTC</createdTime>
<ownerDesignName>ODEE_1262_Design</ownerDesignName>
</ColumnProxy>
<ColumnProxy name="PUBARCTITLE" id="888E4EA9-B32B-C132-85C5-FD72559416DD">
<createdBy>calittle</createdBy>
<createdTime>2019-04-17 17:26:42 UTC</createdTime>
<ownerDesignName>ODEE_1262_Design</ownerDesignName>
</ColumnProxy>
<ColumnProxy name="PUBPUBENDTIME" id="8A931E71-40DD-4932-F92A-323614963B91">
<createdBy>calittle</createdBy>
<createdTime>2019-04-17 17:26:42 UTC</createdTime>
<ownerDesignName>ODEE_1262_Design</ownerDesignName>
</ColumnProxy>
<ColumnProxy name="PUBNTFSTARTTIME" id="8C74D22F-8F48-05C1-552F-0521CC33B4FB">
<createdBy>calittle</createdBy>
<createdTime>2019-04-17 17:26:42 UTC</createdTime>
<ownerDesignName>ODEE_1262_Design</ownerDesignName>
</ColumnProxy>
<ColumnProxy name="PUBTRAY7" id="8CB0E52C-6C37-085F-192F-8582902A08E3">
<createdBy>calittle</createdBy>
<createdTime>2019-04-17 17:26:42 UTC</createdTime>
<ownerDesignName>ODEE_1262_Design</ownerDesignName>
</ColumnProxy>
<ColumnProxy name="PUBAPPDEC003" id="91258737-D352-F4D7-C3CE-1F30D48B7DB8">
<createdBy>calittle</createdBy>
<createdTime>2019-04-17 17:26:42 UTC</createdTime>
<ownerDesignName>ODEE_1262_Design</ownerDesignName>
</ColumnProxy>
<ColumnProxy name="PUBARCENDTIME" id="9239955B-E20C-A121-8C89-6E7AC2E21114">
<createdBy>calittle</createdBy>
<createdTime>2019-04-17 17:26:42 UTC</createdTime>
<ownerDesignName>ODEE_1262_Design</ownerDesignName>
</ColumnProxy>
<ColumnProxy name="PUBTRAY6" id="9526037B-62D4-2122-1121-71073C72F3A7">
<createdBy>calittle</createdBy>
<createdTime>2019-04-17 17:26:42 UTC</createdTime>
<ownerDesignName>ODEE_1262_Design</ownerDesignName>
</ColumnProxy>
<ColumnProxy name="PUBAPPINT002" id="953277EE-7519-7E45-7A98-320E07412CCA">
<createdBy>calittle</createdBy>
<createdTime>2019-04-17 17:26:42 UTC</createdTime>
<ownerDesignName>ODEE_1262_Design</ownerDesignName>
</ColumnProxy>
<ColumnProxy name="PUBARCREF" id="9CA3A9C5-DFDC-EFD8-612C-04A93E015B3B">
<createdBy>calittle</createdBy>
<createdTime>2019-04-17 17:26:42 UTC</createdTime>
<ownerDesignName>ODEE_1262_Design</ownerDesignName>
</ColumnProxy>
<ColumnProxy name="PUBCUSINT004" id="9CC1707B-E2A7-67EB-D999-1F7130C323A9">
<createdBy>calittle</createdBy>
<createdTime>2019-04-17 17:26:42 UTC</createdTime>
<ownerDesignName>ODEE_1262_Design</ownerDesignName>
</ColumnProxy>
<ColumnProxy name="PUBAPPSTR006" id="9E692A13-1DA0-66AB-1BA4-18111C3F7B19">
<createdBy>calittle</createdBy>
<createdTime>2019-04-17 17:26:42 UTC</createdTime>
<ownerDesignName>ODEE_1262_Design</ownerDesignName>
</ColumnProxy>
<ColumnProxy name="PUBARCDOCSUBTYPE" id="A35A6F6A-0247-E03F-6ADE-CEEB8376916A">
<createdBy>calittle</createdBy>
<createdTime>2019-04-17 17:26:42 UTC</createdTime>
<ownerDesignName>ODEE_1262_Design</ownerDesignName>
</ColumnProxy>
<ColumnProxy name="PUBRETENTION" id="A5750482-5229-58F6-F50F-2AD55A94AF31">
<createdBy>calittle</createdBy>
<createdTime>2019-04-17 17:26:42 UTC</createdTime>
<ownerDesignName>ODEE_1262_Design</ownerDesignName>
</ColumnProxy>
<ColumnProxy name="PUBNOTIFIED" id="A5A06FF2-95B5-EA93-00B1-B4F4059CE153">
<createdBy>calittle</createdBy>
<createdTime>2019-04-17 17:26:42 UTC</createdTime>
<ownerDesignName>ODEE_1262_Design</ownerDesignName>
</ColumnProxy>
<ColumnProxy name="PUBAPPDEC002" id="A7359433-8D5B-8C64-83FA-5A0C7E6175B6">
<createdBy>calittle</createdBy>
<createdTime>2019-04-17 17:26:42 UTC</createdTime>
<ownerDesignName>ODEE_1262_Design</ownerDesignName>
</ColumnProxy>
<ColumnProxy name="PUBCUSSTR012" id="AC45242A-D001-EF2F-AA1D-38021E5FEE45">
<createdBy>calittle</createdBy>
<createdTime>2019-04-17 17:26:42 UTC</createdTime>
<ownerDesignName>ODEE_1262_Design</ownerDesignName>
</ColumnProxy>
<ColumnProxy name="PUBCUSDATE005" id="ACA6590B-762C-A468-2B63-924C8AEB2827">
<createdBy>calittle</createdBy>
<createdTime>2019-04-17 17:26:42 UTC</createdTime>
<ownerDesignName>ODEE_1262_Design</ownerDesignName>
</ColumnProxy>
<ColumnProxy name="PUBARCSTATUS" id="AD021CE5-E939-B753-D4F0-357D29CC3381">
<createdBy>calittle</createdBy>
<createdTime>2019-04-17 17:26:42 UTC</createdTime>
<ownerDesignName>ODEE_1262_Design</ownerDesignName>
</ColumnProxy>
<ColumnProxy name="PUBCUSSTR004" id="AD10B9C2-792A-F8D2-1BC1-620AF7E8C679">
<createdBy>calittle</createdBy>
<createdTime>2019-04-17 17:26:42 UTC</createdTime>
<ownerDesignName>ODEE_1262_Design</ownerDesignName>
</ColumnProxy>
<ColumnProxy name="PUBCUSDATE002" id="AD635BEB-953F-8AA5-36A1-E7E70C0F3312">
<createdBy>calittle</createdBy>
<createdTime>2019-04-17 17:26:42 UTC</createdTime>
<ownerDesignName>ODEE_1262_Design</ownerDesignName>
</ColumnProxy>
<ColumnProxy name="PUBNAME" id="ADA0469C-2076-8F38-CABF-985C01065A4C">
<createdBy>calittle</createdBy>
<createdTime>2019-04-17 17:26:42 UTC</createdTime>
<ownerDesignName>ODEE_1262_Design</ownerDesignName>
</ColumnProxy>
<ColumnProxy name="PUBAPPSTR001" id="B052438C-EADF-96AD-1AA8-676B8D14318D">
<createdBy>calittle</createdBy>
<createdTime>2019-04-17 17:26:42 UTC</createdTime>
<ownerDesignName>ODEE_1262_Design</ownerDesignName>
</ColumnProxy>
<ColumnProxy name="PUBPUBSTATUS" id="B0ACEC75-CFC8-CFD9-5246-A252CDB7DE81">
<createdBy>calittle</createdBy>
<createdTime>2019-04-17 17:26:42 UTC</createdTime>
<ownerDesignName>ODEE_1262_Design</ownerDesignName>
</ColumnProxy>
<ColumnProxy name="PUBSGNREF" id="B12272CA-27F7-C033-7123-6FACA8CDD55F">
<createdBy>calittle</createdBy>
<createdTime>2019-04-17 17:26:42 UTC</createdTime>
<ownerDesignName>ODEE_1262_Design</ownerDesignName>
</ColumnProxy>
<ColumnProxy name="PUBAPPSTR004" id="B214438B-634A-D357-4C21-FA85F94AD1CE">
<createdBy>calittle</createdBy>
<createdTime>2019-04-17 17:26:42 UTC</createdTime>
<ownerDesignName>ODEE_1262_Design</ownerDesignName>
</ColumnProxy>
<ColumnProxy name="PUBOUTSIZE" id="B5E214AF-86D8-682F-7ABF-8A81B7CF3E0E">
<createdBy>calittle</createdBy>
<createdTime>2019-04-17 17:26:42 UTC</createdTime>
<ownerDesignName>ODEE_1262_Design</ownerDesignName>
<defaultValue>0</defaultValue>
</ColumnProxy>
<ColumnProxy name="PUBAPPSTR010" id="BA63EF33-4A2C-2553-41C5-30058695C555">
<createdBy>calittle</createdBy>
<createdTime>2019-04-17 17:26:42 UTC</createdTime>
<ownerDesignName>ODEE_1262_Design</ownerDesignName>
</ColumnProxy>
<ColumnProxy name="PUBTRAY6DESC" id="BBADEB62-D833-2F0B-2706-93FE17092244">
<createdBy>calittle</createdBy>
<createdTime>2019-04-17 17:26:42 UTC</createdTime>
<ownerDesignName>ODEE_1262_Design</ownerDesignName>
</ColumnProxy>
<ColumnProxy name="PUBTRAY2DESC" id="BBBFB351-2831-61D8-6BFB-A83CF797F238">
<createdBy>calittle</createdBy>
<createdTime>2019-04-17 17:26:42 UTC</createdTime>
<ownerDesignName>ODEE_1262_Design</ownerDesignName>
</ColumnProxy>
<ColumnProxy name="PUBCUSINT003" id="BE8AA7C2-298A-6F63-3A85-E1B6D43A7CCF">
<createdBy>calittle</createdBy>
<createdTime>2019-04-17 17:26:42 UTC</createdTime>
<ownerDesignName>ODEE_1262_Design</ownerDesignName>
</ColumnProxy>
<ColumnProxy name="PUBPRTEXT" id="BED22D6F-CD51-8506-07EC-4593EBE3BB2E">
<createdBy>calittle</createdBy>
<createdTime>2019-04-17 17:26:42 UTC</createdTime>
<ownerDesignName>ODEE_1262_Design</ownerDesignName>
</ColumnProxy>
<ColumnProxy name="PUBCUSSTR011" id="BFE83793-84D1-24BF-D4B6-CF91E7CF7AC2">
<createdBy>calittle</createdBy>
<createdTime>2019-04-17 17:26:42 UTC</createdTime>
<ownerDesignName>ODEE_1262_Design</ownerDesignName>
</ColumnProxy>
<ColumnProxy name="PUBOUTREF" id="C196B739-6E01-3A0F-8FA2-E511C8F03185">
<createdBy>calittle</createdBy>
<createdTime>2019-04-17 17:26:42 UTC</createdTime>
<ownerDesignName>ODEE_1262_Design</ownerDesignName>
</ColumnProxy>
<ColumnProxy name="PUBSTATUS" id="C21F0F07-50E4-8FB9-4207-0DBC016DEA90">
<createdBy>calittle</createdBy>
<createdTime>2019-04-17 17:26:42 UTC</createdTime>
<ownerDesignName>ODEE_1262_Design</ownerDesignName>
</ColumnProxy>
<ColumnProxy name="PUBTRAY3" id="C34E0386-EE12-1A03-9135-FD0F5BC84E9C">
<createdBy>calittle</createdBy>
<createdTime>2019-04-17 17:26:42 UTC</createdTime>
<ownerDesignName>ODEE_1262_Design</ownerDesignName>
</ColumnProxy>
<ColumnProxy name="PUBAPPSTR005" id="C459DC30-24FC-ECCD-B239-3CC606A8E895">
<createdBy>calittle</createdBy>
<createdTime>2019-04-17 17:26:42 UTC</createdTime>
<ownerDesignName>ODEE_1262_Design</ownerDesignName>
</ColumnProxy>
<ColumnProxy name="PUBCUSDATE001" id="C83D1548-55B0-A7DC-88BC-74AA290D2834">
<createdBy>calittle</createdBy>
<createdTime>2019-04-17 17:26:42 UTC</createdTime>
<ownerDesignName>ODEE_1262_Design</ownerDesignName>
</ColumnProxy>
<ColumnProxy name="PUBAPPINT003" id="D11BA290-2D7E-632F-9008-6CC055C4AEC2">
<createdBy>calittle</createdBy>
<createdTime>2019-04-17 17:26:42 UTC</createdTime>
<ownerDesignName>ODEE_1262_Design</ownerDesignName>
</ColumnProxy>
<ColumnProxy name="PUBRETHOLD" id="D176961B-B4B7-6B95-39C8-04BDA9610596">
<createdBy>calittle</createdBy>
<createdTime>2019-04-17 17:26:42 UTC</createdTime>
<ownerDesignName>ODEE_1262_Design</ownerDesignName>
<defaultValue>0</defaultValue>
</ColumnProxy>
<ColumnProxy name="PUBENDTIME" id="D1921920-E5B3-6AC5-FACE-4FA8F23B8785">
<createdBy>calittle</createdBy>
<createdTime>2019-04-17 17:26:42 UTC</createdTime>
<ownerDesignName>ODEE_1262_Design</ownerDesignName>
</ColumnProxy>
<ColumnProxy name="PUBUNIQUE_ID" id="D362DF78-AC72-80B9-CFDE-D18C73353E86">
<createdBy>calittle</createdBy>
<createdTime>2019-04-17 17:26:42 UTC</createdTime>
<ownerDesignName>ODEE_1262_Design</ownerDesignName>
</ColumnProxy>
<ColumnProxy name="PUBSGNTITLE" id="D7E6EC6F-F655-1FA0-0B96-907F9F8F4F61">
<createdBy>calittle</createdBy>
<createdTime>2019-04-17 17:26:42 UTC</createdTime>
<ownerDesignName>ODEE_1262_Design</ownerDesignName>
</ColumnProxy>
<ColumnProxy name="PUBCUSSTR003" id="DBC8E83A-5E02-3BF6-051F-E4C3FED728CB">
<createdBy>calittle</createdBy>
<createdTime>2019-04-17 17:26:42 UTC</createdTime>
<ownerDesignName>ODEE_1262_Design</ownerDesignName>
</ColumnProxy>
<ColumnProxy name="PUBSIGNOFF" id="DBF801C5-03FC-3005-C1AD-6CE71D3E9596">
<createdBy>calittle</createdBy>
<createdTime>2019-04-17 17:26:42 UTC</createdTime>
<ownerDesignName>ODEE_1262_Design</ownerDesignName>
</ColumnProxy>
<ColumnProxy name="PUBHISTORICAL" id="E0B6698A-06E4-0114-7CE1-99042E8A451D">
<createdBy>calittle</createdBy>
<createdTime>2019-04-17 17:26:42 UTC</createdTime>
<ownerDesignName>ODEE_1262_Design</ownerDesignName>
<defaultValue>1</defaultValue>
</ColumnProxy>
<ColumnProxy name="PUBCUSINT005" id="E323405C-1D28-23DD-24B2-B1DA2EF6222C">
<createdBy>calittle</createdBy>
<createdTime>2019-04-17 17:26:42 UTC</createdTime>
<ownerDesignName>ODEE_1262_Design</ownerDesignName>
</ColumnProxy>
<ColumnProxy name="PUBNTFSTATUS" id="E4EE67B4-E903-B31F-61B4-2D672848ADC8">
<createdBy>calittle</createdBy>
<createdTime>2019-04-17 17:26:42 UTC</createdTime>
<ownerDesignName>ODEE_1262_Design</ownerDesignName>
</ColumnProxy>
<ColumnProxy name="PUBCUSDEC001" id="E52319F8-7F41-8622-22B7-8BBBF26442BC">
<createdBy>calittle</createdBy>
<createdTime>2019-04-17 17:26:42 UTC</createdTime>
<ownerDesignName>ODEE_1262_Design</ownerDesignName>
</ColumnProxy>
<ColumnProxy name="PUBTRAY1DESC" id="E6F28CCA-6551-F752-99FD-971ECB715C7D">
<createdBy>calittle</createdBy>
<createdTime>2019-04-17 17:26:42 UTC</createdTime>
<ownerDesignName>ODEE_1262_Design</ownerDesignName>
</ColumnProxy>
<ColumnProxy name="PUB_ID" id="E7C607C3-07B7-3761-AADC-E3EC94EB1592">
<createdBy>calittle</createdBy>
<createdTime>2019-04-17 17:26:42 UTC</createdTime>
<ownerDesignName>ODEE_1262_Design</ownerDesignName>
</ColumnProxy>
<ColumnProxy name="PUBARCSTARTTIME" id="EAA178EF-F9E7-90B8-967B-997129519B55">
<createdBy>calittle</createdBy>
<createdTime>2019-04-17 17:26:42 UTC</createdTime>
<ownerDesignName>ODEE_1262_Design</ownerDesignName>
</ColumnProxy>
<ColumnProxy name="PUBSGNSTARTTIME" id="EF404577-47D6-2F0D-7938-E00BE56E9049">
<createdBy>calittle</createdBy>
<createdTime>2019-04-17 17:26:42 UTC</createdTime>
<ownerDesignName>ODEE_1262_Design</ownerDesignName>
</ColumnProxy>
<ColumnProxy name="PUBPRTTYPE" id="EF48B5F7-21AE-5CBC-2F1A-3D8F29738C9B">
<createdBy>calittle</createdBy>
<createdTime>2019-04-17 17:26:42 UTC</createdTime>
<ownerDesignName>ODEE_1262_Design</ownerDesignName>
</ColumnProxy>
<ColumnProxy name="PUBTRAY9" id="F1468BF0-E1A1-F3AF-6909-2663B612B9EE">
<createdBy>calittle</createdBy>
<createdTime>2019-04-17 17:26:42 UTC</createdTime>
<ownerDesignName>ODEE_1262_Design</ownerDesignName>
</ColumnProxy>
<ColumnProxy name="PUBOUTTYPE" id="F469E389-01FA-AFB8-1795-BAC218D6DC4C">
<createdBy>calittle</createdBy>
<createdTime>2019-04-17 17:26:42 UTC</createdTime>
<ownerDesignName>ODEE_1262_Design</ownerDesignName>
<defaultValue>0</defaultValue>
</ColumnProxy>
<ColumnProxy name="PUBAPPDATE005" id="F5612D7C-0539-77AB-9E29-C0BF17859917">
<createdBy>calittle</createdBy>
<createdTime>2019-04-17 17:26:42 UTC</createdTime>
<ownerDesignName>ODEE_1262_Design</ownerDesignName>
</ColumnProxy>
<ColumnProxy name="PUBAPPDEC004" id="F7F5C0A0-82D9-ED91-702D-0254674A2222">
<createdBy>calittle</createdBy>
<createdTime>2019-04-17 17:26:42 UTC</createdTime>
<ownerDesignName>ODEE_1262_Design</ownerDesignName>
</ColumnProxy>
<ColumnProxy name="PUBCUSSTR007" id="FB9CF98A-2ADA-157A-9286-24F93F898828">
<createdBy>calittle</createdBy>
<createdTime>2019-04-17 17:26:42 UTC</createdTime>
<ownerDesignName>ODEE_1262_Design</ownerDesignName>
</ColumnProxy>
<ColumnProxy name="PUBTRAY9DESC" id="FD54855D-5D58-A816-28B7-8A6E4E2C624C">
<createdBy>calittle</createdBy>
<createdTime>2019-04-17 17:26:42 UTC</createdTime>
<ownerDesignName>ODEE_1262_Design</ownerDesignName>
</ColumnProxy>
</columnProxies>
<lobStorages>
<LobStorage class="oracle.dbtools.crest.model.design.storage.oracle.v11g.LobStorageOraclev11g" name="SYS_LOB0000140063C00015$$" id="2DD08E54-45AA-D672-2ABA-6F05160A2FDF">
<createdBy>calittle</createdBy>
<createdTime>2019-04-17 17:26:52 UTC</createdTime>
<ownerDesignName>ODEE_1262_Design</ownerDesignName>
<cache>NOCACHE</cache>
<chunk>8192</chunk>
<column>PUBOUTBLOB</column>
<compression>NO</compression>
<duplication>KEEP_DUPLICATES</duplication>
<logging>FILESYSTEM_LIKE_LOGGING</logging>
<tableSpace>B4FE7603-2423-0888-71C6-BC38EA367033</tableSpace>
<lobStorageType>SECUREFILE</lobStorageType>
</LobStorage>
</lobStorages>
<primaryKeys>
<PrimaryKey class="oracle.dbtools.crest.model.design.storage.oracle.v10g.PKProxyOraclev10g" name="PUBHIST_PK" id="98884C51-387A-0999-0BB8-36519206A2F6">
<createdBy>calittle</createdBy>
<createdTime>2019-04-17 17:26:51 UTC</createdTime>
<ownerDesignName>ODEE_1262_Design</ownerDesignName>
<segment>40B3AC24-9CF5-8A2D-F82F-B2CD0FB5CAA2</segment>
<tableSpace>B4FE7603-2423-0888-71C6-BC38EA367033</tableSpace>
<existingIndex>7DBBA77D-3B46-9C0C-8DC9-0C324E333AC3</existingIndex>
<indexSegment>40B3AC24-9CF5-8A2D-F82F-B2CD0FB5CAA2</indexSegment>
<indexSort>SORTED</indexSort>
<usingIndex>BY INDEX NAME</usingIndex>
</PrimaryKey>
</primaryKeys>
<uniqueKeys>
<UniqueKey class="oracle.dbtools.crest.model.design.storage.oracle.v10g.UniqueOraclev10g" name="PUBHISTUNIQUE_ID" id="A072E46F-35E2-FBE4-7FD3-D47174C3B7BA">
<createdBy>calittle</createdBy>
<createdTime>2019-04-17 17:26:51 UTC</createdTime>
<ownerDesignName>ODEE_1262_Design</ownerDesignName>
<segment>40B3AC24-9CF5-8A2D-F82F-B2CD0FB5CAA2</segment>
<tableSpace>B4FE7603-2423-0888-71C6-BC38EA367033</tableSpace>
<existingIndex>62B87D45-D155-445A-5A6B-45AF74D99885</existingIndex>
<indexSegment>40B3AC24-9CF5-8A2D-F82F-B2CD0FB5CAA2</indexSegment>
<indexSort>SORTED</indexSort>
<usingIndex>BY INDEX NAME</usingIndex>
</UniqueKey>
</uniqueKeys>
</TableProxyOraclev11g>