<?xml version = '1.0' encoding = 'UTF-8'?>
<TableProxyOraclev11g class="oracle.dbtools.crest.model.design.storage.oracle.v11g.TableProxyOraclev11g" name="ALS" directorySegmentName="seg_0" id="98ED6A7C-350C-9BC5-7C07-EF9C71B1B8A8">
<createdBy>calittle</createdBy>
<createdTime>2019-04-17 17:24:54 UTC</createdTime>
<ownerDesignName>ODEE_1262_Design</ownerDesignName>
<schemaObject>0323F05B-A91A-E5F5-C386-B3516E1DFCEB</schemaObject>
<logging>YES</logging>
<partitionedRowMovement>DISABLE</partitionedRowMovement>
<segment>4AC90395-2168-6C73-9206-B942356832F0</segment>
<tableSpace>DF7AC7A0-6C81-FCE6-836E-6026E18400F7</tableSpace>
<temporaryChanged>false</temporaryChanged>
<accessDriverType>oracle_loader</accessDriverType>
<rejectLimit></rejectLimit>
<indexProxies>
<IndexProxy class="oracle.dbtools.crest.model.design.storage.oracle.v10g.IndexProxyOraclev10g" name="ALS_PK" id="DEBAD233-2939-C913-9DEF-F6AE42EC0DA5">
<createdBy>calittle</createdBy>
<createdTime>2019-04-17 17:26:48 UTC</createdTime>
<ownerDesignName>ODEE_1262_Design</ownerDesignName>
<schemaObject>0323F05B-A91A-E5F5-C386-B3516E1DFCEB</schemaObject>
<segment>D84742F2-9E68-6614-C6EF-D3B7EF628E78</segment>
<tableSpace>DF7AC7A0-6C81-FCE6-836E-6026E18400F7</tableSpace>
</IndexProxy>
</indexProxies>
<columnProxies itemClass="oracle.dbtools.crest.model.design.storage.oracle.v12c.ColumnProxyOraclev12c">
<ColumnProxy name="ALNAME" id="334E7F4F-A557-EE8D-20B0-161033F3AD68">
<createdBy>calittle</createdBy>
<createdTime>2019-04-17 17:26:20 UTC</createdTime>
<ownerDesignName>ODEE_1262_Design</ownerDesignName>
</ColumnProxy>
<ColumnProxy name="ALDESCR" id="632E516F-0EB5-2BAB-8B42-8B1AF92BB7B9">
<createdBy>calittle</createdBy>
<createdTime>2019-04-17 17:26:20 UTC</createdTime>
<ownerDesignName>ODEE_1262_Design</ownerDesignName>
</ColumnProxy>
<ColumnProxy name="ALCREATED" id="A809BEBB-640B-6429-AED8-31E34EA42F09">
<createdBy>calittle</createdBy>
<createdTime>2019-04-17 17:26:20 UTC</createdTime>
<ownerDesignName>ODEE_1262_Design</ownerDesignName>
</ColumnProxy>
<ColumnProxy name="AL_ID" id="BF175901-B2E1-9625-5B02-F610BD26B567">
<createdBy>calittle</createdBy>
<createdTime>2019-04-17 17:26:20 UTC</createdTime>
<ownerDesignName>ODEE_1262_Design</ownerDesignName>
</ColumnProxy>
<ColumnProxy name="ALTYPE" id="E7C3FB50-6A4C-0F63-03EB-0BC2F4976234">
<createdBy>calittle</createdBy>
<createdTime>2019-04-17 17:26:20 UTC</createdTime>
<ownerDesignName>ODEE_1262_Design</ownerDesignName>
</ColumnProxy>
<ColumnProxy name="SYS_ID" id="F748C7A3-310D-4815-6743-5DF464BAC126">
<createdBy>calittle</createdBy>
<createdTime>2019-04-17 17:26:20 UTC</createdTime>
<ownerDesignName>ODEE_1262_Design</ownerDesignName>
</ColumnProxy>
<ColumnProxy name="ALUNIQUE_ID" id="F889C561-9F6A-4565-4718-59C870901DFB">
<createdBy>calittle</createdBy>
<createdTime>2019-04-17 17:26:20 UTC</createdTime>
<ownerDesignName>ODEE_1262_Design</ownerDesignName>
</ColumnProxy>
</columnProxies>
<foreignKeys>
<ForeignKey class="oracle.dbtools.crest.model.design.storage.oracle.v10g.FKProxyOraclev10g" name="SYSS_ALS" id="C02235D9-691A-C0BE-D581-1122399B04CB">
<createdBy>calittle</createdBy>
<createdTime>2019-04-17 17:26:52 UTC</createdTime>
<ownerDesignName>ODEE_1262_Design</ownerDesignName>
</ForeignKey>
</foreignKeys>
<primaryKeys>
<PrimaryKey class="oracle.dbtools.crest.model.design.storage.oracle.v10g.PKProxyOraclev10g" name="ALS_PK" id="3B67CC47-F060-7F40-E91A-6CC70957A981">
<createdBy>calittle</createdBy>
<createdTime>2019-04-17 17:26:49 UTC</createdTime>
<ownerDesignName>ODEE_1262_Design</ownerDesignName>
<segment>D84742F2-9E68-6614-C6EF-D3B7EF628E78</segment>
<tableSpace>DF7AC7A0-6C81-FCE6-836E-6026E18400F7</tableSpace>
<existingIndex>DEBAD233-2939-C913-9DEF-F6AE42EC0DA5</existingIndex>
<indexSegment>D84742F2-9E68-6614-C6EF-D3B7EF628E78</indexSegment>
<indexSort>SORTED</indexSort>
<usingIndex>BY INDEX NAME</usingIndex>
</PrimaryKey>
</primaryKeys>
</TableProxyOraclev11g>