<?xml version = '1.0' encoding = 'UTF-8'?>
<TableProxyOraclev11g class="oracle.dbtools.crest.model.design.storage.oracle.v11g.TableProxyOraclev11g" name="APPS" directorySegmentName="seg_0" id="AD6A03EB-BD86-466E-38A8-41B1C4E1EAF4">
<createdBy>calittle</createdBy>
<createdTime>2019-04-17 17:24:56 UTC</createdTime>
<ownerDesignName>ODEE_1262_Design</ownerDesignName>
<schemaObject>0323F05B-A91A-E5F5-C386-B3516E1DFCEB</schemaObject>
<logging>YES</logging>
<partitionedRowMovement>DISABLE</partitionedRowMovement>
<segment>4AC90395-2168-6C73-9206-B942356832F0</segment>
<tableSpace>DF7AC7A0-6C81-FCE6-836E-6026E18400F7</tableSpace>
<temporaryChanged>false</temporaryChanged>
<accessDriverType>oracle_loader</accessDriverType>
<rejectLimit></rejectLimit>
<indexProxies>
<IndexProxy class="oracle.dbtools.crest.model.design.storage.oracle.v10g.IndexProxyOraclev10g" name="APPS_PK" id="7C367984-6B95-D5C2-C3A9-981C995A4A94">
<createdBy>calittle</createdBy>
<createdTime>2019-04-17 17:26:48 UTC</createdTime>
<ownerDesignName>ODEE_1262_Design</ownerDesignName>
<schemaObject>0323F05B-A91A-E5F5-C386-B3516E1DFCEB</schemaObject>
<segment>D84742F2-9E68-6614-C6EF-D3B7EF628E78</segment>
<tableSpace>DF7AC7A0-6C81-FCE6-836E-6026E18400F7</tableSpace>
</IndexProxy>
</indexProxies>
<columnProxies itemClass="oracle.dbtools.crest.model.design.storage.oracle.v12c.ColumnProxyOraclev12c">
<ColumnProxy name="SYS_ID" id="34119862-7C3C-5C54-C240-43A8E0E54CEE">
<createdBy>calittle</createdBy>
<createdTime>2019-04-17 17:26:21 UTC</createdTime>
<ownerDesignName>ODEE_1262_Design</ownerDesignName>
</ColumnProxy>
<ColumnProxy name="APPUNIQUE_ID" id="5D24591E-9B4B-D5ED-2C9E-0CCC6C38315C">
<createdBy>calittle</createdBy>
<createdTime>2019-04-17 17:26:21 UTC</createdTime>
<ownerDesignName>ODEE_1262_Design</ownerDesignName>
</ColumnProxy>
<ColumnProxy name="APPTYPE" id="78EE6069-34DA-9FB0-BE6F-A591F0536696">
<createdBy>calittle</createdBy>
<createdTime>2019-04-17 17:26:21 UTC</createdTime>
<ownerDesignName>ODEE_1262_Design</ownerDesignName>
</ColumnProxy>
<ColumnProxy name="AL_ID" id="8770BF31-8B62-E7A7-7761-00C308D55DB0">
<createdBy>calittle</createdBy>
<createdTime>2019-04-17 17:26:21 UTC</createdTime>
<ownerDesignName>ODEE_1262_Design</ownerDesignName>
</ColumnProxy>
<ColumnProxy name="APP_ID" id="9A049F3B-E458-CBBB-A312-70EDFE1E48FA">
<createdBy>calittle</createdBy>
<createdTime>2019-04-17 17:26:21 UTC</createdTime>
<ownerDesignName>ODEE_1262_Design</ownerDesignName>
</ColumnProxy>
<ColumnProxy name="APPCREATED" id="AB746C97-ED1F-ECC3-6A5D-2F8306818E5E">
<createdBy>calittle</createdBy>
<createdTime>2019-04-17 17:26:21 UTC</createdTime>
<ownerDesignName>ODEE_1262_Design</ownerDesignName>
</ColumnProxy>
<ColumnProxy name="APPDESCR" id="B697B5A1-0F84-902E-3975-1CC1FE170C14">
<createdBy>calittle</createdBy>
<createdTime>2019-04-17 17:26:21 UTC</createdTime>
<ownerDesignName>ODEE_1262_Design</ownerDesignName>
</ColumnProxy>
<ColumnProxy name="APPNAME" id="BAFE99DC-F6A9-2D25-2EF3-D935776221EB">
<createdBy>calittle</createdBy>
<createdTime>2019-04-17 17:26:21 UTC</createdTime>
<ownerDesignName>ODEE_1262_Design</ownerDesignName>
</ColumnProxy>
</columnProxies>
<foreignKeys>
<ForeignKey class="oracle.dbtools.crest.model.design.storage.oracle.v10g.FKProxyOraclev10g" name="ALS_APPS" id="F0262CCE-19CF-E7F1-3E58-4748D73AB008">
<createdBy>calittle</createdBy>
<createdTime>2019-04-17 17:26:52 UTC</createdTime>
<ownerDesignName>ODEE_1262_Design</ownerDesignName>
</ForeignKey>
</foreignKeys>
<primaryKeys>
<PrimaryKey class="oracle.dbtools.crest.model.design.storage.oracle.v10g.PKProxyOraclev10g" name="APPS_PK" id="8425EC15-A313-ECC5-3698-0FBCBAC364BA">
<createdBy>calittle</createdBy>
<createdTime>2019-04-17 17:26:49 UTC</createdTime>
<ownerDesignName>ODEE_1262_Design</ownerDesignName>
<segment>D84742F2-9E68-6614-C6EF-D3B7EF628E78</segment>
<tableSpace>DF7AC7A0-6C81-FCE6-836E-6026E18400F7</tableSpace>
<existingIndex>7C367984-6B95-D5C2-C3A9-981C995A4A94</existingIndex>
<indexSegment>D84742F2-9E68-6614-C6EF-D3B7EF628E78</indexSegment>
<indexSort>SORTED</indexSort>
<usingIndex>BY INDEX NAME</usingIndex>
</PrimaryKey>
</primaryKeys>
</TableProxyOraclev11g>