<?xml version = '1.0' encoding = 'UTF-8'?>
<TableProxyOraclev11g class="oracle.dbtools.crest.model.design.storage.oracle.v11g.TableProxyOraclev11g" name="DMKR_ABILITYSET_ABILITY" directorySegmentName="seg_0" id="BFCF50F8-9677-FF1D-B47C-36103E134933">
<createdBy>calittle</createdBy>
<createdTime>2019-04-17 17:25:02 UTC</createdTime>
<ownerDesignName>ODEE_1262_Design</ownerDesignName>
<schemaObject>0323F05B-A91A-E5F5-C386-B3516E1DFCEB</schemaObject>
<logging>YES</logging>
<partitionedRowMovement>DISABLE</partitionedRowMovement>
<segment>4AC90395-2168-6C73-9206-B942356832F0</segment>
<tableSpace>DF7AC7A0-6C81-FCE6-836E-6026E18400F7</tableSpace>
<temporaryChanged>false</temporaryChanged>
<accessDriverType>oracle_loader</accessDriverType>
<rejectLimit></rejectLimit>
<indexProxies>
<IndexProxy class="oracle.dbtools.crest.model.design.storage.oracle.v10g.IndexProxyOraclev10g" name="DMKR_ABILITYSET_ABILITY_PK" id="7C49E2AC-C28E-FBE0-93E3-80399EBF8717">
<createdBy>calittle</createdBy>
<createdTime>2019-04-17 17:26:48 UTC</createdTime>
<ownerDesignName>ODEE_1262_Design</ownerDesignName>
<schemaObject>0323F05B-A91A-E5F5-C386-B3516E1DFCEB</schemaObject>
<segment>D84742F2-9E68-6614-C6EF-D3B7EF628E78</segment>
<tableSpace>DF7AC7A0-6C81-FCE6-836E-6026E18400F7</tableSpace>
</IndexProxy>
</indexProxies>
<columnProxies itemClass="oracle.dbtools.crest.model.design.storage.oracle.v12c.ColumnProxyOraclev12c">
<ColumnProxy name="ABILITYID" id="5C92EE33-DE9C-364C-2896-A83513C60566">
<createdBy>calittle</createdBy>
<createdTime>2019-04-17 17:26:23 UTC</createdTime>
<ownerDesignName>ODEE_1262_Design</ownerDesignName>
</ColumnProxy>
<ColumnProxy name="ACCESSIBLE" id="5D8BA19F-13D7-7846-6754-67FF9A0068CE">
<createdBy>calittle</createdBy>
<createdTime>2019-04-17 17:26:23 UTC</createdTime>
<ownerDesignName>ODEE_1262_Design</ownerDesignName>
<defaultValue>0</defaultValue>
</ColumnProxy>
<ColumnProxy name="VISIBLE" id="62558B59-BA89-D6C6-DCB2-89AE3102F584">
<createdBy>calittle</createdBy>
<createdTime>2019-04-17 17:26:23 UTC</createdTime>
<ownerDesignName>ODEE_1262_Design</ownerDesignName>
<defaultValue>0</defaultValue>
</ColumnProxy>
<ColumnProxy name="EDITABLE" id="984BE2C6-B250-B434-688D-401925D82D63">
<createdBy>calittle</createdBy>
<createdTime>2019-04-17 17:26:23 UTC</createdTime>
<ownerDesignName>ODEE_1262_Design</ownerDesignName>
<defaultValue>0</defaultValue>
</ColumnProxy>
<ColumnProxy name="APP_ID" id="99C1F460-7EF2-948F-341B-3630843EE835">
<createdBy>calittle</createdBy>
<createdTime>2019-04-17 17:26:23 UTC</createdTime>
<ownerDesignName>ODEE_1262_Design</ownerDesignName>
</ColumnProxy>
<ColumnProxy name="ABILITYSETID" id="CB98988F-9C4D-5AF9-E0E0-3995EA2AC2EC">
<createdBy>calittle</createdBy>
<createdTime>2019-04-17 17:26:23 UTC</createdTime>
<ownerDesignName>ODEE_1262_Design</ownerDesignName>
</ColumnProxy>
<ColumnProxy name="ABILITYTYPEID" id="CFDBB3A2-3831-34C5-FA6C-ACF00336E96B">
<createdBy>calittle</createdBy>
<createdTime>2019-04-17 17:26:23 UTC</createdTime>
<ownerDesignName>ODEE_1262_Design</ownerDesignName>
<defaultValue>1</defaultValue>
</ColumnProxy>
</columnProxies>
<foreignKeys>
<ForeignKey class="oracle.dbtools.crest.model.design.storage.oracle.v10g.FKProxyOraclev10g" name="DMKR_ABILITYSET_ABILIITY_FK2" id="953E154C-C2AB-F3D6-E72C-C45F85035C7B">
<createdBy>calittle</createdBy>
<createdTime>2019-04-17 17:26:52 UTC</createdTime>
<ownerDesignName>ODEE_1262_Design</ownerDesignName>
</ForeignKey>
<ForeignKey class="oracle.dbtools.crest.model.design.storage.oracle.v10g.FKProxyOraclev10g" name="DMKR_ABILITYSET_ABILITY_D_FK2" id="A112DE9A-FF86-77E9-7FEE-4998D46A43BC">
<createdBy>calittle</createdBy>
<createdTime>2019-04-17 17:26:52 UTC</createdTime>
<ownerDesignName>ODEE_1262_Design</ownerDesignName>
</ForeignKey>
<ForeignKey class="oracle.dbtools.crest.model.design.storage.oracle.v10g.FKProxyOraclev10g" name="DMKR_ABILITYSET_ABILITY_D_FK1" id="C42B4F0C-ACA7-6162-1656-F4E51DD3AAB3">
<createdBy>calittle</createdBy>
<createdTime>2019-04-17 17:26:52 UTC</createdTime>
<ownerDesignName>ODEE_1262_Design</ownerDesignName>
</ForeignKey>
</foreignKeys>
<primaryKeys>
<PrimaryKey class="oracle.dbtools.crest.model.design.storage.oracle.v10g.PKProxyOraclev10g" name="DMKR_ABILITYSET_ABILITY_PK" id="48277487-577A-613B-F38A-7BD74CDCC5B1">
<createdBy>calittle</createdBy>
<createdTime>2019-04-17 17:26:49 UTC</createdTime>
<ownerDesignName>ODEE_1262_Design</ownerDesignName>
<segment>D84742F2-9E68-6614-C6EF-D3B7EF628E78</segment>
<tableSpace>DF7AC7A0-6C81-FCE6-836E-6026E18400F7</tableSpace>
<existingIndex>7C49E2AC-C28E-FBE0-93E3-80399EBF8717</existingIndex>
<indexSegment>D84742F2-9E68-6614-C6EF-D3B7EF628E78</indexSegment>
<indexSort>SORTED</indexSort>
<usingIndex>BY INDEX NAME</usingIndex>
</PrimaryKey>
</primaryKeys>
</TableProxyOraclev11g>