<?xml version = '1.0' encoding = 'UTF-8'?>
<TableProxyOraclev11g class="oracle.dbtools.crest.model.design.storage.oracle.v11g.TableProxyOraclev11g" name="S_ROW_ID" directorySegmentName="seg_0" id="CD281AE2-6C7B-FC65-1F17-EE5A4363882F">
<createdBy>calittle</createdBy>
<createdTime>2019-04-17 17:25:21 UTC</createdTime>
<ownerDesignName>ODEE_1262_Design</ownerDesignName>
<schemaObject>0323F05B-A91A-E5F5-C386-B3516E1DFCEB</schemaObject>
<logging>YES</logging>
<partitionedRowMovement>DISABLE</partitionedRowMovement>
<segment>4AC90395-2168-6C73-9206-B942356832F0</segment>
<tableSpace>DF7AC7A0-6C81-FCE6-836E-6026E18400F7</tableSpace>
<temporaryChanged>false</temporaryChanged>
<accessDriverType>oracle_loader</accessDriverType>
<rejectLimit></rejectLimit>
<columnProxies itemClass="oracle.dbtools.crest.model.design.storage.oracle.v12c.ColumnProxyOraclev12c">
<ColumnProxy name="AUX_MAX_ID" id="4469562D-8D2E-28CC-CC4B-7CC6B6604A92">
<createdBy>calittle</createdBy>
<createdTime>2019-04-17 17:26:29 UTC</createdTime>
<ownerDesignName>ODEE_1262_Design</ownerDesignName>
</ColumnProxy>
<ColumnProxy name="NEXT_ID" id="7D65EFF5-D277-390C-1F13-B35F8FBDC155">
<createdBy>calittle</createdBy>
<createdTime>2019-04-17 17:26:29 UTC</createdTime>
<ownerDesignName>ODEE_1262_Design</ownerDesignName>
</ColumnProxy>
<ColumnProxy name="AUX_START_ID" id="8E169CE8-7085-3F69-97BB-2D3BE0613D73">
<createdBy>calittle</createdBy>
<createdTime>2019-04-17 17:26:29 UTC</createdTime>
<ownerDesignName>ODEE_1262_Design</ownerDesignName>
</ColumnProxy>
<ColumnProxy name="START_ID" id="E79D71B5-DF1F-65C4-A7E3-4F5FE468F293">
<createdBy>calittle</createdBy>
<createdTime>2019-04-17 17:26:29 UTC</createdTime>
<ownerDesignName>ODEE_1262_Design</ownerDesignName>
</ColumnProxy>
<ColumnProxy name="MAX_ID" id="FFD0B3C1-B383-4EB2-E46C-E799C087C63B">
<createdBy>calittle</createdBy>
<createdTime>2019-04-17 17:26:29 UTC</createdTime>
<ownerDesignName>ODEE_1262_Design</ownerDesignName>
</ColumnProxy>
</columnProxies>
<tableCheckConstraints itemClass="oracle.dbtools.crest.model.design.storage.oracle.TableCheckConstraintOracle">
<TableCheckConstraint name="START_LESS_THAN_NEXT" id="8746F68B-15CA-EC64-BB96-C99FE8C80FBF">
<createdBy>calittle</createdBy>
<createdTime>2019-04-17 17:26:50 UTC</createdTime>
<ownerDesignName>ODEE_1262_Design</ownerDesignName>
</TableCheckConstraint>
<TableCheckConstraint name="NEXT_LESS_THAN_MAX" id="D9FCB08D-BDED-DD00-E0F4-060F0532DF62">
<createdBy>calittle</createdBy>
<createdTime>2019-04-17 17:26:50 UTC</createdTime>
<ownerDesignName>ODEE_1262_Design</ownerDesignName>
</TableCheckConstraint>
<TableCheckConstraint name="AUXSTART_LESS_THAN_AUXMAX" id="FB36A284-00C4-EA25-6EA4-C1A8C67F943E">
<createdBy>calittle</createdBy>
<createdTime>2019-04-17 17:26:50 UTC</createdTime>
<ownerDesignName>ODEE_1262_Design</ownerDesignName>
</TableCheckConstraint>
</tableCheckConstraints>
</TableProxyOraclev11g>