<?xml version = '1.0' encoding = 'UTF-8'?>
<TableProxyOraclev11g class="oracle.dbtools.crest.model.design.storage.oracle.v11g.TableProxyOraclev11g" name="TRNSHIST" directorySegmentName="seg_0" id="CE9F80DE-7A11-C4BC-2EF8-A699B304ABE9">
<createdBy>calittle</createdBy>
<createdTime>2019-04-17 17:26:17 UTC</createdTime>
<ownerDesignName>ODEE_1262_Design</ownerDesignName>
<schemaObject>8FC895A7-E0A2-11C9-AE90-BEF4CA704C97</schemaObject>
<logging>YES</logging>
<partitionedRowMovement>DISABLE</partitionedRowMovement>
<segment>C8C5DB75-8387-101B-E298-3461B2B213FB</segment>
<tableSpace>B4FE7603-2423-0888-71C6-BC38EA367033</tableSpace>
<temporaryChanged>false</temporaryChanged>
<accessDriverType>oracle_loader</accessDriverType>
<rejectLimit></rejectLimit>
<indexProxies>
<IndexProxy class="oracle.dbtools.crest.model.design.storage.oracle.v10g.IndexProxyOraclev10g" name="TRNSHIST_KEY2TAG" id="0D720CE6-CA89-70BB-B085-8CA8EB90EBEF">
<createdBy>calittle</createdBy>
<createdTime>2019-04-17 17:26:49 UTC</createdTime>
<ownerDesignName>ODEE_1262_Design</ownerDesignName>
<schemaObject>8FC895A7-E0A2-11C9-AE90-BEF4CA704C97</schemaObject>
<segment>40B3AC24-9CF5-8A2D-F82F-B2CD0FB5CAA2</segment>
<tableSpace>B4FE7603-2423-0888-71C6-BC38EA367033</tableSpace>
</IndexProxy>
<IndexProxy class="oracle.dbtools.crest.model.design.storage.oracle.v10g.IndexProxyOraclev10g" name="TRNSHIST_KEYIDTAG" id="0FC6ECDB-2BD5-0E98-A794-8EF8DC16F0B6">
<createdBy>calittle</createdBy>
<createdTime>2019-04-17 17:26:49 UTC</createdTime>
<ownerDesignName>ODEE_1262_Design</ownerDesignName>
<schemaObject>8FC895A7-E0A2-11C9-AE90-BEF4CA704C97</schemaObject>
<segment>40B3AC24-9CF5-8A2D-F82F-B2CD0FB5CAA2</segment>
<tableSpace>B4FE7603-2423-0888-71C6-BC38EA367033</tableSpace>
</IndexProxy>
<IndexProxy class="oracle.dbtools.crest.model.design.storage.oracle.v10g.IndexProxyOraclev10g" name="TRNSHIST_STATS" id="12924057-820D-78C1-3D63-D3A9F95365F1">
<createdBy>calittle</createdBy>
<createdTime>2019-04-17 17:26:49 UTC</createdTime>
<ownerDesignName>ODEE_1262_Design</ownerDesignName>
<schemaObject>8FC895A7-E0A2-11C9-AE90-BEF4CA704C97</schemaObject>
<segment>40B3AC24-9CF5-8A2D-F82F-B2CD0FB5CAA2</segment>
<tableSpace>B4FE7603-2423-0888-71C6-BC38EA367033</tableSpace>
</IndexProxy>
<IndexProxy class="oracle.dbtools.crest.model.design.storage.oracle.v10g.IndexProxyOraclev10g" name="TRNSHIST_USERTAG" id="426C5F01-97D5-0591-695D-D76E25245D80">
<createdBy>calittle</createdBy>
<createdTime>2019-04-17 17:26:49 UTC</createdTime>
<ownerDesignName>ODEE_1262_Design</ownerDesignName>
<schemaObject>8FC895A7-E0A2-11C9-AE90-BEF4CA704C97</schemaObject>
<segment>40B3AC24-9CF5-8A2D-F82F-B2CD0FB5CAA2</segment>
<tableSpace>B4FE7603-2423-0888-71C6-BC38EA367033</tableSpace>
</IndexProxy>
<IndexProxy class="oracle.dbtools.crest.model.design.storage.oracle.v10g.IndexProxyOraclev10g" name="TRNSHIST_GROUPTAG" id="5E6CE27F-FD87-D48C-A831-DEFAA8D2CBCC">
<createdBy>calittle</createdBy>
<createdTime>2019-04-17 17:26:49 UTC</createdTime>
<ownerDesignName>ODEE_1262_Design</ownerDesignName>
<schemaObject>8FC895A7-E0A2-11C9-AE90-BEF4CA704C97</schemaObject>
<segment>40B3AC24-9CF5-8A2D-F82F-B2CD0FB5CAA2</segment>
<tableSpace>B4FE7603-2423-0888-71C6-BC38EA367033</tableSpace>
</IndexProxy>
<IndexProxy class="oracle.dbtools.crest.model.design.storage.oracle.v10g.IndexProxyOraclev10g" name="TRNSHIST_UNIQUE_ID" id="8CB3F2B6-54FB-8552-CCFC-6CEC1AD40714">
<createdBy>calittle</createdBy>
<createdTime>2019-04-17 17:26:49 UTC</createdTime>
<ownerDesignName>ODEE_1262_Design</ownerDesignName>
<schemaObject>8FC895A7-E0A2-11C9-AE90-BEF4CA704C97</schemaObject>
<segment>40B3AC24-9CF5-8A2D-F82F-B2CD0FB5CAA2</segment>
<tableSpace>B4FE7603-2423-0888-71C6-BC38EA367033</tableSpace>
</IndexProxy>
<IndexProxy class="oracle.dbtools.crest.model.design.storage.oracle.v10g.IndexProxyOraclev10g" name="TRNSHIST_JOB_ID" id="8D78DE0A-3AF8-1B8A-03C4-EC6858F7CC37">
<createdBy>calittle</createdBy>
<createdTime>2019-04-17 17:26:49 UTC</createdTime>
<ownerDesignName>ODEE_1262_Design</ownerDesignName>
<schemaObject>8FC895A7-E0A2-11C9-AE90-BEF4CA704C97</schemaObject>
<segment>40B3AC24-9CF5-8A2D-F82F-B2CD0FB5CAA2</segment>
<tableSpace>B4FE7603-2423-0888-71C6-BC38EA367033</tableSpace>
</IndexProxy>
<IndexProxy class="oracle.dbtools.crest.model.design.storage.oracle.v10g.IndexProxyOraclev10g" name="TRNSHIST_PK" id="92063165-4BC9-C64B-B244-DF8F2CE8891F">
<createdBy>calittle</createdBy>
<createdTime>2019-04-17 17:26:49 UTC</createdTime>
<ownerDesignName>ODEE_1262_Design</ownerDesignName>
<schemaObject>8FC895A7-E0A2-11C9-AE90-BEF4CA704C97</schemaObject>
<segment>40B3AC24-9CF5-8A2D-F82F-B2CD0FB5CAA2</segment>
<tableSpace>B4FE7603-2423-0888-71C6-BC38EA367033</tableSpace>
</IndexProxy>
<IndexProxy class="oracle.dbtools.crest.model.design.storage.oracle.v10g.IndexProxyOraclev10g" name="TRNSHIST_DOCTAG" id="AF7C6B4D-2A20-7556-9B1F-7BF665D08991">
<createdBy>calittle</createdBy>
<createdTime>2019-04-17 17:26:49 UTC</createdTime>
<ownerDesignName>ODEE_1262_Design</ownerDesignName>
<schemaObject>8FC895A7-E0A2-11C9-AE90-BEF4CA704C97</schemaObject>
<segment>40B3AC24-9CF5-8A2D-F82F-B2CD0FB5CAA2</segment>
<tableSpace>B4FE7603-2423-0888-71C6-BC38EA367033</tableSpace>
</IndexProxy>
<IndexProxy class="oracle.dbtools.crest.model.design.storage.oracle.v10g.IndexProxyOraclev10g" name="TRNSHIST_USTATUSCD" id="C226B935-0BFA-57F4-4291-256198E1350E">
<createdBy>calittle</createdBy>
<createdTime>2019-04-17 17:26:49 UTC</createdTime>
<ownerDesignName>ODEE_1262_Design</ownerDesignName>
<schemaObject>8FC895A7-E0A2-11C9-AE90-BEF4CA704C97</schemaObject>
<segment>40B3AC24-9CF5-8A2D-F82F-B2CD0FB5CAA2</segment>
<tableSpace>B4FE7603-2423-0888-71C6-BC38EA367033</tableSpace>
</IndexProxy>
<IndexProxy class="oracle.dbtools.crest.model.design.storage.oracle.v10g.IndexProxyOraclev10g" name="TRNSHIST_KEY1TAG" id="CECAD069-E3C2-30A4-8CD9-066952545233">
<createdBy>calittle</createdBy>
<createdTime>2019-04-17 17:26:49 UTC</createdTime>
<ownerDesignName>ODEE_1262_Design</ownerDesignName>
<schemaObject>8FC895A7-E0A2-11C9-AE90-BEF4CA704C97</schemaObject>
<segment>40B3AC24-9CF5-8A2D-F82F-B2CD0FB5CAA2</segment>
<tableSpace>B4FE7603-2423-0888-71C6-BC38EA367033</tableSpace>
</IndexProxy>
<IndexProxy class="oracle.dbtools.crest.model.design.storage.oracle.v10g.IndexProxyOraclev10g" name="TRNSHIST_GSTATUSCD" id="EFC598FC-64E0-D556-D96D-B617CBDD491F">
<createdBy>calittle</createdBy>
<createdTime>2019-04-17 17:26:49 UTC</createdTime>
<ownerDesignName>ODEE_1262_Design</ownerDesignName>
<schemaObject>8FC895A7-E0A2-11C9-AE90-BEF4CA704C97</schemaObject>
<segment>40B3AC24-9CF5-8A2D-F82F-B2CD0FB5CAA2</segment>
<tableSpace>B4FE7603-2423-0888-71C6-BC38EA367033</tableSpace>
</IndexProxy>
<IndexProxy class="oracle.dbtools.crest.model.design.storage.oracle.v10g.IndexProxyOraclev10g" name="TRNSHIST_TREND_ANALYTIC" id="FF80591C-CEC5-3F4A-696E-1AAEC6A6CA8F">
<createdBy>calittle</createdBy>
<createdTime>2019-04-17 17:26:49 UTC</createdTime>
<ownerDesignName>ODEE_1262_Design</ownerDesignName>
<schemaObject>8FC895A7-E0A2-11C9-AE90-BEF4CA704C97</schemaObject>
<segment>40B3AC24-9CF5-8A2D-F82F-B2CD0FB5CAA2</segment>
<tableSpace>B4FE7603-2423-0888-71C6-BC38EA367033</tableSpace>
</IndexProxy>
</indexProxies>
<columnProxies itemClass="oracle.dbtools.crest.model.design.storage.oracle.v12c.ColumnProxyOraclev12c">
<ColumnProxy name="RETENTION" id="001D7D09-E9D5-D1C3-5DF3-30FF3447F635">
<createdBy>calittle</createdBy>
<createdTime>2019-04-17 17:26:46 UTC</createdTime>
<ownerDesignName>ODEE_1262_Design</ownerDesignName>
</ColumnProxy>
<ColumnProxy name="TRNCUSSTR017" id="00D750E1-468B-8A7B-68C8-FC293E9CF170">
<createdBy>calittle</createdBy>
<createdTime>2019-04-17 17:26:47 UTC</createdTime>
<ownerDesignName>ODEE_1262_Design</ownerDesignName>
</ColumnProxy>
<ColumnProxy name="TOGROUP" id="026F4082-5F6D-82D6-7747-77051121AEC3">
<createdBy>calittle</createdBy>
<createdTime>2019-04-17 17:26:47 UTC</createdTime>
<ownerDesignName>ODEE_1262_Design</ownerDesignName>
</ColumnProxy>
<ColumnProxy name="ROUTEDESC" id="02A25E3E-9BDC-2547-2633-5C25B90809B7">
<createdBy>calittle</createdBy>
<createdTime>2019-04-17 17:26:47 UTC</createdTime>
<ownerDesignName>ODEE_1262_Design</ownerDesignName>
</ColumnProxy>
<ColumnProxy name="MODIFYTIME" id="04BDD64F-13DC-3219-148A-5F88C32E9B51">
<createdBy>calittle</createdBy>
<createdTime>2019-04-17 17:26:46 UTC</createdTime>
<ownerDesignName>ODEE_1262_Design</ownerDesignName>
</ColumnProxy>
<ColumnProxy name="TRNCUSSTR011" id="050C7B25-B184-0068-6BB4-CF406B2D6C46">
<createdBy>calittle</createdBy>
<createdTime>2019-04-17 17:26:47 UTC</createdTime>
<ownerDesignName>ODEE_1262_Design</ownerDesignName>
</ColumnProxy>
<ColumnProxy name="TRNCUSSTR014" id="09ECAF74-2A2D-CB6B-24EE-82A39C9CAEDE">
<createdBy>calittle</createdBy>
<createdTime>2019-04-17 17:26:47 UTC</createdTime>
<ownerDesignName>ODEE_1262_Design</ownerDesignName>
</ColumnProxy>
<ColumnProxy name="TRNRCPPROC" id="0A771FBA-3ADE-B630-88B4-6CD14C863B45">
<createdBy>calittle</createdBy>
<createdTime>2019-04-17 17:26:47 UTC</createdTime>
<ownerDesignName>ODEE_1262_Design</ownerDesignName>
</ColumnProxy>
<ColumnProxy name="TRNCUSSTR015" id="0CE74482-5D53-3E08-5200-0C74F4232AE0">
<createdBy>calittle</createdBy>
<createdTime>2019-04-17 17:26:47 UTC</createdTime>
<ownerDesignName>ODEE_1262_Design</ownerDesignName>
</ColumnProxy>
<ColumnProxy name="TRNCUSDATE001" id="0F181B2A-B941-4B04-650E-E0B44D906D5C">
<createdBy>calittle</createdBy>
<createdTime>2019-04-17 17:26:47 UTC</createdTime>
<ownerDesignName>ODEE_1262_Design</ownerDesignName>
</ColumnProxy>
<ColumnProxy name="TRNHISTORY" id="0F7DF5DF-781C-F4A6-5A05-4A68DE666C70">
<createdBy>calittle</createdBy>
<createdTime>2019-04-17 17:26:47 UTC</createdTime>
<ownerDesignName>ODEE_1262_Design</ownerDesignName>
</ColumnProxy>
<ColumnProxy name="TRNRETHOLD" id="11DDFB16-FF68-D070-3710-E95BB6D8A364">
<createdBy>calittle</createdBy>
<createdTime>2019-04-17 17:26:47 UTC</createdTime>
<ownerDesignName>ODEE_1262_Design</ownerDesignName>
</ColumnProxy>
<ColumnProxy name="TRNNAPOLREF" id="12050D0B-342B-86A5-0DDF-762744BF3DA2">
<createdBy>calittle</createdBy>
<createdTime>2019-04-17 17:26:47 UTC</createdTime>
<ownerDesignName>ODEE_1262_Design</ownerDesignName>
</ColumnProxy>
<ColumnProxy name="TRNCUSDATE006" id="1456F238-D5BF-215D-B1A2-67EF776CC68D">
<createdBy>calittle</createdBy>
<createdTime>2019-04-17 17:26:47 UTC</createdTime>
<ownerDesignName>ODEE_1262_Design</ownerDesignName>
</ColumnProxy>
<ColumnProxy name="TRNRCPERR" id="14F18518-C739-C555-4ADC-385133898482">
<createdBy>calittle</createdBy>
<createdTime>2019-04-17 17:26:47 UTC</createdTime>
<ownerDesignName>ODEE_1262_Design</ownerDesignName>
</ColumnProxy>
<ColumnProxy name="CURRUSER" id="164710A7-031C-E207-EB6C-7D0BE6531532">
<createdBy>calittle</createdBy>
<createdTime>2019-04-17 17:26:46 UTC</createdTime>
<ownerDesignName>ODEE_1262_Design</ownerDesignName>
</ColumnProxy>
<ColumnProxy name="TRNAPPSTR010" id="16918C62-658D-B33C-88F7-87398AC5E4FF">
<createdBy>calittle</createdBy>
<createdTime>2019-04-17 17:26:47 UTC</createdTime>
<ownerDesignName>ODEE_1262_Design</ownerDesignName>
</ColumnProxy>
<ColumnProxy name="TRNCUSDATE015" id="16A15DC3-99F6-A97B-DF75-24DC0F4CF7C1">
<createdBy>calittle</createdBy>
<createdTime>2019-04-17 17:26:47 UTC</createdTime>
<ownerDesignName>ODEE_1262_Design</ownerDesignName>
</ColumnProxy>
<ColumnProxy name="CUSTOMIZED" id="17708F6F-D038-4B62-715B-A4FB1B4BC75C">
<createdBy>calittle</createdBy>
<createdTime>2019-04-17 17:26:46 UTC</createdTime>
<ownerDesignName>ODEE_1262_Design</ownerDesignName>
</ColumnProxy>
<ColumnProxy name="QUEUEID" id="195BBDF4-C999-D68F-FC83-44AE79BB12C3">
<createdBy>calittle</createdBy>
<createdTime>2019-04-17 17:26:47 UTC</createdTime>
<ownerDesignName>ODEE_1262_Design</ownerDesignName>
</ColumnProxy>
<ColumnProxy name="TRNCUSSTR003" id="19B60151-ADC2-5270-07E7-D87EFC62F15F">
<createdBy>calittle</createdBy>
<createdTime>2019-04-17 17:26:47 UTC</createdTime>
<ownerDesignName>ODEE_1262_Design</ownerDesignName>
</ColumnProxy>
<ColumnProxy name="TRNCUSSTR018" id="19FCFF5A-CDD1-2132-7A91-CDC9C36ADC10">
<createdBy>calittle</createdBy>
<createdTime>2019-04-17 17:26:47 UTC</createdTime>
<ownerDesignName>ODEE_1262_Design</ownerDesignName>
</ColumnProxy>
<ColumnProxy name="TRNAPPDATE002" id="1A271231-9742-B1EB-5492-A001E82AEE81">
<createdBy>calittle</createdBy>
<createdTime>2019-04-17 17:26:47 UTC</createdTime>
<ownerDesignName>ODEE_1262_Design</ownerDesignName>
</ColumnProxy>
<ColumnProxy name="TRNNAME" id="1B1972E4-FD79-A8D3-CF9F-D48DB82882D6">
<createdBy>calittle</createdBy>
<createdTime>2019-04-17 17:26:46 UTC</createdTime>
<ownerDesignName>ODEE_1262_Design</ownerDesignName>
</ColumnProxy>
<ColumnProxy name="TRNDOLOG" id="1F05C84B-C4FA-E7B8-7241-F3B03B7F4C4C">
<createdBy>calittle</createdBy>
<createdTime>2019-04-17 17:26:47 UTC</createdTime>
<ownerDesignName>ODEE_1262_Design</ownerDesignName>
</ColumnProxy>
<ColumnProxy name="TRNCUSDATE013" id="22E4A93F-D4C2-4AD2-9B5D-22F6F5E1E8BC">
<createdBy>calittle</createdBy>
<createdTime>2019-04-17 17:26:47 UTC</createdTime>
<ownerDesignName>ODEE_1262_Design</ownerDesignName>
</ColumnProxy>
<ColumnProxy name="TRNCUSSTR006" id="294FD8A0-9B9C-1D97-1D6C-FF6161DCE720">
<createdBy>calittle</createdBy>
<createdTime>2019-04-17 17:26:47 UTC</createdTime>
<ownerDesignName>ODEE_1262_Design</ownerDesignName>
</ColumnProxy>
<ColumnProxy name="FROMTIME" id="29F29A6F-34AA-DF46-CE2B-37C92CB490DD">
<createdBy>calittle</createdBy>
<createdTime>2019-04-17 17:26:47 UTC</createdTime>
<ownerDesignName>ODEE_1262_Design</ownerDesignName>
</ColumnProxy>
<ColumnProxy name="TRNCUSSTR001" id="2A5390F1-E3B1-329F-59A3-1482443D49EA">
<createdBy>calittle</createdBy>
<createdTime>2019-04-17 17:26:47 UTC</createdTime>
<ownerDesignName>ODEE_1262_Design</ownerDesignName>
</ColumnProxy>
<ColumnProxy name="TRNAPPDEC002" id="2A56695C-AB29-071B-A4E7-073C31769E3B">
<createdBy>calittle</createdBy>
<createdTime>2019-04-17 17:26:47 UTC</createdTime>
<ownerDesignName>ODEE_1262_Design</ownerDesignName>
</ColumnProxy>
<ColumnProxy name="FROMGROUP" id="2B804521-7947-83FA-26DD-6B0BFF48A92B">
<createdBy>calittle</createdBy>
<createdTime>2019-04-17 17:26:47 UTC</createdTime>
<ownerDesignName>ODEE_1262_Design</ownerDesignName>
</ColumnProxy>
<ColumnProxy name="PROCESSNAME" id="2FA4EB63-EBFF-1715-0CD9-38537DF4077B">
<createdBy>calittle</createdBy>
<createdTime>2019-04-17 17:26:47 UTC</createdTime>
<ownerDesignName>ODEE_1262_Design</ownerDesignName>
</ColumnProxy>
<ColumnProxy name="TRNCUSDEC004" id="31227F23-D016-8B21-9402-7F15978C9C40">
<createdBy>calittle</createdBy>
<createdTime>2019-04-17 17:26:47 UTC</createdTime>
<ownerDesignName>ODEE_1262_Design</ownerDesignName>
</ColumnProxy>
<ColumnProxy name="TRNDATAREF" id="31A16700-24C2-6A7E-F996-FAEDE78C1B03">
<createdBy>calittle</createdBy>
<createdTime>2019-04-17 17:26:47 UTC</createdTime>
<ownerDesignName>ODEE_1262_Design</ownerDesignName>
</ColumnProxy>
<ColumnProxy name="TRNAPPSTR006" id="34F2E97D-E1C4-1963-9C59-417BD18F8794">
<createdBy>calittle</createdBy>
<createdTime>2019-04-17 17:26:47 UTC</createdTime>
<ownerDesignName>ODEE_1262_Design</ownerDesignName>
</ColumnProxy>
<ColumnProxy name="TRNCUSDATE009" id="3630BDAE-7F44-CBFF-D9DF-DFC48193F261">
<createdBy>calittle</createdBy>
<createdTime>2019-04-17 17:26:47 UTC</createdTime>
<ownerDesignName>ODEE_1262_Design</ownerDesignName>
</ColumnProxy>
<ColumnProxy name="TRNAPPSTR002" id="373C756E-6D54-1969-9105-0CA2715FD677">
<createdBy>calittle</createdBy>
<createdTime>2019-04-17 17:26:47 UTC</createdTime>
<ownerDesignName>ODEE_1262_Design</ownerDesignName>
</ColumnProxy>
<ColumnProxy name="TRNCUSSTR005" id="381D85BB-1E98-CB8E-3AF5-66CA37B033DA">
<createdBy>calittle</createdBy>
<createdTime>2019-04-17 17:26:47 UTC</createdTime>
<ownerDesignName>ODEE_1262_Design</ownerDesignName>
</ColumnProxy>
<ColumnProxy name="KEY1" id="3ADECFEF-C678-6E75-0773-C2A70339B2DB">
<createdBy>calittle</createdBy>
<createdTime>2019-04-17 17:26:46 UTC</createdTime>
<ownerDesignName>ODEE_1262_Design</ownerDesignName>
</ColumnProxy>
<ColumnProxy name="KEY3" id="3B98A1A7-4CE4-B5FD-D34A-4B1F1E2C7A72">
<createdBy>calittle</createdBy>
<createdTime>2019-04-17 17:26:46 UTC</createdTime>
<ownerDesignName>ODEE_1262_Design</ownerDesignName>
</ColumnProxy>
<ColumnProxy name="APPROVALSTATE" id="3C95F874-0396-B2A7-B0D1-29D993F09B65">
<createdBy>calittle</createdBy>
<createdTime>2019-04-17 17:26:46 UTC</createdTime>
<ownerDesignName>ODEE_1262_Design</ownerDesignName>
</ColumnProxy>
<ColumnProxy name="TRN_ID" id="3CBC5962-5756-B301-C222-8867F7A182A8">
<createdBy>calittle</createdBy>
<createdTime>2019-04-17 17:26:46 UTC</createdTime>
<ownerDesignName>ODEE_1262_Design</ownerDesignName>
</ColumnProxy>
<ColumnProxy name="TRNSTATUS" id="407E7C80-7A9F-2800-B203-CFE6CED6927E">
<createdBy>calittle</createdBy>
<createdTime>2019-04-17 17:26:47 UTC</createdTime>
<ownerDesignName>ODEE_1262_Design</ownerDesignName>
</ColumnProxy>
<ColumnProxy name="TRNCUSSTR020" id="40FEBF3A-B097-944C-3399-34E1E428D759">
<createdBy>calittle</createdBy>
<createdTime>2019-04-17 17:26:47 UTC</createdTime>
<ownerDesignName>ODEE_1262_Design</ownerDesignName>
</ColumnProxy>
<ColumnProxy name="TRNBCHSCH" id="413F6272-72EF-D5DD-0FBE-2531F378A09F">
<createdBy>calittle</createdBy>
<createdTime>2019-04-17 17:26:47 UTC</createdTime>
<ownerDesignName>ODEE_1262_Design</ownerDesignName>
</ColumnProxy>
<ColumnProxy name="TRNAPPDEC001" id="4537C3B9-18CA-690F-4E6D-6B0A2B70113A">
<createdBy>calittle</createdBy>
<createdTime>2019-04-17 17:26:47 UTC</createdTime>
<ownerDesignName>ODEE_1262_Design</ownerDesignName>
</ColumnProxy>
<ColumnProxy name="TRNSTARTTIME" id="4A536CF8-17C3-5B31-B496-3BD9CD30A96F">
<createdBy>calittle</createdBy>
<createdTime>2019-04-17 17:26:46 UTC</createdTime>
<ownerDesignName>ODEE_1262_Design</ownerDesignName>
</ColumnProxy>
<ColumnProxy name="UNIQUE_ID" id="4ABF0A39-8420-73AB-F41E-69A4335A16F6">
<createdBy>calittle</createdBy>
<createdTime>2019-04-17 17:26:46 UTC</createdTime>
<ownerDesignName>ODEE_1262_Design</ownerDesignName>
</ColumnProxy>
<ColumnProxy name="TRNCUSSTR012" id="4BBB339D-F5C3-69CB-E296-9FE4D0478D3F">
<createdBy>calittle</createdBy>
<createdTime>2019-04-17 17:26:47 UTC</createdTime>
<ownerDesignName>ODEE_1262_Design</ownerDesignName>
</ColumnProxy>
<ColumnProxy name="TRNDATATYPE" id="4FE979E5-87A4-D2AC-9CE0-C366EBF10E98">
<createdBy>calittle</createdBy>
<createdTime>2019-04-17 17:26:47 UTC</createdTime>
<ownerDesignName>ODEE_1262_Design</ownerDesignName>
</ColumnProxy>
<ColumnProxy name="TRNAPPINT003" id="50325342-D19F-D14B-B280-72E081A940CB">
<createdBy>calittle</createdBy>
<createdTime>2019-04-17 17:26:47 UTC</createdTime>
<ownerDesignName>ODEE_1262_Design</ownerDesignName>
</ColumnProxy>
<ColumnProxy name="REASON_ID" id="50F471EF-13FA-34A2-8348-69822E7FD8EC">
<createdBy>calittle</createdBy>
<createdTime>2019-04-17 17:26:47 UTC</createdTime>
<ownerDesignName>ODEE_1262_Design</ownerDesignName>
</ColumnProxy>
<ColumnProxy name="TRNNAPOLXML" id="52EA14EE-6DE2-EC7B-5988-186BF11F0BF3">
<createdBy>calittle</createdBy>
<createdTime>2019-04-17 17:26:47 UTC</createdTime>
<ownerDesignName>ODEE_1262_Design</ownerDesignName>
<cache>NOCACHE</cache>
<storeAs>CLOB</storeAs>
</ColumnProxy>
<ColumnProxy name="TRNAPPINT001" id="55382B51-604D-5563-E587-943DBA2770DA">
<createdBy>calittle</createdBy>
<createdTime>2019-04-17 17:26:47 UTC</createdTime>
<ownerDesignName>ODEE_1262_Design</ownerDesignName>
</ColumnProxy>
<ColumnProxy name="TRNCUSINT001" id="5645E100-D13C-5516-A7E1-2EEE655809F7">
<createdBy>calittle</createdBy>
<createdTime>2019-04-17 17:26:47 UTC</createdTime>
<ownerDesignName>ODEE_1262_Design</ownerDesignName>
</ColumnProxy>
<ColumnProxy name="TRNCUSSTR007" id="58C32175-64A1-1808-4402-FE6E39670C60">
<createdBy>calittle</createdBy>
<createdTime>2019-04-17 17:26:47 UTC</createdTime>
<ownerDesignName>ODEE_1262_Design</ownerDesignName>
</ColumnProxy>
<ColumnProxy name="TRNCUSSTR008" id="58DA71EB-96AC-0315-C2F1-D2540B3C2D79">
<createdBy>calittle</createdBy>
<createdTime>2019-04-17 17:26:47 UTC</createdTime>
<ownerDesignName>ODEE_1262_Design</ownerDesignName>
</ColumnProxy>
<ColumnProxy name="TRNRCPSCH" id="5B3DF786-F690-A08B-E33D-12CC07516EF0">
<createdBy>calittle</createdBy>
<createdTime>2019-04-17 17:26:47 UTC</createdTime>
<ownerDesignName>ODEE_1262_Design</ownerDesignName>
</ColumnProxy>
<ColumnProxy name="CURRROLE" id="5D316B4F-A2DE-BFBD-3CFB-97B532B15CF5">
<createdBy>calittle</createdBy>
<createdTime>2019-04-17 17:26:46 UTC</createdTime>
<ownerDesignName>ODEE_1262_Design</ownerDesignName>
</ColumnProxy>
<ColumnProxy name="SRCTRN_ID" id="5DDDB56F-7188-AF92-6758-7B682BE684B0">
<createdBy>calittle</createdBy>
<createdTime>2019-04-17 17:26:47 UTC</createdTime>
<ownerDesignName>ODEE_1262_Design</ownerDesignName>
<defaultValue>0</defaultValue>
</ColumnProxy>
<ColumnProxy name="TRNAPPDATE003" id="5E63FBDA-04FF-8EA8-6019-F4CDADE568DB">
<createdBy>calittle</createdBy>
<createdTime>2019-04-17 17:26:47 UTC</createdTime>
<ownerDesignName>ODEE_1262_Design</ownerDesignName>
</ColumnProxy>
<ColumnProxy name="TRNDATABLOB" id="5E7BABBE-167C-579D-CF84-927027491BD8">
<createdBy>calittle</createdBy>
<createdTime>2019-04-17 17:26:47 UTC</createdTime>
<ownerDesignName>ODEE_1262_Design</ownerDesignName>
</ColumnProxy>
<ColumnProxy name="TRNCUSSTR009" id="60580A21-2F03-7A2E-F914-2D3F4889796F">
<createdBy>calittle</createdBy>
<createdTime>2019-04-17 17:26:47 UTC</createdTime>
<ownerDesignName>ODEE_1262_Design</ownerDesignName>
</ColumnProxy>
<ColumnProxy name="KEY2" id="6084B989-2D2A-66AF-7EA7-A85ADFA8FBB8">
<createdBy>calittle</createdBy>
<createdTime>2019-04-17 17:26:46 UTC</createdTime>
<ownerDesignName>ODEE_1262_Design</ownerDesignName>
</ColumnProxy>
<ColumnProxy name="CURRSUPER" id="608F6BB0-CF93-6A67-29EC-D95DDAF1060C">
<createdBy>calittle</createdBy>
<createdTime>2019-04-17 17:26:46 UTC</createdTime>
<ownerDesignName>ODEE_1262_Design</ownerDesignName>
</ColumnProxy>
<ColumnProxy name="TRNERR_ID" id="60FACB43-F9A5-C653-8A57-0B33BEA82B72">
<createdBy>calittle</createdBy>
<createdTime>2019-04-17 17:26:46 UTC</createdTime>
<ownerDesignName>ODEE_1262_Design</ownerDesignName>
</ColumnProxy>
<ColumnProxy name="TRNAPPDATE005" id="650DAAB3-7106-761A-264B-14AA0CB4D3E1">
<createdBy>calittle</createdBy>
<createdTime>2019-04-17 17:26:47 UTC</createdTime>
<ownerDesignName>ODEE_1262_Design</ownerDesignName>
</ColumnProxy>
<ColumnProxy name="TRNAPPSTR014" id="65F12D07-7360-7901-911E-FA6BBDD10025">
<createdBy>calittle</createdBy>
<createdTime>2019-04-17 17:26:47 UTC</createdTime>
<ownerDesignName>ODEE_1262_Design</ownerDesignName>
</ColumnProxy>
<ColumnProxy name="SUBLOCID" id="6957F22F-AD67-ADD5-BFA3-973BC28A3DEF">
<createdBy>calittle</createdBy>
<createdTime>2019-04-17 17:26:47 UTC</createdTime>
<ownerDesignName>ODEE_1262_Design</ownerDesignName>
</ColumnProxy>
<ColumnProxy name="TRNAPPSTR012" id="6A72615D-5E46-832B-9DB9-39C5BB78C407">
<createdBy>calittle</createdBy>
<createdTime>2019-04-17 17:26:47 UTC</createdTime>
<ownerDesignName>ODEE_1262_Design</ownerDesignName>
</ColumnProxy>
<ColumnProxy name="JURISDICTN" id="6F7D7B62-EE4A-E7BF-38B9-8E427EA4B8A3">
<createdBy>calittle</createdBy>
<createdTime>2019-04-17 17:26:47 UTC</createdTime>
<ownerDesignName>ODEE_1262_Design</ownerDesignName>
</ColumnProxy>
<ColumnProxy name="FORMSETID" id="70B6DC82-7A28-5794-14F5-1C4D03ACA3F3">
<createdBy>calittle</createdBy>
<createdTime>2019-04-17 17:26:46 UTC</createdTime>
<ownerDesignName>ODEE_1262_Design</ownerDesignName>
</ColumnProxy>
<ColumnProxy name="TRNCUSDATE012" id="72B00B7F-D222-CE89-AE02-44FE2E554288">
<createdBy>calittle</createdBy>
<createdTime>2019-04-17 17:26:47 UTC</createdTime>
<ownerDesignName>ODEE_1262_Design</ownerDesignName>
</ColumnProxy>
<ColumnProxy name="TRNCUSSTR010" id="74046E7A-22B3-6440-F283-2F6BF7DF4DF8">
<createdBy>calittle</createdBy>
<createdTime>2019-04-17 17:26:47 UTC</createdTime>
<ownerDesignName>ODEE_1262_Design</ownerDesignName>
</ColumnProxy>
<ColumnProxy name="TRNBCHERR" id="742DA630-016A-5DA1-D592-3BFE99E66CB7">
<createdBy>calittle</createdBy>
<createdTime>2019-04-17 17:26:47 UTC</createdTime>
<ownerDesignName>ODEE_1262_Design</ownerDesignName>
</ColumnProxy>
<ColumnProxy name="TRNCUSINT002" id="7603A5F9-2014-09CC-5BD8-ABC1B778D9FD">
<createdBy>calittle</createdBy>
<createdTime>2019-04-17 17:26:47 UTC</createdTime>
<ownerDesignName>ODEE_1262_Design</ownerDesignName>
</ColumnProxy>
<ColumnProxy name="TRANCODE" id="772DACBB-E76A-12DF-7BD9-11946DE2600C">
<createdBy>calittle</createdBy>
<createdTime>2019-04-17 17:26:46 UTC</createdTime>
<ownerDesignName>ODEE_1262_Design</ownerDesignName>
</ColumnProxy>
<ColumnProxy name="TRNAPPSTR007" id="77DC2C70-4A87-457A-6443-07AD4E2A4FF5">
<createdBy>calittle</createdBy>
<createdTime>2019-04-17 17:26:47 UTC</createdTime>
<ownerDesignName>ODEE_1262_Design</ownerDesignName>
</ColumnProxy>
<ColumnProxy name="TRNCUSINT005" id="7AC6EF52-C4B6-1BD8-AFB2-6A9919F3B9AA">
<createdBy>calittle</createdBy>
<createdTime>2019-04-17 17:26:47 UTC</createdTime>
<ownerDesignName>ODEE_1262_Design</ownerDesignName>
</ColumnProxy>
<ColumnProxy name="TRNENDTIME" id="7B242868-60C0-6A6A-A259-CC63B6B71163">
<createdBy>calittle</createdBy>
<createdTime>2019-04-17 17:26:46 UTC</createdTime>
<ownerDesignName>ODEE_1262_Design</ownerDesignName>
</ColumnProxy>
<ColumnProxy name="TRNCUSDEC003" id="7CFE60D0-7883-7C40-0DA9-977CA353AFE0">
<createdBy>calittle</createdBy>
<createdTime>2019-04-17 17:26:47 UTC</createdTime>
<ownerDesignName>ODEE_1262_Design</ownerDesignName>
</ColumnProxy>
<ColumnProxy name="TRNAPPSTR004" id="7E1C23F1-76B1-C06D-8792-238757D8AF48">
<createdBy>calittle</createdBy>
<createdTime>2019-04-17 17:26:47 UTC</createdTime>
<ownerDesignName>ODEE_1262_Design</ownerDesignName>
</ColumnProxy>
<ColumnProxy name="TRNAPPSTR011" id="84E53462-317D-CAE7-2E36-420C68BD34BD">
<createdBy>calittle</createdBy>
<createdTime>2019-04-17 17:26:47 UTC</createdTime>
<ownerDesignName>ODEE_1262_Design</ownerDesignName>
</ColumnProxy>
<ColumnProxy name="TRNCUSDATE011" id="86576198-6738-22C7-3ABF-6471DFD68402">
<createdBy>calittle</createdBy>
<createdTime>2019-04-17 17:26:47 UTC</createdTime>
<ownerDesignName>ODEE_1262_Design</ownerDesignName>
</ColumnProxy>
<ColumnProxy name="TRNCUSDATE004" id="8CD76481-C50C-9833-10F0-5AE73EB69DB8">
<createdBy>calittle</createdBy>
<createdTime>2019-04-17 17:26:47 UTC</createdTime>
<ownerDesignName>ODEE_1262_Design</ownerDesignName>
</ColumnProxy>
<ColumnProxy name="CREATETIME" id="8D996E9D-1AB4-E0A7-FC90-106DDC88FFA3">
<createdBy>calittle</createdBy>
<createdTime>2019-04-17 17:26:46 UTC</createdTime>
<ownerDesignName>ODEE_1262_Design</ownerDesignName>
</ColumnProxy>
<ColumnProxy name="TRNAPPDATE001" id="8DAD6CA7-C1D2-196B-04BD-E3D715D44EDA">
<createdBy>calittle</createdBy>
<createdTime>2019-04-17 17:26:47 UTC</createdTime>
<ownerDesignName>ODEE_1262_Design</ownerDesignName>
</ColumnProxy>
<ColumnProxy name="TRNAPPDEC003" id="8E624659-E2A5-D543-BC34-AD353E7B3515">
<createdBy>calittle</createdBy>
<createdTime>2019-04-17 17:26:47 UTC</createdTime>
<ownerDesignName>ODEE_1262_Design</ownerDesignName>
</ColumnProxy>
<ColumnProxy name="TRNAPPSTR009" id="8F1E90FA-5B87-EB59-C8A1-E1439186F32A">
<createdBy>calittle</createdBy>
<createdTime>2019-04-17 17:26:47 UTC</createdTime>
<ownerDesignName>ODEE_1262_Design</ownerDesignName>
</ColumnProxy>
<ColumnProxy name="CURRGROUP" id="903F7D7F-7026-B185-FFB5-B0BCDE75008F">
<createdBy>calittle</createdBy>
<createdTime>2019-04-17 17:26:46 UTC</createdTime>
<ownerDesignName>ODEE_1262_Design</ownerDesignName>
</ColumnProxy>
<ColumnProxy name="TRNAPPSTR013" id="91B6310B-95CA-D206-86D3-147DBB57A3FC">
<createdBy>calittle</createdBy>
<createdTime>2019-04-17 17:26:47 UTC</createdTime>
<ownerDesignName>ODEE_1262_Design</ownerDesignName>
</ColumnProxy>
<ColumnProxy name="TRNRCPTOTAL" id="91CEC98C-B153-283C-403D-8C4BBA80D905">
<createdBy>calittle</createdBy>
<createdTime>2019-04-17 17:26:47 UTC</createdTime>
<ownerDesignName>ODEE_1262_Design</ownerDesignName>
</ColumnProxy>
<ColumnProxy name="TRNAPPSTR015" id="91D6A748-A380-C44B-43E7-941E8ED11988">
<createdBy>calittle</createdBy>
<createdTime>2019-04-17 17:26:47 UTC</createdTime>
<ownerDesignName>ODEE_1262_Design</ownerDesignName>
</ColumnProxy>
<ColumnProxy name="CURRAPP_ID" id="92252311-EA98-AF89-3FBB-65EB43B2680D">
<createdBy>calittle</createdBy>
<createdTime>2019-04-17 17:26:46 UTC</createdTime>
<ownerDesignName>ODEE_1262_Design</ownerDesignName>
</ColumnProxy>
<ColumnProxy name="TRNCUSDATE003" id="95D058B0-4809-C76F-56A9-2601D675F5EC">
<createdBy>calittle</createdBy>
<createdTime>2019-04-17 17:26:47 UTC</createdTime>
<ownerDesignName>ODEE_1262_Design</ownerDesignName>
</ColumnProxy>
<ColumnProxy name="INUSE" id="9A829330-1A06-38A6-0468-26A37C814641">
<createdBy>calittle</createdBy>
<createdTime>2019-04-17 17:26:46 UTC</createdTime>
<ownerDesignName>ODEE_1262_Design</ownerDesignName>
</ColumnProxy>
<ColumnProxy name="TRNCUSSTR002" id="9BCA1F1D-F952-9DD5-E02B-0E8D6E283BBF">
<createdBy>calittle</createdBy>
<createdTime>2019-04-17 17:26:47 UTC</createdTime>
<ownerDesignName>ODEE_1262_Design</ownerDesignName>
</ColumnProxy>
<ColumnProxy name="ARCTIME" id="9EE29D64-ECF2-B3DC-1B7D-642972BE5B61">
<createdBy>calittle</createdBy>
<createdTime>2019-04-17 17:26:46 UTC</createdTime>
<ownerDesignName>ODEE_1262_Design</ownerDesignName>
</ColumnProxy>
<ColumnProxy name="TRNCUSSTR016" id="A105B636-C04D-4574-023F-562CF9B038B8">
<createdBy>calittle</createdBy>
<createdTime>2019-04-17 17:26:47 UTC</createdTime>
<ownerDesignName>ODEE_1262_Design</ownerDesignName>
</ColumnProxy>
<ColumnProxy name="TRNAPPDATE004" id="A278938B-E008-54AB-806F-B492B49205FB">
<createdBy>calittle</createdBy>
<createdTime>2019-04-17 17:26:47 UTC</createdTime>
<ownerDesignName>ODEE_1262_Design</ownerDesignName>
</ColumnProxy>
<ColumnProxy name="TRNDATAXML" id="A34B7879-4EE5-E94B-BF9D-80F235941CC8">
<createdBy>calittle</createdBy>
<createdTime>2019-04-17 17:26:47 UTC</createdTime>
<ownerDesignName>ODEE_1262_Design</ownerDesignName>
<cache>NOCACHE</cache>
<storeAs>CLOB</storeAs>
</ColumnProxy>
<ColumnProxy name="TRNAPPDEC004" id="A566987F-6D97-75C7-EC41-B3DD2FD5F14B">
<createdBy>calittle</createdBy>
<createdTime>2019-04-17 17:26:47 UTC</createdTime>
<ownerDesignName>ODEE_1262_Design</ownerDesignName>
</ColumnProxy>
<ColumnProxy name="TRNBCHPROC" id="A5B91BE8-EAEE-DBB2-20B0-FAFE6DD812A4">
<createdBy>calittle</createdBy>
<createdTime>2019-04-17 17:26:47 UTC</createdTime>
<ownerDesignName>ODEE_1262_Design</ownerDesignName>
</ColumnProxy>
<ColumnProxy name="BEGINTIME" id="A620DDA8-D6AD-24BF-52B1-BDA84EAD1359">
<createdBy>calittle</createdBy>
<createdTime>2019-04-17 17:26:46 UTC</createdTime>
<ownerDesignName>ODEE_1262_Design</ownerDesignName>
</ColumnProxy>
<ColumnProxy name="TRNCUSDATE010" id="A9A88D6D-AFBE-709F-F637-7B09C9A639C3">
<createdBy>calittle</createdBy>
<createdTime>2019-04-17 17:26:47 UTC</createdTime>
<ownerDesignName>ODEE_1262_Design</ownerDesignName>
</ColumnProxy>
<ColumnProxy name="TRNAPPDEC005" id="A9C6AB40-4A99-B6E8-77B6-7889459084F1">
<createdBy>calittle</createdBy>
<createdTime>2019-04-17 17:26:47 UTC</createdTime>
<ownerDesignName>ODEE_1262_Design</ownerDesignName>
</ColumnProxy>
<ColumnProxy name="ARCKEY" id="AB192DD9-0088-39F9-31D4-46255CC6CF69">
<createdBy>calittle</createdBy>
<createdTime>2019-04-17 17:26:46 UTC</createdTime>
<ownerDesignName>ODEE_1262_Design</ownerDesignName>
</ColumnProxy>
<ColumnProxy name="TRNAPPSTR008" id="AC3A6994-22A4-C078-CEB5-E1897E89E7D7">
<createdBy>calittle</createdBy>
<createdTime>2019-04-17 17:26:47 UTC</createdTime>
<ownerDesignName>ODEE_1262_Design</ownerDesignName>
</ColumnProxy>
<ColumnProxy name="TRNCUSSTR013" id="ACE57612-E417-9C07-04C2-44DFA4814456">
<createdBy>calittle</createdBy>
<createdTime>2019-04-17 17:26:47 UTC</createdTime>
<ownerDesignName>ODEE_1262_Design</ownerDesignName>
</ColumnProxy>
<ColumnProxy name="TRNAPPINT005" id="AD8C4E5E-F93B-57C3-35D8-863A0EBFABD9">
<createdBy>calittle</createdBy>
<createdTime>2019-04-17 17:26:47 UTC</createdTime>
<ownerDesignName>ODEE_1262_Design</ownerDesignName>
</ColumnProxy>
<ColumnProxy name="TRNCUSINT004" id="AEFB8AC9-7B30-C88A-E725-830B66931414">
<createdBy>calittle</createdBy>
<createdTime>2019-04-17 17:26:47 UTC</createdTime>
<ownerDesignName>ODEE_1262_Design</ownerDesignName>
</ColumnProxy>
<ColumnProxy name="TRNPRTLOGNAME" id="AF54D5CF-0024-37C5-96E6-1201773A4A5A">
<createdBy>calittle</createdBy>
<createdTime>2019-04-17 17:26:47 UTC</createdTime>
<ownerDesignName>ODEE_1262_Design</ownerDesignName>
</ColumnProxy>
<ColumnProxy name="ENDTIME" id="B61A443C-2352-3D69-35AC-E01A2C59DB1B">
<createdBy>calittle</createdBy>
<createdTime>2019-04-17 17:26:47 UTC</createdTime>
<ownerDesignName>ODEE_1262_Design</ownerDesignName>
</ColumnProxy>
<ColumnProxy name="TRNCUSSTR004" id="B8EA1ADB-A0EE-11AE-8C09-A4C35CBB2397">
<createdBy>calittle</createdBy>
<createdTime>2019-04-17 17:26:47 UTC</createdTime>
<ownerDesignName>ODEE_1262_Design</ownerDesignName>
</ColumnProxy>
<ColumnProxy name="FROMUSER" id="BA418BD3-6411-94E1-8C56-2A16DCFBDDC0">
<createdBy>calittle</createdBy>
<createdTime>2019-04-17 17:26:47 UTC</createdTime>
<ownerDesignName>ODEE_1262_Design</ownerDesignName>
</ColumnProxy>
<ColumnProxy name="KEYID" id="BCE010BA-DFD1-49D4-A997-9E6B4C4B36E0">
<createdBy>calittle</createdBy>
<createdTime>2019-04-17 17:26:46 UTC</createdTime>
<ownerDesignName>ODEE_1262_Design</ownerDesignName>
</ColumnProxy>
<ColumnProxy name="TRNAPPINT004" id="BD0A68C3-9A6D-2B3B-8FF2-9235C9AF5CD0">
<createdBy>calittle</createdBy>
<createdTime>2019-04-17 17:26:47 UTC</createdTime>
<ownerDesignName>ODEE_1262_Design</ownerDesignName>
</ColumnProxy>
<ColumnProxy name="STATUSCODE" id="BE65984B-6FBA-072C-2E79-3F8CDB95B95C">
<createdBy>calittle</createdBy>
<createdTime>2019-04-17 17:26:46 UTC</createdTime>
<ownerDesignName>ODEE_1262_Design</ownerDesignName>
</ColumnProxy>
<ColumnProxy name="RECTYPE" id="BEF2278F-4E0D-9180-C1CA-080F82D5E802">
<createdBy>calittle</createdBy>
<createdTime>2019-04-17 17:26:46 UTC</createdTime>
<ownerDesignName>ODEE_1262_Design</ownerDesignName>
</ColumnProxy>
<ColumnProxy name="TRNNAPOLTYPE" id="BFFC21BC-986B-1DE6-2788-8B397CEF4065">
<createdBy>calittle</createdBy>
<createdTime>2019-04-17 17:26:47 UTC</createdTime>
<ownerDesignName>ODEE_1262_Design</ownerDesignName>
</ColumnProxy>
<ColumnProxy name="TRNCUSDATE002" id="C0A4F023-B4BA-379C-E75A-2C1AD5944704">
<createdBy>calittle</createdBy>
<createdTime>2019-04-17 17:26:47 UTC</createdTime>
<ownerDesignName>ODEE_1262_Design</ownerDesignName>
</ColumnProxy>
<ColumnProxy name="TRNCUSDATE008" id="C2F69990-9BCF-87B8-9C86-E5B9C63FCE0E">
<createdBy>calittle</createdBy>
<createdTime>2019-04-17 17:26:47 UTC</createdTime>
<ownerDesignName>ODEE_1262_Design</ownerDesignName>
</ColumnProxy>
<ColumnProxy name="TRNAPPSTR005" id="C48EACAB-338E-8458-5292-EFC4338FD1D4">
<createdBy>calittle</createdBy>
<createdTime>2019-04-17 17:26:47 UTC</createdTime>
<ownerDesignName>ODEE_1262_Design</ownerDesignName>
</ColumnProxy>
<ColumnProxy name="TOUSER" id="CA2D1EA5-4E97-907B-8105-B2AD3963D570">
<createdBy>calittle</createdBy>
<createdTime>2019-04-17 17:26:47 UTC</createdTime>
<ownerDesignName>ODEE_1262_Design</ownerDesignName>
</ColumnProxy>
<ColumnProxy name="TRNCUSDEC001" id="CAF0747B-3343-336A-EA9B-AC5D46A2F0EB">
<createdBy>calittle</createdBy>
<createdTime>2019-04-17 17:26:47 UTC</createdTime>
<ownerDesignName>ODEE_1262_Design</ownerDesignName>
</ColumnProxy>
<ColumnProxy name="APPDATA" id="CE34A68E-E718-7A58-0F46-427A9F3FA47A">
<createdBy>calittle</createdBy>
<createdTime>2019-04-17 17:26:47 UTC</createdTime>
<ownerDesignName>ODEE_1262_Design</ownerDesignName>
</ColumnProxy>
<ColumnProxy name="TRNCUSDEC005" id="D0FC020B-B627-D2B5-A2F7-8C4A16631092">
<createdBy>calittle</createdBy>
<createdTime>2019-04-17 17:26:47 UTC</createdTime>
<ownerDesignName>ODEE_1262_Design</ownerDesignName>
</ColumnProxy>
<ColumnProxy name="TRNCUSDATE007" id="D3846066-7E92-F1CF-6CDC-FD486BBDD6DA">
<createdBy>calittle</createdBy>
<createdTime>2019-04-17 17:26:47 UTC</createdTime>
<ownerDesignName>ODEE_1262_Design</ownerDesignName>
</ColumnProxy>
<ColumnProxy name="TRNAPPINT002" id="D3C08445-0883-4978-D00F-5363D46800D8">
<createdBy>calittle</createdBy>
<createdTime>2019-04-17 17:26:47 UTC</createdTime>
<ownerDesignName>ODEE_1262_Design</ownerDesignName>
</ColumnProxy>
<ColumnProxy name="TRNAPPSTR003" id="D3C9384B-96AB-AE60-B8B7-546E0FF0265B">
<createdBy>calittle</createdBy>
<createdTime>2019-04-17 17:26:47 UTC</createdTime>
<ownerDesignName>ODEE_1262_Design</ownerDesignName>
</ColumnProxy>
<ColumnProxy name="TRNNAPOLBLOB" id="D7BFC8F7-1417-DA24-BF90-55D6FE0399A7">
<createdBy>calittle</createdBy>
<createdTime>2019-04-17 17:26:47 UTC</createdTime>
<ownerDesignName>ODEE_1262_Design</ownerDesignName>
</ColumnProxy>
<ColumnProxy name="TRNAPPSTR001" id="D837A3D8-CA0C-CD93-2623-655F1CA5F6D3">
<createdBy>calittle</createdBy>
<createdTime>2019-04-17 17:26:47 UTC</createdTime>
<ownerDesignName>ODEE_1262_Design</ownerDesignName>
</ColumnProxy>
<ColumnProxy name="TRNCUSDEC002" id="D83E0ADE-2B92-17B9-846C-7F1F9B37D036">
<createdBy>calittle</createdBy>
<createdTime>2019-04-17 17:26:47 UTC</createdTime>
<ownerDesignName>ODEE_1262_Design</ownerDesignName>
</ColumnProxy>
<ColumnProxy name="TOTIME" id="D929DEBF-A7B8-B74E-54BC-C4BEA75CD3A3">
<createdBy>calittle</createdBy>
<createdTime>2019-04-17 17:26:47 UTC</createdTime>
<ownerDesignName>ODEE_1262_Design</ownerDesignName>
</ColumnProxy>
<ColumnProxy name="TRNCUSINT003" id="DB6DA68E-B95E-23CC-A3F3-458E1254C646">
<createdBy>calittle</createdBy>
<createdTime>2019-04-17 17:26:47 UTC</createdTime>
<ownerDesignName>ODEE_1262_Design</ownerDesignName>
</ColumnProxy>
<ColumnProxy name="TRNCUSDATE005" id="DCD5FD9C-BFFE-A304-7752-8C4FEB02447A">
<createdBy>calittle</createdBy>
<createdTime>2019-04-17 17:26:47 UTC</createdTime>
<ownerDesignName>ODEE_1262_Design</ownerDesignName>
</ColumnProxy>
<ColumnProxy name="TRNCUSSTR019" id="DD91AD43-ECFC-2B40-0B18-BAB848BB8199">
<createdBy>calittle</createdBy>
<createdTime>2019-04-17 17:26:47 UTC</createdTime>
<ownerDesignName>ODEE_1262_Design</ownerDesignName>
</ColumnProxy>
<ColumnProxy name="DESCR" id="DDD8AFC1-BBED-5755-9DD0-58C67AAAD918">
<createdBy>calittle</createdBy>
<createdTime>2019-04-17 17:26:46 UTC</createdTime>
<ownerDesignName>ODEE_1262_Design</ownerDesignName>
</ColumnProxy>
<ColumnProxy name="TRNNAPOLSIZE" id="DE0A96B0-C769-265B-F288-C3C4798B9A7F">
<createdBy>calittle</createdBy>
<createdTime>2019-04-17 17:26:47 UTC</createdTime>
<ownerDesignName>ODEE_1262_Design</ownerDesignName>
</ColumnProxy>
<ColumnProxy name="TRNHISTORICAL" id="DFDEDC0B-8C00-1B2F-F1A8-71515CFBE592">
<createdBy>calittle</createdBy>
<createdTime>2019-04-17 17:26:47 UTC</createdTime>
<ownerDesignName>ODEE_1262_Design</ownerDesignName>
<defaultValue>1</defaultValue>
</ColumnProxy>
<ColumnProxy name="LOCID" id="E0019FA6-6DC8-0AE2-DF60-8CCAEBF8AB32">
<createdBy>calittle</createdBy>
<createdTime>2019-04-17 17:26:47 UTC</createdTime>
<ownerDesignName>ODEE_1262_Design</ownerDesignName>
</ColumnProxy>
<ColumnProxy name="DOCTYPE" id="E4E12C0C-BDE2-9568-430E-C6F0C5DF6CD0">
<createdBy>calittle</createdBy>
<createdTime>2019-04-17 17:26:46 UTC</createdTime>
<ownerDesignName>ODEE_1262_Design</ownerDesignName>
</ColumnProxy>
<ColumnProxy name="ACTION" id="EDFD6A72-6B64-93B5-059E-375E5526FD35">
<createdBy>calittle</createdBy>
<createdTime>2019-04-17 17:26:47 UTC</createdTime>
<ownerDesignName>ODEE_1262_Design</ownerDesignName>
</ColumnProxy>
<ColumnProxy name="JOB_ID" id="EE766A1D-3AA0-9362-2266-CB8780D2A0A7">
<createdBy>calittle</createdBy>
<createdTime>2019-04-17 17:26:46 UTC</createdTime>
<ownerDesignName>ODEE_1262_Design</ownerDesignName>
</ColumnProxy>
<ColumnProxy name="DOCSUBTYPE" id="EF165539-1C1B-C5BA-4DB9-E27DEDE2C390">
<createdBy>calittle</createdBy>
<createdTime>2019-04-17 17:26:46 UTC</createdTime>
<ownerDesignName>ODEE_1262_Design</ownerDesignName>
</ColumnProxy>
<ColumnProxy name="TRNDATASIZE" id="EF75C172-68D5-EDC8-5E45-4F7E1EA8F01E">
<createdBy>calittle</createdBy>
<createdTime>2019-04-17 17:26:47 UTC</createdTime>
<ownerDesignName>ODEE_1262_Design</ownerDesignName>
</ColumnProxy>
<ColumnProxy name="ORIGUSER" id="EF85186D-8DF0-DD29-7E73-85F25DAAF022">
<createdBy>calittle</createdBy>
<createdTime>2019-04-17 17:26:46 UTC</createdTime>
<ownerDesignName>ODEE_1262_Design</ownerDesignName>
</ColumnProxy>
<ColumnProxy name="TRNCUSDATE014" id="F1C41A49-92B9-4CE5-50AC-8772F7E46B1C">
<createdBy>calittle</createdBy>
<createdTime>2019-04-17 17:26:47 UTC</createdTime>
<ownerDesignName>ODEE_1262_Design</ownerDesignName>
</ColumnProxy>
<ColumnProxy name="TRNMODIFYTIME" id="F36E99A4-0A74-1CEA-BC4A-DA20C324F43F">
<createdBy>calittle</createdBy>
<createdTime>2019-04-17 17:26:46 UTC</createdTime>
<ownerDesignName>ODEE_1262_Design</ownerDesignName>
</ColumnProxy>
<ColumnProxy name="AGENCYID" id="F6A2D005-A1FC-950C-B1D5-7AB8E99FB80F">
<createdBy>calittle</createdBy>
<createdTime>2019-04-17 17:26:47 UTC</createdTime>
<ownerDesignName>ODEE_1262_Design</ownerDesignName>
</ColumnProxy>
<ColumnProxy name="TRNBCHTOTAL" id="F7696CAF-6556-1128-A9FB-5DFA4D80269C">
<createdBy>calittle</createdBy>
<createdTime>2019-04-17 17:26:47 UTC</createdTime>
<ownerDesignName>ODEE_1262_Design</ownerDesignName>
</ColumnProxy>
<ColumnProxy name="SECLEVEL" id="FDD8B099-F066-4C62-9F6D-0A9E3E79C6A4">
<createdBy>calittle</createdBy>
<createdTime>2019-04-17 17:26:46 UTC</createdTime>
<ownerDesignName>ODEE_1262_Design</ownerDesignName>
</ColumnProxy>
</columnProxies>
<lobStorages>
<LobStorage class="oracle.dbtools.crest.model.design.storage.oracle.v11g.LobStorageOraclev11g" name="SYS_LOB0000140133C00141$$" id="5F236050-E1AD-A21D-6F97-20234F16FAA9">
<createdBy>calittle</createdBy>
<createdTime>2019-04-17 17:26:52 UTC</createdTime>
<ownerDesignName>ODEE_1262_Design</ownerDesignName>
<cache>NOCACHE</cache>
<chunk>8192</chunk>
<column>TRNDATABLOB</column>
<compression>NO</compression>
<duplication>KEEP_DUPLICATES</duplication>
<logging>FILESYSTEM_LIKE_LOGGING</logging>
<tableSpace>B4FE7603-2423-0888-71C6-BC38EA367033</tableSpace>
<lobStorageType>SECUREFILE</lobStorageType>
</LobStorage>
<LobStorage class="oracle.dbtools.crest.model.design.storage.oracle.v11g.LobStorageOraclev11g" name="SYS_LOB0000140133C00147$$" id="0C53C0D5-55B3-9285-86A2-89FC6278EADA">
<createdBy>calittle</createdBy>
<createdTime>2019-04-17 17:26:52 UTC</createdTime>
<ownerDesignName>ODEE_1262_Design</ownerDesignName>
<cache>NOCACHE</cache>
<chunk>8192</chunk>
<column>TRNNAPOLBLOB</column>
<compression>NO</compression>
<duplication>KEEP_DUPLICATES</duplication>
<logging>FILESYSTEM_LIKE_LOGGING</logging>
<tableSpace>B4FE7603-2423-0888-71C6-BC38EA367033</tableSpace>
<lobStorageType>SECUREFILE</lobStorageType>
</LobStorage>
</lobStorages>
<primaryKeys>
<PrimaryKey class="oracle.dbtools.crest.model.design.storage.oracle.v10g.PKProxyOraclev10g" name="TRNSHIST_PK" id="78AA74D6-7CDA-C5FC-96C7-84BE6E705789">
<createdBy>calittle</createdBy>
<createdTime>2019-04-17 17:26:51 UTC</createdTime>
<ownerDesignName>ODEE_1262_Design</ownerDesignName>
<segment>40B3AC24-9CF5-8A2D-F82F-B2CD0FB5CAA2</segment>
<tableSpace>B4FE7603-2423-0888-71C6-BC38EA367033</tableSpace>
<existingIndex>92063165-4BC9-C64B-B244-DF8F2CE8891F</existingIndex>
<indexSegment>40B3AC24-9CF5-8A2D-F82F-B2CD0FB5CAA2</indexSegment>
<indexSort>SORTED</indexSort>
<usingIndex>BY INDEX NAME</usingIndex>
</PrimaryKey>
</primaryKeys>
<uniqueKeys>
<UniqueKey class="oracle.dbtools.crest.model.design.storage.oracle.v10g.UniqueOraclev10g" name="TRNSHIST_UNIQUE_ID" id="B6C29193-BC3A-B4CB-ACE8-10EE5BEA4742">
<createdBy>calittle</createdBy>
<createdTime>2019-04-17 17:26:51 UTC</createdTime>
<ownerDesignName>ODEE_1262_Design</ownerDesignName>
<segment>40B3AC24-9CF5-8A2D-F82F-B2CD0FB5CAA2</segment>
<tableSpace>B4FE7603-2423-0888-71C6-BC38EA367033</tableSpace>
<existingIndex>8CB3F2B6-54FB-8552-CCFC-6CEC1AD40714</existingIndex>
<indexSegment>40B3AC24-9CF5-8A2D-F82F-B2CD0FB5CAA2</indexSegment>
<indexSort>SORTED</indexSort>
<usingIndex>BY INDEX NAME</usingIndex>
</UniqueKey>
</uniqueKeys>
</TableProxyOraclev11g>