<?xml version = '1.0' encoding = 'UTF-8'?>
<TableProxyOraclev11g class="oracle.dbtools.crest.model.design.storage.oracle.v11g.TableProxyOraclev11g" name="RCPS" directorySegmentName="seg_0" id="D3185649-826C-B625-42E7-4BDE840F2666">
<createdBy>calittle</createdBy>
<createdTime>2019-04-17 17:26:04 UTC</createdTime>
<ownerDesignName>ODEE_1262_Design</ownerDesignName>
<schemaObject>8FC895A7-E0A2-11C9-AE90-BEF4CA704C97</schemaObject>
<logging>YES</logging>
<partitionedRowMovement>DISABLE</partitionedRowMovement>
<segment>4AC90395-2168-6C73-9206-B942356832F0</segment>
<tableSpace>B4FE7603-2423-0888-71C6-BC38EA367033</tableSpace>
<temporaryChanged>false</temporaryChanged>
<accessDriverType>oracle_loader</accessDriverType>
<rejectLimit></rejectLimit>
<indexProxies>
<IndexProxy class="oracle.dbtools.crest.model.design.storage.oracle.v10g.IndexProxyOraclev10g" name="RCPS_TRNID" id="178D2281-CF65-31F0-97B0-76189D702498">
<createdBy>calittle</createdBy>
<createdTime>2019-04-17 17:26:49 UTC</createdTime>
<ownerDesignName>ODEE_1262_Design</ownerDesignName>
<schemaObject>8FC895A7-E0A2-11C9-AE90-BEF4CA704C97</schemaObject>
<segment>D84742F2-9E68-6614-C6EF-D3B7EF628E78</segment>
<tableSpace>B4FE7603-2423-0888-71C6-BC38EA367033</tableSpace>
</IndexProxy>
<IndexProxy class="oracle.dbtools.crest.model.design.storage.oracle.v10g.IndexProxyOraclev10g" name="RCPS_TRNID_ADRSELECTED" id="9F304BEB-E919-B986-7B8C-C92785F431CD">
<createdBy>calittle</createdBy>
<createdTime>2019-04-17 17:26:49 UTC</createdTime>
<ownerDesignName>ODEE_1262_Design</ownerDesignName>
<schemaObject>8FC895A7-E0A2-11C9-AE90-BEF4CA704C97</schemaObject>
<segment>D84742F2-9E68-6614-C6EF-D3B7EF628E78</segment>
<tableSpace>B4FE7603-2423-0888-71C6-BC38EA367033</tableSpace>
</IndexProxy>
<IndexProxy class="oracle.dbtools.crest.model.design.storage.oracle.v10g.IndexProxyOraclev10g" name="RCPS_PK" id="AA3885D4-1E6C-5024-279C-8562B8577941">
<createdBy>calittle</createdBy>
<createdTime>2019-04-17 17:26:49 UTC</createdTime>
<ownerDesignName>ODEE_1262_Design</ownerDesignName>
<schemaObject>8FC895A7-E0A2-11C9-AE90-BEF4CA704C97</schemaObject>
<segment>D84742F2-9E68-6614-C6EF-D3B7EF628E78</segment>
<tableSpace>B4FE7603-2423-0888-71C6-BC38EA367033</tableSpace>
</IndexProxy>
<IndexProxy class="oracle.dbtools.crest.model.design.storage.oracle.v10g.IndexProxyOraclev10g" name="RCPS_STATS" id="B9287730-2F95-3F6D-78EA-11150C99AAAC">
<createdBy>calittle</createdBy>
<createdTime>2019-04-17 17:26:49 UTC</createdTime>
<ownerDesignName>ODEE_1262_Design</ownerDesignName>
<schemaObject>8FC895A7-E0A2-11C9-AE90-BEF4CA704C97</schemaObject>
<segment>D84742F2-9E68-6614-C6EF-D3B7EF628E78</segment>
<tableSpace>B4FE7603-2423-0888-71C6-BC38EA367033</tableSpace>
</IndexProxy>
<IndexProxy class="oracle.dbtools.crest.model.design.storage.oracle.v10g.IndexProxyOraclev10g" name="RCPS_RCP_ID" id="D8596F99-A17F-CB1C-334E-73765C206F3E">
<createdBy>calittle</createdBy>
<createdTime>2019-04-17 17:26:49 UTC</createdTime>
<ownerDesignName>ODEE_1262_Design</ownerDesignName>
<schemaObject>8FC895A7-E0A2-11C9-AE90-BEF4CA704C97</schemaObject>
<segment>D84742F2-9E68-6614-C6EF-D3B7EF628E78</segment>
<tableSpace>B4FE7603-2423-0888-71C6-BC38EA367033</tableSpace>
</IndexProxy>
<IndexProxy class="oracle.dbtools.crest.model.design.storage.oracle.v10g.IndexProxyOraclev10g" name="RCPS_ADRPOSTALCODE" id="DD55D5B2-79A5-7ABA-33F8-8A3124AA47A5">
<createdBy>calittle</createdBy>
<createdTime>2019-04-17 17:26:48 UTC</createdTime>
<ownerDesignName>ODEE_1262_Design</ownerDesignName>
<schemaObject>8FC895A7-E0A2-11C9-AE90-BEF4CA704C97</schemaObject>
<segment>D84742F2-9E68-6614-C6EF-D3B7EF628E78</segment>
<tableSpace>B4FE7603-2423-0888-71C6-BC38EA367033</tableSpace>
</IndexProxy>
<IndexProxy class="oracle.dbtools.crest.model.design.storage.oracle.v10g.IndexProxyOraclev10g" name="RCPUNIQUE_ID" id="ED23E56B-E559-A87A-ABB9-3D1A88722E24">
<createdBy>calittle</createdBy>
<createdTime>2019-04-17 17:26:49 UTC</createdTime>
<ownerDesignName>ODEE_1262_Design</ownerDesignName>
<schemaObject>8FC895A7-E0A2-11C9-AE90-BEF4CA704C97</schemaObject>
<segment>D84742F2-9E68-6614-C6EF-D3B7EF628E78</segment>
<tableSpace>B4FE7603-2423-0888-71C6-BC38EA367033</tableSpace>
</IndexProxy>
<IndexProxy class="oracle.dbtools.crest.model.design.storage.oracle.v10g.IndexProxyOraclev10g" name="RCPS_ADRSELECTED" id="EE674794-5EEE-850E-40FF-F83F1A28ADE5">
<createdBy>calittle</createdBy>
<createdTime>2019-04-17 17:26:48 UTC</createdTime>
<ownerDesignName>ODEE_1262_Design</ownerDesignName>
<schemaObject>8FC895A7-E0A2-11C9-AE90-BEF4CA704C97</schemaObject>
<segment>D84742F2-9E68-6614-C6EF-D3B7EF628E78</segment>
<tableSpace>B4FE7603-2423-0888-71C6-BC38EA367033</tableSpace>
</IndexProxy>
<IndexProxy class="oracle.dbtools.crest.model.design.storage.oracle.v10g.IndexProxyOraclev10g" name="RCPS_NAMETYPE" id="F1B64C01-41CB-1E10-B603-686AE71D61CA">
<createdBy>calittle</createdBy>
<createdTime>2019-04-17 17:26:49 UTC</createdTime>
<ownerDesignName>ODEE_1262_Design</ownerDesignName>
<schemaObject>8FC895A7-E0A2-11C9-AE90-BEF4CA704C97</schemaObject>
<segment>D84742F2-9E68-6614-C6EF-D3B7EF628E78</segment>
<tableSpace>B4FE7603-2423-0888-71C6-BC38EA367033</tableSpace>
</IndexProxy>
</indexProxies>
<columnProxies itemClass="oracle.dbtools.crest.model.design.storage.oracle.v12c.ColumnProxyOraclev12c">
<ColumnProxy name="RCPCUSINT001" id="01333657-AE9D-56CF-65EC-38FE052F3C21">
<createdBy>calittle</createdBy>
<createdTime>2019-04-17 17:26:42 UTC</createdTime>
<ownerDesignName>ODEE_1262_Design</ownerDesignName>
</ColumnProxy>
<ColumnProxy name="RCPDATATYPE" id="01EE22FF-ABB1-C6FB-107A-73CFFB7FC99C">
<createdBy>calittle</createdBy>
<createdTime>2019-04-17 17:26:42 UTC</createdTime>
<ownerDesignName>ODEE_1262_Design</ownerDesignName>
</ColumnProxy>
<ColumnProxy name="RCPAPPINT002" id="026CA929-7D31-753B-EBAA-7F16412B27C1">
<createdBy>calittle</createdBy>
<createdTime>2019-04-17 17:26:42 UTC</createdTime>
<ownerDesignName>ODEE_1262_Design</ownerDesignName>
</ColumnProxy>
<ColumnProxy name="ADR_FAX" id="05BE90B1-85A4-520A-D492-E4A15699140D">
<createdBy>calittle</createdBy>
<createdTime>2019-04-17 17:26:42 UTC</createdTime>
<ownerDesignName>ODEE_1262_Design</ownerDesignName>
</ColumnProxy>
<ColumnProxy name="RCPCUSSTR010" id="07D0801D-F92A-B9E6-BA71-82BE6688B493">
<createdBy>calittle</createdBy>
<createdTime>2019-04-17 17:26:42 UTC</createdTime>
<ownerDesignName>ODEE_1262_Design</ownerDesignName>
</ColumnProxy>
<ColumnProxy name="RCPWEIGHT" id="08835ED5-AE65-3C51-6F2D-339136F93F53">
<createdBy>calittle</createdBy>
<createdTime>2019-04-17 17:26:42 UTC</createdTime>
<ownerDesignName>ODEE_1262_Design</ownerDesignName>
</ColumnProxy>
<ColumnProxy name="TRN_ID" id="0ABC2C28-08FE-5D1F-4626-CA98D25B7CA2">
<createdBy>calittle</createdBy>
<createdTime>2019-04-17 17:26:42 UTC</createdTime>
<ownerDesignName>ODEE_1262_Design</ownerDesignName>
</ColumnProxy>
<ColumnProxy name="ADR_POSTALCODE" id="0C60BE52-47B4-8C09-C5B7-7C96F7BC092A">
<createdBy>calittle</createdBy>
<createdTime>2019-04-17 17:26:42 UTC</createdTime>
<ownerDesignName>ODEE_1262_Design</ownerDesignName>
</ColumnProxy>
<ColumnProxy name="ADR_PHONE" id="0E0DC729-486B-E95D-DB19-EF6D90263043">
<createdBy>calittle</createdBy>
<createdTime>2019-04-17 17:26:42 UTC</createdTime>
<ownerDesignName>ODEE_1262_Design</ownerDesignName>
</ColumnProxy>
<ColumnProxy name="RCPCUSSTR005" id="1010BA26-A781-6385-A2DF-407F268989B6">
<createdBy>calittle</createdBy>
<createdTime>2019-04-17 17:26:42 UTC</createdTime>
<ownerDesignName>ODEE_1262_Design</ownerDesignName>
</ColumnProxy>
<ColumnProxy name="RCPAPPSTR013" id="10E15B76-5448-616C-CD2A-AF7DDDE504C6">
<createdBy>calittle</createdBy>
<createdTime>2019-04-17 17:26:42 UTC</createdTime>
<ownerDesignName>ODEE_1262_Design</ownerDesignName>
</ColumnProxy>
<ColumnProxy name="ADR_STATE" id="114B2159-DF76-88BD-55E7-28590D9534C7">
<createdBy>calittle</createdBy>
<createdTime>2019-04-17 17:26:42 UTC</createdTime>
<ownerDesignName>ODEE_1262_Design</ownerDesignName>
</ColumnProxy>
<ColumnProxy name="RCPAPPSTR002" id="11AE16B8-2BD8-FDF5-008B-92CF841AD32F">
<createdBy>calittle</createdBy>
<createdTime>2019-04-17 17:26:42 UTC</createdTime>
<ownerDesignName>ODEE_1262_Design</ownerDesignName>
</ColumnProxy>
<ColumnProxy name="RCPAPPSTR015" id="1234D9CF-64DD-D15C-0EED-FD3F698C88B1">
<createdBy>calittle</createdBy>
<createdTime>2019-04-17 17:26:42 UTC</createdTime>
<ownerDesignName>ODEE_1262_Design</ownerDesignName>
</ColumnProxy>
<ColumnProxy name="ADR_RFU" id="15B5883C-150E-622A-87AA-19B9AF18DBA0">
<createdBy>calittle</createdBy>
<createdTime>2019-04-17 17:26:42 UTC</createdTime>
<ownerDesignName>ODEE_1262_Design</ownerDesignName>
</ColumnProxy>
<ColumnProxy name="RCPAPPDEC003" id="15EB54E7-32B8-E8F3-BD12-59DF17AB3A48">
<createdBy>calittle</createdBy>
<createdTime>2019-04-17 17:26:42 UTC</createdTime>
<ownerDesignName>ODEE_1262_Design</ownerDesignName>
</ColumnProxy>
<ColumnProxy name="RCPCUSINT003" id="1700CE20-A5BD-EF25-0743-B42CB4643F26">
<createdBy>calittle</createdBy>
<createdTime>2019-04-17 17:26:42 UTC</createdTime>
<ownerDesignName>ODEE_1262_Design</ownerDesignName>
</ColumnProxy>
<ColumnProxy name="RCPAPPSTR009" id="1B900373-4E67-77C2-6B9A-D0FCE90D862A">
<createdBy>calittle</createdBy>
<createdTime>2019-04-17 17:26:42 UTC</createdTime>
<ownerDesignName>ODEE_1262_Design</ownerDesignName>
</ColumnProxy>
<ColumnProxy name="RCPTRAY3" id="1C01D76C-D7DB-A3BD-9A07-5D02CB4EB5C4">
<createdBy>calittle</createdBy>
<createdTime>2019-04-17 17:26:42 UTC</createdTime>
<ownerDesignName>ODEE_1262_Design</ownerDesignName>
<defaultValue>0</defaultValue>
</ColumnProxy>
<ColumnProxy name="RCPCUSSTR014" id="1EF35A66-96D4-7C75-85CE-96F7C0E08BDC">
<createdBy>calittle</createdBy>
<createdTime>2019-04-17 17:26:43 UTC</createdTime>
<ownerDesignName>ODEE_1262_Design</ownerDesignName>
</ColumnProxy>
<ColumnProxy name="RCPHISTORICAL" id="24E57390-BAA7-E75A-30E8-EADE6EC41983">
<createdBy>calittle</createdBy>
<createdTime>2019-04-17 17:26:43 UTC</createdTime>
<ownerDesignName>ODEE_1262_Design</ownerDesignName>
<defaultValue>0</defaultValue>
</ColumnProxy>
<ColumnProxy name="ADR_TYPE" id="25E2323E-EAD5-C193-6ACA-C54E59D26804">
<createdBy>calittle</createdBy>
<createdTime>2019-04-17 17:26:42 UTC</createdTime>
<ownerDesignName>ODEE_1262_Design</ownerDesignName>
</ColumnProxy>
<ColumnProxy name="ADR_ENCLOSURES" id="2601C173-7689-319F-E37A-CD38F2985C3D">
<createdBy>calittle</createdBy>
<createdTime>2019-04-17 17:26:42 UTC</createdTime>
<ownerDesignName>ODEE_1262_Design</ownerDesignName>
</ColumnProxy>
<ColumnProxy name="ADR_HOUSEHOLD" id="27BDA42A-151A-042C-6924-38249AC26DAC">
<createdBy>calittle</createdBy>
<createdTime>2019-04-17 17:26:42 UTC</createdTime>
<ownerDesignName>ODEE_1262_Design</ownerDesignName>
</ColumnProxy>
<ColumnProxy name="RCPSHEETCOUNT" id="27C3D2F4-5100-F70C-3784-85BB18F1B951">
<createdBy>calittle</createdBy>
<createdTime>2019-04-17 17:26:42 UTC</createdTime>
<ownerDesignName>ODEE_1262_Design</ownerDesignName>
</ColumnProxy>
<ColumnProxy name="RCPCUSDATE002" id="285C4E87-9C6E-AA65-0001-3ADC00F07FF5">
<createdBy>calittle</createdBy>
<createdTime>2019-04-17 17:26:42 UTC</createdTime>
<ownerDesignName>ODEE_1262_Design</ownerDesignName>
</ColumnProxy>
<ColumnProxy name="RCPOUTTYPE" id="29373633-621F-81AD-225A-CEA9B5B6B873">
<createdBy>calittle</createdBy>
<createdTime>2019-04-17 17:26:42 UTC</createdTime>
<ownerDesignName>ODEE_1262_Design</ownerDesignName>
<defaultValue>0</defaultValue>
</ColumnProxy>
<ColumnProxy name="ADR_HOMEPHONE" id="295EC37B-B9A4-77B9-2BC9-06ACAE9BAA63">
<createdBy>calittle</createdBy>
<createdTime>2019-04-17 17:26:42 UTC</createdTime>
<ownerDesignName>ODEE_1262_Design</ownerDesignName>
</ColumnProxy>
<ColumnProxy name="RCPCUSDATE003" id="2E196A6A-09BA-031A-682B-5662635117EA">
<createdBy>calittle</createdBy>
<createdTime>2019-04-17 17:26:42 UTC</createdTime>
<ownerDesignName>ODEE_1262_Design</ownerDesignName>
</ColumnProxy>
<ColumnProxy name="BATCHTYPE" id="30A8DDCA-1116-C864-A593-C267C7BA4A34">
<createdBy>calittle</createdBy>
<createdTime>2019-04-17 17:26:42 UTC</createdTime>
<ownerDesignName>ODEE_1262_Design</ownerDesignName>
</ColumnProxy>
<ColumnProxy name="RCPTRAY8" id="32AB66E5-C7F8-6297-71C1-455D6D013E39">
<createdBy>calittle</createdBy>
<createdTime>2019-04-17 17:26:42 UTC</createdTime>
<ownerDesignName>ODEE_1262_Design</ownerDesignName>
<defaultValue>0</defaultValue>
</ColumnProxy>
<ColumnProxy name="RCPBCHTOTAL" id="3528F6C8-D517-4B3E-391C-D58E87AB8C75">
<createdBy>calittle</createdBy>
<createdTime>2019-04-17 17:26:42 UTC</createdTime>
<ownerDesignName>ODEE_1262_Design</ownerDesignName>
<defaultValue>0</defaultValue>
</ColumnProxy>
<ColumnProxy name="ADR_LANGUAGE" id="35341C85-85D9-9711-7D33-FFF18070C2B4">
<createdBy>calittle</createdBy>
<createdTime>2019-04-17 17:26:42 UTC</createdTime>
<ownerDesignName>ODEE_1262_Design</ownerDesignName>
</ColumnProxy>
<ColumnProxy name="RCPOUTSIZE" id="36CF0B8F-AFD9-C8DC-D195-0DE4E28DA942">
<createdBy>calittle</createdBy>
<createdTime>2019-04-17 17:26:42 UTC</createdTime>
<ownerDesignName>ODEE_1262_Design</ownerDesignName>
<defaultValue>0</defaultValue>
</ColumnProxy>
<ColumnProxy name="RCPAPPSTR011" id="3703C82D-F2A9-1D03-F1F6-956A1942ED3C">
<createdBy>calittle</createdBy>
<createdTime>2019-04-17 17:26:42 UTC</createdTime>
<ownerDesignName>ODEE_1262_Design</ownerDesignName>
</ColumnProxy>
<ColumnProxy name="RCPCUSINT005" id="38C8E693-B133-CC0A-873E-A528A59ECB84">
<createdBy>calittle</createdBy>
<createdTime>2019-04-17 17:26:42 UTC</createdTime>
<ownerDesignName>ODEE_1262_Design</ownerDesignName>
</ColumnProxy>
<ColumnProxy name="RCPAPPINT005" id="420D4C33-C1C3-9F58-82FE-1224AAE19EC0">
<createdBy>calittle</createdBy>
<createdTime>2019-04-17 17:26:42 UTC</createdTime>
<ownerDesignName>ODEE_1262_Design</ownerDesignName>
</ColumnProxy>
<ColumnProxy name="RCPCUSSTR008" id="42FF3CD0-2F00-51E0-3737-821F18BE8467">
<createdBy>calittle</createdBy>
<createdTime>2019-04-17 17:26:42 UTC</createdTime>
<ownerDesignName>ODEE_1262_Design</ownerDesignName>
</ColumnProxy>
<ColumnProxy name="RCBRCPCODE" id="4333BA78-692D-38DD-5DCF-98FA96A5B4AF">
<createdBy>calittle</createdBy>
<createdTime>2019-04-17 17:26:43 UTC</createdTime>
<ownerDesignName>ODEE_1262_Design</ownerDesignName>
</ColumnProxy>
<ColumnProxy name="RCPCUSDATE005" id="44A1AA9A-C5EB-B920-9935-8BC096EEBF8C">
<createdBy>calittle</createdBy>
<createdTime>2019-04-17 17:26:42 UTC</createdTime>
<ownerDesignName>ODEE_1262_Design</ownerDesignName>
</ColumnProxy>
<ColumnProxy name="RCPAPPSTR014" id="466F27AC-183F-2A16-77CB-5B736DEDEF0D">
<createdBy>calittle</createdBy>
<createdTime>2019-04-17 17:26:42 UTC</createdTime>
<ownerDesignName>ODEE_1262_Design</ownerDesignName>
</ColumnProxy>
<ColumnProxy name="RCPCUSSTR012" id="48C13453-590E-59D1-8D7E-51222AF4E4F1">
<createdBy>calittle</createdBy>
<createdTime>2019-04-17 17:26:43 UTC</createdTime>
<ownerDesignName>ODEE_1262_Design</ownerDesignName>
</ColumnProxy>
<ColumnProxy name="RCPBCHERR" id="4C9E4CC7-5621-7393-9603-94FD97874462">
<createdBy>calittle</createdBy>
<createdTime>2019-04-17 17:26:42 UTC</createdTime>
<ownerDesignName>ODEE_1262_Design</ownerDesignName>
<defaultValue>0</defaultValue>
</ColumnProxy>
<ColumnProxy name="RCPCUSDEC003" id="4E276AC7-AE49-5A3E-BBDA-C6A0302C2A6E">
<createdBy>calittle</createdBy>
<createdTime>2019-04-17 17:26:42 UTC</createdTime>
<ownerDesignName>ODEE_1262_Design</ownerDesignName>
</ColumnProxy>
<ColumnProxy name="RCPCUSSTR011" id="5075DD7B-C756-9693-8117-43A661834037">
<createdBy>calittle</createdBy>
<createdTime>2019-04-17 17:26:42 UTC</createdTime>
<ownerDesignName>ODEE_1262_Design</ownerDesignName>
</ColumnProxy>
<ColumnProxy name="RCPBCHPROC" id="50F78271-E43F-27A6-CAEB-A4CDFDA4F59E">
<createdBy>calittle</createdBy>
<createdTime>2019-04-17 17:26:42 UTC</createdTime>
<ownerDesignName>ODEE_1262_Design</ownerDesignName>
<defaultValue>0</defaultValue>
</ColumnProxy>
<ColumnProxy name="ADR_ADDRESS1" id="536BC77A-6AAD-6303-9F46-A64A8E7F2F47">
<createdBy>calittle</createdBy>
<createdTime>2019-04-17 17:26:42 UTC</createdTime>
<ownerDesignName>ODEE_1262_Design</ownerDesignName>
</ColumnProxy>
<ColumnProxy name="RCPCUSDATE001" id="5550E7E8-53C1-E722-C622-8398848327CE">
<createdBy>calittle</createdBy>
<createdTime>2019-04-17 17:26:42 UTC</createdTime>
<ownerDesignName>ODEE_1262_Design</ownerDesignName>
</ColumnProxy>
<ColumnProxy name="RCPAPPDEC005" id="56F5B5DE-5482-02B8-103E-CCC465CE9047">
<createdBy>calittle</createdBy>
<createdTime>2019-04-17 17:26:42 UTC</createdTime>
<ownerDesignName>ODEE_1262_Design</ownerDesignName>
</ColumnProxy>
<ColumnProxy name="RCPHISTORY" id="582D6DB7-EE0B-4AB9-FA49-E100636615A6">
<createdBy>calittle</createdBy>
<createdTime>2019-04-17 17:26:43 UTC</createdTime>
<ownerDesignName>ODEE_1262_Design</ownerDesignName>
<defaultValue>1</defaultValue>
</ColumnProxy>
<ColumnProxy name="RCPAPPSTR010" id="58E8B995-57DF-694A-323D-D2860D5213F2">
<createdBy>calittle</createdBy>
<createdTime>2019-04-17 17:26:42 UTC</createdTime>
<ownerDesignName>ODEE_1262_Design</ownerDesignName>
</ColumnProxy>
<ColumnProxy name="RCPCUSSTR007" id="606DDCB2-284B-81AC-238A-411563351AF9">
<createdBy>calittle</createdBy>
<createdTime>2019-04-17 17:26:42 UTC</createdTime>
<ownerDesignName>ODEE_1262_Design</ownerDesignName>
</ColumnProxy>
<ColumnProxy name="RCPSTARTTIME" id="62022040-1639-6A7B-908F-244FA4F7E1AF">
<createdBy>calittle</createdBy>
<createdTime>2019-04-17 17:26:42 UTC</createdTime>
<ownerDesignName>ODEE_1262_Design</ownerDesignName>
</ColumnProxy>
<ColumnProxy name="RCBPRTFLAG" id="68E9DA69-BE6E-796B-71C0-37561782BF20">
<createdBy>calittle</createdBy>
<createdTime>2019-04-17 17:26:43 UTC</createdTime>
<ownerDesignName>ODEE_1262_Design</ownerDesignName>
</ColumnProxy>
<ColumnProxy name="RCPAPPINT004" id="68F26777-2D09-E46C-2042-0C9A87D942F1">
<createdBy>calittle</createdBy>
<createdTime>2019-04-17 17:26:42 UTC</createdTime>
<ownerDesignName>ODEE_1262_Design</ownerDesignName>
</ColumnProxy>
<ColumnProxy name="RCPAPPSTR005" id="6ADB7033-EF6D-BAA1-3D09-44189E883A28">
<createdBy>calittle</createdBy>
<createdTime>2019-04-17 17:26:42 UTC</createdTime>
<ownerDesignName>ODEE_1262_Design</ownerDesignName>
</ColumnProxy>
<ColumnProxy name="BATCHNAME" id="6D342EC9-CBBF-BE1A-96B4-90D20AEFF8B0">
<createdBy>calittle</createdBy>
<createdTime>2019-04-17 17:26:42 UTC</createdTime>
<ownerDesignName>ODEE_1262_Design</ownerDesignName>
</ColumnProxy>
<ColumnProxy name="RCP_ID" id="6E16B190-F6C0-2E0F-FFC5-C054EB843719">
<createdBy>calittle</createdBy>
<createdTime>2019-04-17 17:26:42 UTC</createdTime>
<ownerDesignName>ODEE_1262_Design</ownerDesignName>
</ColumnProxy>
<ColumnProxy name="ADR_SIGNINGROLE" id="6FD61E00-82E9-E83D-3539-2D63E6AE6346">
<createdBy>calittle</createdBy>
<createdTime>2019-04-17 17:26:42 UTC</createdTime>
<ownerDesignName>ODEE_1262_Design</ownerDesignName>
</ColumnProxy>
<ColumnProxy name="RCPAPPSTR006" id="737FB1A9-7C07-4354-394D-F9A704DEFA93">
<createdBy>calittle</createdBy>
<createdTime>2019-04-17 17:26:42 UTC</createdTime>
<ownerDesignName>ODEE_1262_Design</ownerDesignName>
</ColumnProxy>
<ColumnProxy name="RCBERROR" id="7D7F01CB-F7FA-CC79-17F4-4AF9C99CD2FA">
<createdBy>calittle</createdBy>
<createdTime>2019-04-17 17:26:43 UTC</createdTime>
<ownerDesignName>ODEE_1262_Design</ownerDesignName>
</ColumnProxy>
<ColumnProxy name="ADR_TRACKING" id="7EE30BB2-9367-3CD5-5009-D1428DE6ED18">
<createdBy>calittle</createdBy>
<createdTime>2019-04-17 17:26:42 UTC</createdTime>
<ownerDesignName>ODEE_1262_Design</ownerDesignName>
</ColumnProxy>
<ColumnProxy name="RCPCUSINT002" id="8044DC0B-098C-7056-ED35-A7A76468966F">
<createdBy>calittle</createdBy>
<createdTime>2019-04-17 17:26:42 UTC</createdTime>
<ownerDesignName>ODEE_1262_Design</ownerDesignName>
</ColumnProxy>
<ColumnProxy name="RCPAPPINT001" id="839488BC-6212-D280-383E-A1E611BC6CD0">
<createdBy>calittle</createdBy>
<createdTime>2019-04-17 17:26:42 UTC</createdTime>
<ownerDesignName>ODEE_1262_Design</ownerDesignName>
</ColumnProxy>
<ColumnProxy name="RCPPAGECOUNT" id="85791709-AD0C-D7B5-9391-3F3D5F589E43">
<createdBy>calittle</createdBy>
<createdTime>2019-04-17 17:26:42 UTC</createdTime>
<ownerDesignName>ODEE_1262_Design</ownerDesignName>
</ColumnProxy>
<ColumnProxy name="RCPCUSSTR015" id="8A824702-6372-4327-AE96-DADD90AA3FCC">
<createdBy>calittle</createdBy>
<createdTime>2019-04-17 17:26:43 UTC</createdTime>
<ownerDesignName>ODEE_1262_Design</ownerDesignName>
</ColumnProxy>
<ColumnProxy name="RCPCUSDATE004" id="8BDC7A90-905D-2762-4E68-704F5A9875BD">
<createdBy>calittle</createdBy>
<createdTime>2019-04-17 17:26:42 UTC</createdTime>
<ownerDesignName>ODEE_1262_Design</ownerDesignName>
</ColumnProxy>
<ColumnProxy name="ADR_ADDRESS2" id="8E96E570-77B0-2302-D340-E9E920C472CA">
<createdBy>calittle</createdBy>
<createdTime>2019-04-17 17:26:42 UTC</createdTime>
<ownerDesignName>ODEE_1262_Design</ownerDesignName>
</ColumnProxy>
<ColumnProxy name="RCPOUTREF" id="914262A5-B75B-5827-A71D-D17C9DDC0F4A">
<createdBy>calittle</createdBy>
<createdTime>2019-04-17 17:26:42 UTC</createdTime>
<ownerDesignName>ODEE_1262_Design</ownerDesignName>
</ColumnProxy>
<ColumnProxy name="ADR_NAME2" id="918F8138-811E-32E8-F11B-7918FEBDC62F">
<createdBy>calittle</createdBy>
<createdTime>2019-04-17 17:26:42 UTC</createdTime>
<ownerDesignName>ODEE_1262_Design</ownerDesignName>
</ColumnProxy>
<ColumnProxy name="RCPAPPDEC001" id="9509E931-D251-B6C1-BB59-D7281C348167">
<createdBy>calittle</createdBy>
<createdTime>2019-04-17 17:26:42 UTC</createdTime>
<ownerDesignName>ODEE_1262_Design</ownerDesignName>
</ColumnProxy>
<ColumnProxy name="RCPAPPSTR001" id="9F670063-6FAF-D54B-2528-DB1117E93009">
<createdBy>calittle</createdBy>
<createdTime>2019-04-17 17:26:42 UTC</createdTime>
<ownerDesignName>ODEE_1262_Design</ownerDesignName>
</ColumnProxy>
<ColumnProxy name="RCPAPPSTR003" id="9FA8539E-6EE7-0777-EF11-22EEC9F15432">
<createdBy>calittle</createdBy>
<createdTime>2019-04-17 17:26:42 UTC</createdTime>
<ownerDesignName>ODEE_1262_Design</ownerDesignName>
</ColumnProxy>
<ColumnProxy name="RCPCUSINT004" id="A64B0480-F3DA-BE1A-55AC-A3682D293299">
<createdBy>calittle</createdBy>
<createdTime>2019-04-17 17:26:42 UTC</createdTime>
<ownerDesignName>ODEE_1262_Design</ownerDesignName>
</ColumnProxy>
<ColumnProxy name="RCPAPPDATE001" id="A98BC9C3-CB0C-6974-5760-7DE0E98205A7">
<createdBy>calittle</createdBy>
<createdTime>2019-04-17 17:26:42 UTC</createdTime>
<ownerDesignName>ODEE_1262_Design</ownerDesignName>
</ColumnProxy>
<ColumnProxy name="ADR_COUNTRY" id="AB8DE2AC-6BC7-2B64-ED28-1D316E82F3FA">
<createdBy>calittle</createdBy>
<createdTime>2019-04-17 17:26:42 UTC</createdTime>
<ownerDesignName>ODEE_1262_Design</ownerDesignName>
</ColumnProxy>
<ColumnProxy name="RCPAPPDATE005" id="AC145A09-79F9-2A36-277C-4284F18B7DC2">
<createdBy>calittle</createdBy>
<createdTime>2019-04-17 17:26:42 UTC</createdTime>
<ownerDesignName>ODEE_1262_Design</ownerDesignName>
</ColumnProxy>
<ColumnProxy name="ADR_EMAIL" id="AD37D8A7-08F9-2B74-5C8D-16150537322E">
<createdBy>calittle</createdBy>
<createdTime>2019-04-17 17:26:42 UTC</createdTime>
<ownerDesignName>ODEE_1262_Design</ownerDesignName>
</ColumnProxy>
<ColumnProxy name="RCPERR_ID" id="ADCC9D21-B22A-75AB-BE12-FB50BE69CF72">
<createdBy>calittle</createdBy>
<createdTime>2019-04-17 17:26:42 UTC</createdTime>
<ownerDesignName>ODEE_1262_Design</ownerDesignName>
</ColumnProxy>
<ColumnProxy name="RCPAPPDATE003" id="AE123F01-54BF-0409-8233-873852FA065E">
<createdBy>calittle</createdBy>
<createdTime>2019-04-17 17:26:42 UTC</createdTime>
<ownerDesignName>ODEE_1262_Design</ownerDesignName>
</ColumnProxy>
<ColumnProxy name="RCBRCPNAME" id="AE3E06CF-1821-3067-4B0B-F0701E5A7BFA">
<createdBy>calittle</createdBy>
<createdTime>2019-04-17 17:26:43 UTC</createdTime>
<ownerDesignName>ODEE_1262_Design</ownerDesignName>
</ColumnProxy>
<ColumnProxy name="RCPCUSSTR004" id="B1956B9B-C790-B89F-BED6-F2D32CE568D5">
<createdBy>calittle</createdBy>
<createdTime>2019-04-17 17:26:42 UTC</createdTime>
<ownerDesignName>ODEE_1262_Design</ownerDesignName>
</ColumnProxy>
<ColumnProxy name="RCPCUSDEC002" id="B402407F-B14B-3D65-1022-9993ACC06B92">
<createdBy>calittle</createdBy>
<createdTime>2019-04-17 17:26:42 UTC</createdTime>
<ownerDesignName>ODEE_1262_Design</ownerDesignName>
</ColumnProxy>
<ColumnProxy name="ADR_ROLE" id="B47FACAF-26EE-F8B3-0187-81F3E7648250">
<createdBy>calittle</createdBy>
<createdTime>2019-04-17 17:26:42 UTC</createdTime>
<ownerDesignName>ODEE_1262_Design</ownerDesignName>
</ColumnProxy>
<ColumnProxy name="RCPBCHSCH" id="B6DCB81D-DB00-6F5E-1F29-09A025A43F2D">
<createdBy>calittle</createdBy>
<createdTime>2019-04-17 17:26:42 UTC</createdTime>
<ownerDesignName>ODEE_1262_Design</ownerDesignName>
<defaultValue>0</defaultValue>
</ColumnProxy>
<ColumnProxy name="RCPAPPSTR004" id="B9F35BF2-C811-4CBE-FF56-1235C6FF35BA">
<createdBy>calittle</createdBy>
<createdTime>2019-04-17 17:26:42 UTC</createdTime>
<ownerDesignName>ODEE_1262_Design</ownerDesignName>
</ColumnProxy>
<ColumnProxy name="RCPTRAY5" id="BF15F843-8F74-CEEB-310C-41E4D2A5CED9">
<createdBy>calittle</createdBy>
<createdTime>2019-04-17 17:26:42 UTC</createdTime>
<ownerDesignName>ODEE_1262_Design</ownerDesignName>
<defaultValue>0</defaultValue>
</ColumnProxy>
<ColumnProxy name="RCPTRAY7" id="C037CA52-0C47-F432-72DB-AB5E06D53B14">
<createdBy>calittle</createdBy>
<createdTime>2019-04-17 17:26:42 UTC</createdTime>
<ownerDesignName>ODEE_1262_Design</ownerDesignName>
<defaultValue>0</defaultValue>
</ColumnProxy>
<ColumnProxy name="ADR_PREFERRED" id="C29BAAF0-FA4C-0A19-4EA3-57B4320BA166">
<createdBy>calittle</createdBy>
<createdTime>2019-04-17 17:26:42 UTC</createdTime>
<ownerDesignName>ODEE_1262_Design</ownerDesignName>
</ColumnProxy>
<ColumnProxy name="RCPTRAY9" id="C5AB9190-1E14-373A-0DE3-30B6876B60FC">
<createdBy>calittle</createdBy>
<createdTime>2019-04-17 17:26:42 UTC</createdTime>
<ownerDesignName>ODEE_1262_Design</ownerDesignName>
<defaultValue>0</defaultValue>
</ColumnProxy>
<ColumnProxy name="RCPTRAY6" id="C69F2218-2F2F-04EE-5825-E27283F534A1">
<createdBy>calittle</createdBy>
<createdTime>2019-04-17 17:26:42 UTC</createdTime>
<ownerDesignName>ODEE_1262_Design</ownerDesignName>
<defaultValue>0</defaultValue>
</ColumnProxy>
<ColumnProxy name="RCPCUSSTR006" id="C80755BF-3B01-4D67-4AD8-F9BFB3EF8102">
<createdBy>calittle</createdBy>
<createdTime>2019-04-17 17:26:42 UTC</createdTime>
<ownerDesignName>ODEE_1262_Design</ownerDesignName>
</ColumnProxy>
<ColumnProxy name="RCPCUSDEC001" id="C97E32AA-6C93-8C66-FFD0-A4E0ADE3E055">
<createdBy>calittle</createdBy>
<createdTime>2019-04-17 17:26:42 UTC</createdTime>
<ownerDesignName>ODEE_1262_Design</ownerDesignName>
</ColumnProxy>
<ColumnProxy name="RCPTRAY2" id="CA7A1F8A-D7DD-6090-D7E3-DE3FE70C4F11">
<createdBy>calittle</createdBy>
<createdTime>2019-04-17 17:26:42 UTC</createdTime>
<ownerDesignName>ODEE_1262_Design</ownerDesignName>
<defaultValue>0</defaultValue>
</ColumnProxy>
<ColumnProxy name="RCPCUSSTR001" id="CA92113A-BB26-9E43-7D9F-BE0181EF5858">
<createdBy>calittle</createdBy>
<createdTime>2019-04-17 17:26:42 UTC</createdTime>
<ownerDesignName>ODEE_1262_Design</ownerDesignName>
</ColumnProxy>
<ColumnProxy name="RCPAPPDATE002" id="CBBD3145-456A-1E3F-5B01-BA92B0EEB1C0">
<createdBy>calittle</createdBy>
<createdTime>2019-04-17 17:26:42 UTC</createdTime>
<ownerDesignName>ODEE_1262_Design</ownerDesignName>
</ColumnProxy>
<ColumnProxy name="RCPTRAY4" id="CCC90411-DB58-A459-B239-244FBA96A1AF">
<createdBy>calittle</createdBy>
<createdTime>2019-04-17 17:26:42 UTC</createdTime>
<ownerDesignName>ODEE_1262_Design</ownerDesignName>
<defaultValue>0</defaultValue>
</ColumnProxy>
<ColumnProxy name="RCPOUTBLOB" id="CD8FCF43-CB2D-5D4B-5FFF-8C471AD8E7FF">
<createdBy>calittle</createdBy>
<createdTime>2019-04-17 17:26:42 UTC</createdTime>
<ownerDesignName>ODEE_1262_Design</ownerDesignName>
</ColumnProxy>
<ColumnProxy name="RCPUNIQUE_ID" id="CE13B7D7-397A-F7C8-182C-7AE9BA869A7C">
<createdBy>calittle</createdBy>
<createdTime>2019-04-17 17:26:42 UTC</createdTime>
<ownerDesignName>ODEE_1262_Design</ownerDesignName>
</ColumnProxy>
<ColumnProxy name="RCPAPPDEC004" id="D1878386-575B-01FB-AECF-1FA8785760BC">
<createdBy>calittle</createdBy>
<createdTime>2019-04-17 17:26:42 UTC</createdTime>
<ownerDesignName>ODEE_1262_Design</ownerDesignName>
</ColumnProxy>
<ColumnProxy name="RCPAPPINT003" id="D3650278-86D3-7AB8-D8D2-EC53B2806185">
<createdBy>calittle</createdBy>
<createdTime>2019-04-17 17:26:42 UTC</createdTime>
<ownerDesignName>ODEE_1262_Design</ownerDesignName>
</ColumnProxy>
<ColumnProxy name="RCPCUSDEC005" id="D39A4937-D478-5746-3ADD-B8B8F9ED48DE">
<createdBy>calittle</createdBy>
<createdTime>2019-04-17 17:26:42 UTC</createdTime>
<ownerDesignName>ODEE_1262_Design</ownerDesignName>
</ColumnProxy>
<ColumnProxy name="RCPENDTIME" id="D8350EBE-549E-286C-3689-04506DF31725">
<createdBy>calittle</createdBy>
<createdTime>2019-04-17 17:26:42 UTC</createdTime>
<ownerDesignName>ODEE_1262_Design</ownerDesignName>
</ColumnProxy>
<ColumnProxy name="RCPCUSSTR002" id="DA0108FD-F625-F8E3-7A96-6040AA20BE3F">
<createdBy>calittle</createdBy>
<createdTime>2019-04-17 17:26:42 UTC</createdTime>
<ownerDesignName>ODEE_1262_Design</ownerDesignName>
</ColumnProxy>
<ColumnProxy name="RCPCUSSTR013" id="DD619561-C4F5-E909-48CC-1E31E4F8C575">
<createdBy>calittle</createdBy>
<createdTime>2019-04-17 17:26:43 UTC</createdTime>
<ownerDesignName>ODEE_1262_Design</ownerDesignName>
</ColumnProxy>
<ColumnProxy name="RCPAPPDEC002" id="E181BF7B-2D24-1269-B14A-6A4256EF1B73">
<createdBy>calittle</createdBy>
<createdTime>2019-04-17 17:26:42 UTC</createdTime>
<ownerDesignName>ODEE_1262_Design</ownerDesignName>
</ColumnProxy>
<ColumnProxy name="ADR_SELECTED" id="E1E9C8EE-076F-29D3-D352-C2887ECBF128">
<createdBy>calittle</createdBy>
<createdTime>2019-04-17 17:26:42 UTC</createdTime>
<ownerDesignName>ODEE_1262_Design</ownerDesignName>
</ColumnProxy>
<ColumnProxy name="RCPAPPDATE004" id="E47016A3-342D-57EC-43AB-C97B9A55652F">
<createdBy>calittle</createdBy>
<createdTime>2019-04-17 17:26:42 UTC</createdTime>
<ownerDesignName>ODEE_1262_Design</ownerDesignName>
</ColumnProxy>
<ColumnProxy name="ADR_CITY" id="E86410DC-68F6-33CD-A59D-5B20B02AD71B">
<createdBy>calittle</createdBy>
<createdTime>2019-04-17 17:26:42 UTC</createdTime>
<ownerDesignName>ODEE_1262_Design</ownerDesignName>
</ColumnProxy>
<ColumnProxy name="RCPTRAY1" id="EA3685A6-708C-9087-DCEE-EAEECAC75965">
<createdBy>calittle</createdBy>
<createdTime>2019-04-17 17:26:42 UTC</createdTime>
<ownerDesignName>ODEE_1262_Design</ownerDesignName>
<defaultValue>0</defaultValue>
</ColumnProxy>
<ColumnProxy name="RCPAPPSTR012" id="EAC114C0-DF67-C05B-7D8B-4092317DB138">
<createdBy>calittle</createdBy>
<createdTime>2019-04-17 17:26:42 UTC</createdTime>
<ownerDesignName>ODEE_1262_Design</ownerDesignName>
</ColumnProxy>
<ColumnProxy name="ADR_NAME" id="EAE22043-337D-E749-9B39-097A93F2FEED">
<createdBy>calittle</createdBy>
<createdTime>2019-04-17 17:26:42 UTC</createdTime>
<ownerDesignName>ODEE_1262_Design</ownerDesignName>
</ColumnProxy>
<ColumnProxy name="RCPAPPSTR008" id="EB9D2957-1CD2-6B6B-3D58-073F0D3032E9">
<createdBy>calittle</createdBy>
<createdTime>2019-04-17 17:26:42 UTC</createdTime>
<ownerDesignName>ODEE_1262_Design</ownerDesignName>
</ColumnProxy>
<ColumnProxy name="RCPCUSDEC004" id="ED8FEA04-42E0-BFED-3A89-D7642E0FBAB3">
<createdBy>calittle</createdBy>
<createdTime>2019-04-17 17:26:42 UTC</createdTime>
<ownerDesignName>ODEE_1262_Design</ownerDesignName>
</ColumnProxy>
<ColumnProxy name="ADR_INDEX" id="EEF169B5-CDF1-84AB-4D65-2AABBB93998F">
<createdBy>calittle</createdBy>
<createdTime>2019-04-17 17:26:42 UTC</createdTime>
<ownerDesignName>ODEE_1262_Design</ownerDesignName>
</ColumnProxy>
<ColumnProxy name="RCPRETENTION" id="F0A783D1-F4CD-7EF4-1068-44B7AD72A80D">
<createdBy>calittle</createdBy>
<createdTime>2019-04-17 17:26:43 UTC</createdTime>
<ownerDesignName>ODEE_1262_Design</ownerDesignName>
</ColumnProxy>
<ColumnProxy name="RCPAPPSTR007" id="F1D4BCFF-A920-562E-6270-4ABDFE0A7978">
<createdBy>calittle</createdBy>
<createdTime>2019-04-17 17:26:42 UTC</createdTime>
<ownerDesignName>ODEE_1262_Design</ownerDesignName>
</ColumnProxy>
<ColumnProxy name="RCPCUSSTR003" id="F4118733-6DCF-370F-4E73-4E085A8F1894">
<createdBy>calittle</createdBy>
<createdTime>2019-04-17 17:26:42 UTC</createdTime>
<ownerDesignName>ODEE_1262_Design</ownerDesignName>
</ColumnProxy>
<ColumnProxy name="ADR_CODE" id="F4DBA009-DDB2-2143-6B58-50B546C5EA4E">
<createdBy>calittle</createdBy>
<createdTime>2019-04-17 17:26:42 UTC</createdTime>
<ownerDesignName>ODEE_1262_Design</ownerDesignName>
</ColumnProxy>
<ColumnProxy name="RCPCUSSTR009" id="FA4C9932-994C-832F-029A-91BCAFA3C391">
<createdBy>calittle</createdBy>
<createdTime>2019-04-17 17:26:42 UTC</createdTime>
<ownerDesignName>ODEE_1262_Design</ownerDesignName>
</ColumnProxy>
<ColumnProxy name="RCPSTATUS" id="FB3AA996-C7D1-EF48-E2E1-6147950F1B9D">
<createdBy>calittle</createdBy>
<createdTime>2019-04-17 17:26:42 UTC</createdTime>
<ownerDesignName>ODEE_1262_Design</ownerDesignName>
<defaultValue>411</defaultValue>
</ColumnProxy>
<ColumnProxy name="RCPRETHOLD" id="FBF71393-C733-C7F6-8EA7-6BB876AB8DBD">
<createdBy>calittle</createdBy>
<createdTime>2019-04-17 17:26:43 UTC</createdTime>
<ownerDesignName>ODEE_1262_Design</ownerDesignName>
<defaultValue>0</defaultValue>
</ColumnProxy>
</columnProxies>
<foreignKeys>
<ForeignKey class="oracle.dbtools.crest.model.design.storage.oracle.v10g.FKProxyOraclev10g" name="TRNS_RCPS" id="70C625F2-88D4-E766-16B5-B1B5861A3CD9">
<createdBy>calittle</createdBy>
<createdTime>2019-04-17 17:26:52 UTC</createdTime>
<ownerDesignName>ODEE_1262_Design</ownerDesignName>
</ForeignKey>
</foreignKeys>
<lobStorages>
<LobStorage class="oracle.dbtools.crest.model.design.storage.oracle.v11g.LobStorageOraclev11g" name="SYS_LOB0000140074C00013$$" id="4156A470-B244-0A13-7C79-44DBD0E89253">
<createdBy>calittle</createdBy>
<createdTime>2019-04-17 17:26:52 UTC</createdTime>
<ownerDesignName>ODEE_1262_Design</ownerDesignName>
<cache>NOCACHE</cache>
<chunk>8192</chunk>
<column>RCPOUTBLOB</column>
<compression>NO</compression>
<duplication>KEEP_DUPLICATES</duplication>
<logging>FILESYSTEM_LIKE_LOGGING</logging>
<tableSpace>B4FE7603-2423-0888-71C6-BC38EA367033</tableSpace>
<lobStorageType>SECUREFILE</lobStorageType>
</LobStorage>
</lobStorages>
<primaryKeys>
<PrimaryKey class="oracle.dbtools.crest.model.design.storage.oracle.v10g.PKProxyOraclev10g" name="RCPS_PK" id="06BB56E4-9821-CE6F-8B7C-D7CC260E2B93">
<createdBy>calittle</createdBy>
<createdTime>2019-04-17 17:26:51 UTC</createdTime>
<ownerDesignName>ODEE_1262_Design</ownerDesignName>
<segment>D84742F2-9E68-6614-C6EF-D3B7EF628E78</segment>
<tableSpace>B4FE7603-2423-0888-71C6-BC38EA367033</tableSpace>
<existingIndex>AA3885D4-1E6C-5024-279C-8562B8577941</existingIndex>
<indexSegment>D84742F2-9E68-6614-C6EF-D3B7EF628E78</indexSegment>
<indexSort>SORTED</indexSort>
<usingIndex>BY INDEX NAME</usingIndex>
</PrimaryKey>
</primaryKeys>
<uniqueKeys>
<UniqueKey class="oracle.dbtools.crest.model.design.storage.oracle.v10g.UniqueOraclev10g" name="RCPUNIQUE_ID" id="51C27A50-F8C9-2F6B-EBA6-8C637937F8FD">
<createdBy>calittle</createdBy>
<createdTime>2019-04-17 17:26:51 UTC</createdTime>
<ownerDesignName>ODEE_1262_Design</ownerDesignName>
<segment>D84742F2-9E68-6614-C6EF-D3B7EF628E78</segment>
<tableSpace>B4FE7603-2423-0888-71C6-BC38EA367033</tableSpace>
<existingIndex>ED23E56B-E559-A87A-ABB9-3D1A88722E24</existingIndex>
<indexSegment>D84742F2-9E68-6614-C6EF-D3B7EF628E78</indexSegment>
<indexSort>SORTED</indexSort>
<usingIndex>BY INDEX NAME</usingIndex>
</UniqueKey>
</uniqueKeys>
</TableProxyOraclev11g>